Step 6 secondary estimators (graduation), run 20260913T133222Z; stage 2; blinding PERMUTED; fixest 0.14.2, didimputation 0.5.1, synthdid 0.0.9
Console: panel sizes only. Cohort counts, estimates and model status: outputs/06_secondary/graduation (unbalanced), outputs/06_secondary/appendix/graduation (balanced, appendix) and outputs/logs/06_secondary_graduation_20260913T133222Z.log
Covariates for the 2909 districts in the graduation gap file; district-year flags: 206995 district-years (cep)

== Panels (the step 5 unbalanced panels), primary suppression sample, graduation
grad_black_white    primary unbalanced  1532 districts in 39 states
grad_hispanic_white primary unbalanced  1776 districts in 38 states
grad_black_white    r1      unbalanced  1513 districts in 39 states
grad_hispanic_white r1      unbalanced  1722 districts in 38 states
grad_black_white    r2      unbalanced  1840 districts in 44 states
grad_hispanic_white r2      unbalanced  2215 districts in 43 states

== unbalanced panel: units, states, cohorts and observations in each model (outputs/06_secondary/graduation/panel_counts.csv)
   estimator                 gap event_set      panel     unit units_in_model
 sun_abraham    grad_black_white   primary unbalanced district           1532
  imputation    grad_black_white   primary unbalanced district           1532
    synthdid    grad_black_white   primary unbalanced    state             26
     stacked    grad_black_white   primary unbalanced district           1531
        twfe    grad_black_white   primary unbalanced district           1532
 twfe_static    grad_black_white   primary unbalanced district           1532
 sun_abraham grad_hispanic_white   primary unbalanced district           1776
  imputation grad_hispanic_white   primary unbalanced district           1776
    synthdid grad_hispanic_white   primary unbalanced    state             28
     stacked grad_hispanic_white   primary unbalanced district           1772
        twfe grad_hispanic_white   primary unbalanced district           1776
 twfe_static grad_hispanic_white   primary unbalanced district           1776
 sun_abraham    grad_black_white        r1 unbalanced district           1513
  imputation    grad_black_white        r1 unbalanced district           1513
     stacked    grad_black_white        r1 unbalanced district           1460
        twfe    grad_black_white        r1 unbalanced district           1513
 twfe_static    grad_black_white        r1 unbalanced district           1513
 sun_abraham grad_hispanic_white        r1 unbalanced district           1722
  imputation grad_hispanic_white        r1 unbalanced district           1722
     stacked grad_hispanic_white        r1 unbalanced district           1478
        twfe grad_hispanic_white        r1 unbalanced district           1722
 twfe_static grad_hispanic_white        r1 unbalanced district           1722
 sun_abraham    grad_black_white        r2 unbalanced district           1840
  imputation    grad_black_white        r2 unbalanced district           1840
    synthdid    grad_black_white        r2 unbalanced    state             32
     stacked    grad_black_white        r2 unbalanced district           1765
        twfe    grad_black_white        r2 unbalanced district           1840
 twfe_static    grad_black_white        r2 unbalanced district           1840
 sun_abraham grad_hispanic_white        r2 unbalanced district           2215
  imputation grad_hispanic_white        r2 unbalanced district           2215
    synthdid grad_hispanic_white        r2 unbalanced    state             33
     stacked grad_hispanic_white        r2 unbalanced district           2186
        twfe grad_hispanic_white        r2 unbalanced district           2215
 twfe_static grad_hispanic_white        r2 unbalanced district           2215
 states_in_model cohorts_in_model treated_units control_units   obs
              39                5           231          1301 13104
              39                5           231          1301 13196
              26                3             3            23   286
              39                5           223          1503 43872
              39                5           231          1301 13196
              39                5           231          1301 13196
              38                5           334          1442 13366
              38                5           334          1442 13542
              28                3             3            25   308
              38                5           328          1649 43773
              38                5           334          1442 13542
              38                5           334          1442 13542
              39                1            31          1482 12934
              39                1            31          1482 13024
              39                1            30          1430  8533
              39                1            31          1482 13024
              39                1            31          1482 13024
              38                1           104          1618 13022
              38                1           104          1618 13185
              38                1            92          1386  8113
              38                1           104          1618 13185
              38                1           104          1618 13185
              44                1             6          1834 15724
              44                1             6          1834 15829
              32                1             1            31   352
              44                1             6          1759 11109
              44                1             6          1834 15829
              44                1             6          1834 15829
              43                1            32          2183 17084
              43                1            32          2183 17282
              33                1             1            32   363
              43                1            30          2156 12500
              43                1            32          2183 17282
              43                1            32          2183 17282

== sun_abraham.grad_black_white.primary (unbalanced): ok
notes: NOTE: 92/0 fixed-effect singletons were removed (92 observations).
  e          att          se        ci_lo       ci_hi cohorts treated_states
 -5 -0.050526421 0.017471299 -0.084769538 -0.01628330       4              4
 -4 -0.073993765 0.012726148 -0.098936557 -0.04905097       4              4
 -3 -0.057240431 0.010343317 -0.077512960 -0.03696790       4              4
 -2 -0.089186518 0.006755849 -0.102427738 -0.07594530       4              4
 -1  0.000000000          NA           NA          NA       5              5
  0 -0.048315163 0.006157634 -0.060383904 -0.03624642       5              5
  1 -0.003892181 0.012683559 -0.028751500  0.02096714       4              4
  2  0.017508513 0.011977396 -0.005966752  0.04098378       3              3
  3  0.071232354 0.015372661  0.041102492  0.10136222       2              2
  4 -0.046206946 0.013267245 -0.072210269 -0.02020362       2              2
  5 -0.069619090 0.017207204 -0.103344590 -0.03589359       1              1
  6 -0.005433850 0.020475124 -0.045564356  0.03469666       1              1
  7 -0.130880994 0.014955779 -0.160193782 -0.10156820       1              1
  8  0.039136303 0.026734210 -0.013261786  0.09153439       1              1
 treated_units
           183
           188
           179
           179
           197
           199
           118
            84
            18
            18
            13
            13
            14
             6
overall post-reform average:
         att        se       ci_lo        ci_hi cohorts treated_states
 -0.01960789 0.0100448 -0.03929535 7.955622e-05       5              5
 treated_units
           211

== imputation.grad_black_white.primary (unbalanced): ok
  e           att         se       ci_lo        ci_hi cohorts treated_states
 -5 -0.0001031398 0.01439917 -0.02832499  0.028118707       4              4
 -4 -0.0288268070 0.03076164 -0.08911852  0.031464902       4              4
 -3 -0.0116447790 0.01924764 -0.04936946  0.026079898       4              4
 -2 -0.0463472107 0.02063606 -0.08679315 -0.005901267       4              4
 -1  0.0000000000         NA          NA           NA       5              5
  0 -0.0030331162 0.00866205 -0.02001042  0.013944190       5              5
  1  0.0394297561 0.01255613  0.01482018  0.064039328       4              4
  2  0.0446573484 0.01632393  0.01266304  0.076651661       3              3
  3  0.0378017713 0.01406683  0.01023129  0.065372255       2              2
  4 -0.0940232139 0.01623919 -0.12585144 -0.062194985       2              2
  5 -0.0805794063 0.01622011 -0.11237024 -0.048788575       1              1
  6 -0.0159560394 0.02004429 -0.05524212  0.023330043       1              1
  7 -0.1256964884 0.01464597 -0.15440206 -0.096990917       1              1
  8  0.1338207406 0.02660410  0.08167766  0.185963822       1              1
 treated_units
           183
           188
           179
           179
           197
           199
           118
            84
            18
            18
            13
            13
            14
             6
overall post-reform average:
          att        se      ci_lo      ci_hi cohorts treated_states
 -0.007223117 0.0109055 -0.0285975 0.01415126       5              5
 treated_units
           211

== synthdid.grad_black_white.primary (unbalanced): ok
notes: 12 of 39 state(s) without a state-year mean in every window year left out | 1 of 4 cohort(s) left out: fewer than 2 pre-reform years (synthdid's noise level needs them)
  e         att         se       ci_lo      ci_hi cohorts treated_states
 -5          NA         NA          NA         NA       0              0
 -4          NA         NA          NA         NA       0              0
 -3          NA         NA          NA         NA       0              0
 -2          NA         NA          NA         NA       0              0
 -1          NA         NA          NA         NA       0              0
  0  0.05276694 0.05152500 -0.04822020 0.15375408       3              3
  1  0.10321613 0.06432952 -0.02286741 0.22929967       3              3
  2  0.07819205 0.05271666 -0.02513071 0.18151481       2              2
  3  0.15185948 0.14849670 -0.13918870 0.44290766       1              1
  4 -0.12488820 0.09320206 -0.30756089 0.05778449       1              1
  5          NA         NA          NA         NA       0              0
  6          NA         NA          NA         NA       0              0
  7          NA         NA          NA         NA       0              0
  8          NA         NA          NA         NA       0              0
 treated_units
             0
             0
             0
             0
             0
             3
             3
             2
             1
             1
             0
             0
             0
             0
overall post-reform average:
        att         se       ci_lo     ci_hi cohorts treated_states
 0.05222928 0.04678503 -0.03946769 0.1439263       3              3
 treated_units
             3
synthdid pooled ATT:
        att         se        ci_lo     ci_hi cohorts treated_states
 0.06513046 0.03751285 -0.008393376 0.1386543       3              3

== stacked.grad_black_white.primary (unbalanced): ok
notes: NOTE: 413/0 fixed-effect singletons were removed (413 observations).
  e           att         se        ci_lo        ci_hi cohorts treated_states
 -5 -0.0509345636 0.02906916 -0.107909073  0.006039946       4              4
 -4 -0.0764532585 0.02681911 -0.129017739 -0.023888778       4              4
 -3 -0.0533339853 0.02557166 -0.103453523 -0.003214448       4              4
 -2 -0.0872681197 0.01337674 -0.113486039 -0.061050200       4              4
 -1  0.0000000000         NA           NA           NA       5              5
  0 -0.0516743019 0.01431368 -0.079728604 -0.023620000       5              5
  1 -0.0141684570 0.01678773 -0.047071808  0.018734894       4              4
  2  0.0007514394 0.01609499 -0.030794164  0.032297043       3              3
  3  0.0318876868 0.01750743 -0.002426246  0.066201620       2              2
  4 -0.1012976672 0.05254746 -0.204288789  0.001693454       2              2
  5 -0.0793214988 0.01864778 -0.115870472 -0.042772525       1              1
  6            NA         NA           NA           NA       0              0
  7            NA         NA           NA           NA       0              0
  8            NA         NA           NA           NA       0              0
 treated_units
           183
           188
           179
           179
           197
           199
           118
            84
            18
            18
            13
             0
             0
             0
overall post-reform average:
         att         se      ci_lo        ci_hi cohorts treated_states
 -0.03563713 0.01555557 -0.0661255 -0.005148769       5              5
 treated_units
           211

== twfe.grad_black_white.primary (unbalanced): ok
notes: NOTE: 92/0 fixed-effect singletons were removed (92 observations).
  e          att         se       ci_lo        ci_hi cohorts treated_states
 -5 -0.048345123 0.02622686 -0.09974883  0.003058582       4              4
 -4 -0.074018121 0.02587205 -0.12472640 -0.023309843       4              4
 -3 -0.055404670 0.02091253 -0.09639247 -0.014416867       4              4
 -2 -0.088810412 0.01391968 -0.11609248 -0.061528345       4              4
 -1  0.000000000         NA          NA           NA       5              5
  0 -0.048541840 0.01318487 -0.07438370 -0.022699974       5              5
  1 -0.012416806 0.01704782 -0.04582991  0.020996302       4              4
  2 -0.001657923 0.01746583 -0.03589031  0.032574468       3              3
  3  0.023782049 0.02479916 -0.02482341  0.072387506       2              2
  4 -0.109186140 0.06428192 -0.23517639  0.016804109       2              2
  5 -0.077561036 0.01926899 -0.11532756 -0.039794509       1              1
  6 -0.011003109 0.02364961 -0.05735549  0.035349277       1              1
  7 -0.138582707 0.01824870 -0.17434950 -0.102815909       1              1
  8  0.030095117 0.03055126 -0.02978425  0.089974483       1              1
 treated_units
           183
           188
           179
           179
           197
           199
           118
            84
            18
            18
            13
            13
            14
             6
overall post-reform average:
         att         se       ci_lo        ci_hi cohorts treated_states
 -0.03834138 0.01783088 -0.07328926 -0.003393492       5              5
 treated_units
           211

== twfe_static.grad_black_white.primary (unbalanced): ok
notes: NOTE: 92/0 fixed-effect singletons were removed (92 observations).
[1] NA NA NA NA NA NA NA NA
overall post-reform average:
        att        se       ci_lo      ci_hi cohorts treated_states
 0.02256458 0.0157648 -0.00833385 0.05346302       5              5
 treated_units
           212

== sun_abraham.grad_hispanic_white.primary (unbalanced): ok
notes: NOTE: 176/0 fixed-effect singletons were removed (176 observations).
  e          att          se       ci_lo         ci_hi cohorts treated_states
 -5 -0.023512792 0.016361388 -0.05558052  0.0085549387       4              4
 -4 -0.021123915 0.013411906 -0.04741077  0.0051629390       4              4
 -3 -0.020149553 0.010445125 -0.04062162  0.0003225159       4              4
 -2 -0.008829781 0.005410777 -0.01943471  0.0017751473       4              4
 -1  0.000000000          NA          NA            NA       5              5
  0 -0.021680855 0.005683784 -0.03282087 -0.0105408430       5              5
  1 -0.011919716 0.007571046 -0.02675869  0.0029192620       4              4
  2 -0.017363108 0.011761997 -0.04041620  0.0056899830       3              3
  3 -0.046571335 0.012568463 -0.07120507 -0.0219376005       2              2
  4 -0.013403257 0.009827507 -0.03266482  0.0058583036       2              2
  5  0.073128987 0.014655754  0.04440424  0.1018537373       1              1
  6 -0.059267473 0.020112004 -0.09868628 -0.0198486704       1              1
  7  0.012430016 0.015416795 -0.01778635  0.0426463797       1              1
  8  0.009124345 0.020841055 -0.03172337  0.0499720621       1              1
 treated_units
           195
           208
           208
           217
           276
           284
           177
           124
            74
            74
            49
            51
            53
            41
overall post-reform average:
          att          se       ci_lo    ci_hi cohorts treated_states
 -0.008391377 0.009548326 -0.02710575 0.010323       5              5
 treated_units
           312

== imputation.grad_hispanic_white.primary (unbalanced): ok
  e           att          se        ci_lo         ci_hi cohorts treated_states
 -5 -0.0074605575 0.024414520 -0.055312138  0.0403910231       4              4
 -4 -0.0033778440 0.022475376 -0.047428771  0.0406730826       4              4
 -3  0.0008948431 0.019866462 -0.038042706  0.0398323923       4              4
 -2  0.0081133571 0.041549509 -0.073322185  0.0895488990       4              4
 -1  0.0000000000          NA           NA            NA       5              5
  0 -0.0072454944 0.007857727 -0.022646357  0.0081553683       5              5
  1  0.0200521852 0.006601510  0.007113464  0.0329909067       4              4
  2 -0.0140088111 0.007445988 -0.028602680  0.0005850577       3              3
  3 -0.0595974672 0.009855260 -0.078913422 -0.0402815128       2              2
  4 -0.0283321499 0.009443280 -0.046840639 -0.0098236608       2              2
  5  0.0463722234 0.013957070  0.019016868  0.0737275786       1              1
  6 -0.0680364551 0.018921521 -0.105121954 -0.0309509558       1              1
  7  0.0039992827 0.013897764 -0.023239835  0.0312384005       1              1
  8  0.0011859648 0.021921357 -0.041779106  0.0441510352       1              1
 treated_units
           195
           208
           208
           217
           276
           284
           177
           124
            74
            74
            49
            51
            53
            41
overall post-reform average:
         att          se       ci_lo       ci_hi cohorts treated_states
 -0.01209608 0.008755144 -0.02925585 0.005063689       5              5
 treated_units
           312

== synthdid.grad_hispanic_white.primary (unbalanced): ok
notes: 9 of 38 state(s) without a state-year mean in every window year left out | 1 of 4 cohort(s) left out: fewer than 2 pre-reform years (synthdid's noise level needs them)
  e          att         se      ci_lo     ci_hi cohorts treated_states
 -5           NA         NA         NA        NA       0              0
 -4           NA         NA         NA        NA       0              0
 -3           NA         NA         NA        NA       0              0
 -2           NA         NA         NA        NA       0              0
 -1           NA         NA         NA        NA       0              0
  0  0.018816670 0.09200803 -0.1615157 0.1991491       3              3
  1 -0.051794320 0.09006995 -0.2283282 0.1247395       3              3
  2  0.008422186 0.08683169 -0.1617648 0.1786092       2              2
  3  0.011705582 0.20234860 -0.3848904 0.4083016       1              1
  4  0.138642416 0.13234121 -0.1207416 0.3980264       1              1
  5           NA         NA         NA        NA       0              0
  6           NA         NA         NA        NA       0              0
  7           NA         NA         NA        NA       0              0
  8           NA         NA         NA        NA       0              0
 treated_units
             0
             0
             0
             0
             0
             3
             3
             2
             1
             1
             0
             0
             0
             0
overall post-reform average:
        att        se      ci_lo     ci_hi cohorts treated_states treated_units
 0.02515851 0.0855203 -0.1424582 0.1927752       3              3             3
synthdid pooled ATT:
         att         se      ci_lo     ci_hi cohorts treated_states
 0.006825942 0.07156977 -0.1334482 0.1471001       3              3

== stacked.grad_hispanic_white.primary (unbalanced): ok
notes: NOTE: 721/0 fixed-effect singletons were removed (721 observations).
  e         att         se       ci_lo        ci_hi cohorts treated_states
 -5 -0.02159805 0.02925927 -0.07894516  0.035749060       4              4
 -4 -0.01939348 0.02800983 -0.07429175  0.035504783       4              4
 -3 -0.02069036 0.02347365 -0.06669787  0.025317159       4              4
 -2 -0.00581527 0.04136600 -0.08689114  0.075260596       4              4
 -1  0.00000000         NA          NA           NA       5              5
  0 -0.02300331 0.01398663 -0.05041660  0.004409982       5              5
  1 -0.00693199 0.04041271 -0.08613944  0.072275464       4              4
  2 -0.02302348 0.02706857 -0.07607690  0.030029936       3              3
  3 -0.04946056 0.02064099 -0.08991615 -0.009004963       2              2
  4 -0.03920402 0.03600676 -0.10977598  0.031367940       2              2
  5  0.05134672 0.01749641  0.01705439  0.085639053       1              1
  6          NA         NA          NA           NA       0              0
  7          NA         NA          NA           NA       0              0
  8          NA         NA          NA           NA       0              0
 treated_units
           195
           208
           208
           217
           276
           284
           177
           124
            74
            74
            49
             0
             0
             0
overall post-reform average:
         att         se       ci_lo      ci_hi cohorts treated_states
 -0.01504611 0.01642267 -0.04723394 0.01714173       5              5
 treated_units
           311

== twfe.grad_hispanic_white.primary (unbalanced): ok
notes: NOTE: 176/0 fixed-effect singletons were removed (176 observations).
  e           att         se       ci_lo        ci_hi cohorts treated_states
 -5 -2.616984e-02 0.02965611 -0.08429476  0.031955069       4              4
 -4 -2.199923e-02 0.02572144 -0.07241233  0.028413875       4              4
 -3 -1.779016e-02 0.02291094 -0.06269478  0.027114465       4              4
 -2 -6.487655e-03 0.04159728 -0.08801683  0.075041524       4              4
 -1  0.000000e+00         NA          NA           NA       5              5
  0 -2.379783e-02 0.01358335 -0.05042070  0.002825044       5              5
  1 -1.126528e-02 0.03847920 -0.08668312  0.064152558       4              4
  2 -2.647539e-02 0.02721292 -0.07981173  0.026860952       3              3
  3 -6.695091e-02 0.02380234 -0.11360264 -0.020299181       2              2
  4 -3.692929e-02 0.03860085 -0.11258557  0.038726988       2              2
  5  6.237739e-02 0.01720989  0.02864663  0.096108156       1              1
  6 -6.705187e-02 0.02285053 -0.11183809 -0.022265657       1              1
  7  6.947231e-05 0.01979553 -0.03872906  0.038868001       1              1
  8  1.625261e-05 0.02368017 -0.04639604  0.046428540       1              1
 treated_units
           195
           208
           208
           217
           276
           284
           177
           124
            74
            74
            49
            51
            53
            41
overall post-reform average:
         att         se       ci_lo      ci_hi cohorts treated_states
 -0.01888972 0.01536098 -0.04899668 0.01121725       5              5
 treated_units
           312

== twfe_static.grad_hispanic_white.primary (unbalanced): ok
notes: NOTE: 176/0 fixed-effect singletons were removed (176 observations).
[1] NA NA NA NA NA NA NA NA
overall post-reform average:
          att         se       ci_lo      ci_hi cohorts treated_states
 -0.006918775 0.02676558 -0.05937834 0.04554079       5              5
 treated_units
           314

== sun_abraham.grad_black_white.r1 (unbalanced): ok
notes: NOTE: 90/0 fixed-effect singletons were removed (90 observations).
  e        att          se      ci_lo      ci_hi cohorts treated_states
 -5         NA          NA         NA         NA       0              0
 -4         NA          NA         NA         NA       0              0
 -3         NA          NA         NA         NA       0              0
 -2         NA          NA         NA         NA       0              0
 -1 0.00000000          NA         NA         NA       1              1
  0 0.10099574 0.009591234 0.08219727 0.11979422       1              1
  1 0.04059413 0.009191505 0.02257911 0.05860915       1              1
  2 0.11579514 0.012117341 0.09204559 0.13954469       1              1
  3 0.07598493 0.014675385 0.04722170 0.10474815       1              1
  4 0.05256835 0.015885151 0.02143403 0.08370267       1              1
  5 0.11939108 0.016878246 0.08631033 0.15247184       1              1
  6 0.09742719 0.019109513 0.05997323 0.13488115       1              1
  7 0.11199060 0.017178632 0.07832110 0.14566010       1              1
  8 0.12324256 0.020681780 0.08270701 0.16377810       1              1
 treated_units
             0
             0
             0
             0
            26
            24
            25
            25
            26
            22
            22
            24
            22
            20
overall post-reform average:
        att         se      ci_lo     ci_hi cohorts treated_states
 0.09310997 0.01048065 0.07256827 0.1136517       1              1
 treated_units
            30

== imputation.grad_black_white.r1 (unbalanced): ok
  e        att          se        ci_lo      ci_hi cohorts treated_states
 -5         NA          NA           NA         NA       0              0
 -4         NA          NA           NA         NA       0              0
 -3         NA          NA           NA         NA       0              0
 -2         NA          NA           NA         NA       0              0
 -1 0.00000000          NA           NA         NA       1              1
  0 0.09205837 0.009593608  0.073255243 0.11086150       1              1
  1 0.04857709 0.008843091  0.031244950 0.06590923       1              1
  2 0.11026347 0.012242420  0.086268768 0.13425817       1              1
  3 0.06813364 0.013979315  0.040734684 0.09553259       1              1
  4 0.02599551 0.015260928 -0.003915361 0.05590638       1              1
  5 0.10630021 0.016358831  0.074237487 0.13836293       1              1
  6 0.06298743 0.018891945  0.025959894 0.10001496       1              1
  7 0.10590380 0.016865430  0.072848166 0.13895944       1              1
  8 0.15300990 0.019919692  0.113968019 0.19205178       1              1
 treated_units
             0
             0
             0
             0
            26
            24
            25
            25
            26
            22
            22
            24
            22
            20
overall post-reform average:
        att         se      ci_lo     ci_hi cohorts treated_states
 0.08648269 0.01014275 0.06660326 0.1063621       1              1
 treated_units
            30

== synthdid.grad_black_white.r1 (unbalanced): no estimable cohort in the complete states
notes: 12 of 39 state(s) without a state-year mean in every window year left out
  e att se ci_lo ci_hi cohorts treated_states treated_units
 -5  NA NA    NA    NA       0              0             0
 -4  NA NA    NA    NA       0              0             0
 -3  NA NA    NA    NA       0              0             0
 -2  NA NA    NA    NA       0              0             0
 -1  NA NA    NA    NA       0              0             0
  0  NA NA    NA    NA       0              0             0
  1  NA NA    NA    NA       0              0             0
  2  NA NA    NA    NA       0              0             0
  3  NA NA    NA    NA       0              0             0
  4  NA NA    NA    NA       0              0             0
  5  NA NA    NA    NA       0              0             0
  6  NA NA    NA    NA       0              0             0
  7  NA NA    NA    NA       0              0             0
  8  NA NA    NA    NA       0              0             0
overall post-reform average:
 att se ci_lo ci_hi cohorts treated_states treated_units
  NA NA    NA    NA       0              0             0

== stacked.grad_black_white.r1 (unbalanced): ok
notes: NOTE: 90/0 fixed-effect singletons were removed (90 observations).
  e        att          se      ci_lo      ci_hi cohorts treated_states
 -5         NA          NA         NA         NA       0              0
 -4         NA          NA         NA         NA       0              0
 -3         NA          NA         NA         NA       0              0
 -2         NA          NA         NA         NA       0              0
 -1 0.00000000          NA         NA         NA       1              1
  0 0.10559375 0.009809493 0.08636750 0.12482001       1              1
  1 0.03491402 0.009532352 0.01623096 0.05359709       1              1
  2 0.11665053 0.011745944 0.09362890 0.13967216       1              1
  3 0.07219417 0.014728799 0.04332626 0.10106209       1              1
  4 0.05038406 0.015532470 0.01994098 0.08082715       1              1
  5 0.11524529 0.016858880 0.08220249 0.14828809       1              1
  6         NA          NA         NA         NA       0              0
  7         NA          NA         NA         NA       0              0
  8         NA          NA         NA         NA       0              0
 treated_units
             0
             0
             0
             0
            26
            24
            25
            25
            26
            22
            22
             0
             0
             0
overall post-reform average:
        att          se      ci_lo     ci_hi cohorts treated_states
 0.08249697 0.009483722 0.06390922 0.1010847       1              1
 treated_units
            28

== twfe.grad_black_white.r1 (unbalanced): ok
notes: NOTE: 90/0 fixed-effect singletons were removed (90 observations).
  e        att          se      ci_lo      ci_hi cohorts treated_states
 -5         NA          NA         NA         NA       0              0
 -4         NA          NA         NA         NA       0              0
 -3         NA          NA         NA         NA       0              0
 -2         NA          NA         NA         NA       0              0
 -1 0.00000000          NA         NA         NA       1              1
  0 0.10099574 0.009591234 0.08219727 0.11979422       1              1
  1 0.04059413 0.009191505 0.02257911 0.05860915       1              1
  2 0.11579514 0.012117341 0.09204559 0.13954469       1              1
  3 0.07598493 0.014675385 0.04722170 0.10474815       1              1
  4 0.05256835 0.015885151 0.02143403 0.08370267       1              1
  5 0.11939108 0.016878246 0.08631033 0.15247184       1              1
  6 0.09742719 0.019109513 0.05997323 0.13488115       1              1
  7 0.11199060 0.017178632 0.07832110 0.14566010       1              1
  8 0.12324256 0.020681780 0.08270701 0.16377810       1              1
 treated_units
             0
             0
             0
             0
            26
            24
            25
            25
            26
            22
            22
            24
            22
            20
overall post-reform average:
        att         se      ci_lo     ci_hi cohorts treated_states
 0.09310997 0.01048065 0.07256827 0.1136517       1              1
 treated_units
            30

== twfe_static.grad_black_white.r1 (unbalanced): ok
notes: NOTE: 90/0 fixed-effect singletons were removed (90 observations).
[1] NA NA NA NA NA NA NA NA
overall post-reform average:
       att         se      ci_lo     ci_hi cohorts treated_states treated_units
 0.0932427 0.01036193 0.07293369 0.1135517       1              1            30

== sun_abraham.grad_hispanic_white.r1 (unbalanced): ok
notes: NOTE: 163/0 fixed-effect singletons were removed (163 observations).
  e        att         se       ci_lo      ci_hi cohorts treated_states
 -5         NA         NA          NA         NA       0              0
 -4         NA         NA          NA         NA       0              0
 -3         NA         NA          NA         NA       0              0
 -2         NA         NA          NA         NA       0              0
 -1 0.00000000         NA          NA         NA       1              1
  0 0.12891925 0.01226259  0.10488501 0.15295349       1              1
  1 0.03540516 0.01206124  0.01176557 0.05904475       1              1
  2 0.01174700 0.01587811 -0.01937351 0.04286752       1              1
  3 0.03579182 0.01278876  0.01072630 0.06085734       1              1
  4 0.06953157 0.01794339  0.03436317 0.10469996       1              1
  5 0.07427220 0.01869125  0.03763802 0.11090639       1              1
  6 0.17013690 0.01611662  0.13854891 0.20172489       1              1
  7 0.10756062 0.01622324  0.07576365 0.13935759       1              1
  8 0.09802035 0.01587595  0.06690406 0.12913664       1              1
 treated_units
             0
             0
             0
             0
            66
            79
            78
            83
            86
            83
            84
            82
            84
            91
overall post-reform average:
        att         se      ci_lo     ci_hi cohorts treated_states
 0.08126499 0.01130128 0.05911489 0.1034151       1              1
 treated_units
           103

== imputation.grad_hispanic_white.r1 (unbalanced): ok
  e         att         se        ci_lo      ci_hi cohorts treated_states
 -5          NA         NA           NA         NA       0              0
 -4          NA         NA           NA         NA       0              0
 -3          NA         NA           NA         NA       0              0
 -2          NA         NA           NA         NA       0              0
 -1  0.00000000         NA           NA         NA       1              1
  0  0.12567896 0.01202352  0.102113293 0.14924462       1              1
  1  0.01993439 0.01190112 -0.003391378 0.04326017       1              1
  2  0.01666832 0.01575463 -0.014210181 0.04754682       1              1
  3 -0.01115129 0.01266269 -0.035969714 0.01366714       1              1
  4  0.06179678 0.01791222  0.026689476 0.09690409       1              1
  5  0.05953770 0.01957150  0.021178259 0.09789715       1              1
  6  0.21863401 0.01599436  0.187285632 0.24998239       1              1
  7  0.09411326 0.01653444  0.061706340 0.12652017       1              1
  8  0.13023827 0.01744766  0.096041492 0.16443505       1              1
 treated_units
             0
             0
             0
             0
            66
            79
            78
            83
            86
            83
            84
            82
            84
            91
overall post-reform average:
        att         se     ci_lo     ci_hi cohorts treated_states treated_units
 0.07825577 0.01175158 0.0552231 0.1012884       1              1           103

== synthdid.grad_hispanic_white.r1 (unbalanced): no estimable cohort in the complete states
notes: 9 of 38 state(s) without a state-year mean in every window year left out
  e att se ci_lo ci_hi cohorts treated_states treated_units
 -5  NA NA    NA    NA       0              0             0
 -4  NA NA    NA    NA       0              0             0
 -3  NA NA    NA    NA       0              0             0
 -2  NA NA    NA    NA       0              0             0
 -1  NA NA    NA    NA       0              0             0
  0  NA NA    NA    NA       0              0             0
  1  NA NA    NA    NA       0              0             0
  2  NA NA    NA    NA       0              0             0
  3  NA NA    NA    NA       0              0             0
  4  NA NA    NA    NA       0              0             0
  5  NA NA    NA    NA       0              0             0
  6  NA NA    NA    NA       0              0             0
  7  NA NA    NA    NA       0              0             0
  8  NA NA    NA    NA       0              0             0
overall post-reform average:
 att se ci_lo ci_hi cohorts treated_states treated_units
  NA NA    NA    NA       0              0             0

== stacked.grad_hispanic_white.r1 (unbalanced): ok
notes: NOTE: 121/0 fixed-effect singletons were removed (121 observations).
  e         att         se        ci_lo      ci_hi cohorts treated_states
 -5          NA         NA           NA         NA       0              0
 -4          NA         NA           NA         NA       0              0
 -3          NA         NA           NA         NA       0              0
 -2          NA         NA           NA         NA       0              0
 -1 0.000000000         NA           NA         NA       1              1
  0 0.115736617 0.01234250  0.091545763 0.13992747       1              1
  1 0.030245543 0.01239023  0.005961147 0.05452994       1              1
  2 0.002091716 0.01633275 -0.029919894 0.03410333       1              1
  3 0.031960003 0.01407552  0.004372483 0.05954752       1              1
  4 0.058431250 0.01874279  0.021696052 0.09516645       1              1
  5 0.066416845 0.01888364  0.029405585 0.10342811       1              1
  6          NA         NA           NA         NA       0              0
  7          NA         NA           NA         NA       0              0
  8          NA         NA           NA         NA       0              0
 treated_units
             0
             0
             0
             0
            66
            79
            78
            83
            86
            83
            84
             0
             0
             0
overall post-reform average:
        att         se     ci_lo      ci_hi cohorts treated_states
 0.05081366 0.01258562 0.0261463 0.07548103       1              1
 treated_units
            91

== twfe.grad_hispanic_white.r1 (unbalanced): ok
notes: NOTE: 163/0 fixed-effect singletons were removed (163 observations).
  e        att         se       ci_lo      ci_hi cohorts treated_states
 -5         NA         NA          NA         NA       0              0
 -4         NA         NA          NA         NA       0              0
 -3         NA         NA          NA         NA       0              0
 -2         NA         NA          NA         NA       0              0
 -1 0.00000000         NA          NA         NA       1              1
  0 0.12891925 0.01226259  0.10488501 0.15295349       1              1
  1 0.03540516 0.01206124  0.01176557 0.05904475       1              1
  2 0.01174700 0.01587811 -0.01937351 0.04286752       1              1
  3 0.03579182 0.01278876  0.01072630 0.06085734       1              1
  4 0.06953157 0.01794339  0.03436317 0.10469996       1              1
  5 0.07427220 0.01869125  0.03763802 0.11090639       1              1
  6 0.17013690 0.01611662  0.13854891 0.20172489       1              1
  7 0.10756062 0.01622324  0.07576365 0.13935759       1              1
  8 0.09802035 0.01587595  0.06690406 0.12913664       1              1
 treated_units
             0
             0
             0
             0
            66
            79
            78
            83
            86
            83
            84
            82
            84
            91
overall post-reform average:
        att         se      ci_lo     ci_hi cohorts treated_states
 0.08126499 0.01130128 0.05911489 0.1034151       1              1
 treated_units
           103

== twfe_static.grad_hispanic_white.r1 (unbalanced): ok
notes: NOTE: 163/0 fixed-effect singletons were removed (163 observations).
[1] NA NA NA NA NA NA NA NA
overall post-reform average:
        att         se      ci_lo     ci_hi cohorts treated_states
 0.08026061 0.01131356 0.05808643 0.1024348       1              1
 treated_units
           103

== sun_abraham.grad_black_white.r2 (unbalanced): ok
notes: NOTE: 105/0 fixed-effect singletons were removed (105 observations).
  e         att         se       ci_lo       ci_hi cohorts treated_states
 -5 -0.01123819 0.02976476 -0.06957605  0.04709966       1              1
 -4 -0.10296520 0.03597391 -0.17347278 -0.03245762       1              1
 -3 -0.19394815 0.02906877 -0.25092189 -0.13697441       1              1
 -2 -0.06655994 0.01901118 -0.10382117 -0.02929870       1              1
 -1  0.00000000         NA          NA          NA       1              1
  0  0.06936662 0.02013812  0.02989662  0.10883661       1              1
  1 -0.07935574 0.05139029 -0.18007885  0.02136737       1              1
  2 -0.22722458 0.02840890 -0.28290499 -0.17154416       1              1
  3          NA         NA          NA          NA       0              0
  4          NA         NA          NA          NA       0              0
  5          NA         NA          NA          NA       0              0
  6          NA         NA          NA          NA       0              0
  7          NA         NA          NA          NA       0              0
  8          NA         NA          NA          NA       0              0
 treated_units
             5
             5
             5
             6
             6
             5
             4
             5
             0
             0
             0
             0
             0
             0
overall post-reform average:
         att         se      ci_lo       ci_hi cohorts treated_states
 -0.07907123 0.02779023 -0.1335391 -0.02460338       1              1
 treated_units
             6

== imputation.grad_black_white.r2 (unbalanced): ok
  e         att          se       ci_lo        ci_hi cohorts treated_states
 -5 -0.02423568 0.015756936 -0.05511870  0.006647353       1              1
 -4 -0.13149738 0.030866242 -0.19199410 -0.071000657       1              1
 -3 -0.20685447 0.015167278 -0.23658179 -0.177127152       1              1
 -2 -0.08757136 0.023619625 -0.13386498 -0.041277746       1              1
 -1  0.00000000          NA          NA           NA       1              1
  0  0.09451936 0.009762925  0.07538438  0.113654344       1              1
  1 -0.03421351 0.037441716 -0.10759793  0.039170904       1              1
  2 -0.20137233 0.023451658 -0.24733674 -0.155407925       1              1
  3          NA          NA          NA           NA       0              0
  4          NA          NA          NA           NA       0              0
  5          NA          NA          NA           NA       0              0
  6          NA          NA          NA           NA       0              0
  7          NA          NA          NA           NA       0              0
  8          NA          NA          NA           NA       0              0
 treated_units
             5
             5
             5
             6
             6
             5
             4
             5
             0
             0
             0
             0
             0
             0
overall post-reform average:
         att         se       ci_lo       ci_hi cohorts treated_states
 -0.04702216 0.01429923 -0.07504814 -0.01899618       1              1
 treated_units
             6

== synthdid.grad_black_white.r2 (unbalanced): ok
notes: 12 of 44 state(s) without a state-year mean in every window year left out
  e         att         se       ci_lo      ci_hi cohorts treated_states
 -5          NA         NA          NA         NA       0              0
 -4          NA         NA          NA         NA       0              0
 -3          NA         NA          NA         NA       0              0
 -2          NA         NA          NA         NA       0              0
 -1          NA         NA          NA         NA       0              0
  0  0.10169648 0.07356730 -0.04249278 0.24588573       1              1
  1  0.08426731 0.12469863 -0.16013751 0.32867212       1              1
  2 -0.12999558 0.09708317 -0.32027510 0.06028393       1              1
  3          NA         NA          NA         NA       0              0
  4          NA         NA          NA         NA       0              0
  5          NA         NA          NA         NA       0              0
  6          NA         NA          NA         NA       0              0
  7          NA         NA          NA         NA       0              0
  8          NA         NA          NA         NA       0              0
 treated_units
             0
             0
             0
             0
             0
             1
             1
             1
             0
             0
             0
             0
             0
             0
overall post-reform average:
        att         se      ci_lo     ci_hi cohorts treated_states
 0.01865607 0.06473655 -0.1082252 0.1455374       1              1
 treated_units
             1
synthdid pooled ATT:
        att         se      ci_lo     ci_hi cohorts treated_states
 0.01865607 0.06473655 -0.1082252 0.1455374       1              1

== stacked.grad_black_white.r2 (unbalanced): ok
notes: NOTE: 104/0 fixed-effect singletons were removed (104 observations).
  e           att         se       ci_lo       ci_hi cohorts treated_states
 -5  0.0001228185 0.02659575 -0.05200389  0.05224953       1              1
 -4 -0.1108873316 0.03403309 -0.17759096 -0.04418370       1              1
 -3 -0.1950986879 0.02908905 -0.25211219 -0.13808519       1              1
 -2 -0.0633854210 0.01777381 -0.09822146 -0.02854938       1              1
 -1  0.0000000000         NA          NA          NA       1              1
  0  0.0779386566 0.01975853  0.03921265  0.11666466       1              1
  1 -0.0801197113 0.05258808 -0.18319046  0.02295104       1              1
  2 -0.2218860455 0.03022248 -0.28112101 -0.16265108       1              1
  3            NA         NA          NA          NA       0              0
  4            NA         NA          NA          NA       0              0
  5            NA         NA          NA          NA       0              0
  6            NA         NA          NA          NA       0              0
  7            NA         NA          NA          NA       0              0
  8            NA         NA          NA          NA       0              0
 treated_units
             5
             5
             5
             6
             6
             5
             4
             5
             0
             0
             0
             0
             0
             0
overall post-reform average:
         att         se      ci_lo       ci_hi cohorts treated_states
 -0.07468903 0.02899271 -0.1315137 -0.01786436       1              1
 treated_units
             6

== twfe.grad_black_white.r2 (unbalanced): ok
notes: NOTE: 105/0 fixed-effect singletons were removed (105 observations).
  e         att         se       ci_lo       ci_hi cohorts treated_states
 -5 -0.01123819 0.02976476 -0.06957605  0.04709966       1              1
 -4 -0.10296520 0.03597391 -0.17347278 -0.03245762       1              1
 -3 -0.19394815 0.02906877 -0.25092189 -0.13697441       1              1
 -2 -0.06655994 0.01901118 -0.10382117 -0.02929870       1              1
 -1  0.00000000         NA          NA          NA       1              1
  0  0.06936662 0.02013812  0.02989662  0.10883661       1              1
  1 -0.07935574 0.05139029 -0.18007885  0.02136737       1              1
  2 -0.22722458 0.02840890 -0.28290499 -0.17154416       1              1
  3          NA         NA          NA          NA       0              0
  4          NA         NA          NA          NA       0              0
  5          NA         NA          NA          NA       0              0
  6          NA         NA          NA          NA       0              0
  7          NA         NA          NA          NA       0              0
  8          NA         NA          NA          NA       0              0
 treated_units
             5
             5
             5
             6
             6
             5
             4
             5
             0
             0
             0
             0
             0
             0
overall post-reform average:
         att         se      ci_lo       ci_hi cohorts treated_states
 -0.07907123 0.02779023 -0.1335391 -0.02460338       1              1
 treated_units
             6

== twfe_static.grad_black_white.r2 (unbalanced): ok
notes: NOTE: 105/0 fixed-effect singletons were removed (105 observations).
[1] NA NA NA NA NA NA NA NA
overall post-reform average:
         att         se       ci_lo       ci_hi cohorts treated_states
 -0.04555259 0.01336849 -0.07175434 -0.01935085       1              1
 treated_units
             6

== sun_abraham.grad_hispanic_white.r2 (unbalanced): ok
notes: NOTE: 198/0 fixed-effect singletons were removed (198 observations).
  e          att         se        ci_lo       ci_hi cohorts treated_states
 -5  0.067228846 0.02136456  0.025355085  0.10910261       1              1
 -4  0.049750591 0.02094511  0.008698923  0.09080226       1              1
 -3  0.011260349 0.01531682 -0.018760066  0.04128076       1              1
 -2 -0.025963042 0.02304105 -0.071122667  0.01919658       1              1
 -1  0.000000000         NA           NA          NA       1              1
  0 -0.008244141 0.01661997 -0.040818688  0.02433041       1              1
  1 -0.060504342 0.02305853 -0.105698234 -0.01531045       1              1
  2  0.108719786 0.01712115  0.075162944  0.14227663       1              1
  3           NA         NA           NA          NA       0              0
  4           NA         NA           NA          NA       0              0
  5           NA         NA           NA          NA       0              0
  6           NA         NA           NA          NA       0              0
  7           NA         NA           NA          NA       0              0
  8           NA         NA           NA          NA       0              0
 treated_units
            28
            27
            28
            27
            28
            28
            25
            26
             0
             0
             0
             0
             0
             0
overall post-reform average:
        att         se       ci_lo      ci_hi cohorts treated_states
 0.01332377 0.01633688 -0.01869594 0.04534347       1              1
 treated_units
            28

== imputation.grad_hispanic_white.r2 (unbalanced): ok
  e         att         se       ci_lo        ci_hi cohorts treated_states
 -5  0.03603688 0.01165180  0.01319978  0.058873984       1              1
 -4  0.01805992 0.01828679 -0.01778154  0.053901377       1              1
 -3 -0.02098863 0.01136422 -0.04326209  0.001284831       1              1
 -2 -0.05801835 0.01734486 -0.09201364 -0.024023056       1              1
 -1  0.00000000         NA          NA           NA       1              1
  0 -0.03756902 0.02160320 -0.07991053  0.004772479       1              1
  1 -0.09761727 0.02374835 -0.14416318 -0.051071347       1              1
  2  0.08261849 0.02182990  0.03983267  0.125404306       1              1
  3          NA         NA          NA           NA       0              0
  4          NA         NA          NA           NA       0              0
  5          NA         NA          NA           NA       0              0
  6          NA         NA          NA           NA       0              0
  7          NA         NA          NA           NA       0              0
  8          NA         NA          NA           NA       0              0
 treated_units
            28
            27
            28
            27
            28
            28
            25
            26
             0
             0
             0
             0
             0
             0
overall post-reform average:
        att         se       ci_lo      ci_hi cohorts treated_states
 -0.0175226 0.02026531 -0.05724187 0.02219667       1              1
 treated_units
            28

== synthdid.grad_hispanic_white.r2 (unbalanced): ok
notes: 10 of 43 state(s) without a state-year mean in every window year left out
  e         att        se      ci_lo     ci_hi cohorts treated_states
 -5          NA        NA         NA        NA       0              0
 -4          NA        NA         NA        NA       0              0
 -3          NA        NA         NA        NA       0              0
 -2          NA        NA         NA        NA       0              0
 -1          NA        NA         NA        NA       0              0
  0 0.039410962 0.1346914 -0.2245794 0.3034013       1              1
  1 0.005505792 0.1368911 -0.2627958 0.2738074       1              1
  2 0.132344924 0.1288307 -0.1201587 0.3848485       1              1
  3          NA        NA         NA        NA       0              0
  4          NA        NA         NA        NA       0              0
  5          NA        NA         NA        NA       0              0
  6          NA        NA         NA        NA       0              0
  7          NA        NA         NA        NA       0              0
  8          NA        NA         NA        NA       0              0
 treated_units
             0
             0
             0
             0
             0
             1
             1
             1
             0
             0
             0
             0
             0
             0
overall post-reform average:
        att       se     ci_lo     ci_hi cohorts treated_states treated_units
 0.05908723 0.106074 -0.148814 0.2669885       1              1             1
synthdid pooled ATT:
        att       se     ci_lo     ci_hi cohorts treated_states
 0.05908723 0.106074 -0.148814 0.2669885       1              1

== stacked.grad_hispanic_white.r2 (unbalanced): ok
notes: NOTE: 196/0 fixed-effect singletons were removed (196 observations).
  e         att         se        ci_lo       ci_hi cohorts treated_states
 -5  0.06500346 0.02224621  0.021401696  0.10860522       1              1
 -4  0.04730931 0.02172778  0.004723646  0.08989497       1              1
 -3  0.00902208 0.01483293 -0.020049919  0.03809408       1              1
 -2 -0.02660745 0.02353551 -0.072736194  0.01952129       1              1
 -1  0.00000000         NA           NA          NA       1              1
  0 -0.01052837 0.01658271 -0.043029884  0.02197314       1              1
  1 -0.06075922 0.02258636 -0.105027670 -0.01649076       1              1
  2  0.10502035 0.01701790  0.071665882  0.13837481       1              1
  3          NA         NA           NA          NA       0              0
  4          NA         NA           NA          NA       0              0
  5          NA         NA           NA          NA       0              0
  6          NA         NA           NA          NA       0              0
  7          NA         NA           NA          NA       0              0
  8          NA         NA           NA          NA       0              0
 treated_units
            28
            27
            28
            27
            28
            28
            25
            26
             0
             0
             0
             0
             0
             0
overall post-reform average:
        att         se       ci_lo      ci_hi cohorts treated_states
 0.01124425 0.01618621 -0.02048013 0.04296864       1              1
 treated_units
            28

== twfe.grad_hispanic_white.r2 (unbalanced): ok
notes: NOTE: 198/0 fixed-effect singletons were removed (198 observations).
  e          att         se        ci_lo       ci_hi cohorts treated_states
 -5  0.067228846 0.02136456  0.025355085  0.10910261       1              1
 -4  0.049750591 0.02094511  0.008698923  0.09080226       1              1
 -3  0.011260349 0.01531682 -0.018760066  0.04128076       1              1
 -2 -0.025963042 0.02304105 -0.071122667  0.01919658       1              1
 -1  0.000000000         NA           NA          NA       1              1
  0 -0.008244141 0.01661997 -0.040818688  0.02433041       1              1
  1 -0.060504342 0.02305853 -0.105698234 -0.01531045       1              1
  2  0.108719786 0.01712115  0.075162944  0.14227663       1              1
  3           NA         NA           NA          NA       0              0
  4           NA         NA           NA          NA       0              0
  5           NA         NA           NA          NA       0              0
  6           NA         NA           NA          NA       0              0
  7           NA         NA           NA          NA       0              0
  8           NA         NA           NA          NA       0              0
 treated_units
            28
            27
            28
            27
            28
            28
            25
            26
             0
             0
             0
             0
             0
             0
overall post-reform average:
        att         se       ci_lo      ci_hi cohorts treated_states
 0.01332377 0.01633688 -0.01869594 0.04534347       1              1
 treated_units
            28

== twfe_static.grad_hispanic_white.r2 (unbalanced): ok
notes: NOTE: 198/0 fixed-effect singletons were removed (198 observations).
[1] NA NA NA NA NA NA NA NA
overall post-reform average:
        att         se       ci_lo      ci_hi cohorts treated_states
 -0.0134963 0.01929343 -0.05131073 0.02431813       1              1
 treated_units
            28

Wrote outputs/06_secondary/graduation/event_time_estimates.csv, outputs/06_secondary/graduation/overall_estimates.csv, outputs/06_secondary/graduation/group_time_estimates.csv, outputs/06_secondary/graduation/model_status.csv, outputs/06_secondary/graduation/panel_counts.csv, outputs/06_secondary/graduation/synthdid_pooled.csv, outputs/06_secondary/graduation/secondary_models.rds
36 graduation models on the unbalanced panel (6 estimators, 2 gaps, 3 event set(s)); models that stopped with an error: 0. Status per model: outputs/06_secondary/graduation/model_status.csv

== Panels (the step 5 balanced panels, appendix), primary suppression sample, graduation
grad_black_white    primary balanced     649 districts in 26 states
grad_hispanic_white primary balanced     456 districts in 27 states
grad_black_white    r1      balanced     629 districts in 26 states
grad_hispanic_white r1      balanced     431 districts in 27 states
grad_black_white    r2      balanced     747 districts in 31 states
grad_hispanic_white r2      balanced     543 districts in 31 states

== balanced panel: units, states, cohorts and observations in each model (outputs/06_secondary/appendix/graduation/panel_counts.csv)
   estimator                 gap event_set    panel     unit units_in_model
 sun_abraham    grad_black_white   primary balanced district            649
  imputation    grad_black_white   primary balanced district            649
    synthdid    grad_black_white   primary balanced    state             25
     stacked    grad_black_white   primary balanced district            649
        twfe    grad_black_white   primary balanced district            649
 twfe_static    grad_black_white   primary balanced district            649
 sun_abraham grad_hispanic_white   primary balanced district            456
  imputation grad_hispanic_white   primary balanced district            456
    synthdid grad_hispanic_white   primary balanced    state             26
     stacked grad_hispanic_white   primary balanced district            456
        twfe grad_hispanic_white   primary balanced district            456
 twfe_static grad_hispanic_white   primary balanced district            456
 sun_abraham    grad_black_white        r2 balanced district            747
  imputation    grad_black_white        r2 balanced district            747
    synthdid    grad_black_white        r2 balanced    state             31
     stacked    grad_black_white        r2 balanced district            747
        twfe    grad_black_white        r2 balanced district            747
 twfe_static    grad_black_white        r2 balanced district            747
 sun_abraham grad_hispanic_white        r2 balanced district            543
  imputation grad_hispanic_white        r2 balanced district            543
    synthdid grad_hispanic_white        r2 balanced    state             31
     stacked grad_hispanic_white        r2 balanced district            543
        twfe grad_hispanic_white        r2 balanced district            543
 twfe_static grad_hispanic_white        r2 balanced district            543
 states_in_model cohorts_in_model treated_units control_units   obs
              26                4            80           569  7139
              26                4            80           569  7139
              25                3             3            22   275
              26                4            80           641 19321
              26                4            80           569  7139
              26                4            80           569  7139
              27                4            96           360  5016
              27                4            96           360  5016
              26                3             3            23   286
              27                4            96           402 12569
              27                4            96           360  5016
              27                4            96           360  5016
              31                1             2           745  8217
              31                1             2           745  8217
              31                1             1            30   341
              31                1             2           745  5976
              31                1             2           745  8217
              31                1             2           745  8217
              31                1            24           519  5973
              31                1            24           519  5973
              31                1             1            30   341
              31                1            24           519  4344
              31                1            24           519  5973
              31                1            24           519  5973

== sun_abraham.grad_black_white.primary (balanced): ok
  e         att         se        ci_lo         ci_hi cohorts treated_states
 -5 -0.01117724 0.02424104 -0.058688805  0.0363343292       3              3
 -4 -0.03442299 0.01729423 -0.068319052 -0.0005269217       3              3
 -3  0.05293464 0.01621317  0.021157408  0.0847118776       3              3
 -2 -0.01090072 0.01216572 -0.034745095  0.0129436590       3              3
 -1  0.00000000         NA           NA            NA       4              4
  0 -0.01787121 0.00974997 -0.036980798  0.0012383828       4              4
  1  0.02075289 0.01375180 -0.006200137  0.0477059156       4              4
  2  0.08769181 0.01269220  0.062815552  0.1125680593       3              3
  3  0.12011699 0.02455219  0.071995578  0.1682384088       2              2
  4  0.03737015 0.02365098 -0.008984928  0.0837252190       2              2
  5  0.04856091 0.03970319 -0.029255917  0.1263777431       1              1
  6  0.16465934 0.04367285  0.079062123  0.2502565578       1              1
  7  0.04757800 0.02978053 -0.010790756  0.1059467600       1              1
  8  0.15922957 0.03268800  0.095162270  0.2232968633       1              1
 treated_units
            74
            74
            74
            74
            80
            80
            80
            51
             8
             8
             6
             6
             6
             6
overall post-reform average:
        att         se      ci_lo     ci_hi cohorts treated_states
 0.07423205 0.01476368 0.04529577 0.1031683       4              4
 treated_units
            80

== imputation.grad_black_white.primary (balanced): ok
  e          att          se         ci_lo      ci_hi cohorts treated_states
 -5  0.017763695 0.024489333 -0.0302345158 0.06576191       3              3
 -4 -0.004646274 0.019281923 -0.0424381492 0.03314560       3              3
 -3  0.080381490 0.018025385  0.0450523847 0.11571060       3              3
 -2  0.017267278 0.022495884 -0.0268238450 0.06135840       3              3
 -1  0.000000000          NA            NA         NA       4              4
  0 -0.003842586 0.009474809 -0.0224128697 0.01472770       4              4
  1  0.039022399 0.012162888  0.0151835765 0.06286122       4              4
  2  0.079542699 0.018597925  0.0430914357 0.11599396       3              3
  3  0.127136904 0.023092285  0.0818768568 0.17239695       2              2
  4  0.039861692 0.028434854 -0.0158695969 0.09559298       2              2
  5  0.053411220 0.036939165 -0.0189882121 0.12581065       1              1
  6  0.175981912 0.040575148  0.0964560830 0.25550774       1              1
  7  0.054860325 0.027868971  0.0002381457 0.10948250       1              1
  8  0.165940640 0.033267191  0.1007381432 0.23114314       1              1
 treated_units
            74
            74
            74
            74
            80
            80
            80
            51
             8
             8
             6
             6
             6
             6
overall post-reform average:
        att         se      ci_lo     ci_hi cohorts treated_states
 0.08132391 0.01598005 0.05000359 0.1126442       4              4
 treated_units
            80

== synthdid.grad_black_white.primary (balanced): ok
notes: 1 of 4 cohort(s) left out: fewer than 2 pre-reform years (synthdid's noise level needs them)
  e         att         se        ci_lo      ci_hi cohorts treated_states
 -5          NA         NA           NA         NA       0              0
 -4          NA         NA           NA         NA       0              0
 -3          NA         NA           NA         NA       0              0
 -2          NA         NA           NA         NA       0              0
 -1          NA         NA           NA         NA       0              0
  0 -0.06741143 0.06739466 -0.199502540 0.06467967       3              3
  1  0.03991744 0.07550909 -0.108077651 0.18791253       3              3
  2  0.16038427 0.07917534  0.005203445 0.31556509       2              2
  3  0.04329982 0.15160873 -0.253847832 0.34044748       1              1
  4  0.01470313 0.09353814 -0.168628247 0.19803451       1              1
  5          NA         NA           NA         NA       0              0
  6          NA         NA           NA         NA       0              0
  7          NA         NA           NA         NA       0              0
  8          NA         NA           NA         NA       0              0
 treated_units
             0
             0
             0
             0
             0
             3
             3
             2
             1
             1
             0
             0
             0
             0
overall post-reform average:
        att         se       ci_lo     ci_hi cohorts treated_states
 0.03817865 0.05361406 -0.06690297 0.1432603       3              3
 treated_units
             3
synthdid pooled ATT:
        att         se       ci_lo     ci_hi cohorts treated_states
 0.02962895 0.04497869 -0.05852766 0.1177856       3              3

== stacked.grad_black_white.primary (balanced): ok
  e          att         se        ci_lo       ci_hi cohorts treated_states
 -5 -0.006925017 0.04628656 -0.097645004 0.083794969       3              3
 -4 -0.032529876 0.02056831 -0.072843013 0.007783262       3              3
 -3  0.053802857 0.02581264  0.003211015 0.104394699       3              3
 -2 -0.007067673 0.03577020 -0.077175980 0.063040634       3              3
 -1  0.000000000         NA           NA          NA       4              4
  0 -0.017147597 0.01290466 -0.042440270 0.008145077       4              4
  1  0.024067724 0.01497382 -0.005280428 0.053415876       4              4
  2  0.067817768 0.01876549  0.031038090 0.104597446       3              3
  3  0.082558629 0.02529727  0.032976894 0.132140365       2              2
  4 -0.010863270 0.02776902 -0.065289543 0.043563003       2              2
  5 -0.013172862 0.03992796 -0.091430220 0.065084496       1              1
  6           NA         NA           NA          NA       0              0
  7           NA         NA           NA          NA       0              0
  8           NA         NA           NA          NA       0              0
 treated_units
            74
            74
            74
            74
            80
            80
            80
            51
             8
             8
             6
             0
             0
             0
overall post-reform average:
        att        se        ci_lo      ci_hi cohorts treated_states
 0.02221007 0.0158952 -0.008943961 0.05336409       4              4
 treated_units
            80

== twfe.grad_black_white.primary (balanced): ok
  e          att         se        ci_lo       ci_hi cohorts treated_states
 -5 -0.007105187 0.04463187 -0.094582050 0.080371675       3              3
 -4 -0.029362162 0.01871905 -0.066050827 0.007326503       3              3
 -3  0.055779865 0.02465572  0.007455534 0.104104196       3              3
 -2 -0.007014549 0.03438605 -0.074409968 0.060380871       3              3
 -1  0.000000000         NA           NA          NA       4              4
  0 -0.018383476 0.01320514 -0.044265084 0.007498132       4              4
  1  0.020075798 0.01581583 -0.010922669 0.051074264       4              4
  2  0.060820925 0.02413334  0.013520451 0.108121400       3              3
  3  0.079514186 0.02772997  0.025164450 0.133863922       2              2
  4 -0.008400790 0.02961131 -0.066437883 0.049636302       2              2
  5 -0.001279653 0.03667402 -0.073159410 0.070600104       1              1
  6  0.112730984 0.03804610  0.038161993 0.187299975       1              1
  7 -0.015382548 0.02851162 -0.071264300 0.040499203       1              1
  8  0.104222671 0.03726165  0.031191173 0.177254169       1              1
 treated_units
            74
            74
            74
            74
            80
            80
            80
            51
             8
             8
             6
             6
             6
             6
overall post-reform average:
        att        se        ci_lo      ci_hi cohorts treated_states
 0.03710201 0.0186574 0.0005341695 0.07366985       4              4
 treated_units
            80

== twfe_static.grad_black_white.primary (balanced): ok
[1] NA NA NA NA NA NA NA NA
overall post-reform average:
        att         se        ci_lo      ci_hi cohorts treated_states
 0.02740668 0.01610099 -0.004150672 0.05896404       4              4
 treated_units
            80

== sun_abraham.grad_hispanic_white.primary (balanced): ok
  e         att         se        ci_lo       ci_hi cohorts treated_states
 -5 -0.07220541 0.02179456 -0.114921959 -0.02948886       3              3
 -4 -0.05758049 0.01559534 -0.088146791 -0.02701419       3              3
 -3 -0.04562563 0.01659182 -0.078144988 -0.01310627       3              3
 -2 -0.06769880 0.01240880 -0.092019588 -0.04337800       3              3
 -1  0.00000000         NA           NA          NA       4              4
  0 -0.03594092 0.01319171 -0.061796188 -0.01008565       4              4
  1 -0.04430273 0.01117440 -0.066204160 -0.02240130       4              4
  2 -0.07302910 0.01429868 -0.101053996 -0.04500421       3              3
  3 -0.04938787 0.01809869 -0.084860645 -0.01391509       2              2
  4  0.01186922 0.01394462 -0.015461732  0.03920017       2              2
  5  0.08996271 0.03473662  0.021880177  0.15804524       1              1
  6 -0.03923127 0.02828291 -0.094664748  0.01620221       1              1
  7  0.02696188 0.02825247 -0.028411950  0.08233572       1              1
  8  0.03316407 0.02163137 -0.009232639  0.07556078       1              1
 treated_units
            66
            66
            66
            66
            96
            96
            96
            65
            54
            54
            30
            30
            30
            30
overall post-reform average:
          att         se       ci_lo      ci_hi cohorts treated_states
 -0.008881556 0.01350649 -0.03535378 0.01759067       4              4
 treated_units
            96

== imputation.grad_hispanic_white.primary (balanced): ok
  e          att         se       ci_lo        ci_hi cohorts treated_states
 -5 -0.033960329 0.04660260 -0.12529974  0.057379084       3              3
 -4 -0.009171475 0.02586268 -0.05986140  0.041518446       3              3
 -3  0.002487535 0.01428109 -0.02550289  0.030477958       3              3
 -2 -0.026269394 0.04541303 -0.11527729  0.062738505       3              3
 -1  0.000000000         NA          NA           NA       4              4
  0 -0.003645714 0.01212648 -0.02741317  0.020121744       4              4
  1 -0.005990263 0.01119852 -0.02793897  0.015958442       4              4
  2 -0.063622190 0.01311642 -0.08932991 -0.037914474       3              3
  3 -0.072723632 0.01444940 -0.10104394 -0.044403326       2              2
  4 -0.008453402 0.01611391 -0.04003609  0.023129285       2              2
  5  0.084766212 0.03388980  0.01834342  0.151189007       1              1
  6 -0.044715349 0.02763690 -0.09888268  0.009451983       1              1
  7  0.019025506 0.02776492 -0.03539274  0.073443750       1              1
  8  0.023874872 0.02136296 -0.01799577  0.065745511       1              1
 treated_units
            66
            66
            66
            66
            96
            96
            96
            65
            54
            54
            30
            30
            30
            30
overall post-reform average:
          att         se       ci_lo      ci_hi cohorts treated_states
 -0.007942662 0.01524085 -0.03781419 0.02192886       4              4
 treated_units
            96

== synthdid.grad_hispanic_white.primary (balanced): ok
notes: 1 of 4 cohort(s) left out: fewer than 2 pre-reform years (synthdid's noise level needs them)
  e         att         se       ci_lo     ci_hi cohorts treated_states
 -5          NA         NA          NA        NA       0              0
 -4          NA         NA          NA        NA       0              0
 -3          NA         NA          NA        NA       0              0
 -2          NA         NA          NA        NA       0              0
 -1          NA         NA          NA        NA       0              0
  0  0.02097369 0.09449074 -0.16422477 0.2061721       3              3
  1  0.01597157 0.07294416 -0.12699636 0.1589395       3              3
  2  0.02535769 0.09971650 -0.17008306 0.2207984       2              2
  3 -0.00734148 0.11581907 -0.23434269 0.2196597       1              1
  4  0.15400700 0.12447039 -0.08995048 0.3979645       1              1
  5          NA         NA          NA        NA       0              0
  6          NA         NA          NA        NA       0              0
  7          NA         NA          NA        NA       0              0
  8          NA         NA          NA        NA       0              0
 treated_units
             0
             0
             0
             0
             0
             3
             3
             2
             1
             1
             0
             0
             0
             0
overall post-reform average:
        att         se       ci_lo    ci_hi cohorts treated_states
 0.04179369 0.06815142 -0.09178064 0.175368       3              3
 treated_units
             3
synthdid pooled ATT:
        att         se       ci_lo     ci_hi cohorts treated_states
 0.03082167 0.06370652 -0.09404082 0.1556842       3              3

== stacked.grad_hispanic_white.primary (balanced): ok
  e         att         se       ci_lo         ci_hi cohorts treated_states
 -5 -0.08796908 0.06773169 -0.22072076  0.0447825931       3              3
 -4 -0.06357347 0.03492629 -0.13202773  0.0048807898       3              3
 -3 -0.05219541 0.02638067 -0.10390058 -0.0004902341       3              3
 -2 -0.07703274 0.05118092 -0.17734550  0.0232800155       3              3
 -1  0.00000000         NA          NA            NA       4              4
  0 -0.03522421 0.01851908 -0.07152094  0.0010725121       4              4
  1 -0.04571136 0.03952156 -0.12317219  0.0317494782       4              4
  2 -0.09691166 0.02086975 -0.13781562 -0.0560076946       3              3
  3 -0.07397388 0.02418069 -0.12136716 -0.0265805959       2              2
  4 -0.02596299 0.04905631 -0.12211159  0.0701856122       2              2
  5  0.09478507 0.03902482  0.01829784  0.1712723127       1              1
  6          NA         NA          NA            NA       0              0
  7          NA         NA          NA            NA       0              0
  8          NA         NA          NA            NA       0              0
 treated_units
            66
            66
            66
            66
            96
            96
            96
            65
            54
            54
            30
             0
             0
             0
overall post-reform average:
         att         se       ci_lo     ci_hi cohorts treated_states
 -0.03049984 0.02492797 -0.07935777 0.0183581       4              4
 treated_units
            96

== twfe.grad_hispanic_white.primary (balanced): ok
  e         att         se       ci_lo        ci_hi cohorts treated_states
 -5 -0.08603305 0.06569563 -0.21479412  0.042728023       3              3
 -4 -0.06577285 0.03036429 -0.12528576 -0.006259933       3              3
 -3 -0.05107500 0.02336312 -0.09686587 -0.005284130       3              3
 -2 -0.08262222 0.04818846 -0.17706986  0.011825420       3              3
 -1  0.00000000         NA          NA           NA       4              4
  0 -0.04377837 0.01702608 -0.07714887 -0.010407866       4              4
  1 -0.04932332 0.03470282 -0.11733960  0.018692960       4              4
  2 -0.09488179 0.01767747 -0.12952899 -0.060234596       3              3
  3 -0.09062925 0.01909679 -0.12805827 -0.053200227       2              2
  4 -0.02109125 0.04621468 -0.11167036  0.069487851       2              2
  5  0.10192921 0.03786631  0.02771260  0.176145813       1              1
  6 -0.03327736 0.03159189 -0.09519633  0.028641615       1              1
  7  0.03135268 0.03047144 -0.02837025  0.091075613       1              1
  8  0.04291977 0.03058140 -0.01701867  0.102858208       1              1
 treated_units
            66
            66
            66
            66
            96
            96
            96
            65
            54
            54
            30
            30
            30
            30
overall post-reform average:
         att         se       ci_lo      ci_hi cohorts treated_states
 -0.01741997 0.02304403 -0.06258544 0.02774551       4              4
 treated_units
            96

== twfe_static.grad_hispanic_white.primary (balanced): ok
[1] NA NA NA NA NA NA NA NA
overall post-reform average:
          att         se       ci_lo      ci_hi cohorts treated_states
 -0.003930228 0.02444539 -0.05184232 0.04398186       4              4
 treated_units
            96

== sun_abraham.grad_black_white.r1 (balanced): no estimable cohort
  e att se ci_lo ci_hi cohorts treated_states treated_units
 -5  NA NA    NA    NA       0              0             0
 -4  NA NA    NA    NA       0              0             0
 -3  NA NA    NA    NA       0              0             0
 -2  NA NA    NA    NA       0              0             0
 -1  NA NA    NA    NA       0              0             0
  0  NA NA    NA    NA       0              0             0
  1  NA NA    NA    NA       0              0             0
  2  NA NA    NA    NA       0              0             0
  3  NA NA    NA    NA       0              0             0
  4  NA NA    NA    NA       0              0             0
  5  NA NA    NA    NA       0              0             0
  6  NA NA    NA    NA       0              0             0
  7  NA NA    NA    NA       0              0             0
  8  NA NA    NA    NA       0              0             0
overall post-reform average:
 att se ci_lo ci_hi cohorts treated_states treated_units
  NA NA    NA    NA       0              0             0

== imputation.grad_black_white.r1 (balanced): no estimable cohort
  e att se ci_lo ci_hi cohorts treated_states treated_units
 -5  NA NA    NA    NA       0              0             0
 -4  NA NA    NA    NA       0              0             0
 -3  NA NA    NA    NA       0              0             0
 -2  NA NA    NA    NA       0              0             0
 -1  NA NA    NA    NA       0              0             0
  0  NA NA    NA    NA       0              0             0
  1  NA NA    NA    NA       0              0             0
  2  NA NA    NA    NA       0              0             0
  3  NA NA    NA    NA       0              0             0
  4  NA NA    NA    NA       0              0             0
  5  NA NA    NA    NA       0              0             0
  6  NA NA    NA    NA       0              0             0
  7  NA NA    NA    NA       0              0             0
  8  NA NA    NA    NA       0              0             0
overall post-reform average:
 att se ci_lo ci_hi cohorts treated_states treated_units
  NA NA    NA    NA       0              0             0

== synthdid.grad_black_white.r1 (balanced): no estimable cohort
  e att se ci_lo ci_hi cohorts treated_states treated_units
 -5  NA NA    NA    NA       0              0             0
 -4  NA NA    NA    NA       0              0             0
 -3  NA NA    NA    NA       0              0             0
 -2  NA NA    NA    NA       0              0             0
 -1  NA NA    NA    NA       0              0             0
  0  NA NA    NA    NA       0              0             0
  1  NA NA    NA    NA       0              0             0
  2  NA NA    NA    NA       0              0             0
  3  NA NA    NA    NA       0              0             0
  4  NA NA    NA    NA       0              0             0
  5  NA NA    NA    NA       0              0             0
  6  NA NA    NA    NA       0              0             0
  7  NA NA    NA    NA       0              0             0
  8  NA NA    NA    NA       0              0             0
overall post-reform average:
 att se ci_lo ci_hi cohorts treated_states treated_units
  NA NA    NA    NA       0              0             0

== stacked.grad_black_white.r1 (balanced): no estimable cohort
  e att se ci_lo ci_hi cohorts treated_states treated_units
 -5  NA NA    NA    NA       0              0             0
 -4  NA NA    NA    NA       0              0             0
 -3  NA NA    NA    NA       0              0             0
 -2  NA NA    NA    NA       0              0             0
 -1  NA NA    NA    NA       0              0             0
  0  NA NA    NA    NA       0              0             0
  1  NA NA    NA    NA       0              0             0
  2  NA NA    NA    NA       0              0             0
  3  NA NA    NA    NA       0              0             0
  4  NA NA    NA    NA       0              0             0
  5  NA NA    NA    NA       0              0             0
  6  NA NA    NA    NA       0              0             0
  7  NA NA    NA    NA       0              0             0
  8  NA NA    NA    NA       0              0             0
overall post-reform average:
 att se ci_lo ci_hi cohorts treated_states treated_units
  NA NA    NA    NA       0              0             0

== twfe.grad_black_white.r1 (balanced): no estimable cohort
  e att se ci_lo ci_hi cohorts treated_states treated_units
 -5  NA NA    NA    NA       0              0             0
 -4  NA NA    NA    NA       0              0             0
 -3  NA NA    NA    NA       0              0             0
 -2  NA NA    NA    NA       0              0             0
 -1  NA NA    NA    NA       0              0             0
  0  NA NA    NA    NA       0              0             0
  1  NA NA    NA    NA       0              0             0
  2  NA NA    NA    NA       0              0             0
  3  NA NA    NA    NA       0              0             0
  4  NA NA    NA    NA       0              0             0
  5  NA NA    NA    NA       0              0             0
  6  NA NA    NA    NA       0              0             0
  7  NA NA    NA    NA       0              0             0
  8  NA NA    NA    NA       0              0             0
overall post-reform average:
 att se ci_lo ci_hi cohorts treated_states treated_units
  NA NA    NA    NA       0              0             0

== twfe_static.grad_black_white.r1 (balanced): no estimable cohort
[1] NA NA NA NA NA NA NA NA
overall post-reform average:
 att se ci_lo ci_hi cohorts treated_states treated_units
  NA NA    NA    NA       0              0             0

== sun_abraham.grad_hispanic_white.r1 (balanced): no estimable cohort
  e att se ci_lo ci_hi cohorts treated_states treated_units
 -5  NA NA    NA    NA       0              0             0
 -4  NA NA    NA    NA       0              0             0
 -3  NA NA    NA    NA       0              0             0
 -2  NA NA    NA    NA       0              0             0
 -1  NA NA    NA    NA       0              0             0
  0  NA NA    NA    NA       0              0             0
  1  NA NA    NA    NA       0              0             0
  2  NA NA    NA    NA       0              0             0
  3  NA NA    NA    NA       0              0             0
  4  NA NA    NA    NA       0              0             0
  5  NA NA    NA    NA       0              0             0
  6  NA NA    NA    NA       0              0             0
  7  NA NA    NA    NA       0              0             0
  8  NA NA    NA    NA       0              0             0
overall post-reform average:
 att se ci_lo ci_hi cohorts treated_states treated_units
  NA NA    NA    NA       0              0             0

== imputation.grad_hispanic_white.r1 (balanced): no estimable cohort
  e att se ci_lo ci_hi cohorts treated_states treated_units
 -5  NA NA    NA    NA       0              0             0
 -4  NA NA    NA    NA       0              0             0
 -3  NA NA    NA    NA       0              0             0
 -2  NA NA    NA    NA       0              0             0
 -1  NA NA    NA    NA       0              0             0
  0  NA NA    NA    NA       0              0             0
  1  NA NA    NA    NA       0              0             0
  2  NA NA    NA    NA       0              0             0
  3  NA NA    NA    NA       0              0             0
  4  NA NA    NA    NA       0              0             0
  5  NA NA    NA    NA       0              0             0
  6  NA NA    NA    NA       0              0             0
  7  NA NA    NA    NA       0              0             0
  8  NA NA    NA    NA       0              0             0
overall post-reform average:
 att se ci_lo ci_hi cohorts treated_states treated_units
  NA NA    NA    NA       0              0             0

== synthdid.grad_hispanic_white.r1 (balanced): no estimable cohort
  e att se ci_lo ci_hi cohorts treated_states treated_units
 -5  NA NA    NA    NA       0              0             0
 -4  NA NA    NA    NA       0              0             0
 -3  NA NA    NA    NA       0              0             0
 -2  NA NA    NA    NA       0              0             0
 -1  NA NA    NA    NA       0              0             0
  0  NA NA    NA    NA       0              0             0
  1  NA NA    NA    NA       0              0             0
  2  NA NA    NA    NA       0              0             0
  3  NA NA    NA    NA       0              0             0
  4  NA NA    NA    NA       0              0             0
  5  NA NA    NA    NA       0              0             0
  6  NA NA    NA    NA       0              0             0
  7  NA NA    NA    NA       0              0             0
  8  NA NA    NA    NA       0              0             0
overall post-reform average:
 att se ci_lo ci_hi cohorts treated_states treated_units
  NA NA    NA    NA       0              0             0

== stacked.grad_hispanic_white.r1 (balanced): no estimable cohort
  e att se ci_lo ci_hi cohorts treated_states treated_units
 -5  NA NA    NA    NA       0              0             0
 -4  NA NA    NA    NA       0              0             0
 -3  NA NA    NA    NA       0              0             0
 -2  NA NA    NA    NA       0              0             0
 -1  NA NA    NA    NA       0              0             0
  0  NA NA    NA    NA       0              0             0
  1  NA NA    NA    NA       0              0             0
  2  NA NA    NA    NA       0              0             0
  3  NA NA    NA    NA       0              0             0
  4  NA NA    NA    NA       0              0             0
  5  NA NA    NA    NA       0              0             0
  6  NA NA    NA    NA       0              0             0
  7  NA NA    NA    NA       0              0             0
  8  NA NA    NA    NA       0              0             0
overall post-reform average:
 att se ci_lo ci_hi cohorts treated_states treated_units
  NA NA    NA    NA       0              0             0

== twfe.grad_hispanic_white.r1 (balanced): no estimable cohort
  e att se ci_lo ci_hi cohorts treated_states treated_units
 -5  NA NA    NA    NA       0              0             0
 -4  NA NA    NA    NA       0              0             0
 -3  NA NA    NA    NA       0              0             0
 -2  NA NA    NA    NA       0              0             0
 -1  NA NA    NA    NA       0              0             0
  0  NA NA    NA    NA       0              0             0
  1  NA NA    NA    NA       0              0             0
  2  NA NA    NA    NA       0              0             0
  3  NA NA    NA    NA       0              0             0
  4  NA NA    NA    NA       0              0             0
  5  NA NA    NA    NA       0              0             0
  6  NA NA    NA    NA       0              0             0
  7  NA NA    NA    NA       0              0             0
  8  NA NA    NA    NA       0              0             0
overall post-reform average:
 att se ci_lo ci_hi cohorts treated_states treated_units
  NA NA    NA    NA       0              0             0

== twfe_static.grad_hispanic_white.r1 (balanced): no estimable cohort
[1] NA NA NA NA NA NA NA NA
overall post-reform average:
 att se ci_lo ci_hi cohorts treated_states treated_units
  NA NA    NA    NA       0              0             0

== sun_abraham.grad_black_white.r2 (balanced): ok
  e         att         se       ci_lo       ci_hi cohorts treated_states
 -5 -0.12686680 0.09310387 -0.30934704  0.05561344       1              1
 -4 -0.12213987 0.05313988 -0.22629212 -0.01798762       1              1
 -3 -0.11032306 0.08448572 -0.27591203  0.05526591       1              1
 -2 -0.23840813 0.08210235 -0.39932579 -0.07749047       1              1
 -1  0.00000000         NA          NA          NA       1              1
  0  0.15427686 0.06283976  0.03111319  0.27744053       1              1
  1 -0.12210028 0.14115275 -0.39875458  0.15455403       1              1
  2 -0.02950135 0.10137321 -0.22818918  0.16918649       1              1
  3          NA         NA          NA          NA       0              0
  4          NA         NA          NA          NA       0              0
  5          NA         NA          NA          NA       0              0
  6          NA         NA          NA          NA       0              0
  7          NA         NA          NA          NA       0              0
  8          NA         NA          NA          NA       0              0
 treated_units
             2
             2
             2
             2
             2
             2
             2
             2
             0
             0
             0
             0
             0
             0
overall post-reform average:
          att         se      ci_lo     ci_hi cohorts treated_states
 0.0008917452 0.08741925 -0.1704468 0.1722303       1              1
 treated_units
             2

== imputation.grad_black_white.r2 (balanced): ok
  e         att         se       ci_lo        ci_hi cohorts treated_states
 -5 -0.08857565 0.05220771 -0.19090089  0.013749585       1              1
 -4 -0.08381777 0.04221043 -0.16654868 -0.001086854       1              1
 -3 -0.07202215 0.05754360 -0.18480554  0.040761238       1              1
 -2 -0.20011947 0.05814189 -0.31407548 -0.086163471       1              1
 -1  0.00000000         NA          NA           NA       1              1
  0  0.24769452 0.03011799  0.18866436  0.306724690       1              1
  1 -0.02718178 0.09214015 -0.20777316  0.153409607       1              1
  2  0.06505651 0.07840336 -0.08861126  0.218724277       1              1
  3          NA         NA          NA           NA       0              0
  4          NA         NA          NA           NA       0              0
  5          NA         NA          NA           NA       0              0
  6          NA         NA          NA           NA       0              0
  7          NA         NA          NA           NA       0              0
  8          NA         NA          NA           NA       0              0
 treated_units
             2
             2
             2
             2
             2
             2
             2
             2
             0
             0
             0
             0
             0
             0
overall post-reform average:
        att         se      ci_lo     ci_hi cohorts treated_states
 0.09518975 0.03991904 0.01694987 0.1734296       1              1
 treated_units
             2

== synthdid.grad_black_white.r2 (balanced): ok
  e        att        se      ci_lo     ci_hi cohorts treated_states
 -5         NA        NA         NA        NA       0              0
 -4         NA        NA         NA        NA       0              0
 -3         NA        NA         NA        NA       0              0
 -2         NA        NA         NA        NA       0              0
 -1         NA        NA         NA        NA       0              0
  0 0.28383472 0.1296590  0.0297077 0.5379617       1              1
  1 0.02694477 0.1326712 -0.2330860 0.2869755       1              1
  2 0.02949280 0.1419424 -0.2487091 0.3076947       1              1
  3         NA        NA         NA        NA       0              0
  4         NA        NA         NA        NA       0              0
  5         NA        NA         NA        NA       0              0
  6         NA        NA         NA        NA       0              0
  7         NA        NA         NA        NA       0              0
  8         NA        NA         NA        NA       0              0
 treated_units
             0
             0
             0
             0
             0
             1
             1
             1
             0
             0
             0
             0
             0
             0
overall post-reform average:
       att         se       ci_lo     ci_hi cohorts treated_states
 0.1134241 0.09014913 -0.06326495 0.2901131       1              1
 treated_units
             1
synthdid pooled ATT:
       att         se       ci_lo     ci_hi cohorts treated_states
 0.1134241 0.09014913 -0.06326495 0.2901131       1              1

== stacked.grad_black_white.r2 (balanced): ok
  e         att         se       ci_lo       ci_hi cohorts treated_states
 -5 -0.12545021 0.09292074 -0.30757151  0.05667109       1              1
 -4 -0.12428667 0.05376871 -0.22967141 -0.01890194       1              1
 -3 -0.11002969 0.08455356 -0.27575162  0.05569224       1              1
 -2 -0.23670465 0.08135776 -0.39616293 -0.07724636       1              1
 -1  0.00000000         NA          NA          NA       1              1
  0  0.15609612 0.06226528  0.03405842  0.27813382       1              1
  1 -0.12012731 0.14158924 -0.39763713  0.15738251       1              1
  2 -0.03225533 0.10159968 -0.23138704  0.16687639       1              1
  3          NA         NA          NA          NA       0              0
  4          NA         NA          NA          NA       0              0
  5          NA         NA          NA          NA       0              0
  6          NA         NA          NA          NA       0              0
  7          NA         NA          NA          NA       0              0
  8          NA         NA          NA          NA       0              0
 treated_units
             2
             2
             2
             2
             2
             2
             2
             2
             0
             0
             0
             0
             0
             0
overall post-reform average:
         att         se      ci_lo     ci_hi cohorts treated_states
 0.001237829 0.08726006 -0.1697888 0.1722644       1              1
 treated_units
             2

== twfe.grad_black_white.r2 (balanced): ok
  e         att         se       ci_lo       ci_hi cohorts treated_states
 -5 -0.12686680 0.09310387 -0.30934704  0.05561344       1              1
 -4 -0.12213987 0.05313988 -0.22629212 -0.01798762       1              1
 -3 -0.11032306 0.08448572 -0.27591203  0.05526591       1              1
 -2 -0.23840813 0.08210235 -0.39932579 -0.07749047       1              1
 -1  0.00000000         NA          NA          NA       1              1
  0  0.15427686 0.06283976  0.03111319  0.27744053       1              1
  1 -0.12210028 0.14115275 -0.39875458  0.15455403       1              1
  2 -0.02950135 0.10137321 -0.22818918  0.16918649       1              1
  3          NA         NA          NA          NA       0              0
  4          NA         NA          NA          NA       0              0
  5          NA         NA          NA          NA       0              0
  6          NA         NA          NA          NA       0              0
  7          NA         NA          NA          NA       0              0
  8          NA         NA          NA          NA       0              0
 treated_units
             2
             2
             2
             2
             2
             2
             2
             2
             0
             0
             0
             0
             0
             0
overall post-reform average:
          att         se      ci_lo     ci_hi cohorts treated_states
 0.0008917452 0.08741925 -0.1704468 0.1722303       1              1
 treated_units
             2

== twfe_static.grad_black_white.r2 (balanced): ok
[1] NA NA NA NA NA NA NA NA
overall post-reform average:
        att         se      ci_lo    ci_hi cohorts treated_states treated_units
 0.09475763 0.04073411 0.01492025 0.174595       1              1             2

== sun_abraham.grad_hispanic_white.r2 (balanced): ok
  e          att         se       ci_lo        ci_hi cohorts treated_states
 -5  0.024815357 0.03405156 -0.04192448  0.091555194       1              1
 -4  0.054695082 0.02578645  0.00415457  0.105235594       1              1
 -3 -0.005802197 0.02508583 -0.05496952  0.043365131       1              1
 -2 -0.043205806 0.03350220 -0.10886890  0.022457291       1              1
 -1  0.000000000         NA          NA           NA       1              1
  0 -0.042288635 0.02212440 -0.08565167  0.001074396       1              1
  1 -0.072703613 0.03327695 -0.13792523 -0.007481992       1              1
  2  0.089611949 0.02907558  0.03262487  0.146599030       1              1
  3           NA         NA          NA           NA       0              0
  4           NA         NA          NA           NA       0              0
  5           NA         NA          NA           NA       0              0
  6           NA         NA          NA           NA       0              0
  7           NA         NA          NA           NA       0              0
  8           NA         NA          NA           NA       0              0
 treated_units
            24
            24
            24
            24
            24
            24
            24
            24
             0
             0
             0
             0
             0
             0
overall post-reform average:
        att         se       ci_lo      ci_hi cohorts treated_states
 -0.0084601 0.02389029 -0.05528421 0.03836401       1              1
 treated_units
            24

== imputation.grad_hispanic_white.r2 (balanced): ok
  e          att         se         ci_lo         ci_hi cohorts treated_states
 -5  0.008822461 0.02381276 -0.0378496894  0.0554946124       1              1
 -4  0.039098545 0.01970938  0.0004688614  0.0777282295       1              1
 -3 -0.021529717 0.01860634 -0.0579974733  0.0149380393       1              1
 -2 -0.058930493 0.03561348 -0.1287316340  0.0108706471       1              1
 -1  0.000000000         NA            NA            NA       1              1
  0 -0.049084361 0.02517492 -0.0984263014  0.0002575801       1              1
  1 -0.100365631 0.02477353 -0.1489208542 -0.0518104074       1              1
  2  0.076446803 0.02593941  0.0256064962  0.1272871089       1              1
  3           NA         NA            NA            NA       0              0
  4           NA         NA            NA            NA       0              0
  5           NA         NA            NA            NA       0              0
  6           NA         NA            NA            NA       0              0
  7           NA         NA            NA            NA       0              0
  8           NA         NA            NA            NA       0              0
 treated_units
            24
            24
            24
            24
            24
            24
            24
            24
             0
             0
             0
             0
             0
             0
overall post-reform average:
        att         se       ci_lo      ci_hi cohorts treated_states
 -0.0243344 0.02135141 -0.06618238 0.01751359       1              1
 treated_units
            24

== synthdid.grad_hispanic_white.r2 (balanced): ok
  e          att        se      ci_lo     ci_hi cohorts treated_states
 -5           NA        NA         NA        NA       0              0
 -4           NA        NA         NA        NA       0              0
 -3           NA        NA         NA        NA       0              0
 -2           NA        NA         NA        NA       0              0
 -1           NA        NA         NA        NA       0              0
  0  0.030885454 0.1402778 -0.2440540 0.3058249       1              1
  1 -0.005904136 0.1752994 -0.3494846 0.3376763       1              1
  2  0.162039250 0.1547007 -0.1411685 0.4652470       1              1
  3           NA        NA         NA        NA       0              0
  4           NA        NA         NA        NA       0              0
  5           NA        NA         NA        NA       0              0
  6           NA        NA         NA        NA       0              0
  7           NA        NA         NA        NA       0              0
  8           NA        NA         NA        NA       0              0
 treated_units
             0
             0
             0
             0
             0
             1
             1
             1
             0
             0
             0
             0
             0
             0
overall post-reform average:
        att       se      ci_lo     ci_hi cohorts treated_states treated_units
 0.06234019 0.139566 -0.2112042 0.3358846       1              1             1
synthdid pooled ATT:
        att       se      ci_lo     ci_hi cohorts treated_states
 0.06234019 0.139566 -0.2112042 0.3358846       1              1

== stacked.grad_hispanic_white.r2 (balanced): ok
  e          att         se        ci_lo         ci_hi cohorts treated_states
 -5  0.019399874 0.03438366 -0.047990857  0.0867906048       1              1
 -4  0.054320390 0.02582823  0.003697985  0.1049427945       1              1
 -3 -0.007842703 0.02539417 -0.057614360  0.0419289526       1              1
 -2 -0.045210291 0.03338096 -0.110635769  0.0202151864       1              1
 -1  0.000000000         NA           NA            NA       1              1
  0 -0.043933638 0.02197802 -0.087009765 -0.0008575116       1              1
  1 -0.073946657 0.03363607 -0.139872135 -0.0080211801       1              1
  2  0.091706474 0.02898904  0.034889007  0.1485239419       1              1
  3           NA         NA           NA            NA       0              0
  4           NA         NA           NA            NA       0              0
  5           NA         NA           NA            NA       0              0
  6           NA         NA           NA            NA       0              0
  7           NA         NA           NA            NA       0              0
  8           NA         NA           NA            NA       0              0
 treated_units
            24
            24
            24
            24
            24
            24
            24
            24
             0
             0
             0
             0
             0
             0
overall post-reform average:
          att         se       ci_lo      ci_hi cohorts treated_states
 -0.008724607 0.02400518 -0.05577389 0.03832467       1              1
 treated_units
            24

== twfe.grad_hispanic_white.r2 (balanced): ok
  e          att         se       ci_lo        ci_hi cohorts treated_states
 -5  0.024815357 0.03405156 -0.04192448  0.091555194       1              1
 -4  0.054695082 0.02578645  0.00415457  0.105235594       1              1
 -3 -0.005802197 0.02508583 -0.05496952  0.043365131       1              1
 -2 -0.043205806 0.03350220 -0.10886890  0.022457291       1              1
 -1  0.000000000         NA          NA           NA       1              1
  0 -0.042288635 0.02212440 -0.08565167  0.001074396       1              1
  1 -0.072703613 0.03327695 -0.13792523 -0.007481992       1              1
  2  0.089611949 0.02907558  0.03262487  0.146599030       1              1
  3           NA         NA          NA           NA       0              0
  4           NA         NA          NA           NA       0              0
  5           NA         NA          NA           NA       0              0
  6           NA         NA          NA           NA       0              0
  7           NA         NA          NA           NA       0              0
  8           NA         NA          NA           NA       0              0
 treated_units
            24
            24
            24
            24
            24
            24
            24
            24
             0
             0
             0
             0
             0
             0
overall post-reform average:
        att         se       ci_lo      ci_hi cohorts treated_states
 -0.0084601 0.02389029 -0.05528421 0.03836401       1              1
 treated_units
            24

== twfe_static.grad_hispanic_white.r2 (balanced): ok
[1] NA NA NA NA NA NA NA NA
overall post-reform average:
         att         se       ci_lo      ci_hi cohorts treated_states
 -0.02035735 0.02179633 -0.06307737 0.02236266       1              1
 treated_units
            24

Wrote outputs/06_secondary/appendix/graduation/event_time_estimates.csv, outputs/06_secondary/appendix/graduation/overall_estimates.csv, outputs/06_secondary/appendix/graduation/group_time_estimates.csv, outputs/06_secondary/appendix/graduation/model_status.csv, outputs/06_secondary/appendix/graduation/panel_counts.csv, outputs/06_secondary/appendix/graduation/synthdid_pooled.csv, outputs/06_secondary/appendix/graduation/secondary_models.rds
36 graduation models on the balanced panel (6 estimators, 2 gaps, 3 event set(s)); models that stopped with an error: 0. Status per model: outputs/06_secondary/appendix/graduation/model_status.csv
Log: outputs/logs/06_secondary_graduation_20260913T133222Z.log
