Step 6 secondary estimators (achievement), run 20260914T211211Z; stage 2; blinding REAL; fixest 0.14.2, didimputation 0.5.1, synthdid 0.0.9
Console: panel sizes only. Cohort counts, estimates and model status: outputs/06_secondary (unbalanced), outputs/06_secondary/appendix (balanced, appendix) and outputs/logs/06_secondary_20260914T211211Z.log
Covariates for the 3255 districts in the gap (b)/(c) file; district-year flags: 205570 district-years (test_replaced, cep); gap (a): state-year test_replaced and CEP share

== Panels (the step 5 unbalanced panels), primary suppression sample, achievement
a_poverty           primary unbalanced    38 states    in 38 states
b_black_white       primary unbalanced  1577 districts in 40 states
c_hispanic_white    primary unbalanced  1901 districts in 39 states
a_poverty           r1      unbalanced    38 states    in 38 states
b_black_white       r1      unbalanced  1577 districts in 40 states
c_hispanic_white    r1      unbalanced  1901 districts in 39 states
a_poverty           r2      unbalanced    43 states    in 43 states
b_black_white       r2      unbalanced  1920 districts in 45 states
c_hispanic_white    r2      unbalanced  2476 districts in 44 states

== unbalanced panel: units, states, cohorts and observations in each model (outputs/06_secondary/panel_counts.csv)
   estimator              gap event_set      panel     unit units_in_model
 sun_abraham        a_poverty   primary unbalanced    state             38
  imputation        a_poverty   primary unbalanced    state             38
    synthdid        a_poverty   primary unbalanced    state             20
     stacked        a_poverty   primary unbalanced    state             38
        twfe        a_poverty   primary unbalanced    state             38
 twfe_static        a_poverty   primary unbalanced    state             38
 sun_abraham    b_black_white   primary unbalanced district           1577
  imputation    b_black_white   primary unbalanced district           1577
    synthdid    b_black_white   primary unbalanced    state             15
     stacked    b_black_white   primary unbalanced district           1574
        twfe    b_black_white   primary unbalanced district           1577
 twfe_static    b_black_white   primary unbalanced district           1577
 sun_abraham c_hispanic_white   primary unbalanced district           1901
  imputation c_hispanic_white   primary unbalanced district           1901
    synthdid c_hispanic_white   primary unbalanced    state             18
     stacked c_hispanic_white   primary unbalanced district           1880
        twfe c_hispanic_white   primary unbalanced district           1901
 twfe_static c_hispanic_white   primary unbalanced district           1901
 sun_abraham        a_poverty        r1 unbalanced    state             38
  imputation        a_poverty        r1 unbalanced    state             38
    synthdid        a_poverty        r1 unbalanced    state             20
     stacked        a_poverty        r1 unbalanced    state             38
        twfe        a_poverty        r1 unbalanced    state             38
 twfe_static        a_poverty        r1 unbalanced    state             38
 sun_abraham    b_black_white        r1 unbalanced district           1577
  imputation    b_black_white        r1 unbalanced district           1577
    synthdid    b_black_white        r1 unbalanced    state             15
     stacked    b_black_white        r1 unbalanced district           1551
        twfe    b_black_white        r1 unbalanced district           1577
 twfe_static    b_black_white        r1 unbalanced district           1577
 sun_abraham c_hispanic_white        r1 unbalanced district           1901
  imputation c_hispanic_white        r1 unbalanced district           1901
    synthdid c_hispanic_white        r1 unbalanced    state             18
     stacked c_hispanic_white        r1 unbalanced district           1754
        twfe c_hispanic_white        r1 unbalanced district           1901
 twfe_static c_hispanic_white        r1 unbalanced district           1901
 sun_abraham        a_poverty        r2 unbalanced    state             43
  imputation        a_poverty        r2 unbalanced    state             43
     stacked        a_poverty        r2 unbalanced    state             43
        twfe        a_poverty        r2 unbalanced    state             43
 twfe_static        a_poverty        r2 unbalanced    state             43
 sun_abraham    b_black_white        r2 unbalanced district           1920
  imputation    b_black_white        r2 unbalanced district           1920
     stacked    b_black_white        r2 unbalanced district           1919
        twfe    b_black_white        r2 unbalanced district           1920
 twfe_static    b_black_white        r2 unbalanced district           1920
 sun_abraham c_hispanic_white        r2 unbalanced district           2476
  imputation c_hispanic_white        r2 unbalanced district           2476
     stacked c_hispanic_white        r2 unbalanced district           2464
        twfe c_hispanic_white        r2 unbalanced district           2476
 twfe_static c_hispanic_white        r2 unbalanced district           2476
 states_in_model cohorts_in_model treated_units control_units   obs
              38                6             6            32   388
              38                6             6            32   388
              20                2             2            18   220
              38                6             6            36  1434
              38                6             6            32   388
              38                6             6            32   388
              40                6           163          1414  9969
              40                6           163          1414 10119
              15                2             2            13   165
              40                6           158          1502 36674
              40                6           163          1414 10119
              40                6           163          1414 10119
              39                6           339          1562 10353
              39                6           339          1562 10658
              18                2             2            16   198
              39                6           317          1730 36671
              39                6           339          1562 10658
              39                6           339          1562 10658
              38                2             2            36   388
              38                2             2            36   388
              20                1             1            19   220
              38                2             2            36   534
              38                2             2            36   388
              38                2             2            36   388
              40                2            74          1503  9969
              40                2            74          1503 10119
              15                1             1            14   165
              40                2            71          1480 15111
              40                2            74          1503 10119
              40                2            74          1503 10119
              39                2           163          1738 10353
              39                2           163          1738 10658
              18                1             1            17   198
              39                2           142          1612 14995
              39                2           163          1738 10658
              39                2           163          1738 10658
              43                2             2            41   441
              43                2             2            41   441
              43                2             2            42   558
              43                2             2            41   441
              43                2             2            41   441
              45                2            40          1880 11786
              45                2            40          1880 11973
              45                2            39          1887 14435
              45                2            40          1880 11973
              45                2            40          1880 11973
              44                2           142          2334 13521
              44                2           142          2334 13883
              44                2           130          2375 16522
              44                2           142          2334 13883
              44                2           142          2334 13883

== sun_abraham.a_poverty.primary (unbalanced): ok
notes: The variable 'sa_c2019_e0' has been removed because of collinearity (see
$collin.var). | removed as collinear: sa_c2019_e0 | 1 cohort-by-period term(s) not estimated and left out
  e          att         se       ci_lo        ci_hi cohorts treated_states
 -5 -0.058096965 0.04570429 -0.14767572  0.031481788       3              3
 -4 -0.052576356 0.02268298 -0.09703417 -0.008118540       4              4
 -3 -0.162269173 0.01919275 -0.19988628 -0.124652066       3              3
 -2 -0.009591502 0.01316324 -0.03539099  0.016207983       5              5
 -1  0.000000000         NA          NA           NA       5              5
  0 -0.008129028 0.01026869 -0.02825530  0.011997243       5              5
  1 -0.029235667 0.01865843 -0.06580552  0.007334182       5              5
  2  0.074989893 0.02509273  0.02580905  0.124170740       3              3
  3  0.081999052 0.03237026  0.01855451  0.145443596       3              3
  4  0.292055496 0.02949284  0.23425060  0.349860391       2              2
  5  0.188060218 0.06007340  0.07031852  0.305801921       1              1
  6  0.118985328 0.05369176  0.01375141  0.224219250       1              1
  7 -0.047760728 0.03954968 -0.12527668  0.029755222       2              2
  8 -0.242116123 0.03967720 -0.31988200 -0.164350244       1              1
 treated_units
             3
             4
             3
             5
             5
             5
             5
             3
             3
             2
             1
             1
             2
             1
overall post-reform average:
        att        se       ci_lo      ci_hi cohorts treated_states
 0.04764983 0.0215083 0.005494335 0.08980532       6              6
 treated_units
             6

== imputation.a_poverty.primary (unbalanced): ok
  e          att         se        ci_lo         ci_hi cohorts treated_states
 -5  0.029831109 0.02705473 -0.023195182  0.0828574001       3              3
 -4  0.057318814 0.05327140 -0.047091204  0.1617288319       4              4
 -3 -0.008179623 0.04290915 -0.092280014  0.0759207684       3              3
 -2  0.077825194 0.02997239  0.019080389  0.1365699988       5              5
 -1  0.000000000         NA           NA            NA       5              5
  0  0.026453746 0.01519933 -0.003336387  0.0562438788       5              5
  1 -0.016289792 0.01749357 -0.050576567  0.0179969843       5              5
  2  0.042615592 0.02395868 -0.004342553  0.0895737369       3              3
  3  0.078273994 0.02585554  0.027598058  0.1289499303       3              3
  4  0.243315963 0.03055847  0.183422459  0.3032094676       2              2
  5  0.146859248 0.04254617  0.063470281  0.2302482143       1              1
  6  0.079818787 0.04610469 -0.010544749  0.1701823226       1              1
  7 -0.070712976 0.03641194 -0.142079058  0.0006531068       2              2
  8 -0.248224395 0.03437581 -0.315599742 -0.1808490483       1              1
 treated_units
             3
             4
             3
             5
             5
             5
             5
             3
             3
             2
             1
             1
             2
             1
overall post-reform average:
        att         se       ci_lo      ci_hi cohorts treated_states
 0.03134557 0.02392883 -0.01555408 0.07824523       6              6
 treated_units
             6

== synthdid.a_poverty.primary (unbalanced): ok
notes: 18 of 38 state(s) without a state-year mean in every window year left out
  e          att         se      ci_lo     ci_hi cohorts treated_states
 -5           NA         NA         NA        NA       0              0
 -4           NA         NA         NA        NA       0              0
 -3           NA         NA         NA        NA       0              0
 -2           NA         NA         NA        NA       0              0
 -1           NA         NA         NA        NA       0              0
  0 -0.002982688 0.08646911 -0.1724590 0.1664936       2              2
  1  0.055767899 0.08107259 -0.1031315 0.2146673       2              2
  2  0.190724302 0.16531580 -0.1332887 0.5147373       1              1
  3  0.096628708 0.15068564 -0.1987097 0.3919671       2              2
  4  0.257652855 0.22309250 -0.1796004 0.6949061       1              1
  5  0.116181214 0.21237427 -0.3000647 0.5324271       1              1
  6  0.059828575 0.22399893 -0.3792013 0.4988584       1              1
  7  0.026997772 0.19301648 -0.3513076 0.4053031       1              1
  8           NA         NA         NA        NA       0              0
 treated_units
             0
             0
             0
             0
             0
             2
             2
             1
             2
             1
             1
             1
             1
             0
overall post-reform average:
       att       se      ci_lo     ci_hi cohorts treated_states treated_units
 0.1000998 0.134873 -0.1642464 0.3644461       2              2             2
synthdid pooled ATT:
       att        se      ci_lo     ci_hi cohorts treated_states
 0.0876792 0.1177253 -0.1430582 0.3184166       2              2

== stacked.a_poverty.primary (unbalanced): ok
  e          att         se        ci_lo      ci_hi cohorts treated_states
 -5 -0.001623969 0.05378312 -0.107036949 0.10378901       3              3
 -4  0.018877561 0.07531124 -0.128729761 0.16648488       4              4
 -3 -0.083791106 0.06331544 -0.207887088 0.04030488       3              3
 -2  0.023353024 0.03726725 -0.049689450 0.09639550       5              5
 -1  0.000000000         NA           NA         NA       5              5
  0  0.014039687 0.05317415 -0.090179730 0.11825910       5              5
  1 -0.028541360 0.05527186 -0.136872219 0.07978950       5              5
  2  0.054041053 0.08212954 -0.106929881 0.21501199       3              3
  3  0.046949943 0.08712679 -0.123815436 0.21771532       3              3
  4  0.256348186 0.05027877  0.157803608 0.35489276       2              2
  5  0.094691581 0.05053842 -0.004361912 0.19374507       1              1
  6           NA         NA           NA         NA       0              0
  7           NA         NA           NA         NA       0              0
  8           NA         NA           NA         NA       0              0
 treated_units
             3
             4
             3
             5
             5
             5
             5
             3
             3
             2
             1
             0
             0
             0
overall post-reform average:
        att         se        ci_lo     ci_hi cohorts treated_states
 0.07292152 0.04102028 -0.007476749 0.1533198       6              6
 treated_units
             6

== twfe.a_poverty.primary (unbalanced): ok
  e          att         se       ci_lo       ci_hi cohorts treated_states
 -5  0.001872568 0.05402545 -0.10401536  0.10776050       3              3
 -4  0.021631844 0.07779385 -0.13084130  0.17410499       4              4
 -3 -0.065758257 0.06015356 -0.18365706  0.05214055       3              3
 -2  0.029562947 0.03305191 -0.03521761  0.09434350       5              5
 -1  0.000000000         NA          NA          NA       5              5
  0  0.012600943 0.05430015 -0.09382540  0.11902729       5              5
  1 -0.030947129 0.05572393 -0.14016402  0.07826976       5              5
  2  0.039834889 0.09575906 -0.14784943  0.22751921       3              3
  3  0.047085576 0.08771605 -0.12483472  0.21900587       3              3
  4  0.242394181 0.04561551  0.15298942  0.33179894       2              2
  5  0.092210776 0.05488142 -0.01535482  0.19977637       1              1
  6  0.020121654 0.05743616 -0.09245114  0.13269445       1              1
  7 -0.101843767 0.07456081 -0.24798027  0.04429273       2              2
  8 -0.250843891 0.05847603 -0.36545481 -0.13623297       1              1
 treated_units
             3
             4
             3
             5
             5
             5
             5
             3
             3
             2
             1
             1
             2
             1
overall post-reform average:
         att         se       ci_lo     ci_hi cohorts treated_states
 0.007845915 0.04863347 -0.08747394 0.1031658       6              6
 treated_units
             6

== twfe_static.a_poverty.primary (unbalanced): ok
[1] NA NA NA NA NA NA NA NA
overall post-reform average:
        att         se       ci_lo     ci_hi cohorts treated_states
 0.03421214 0.05182928 -0.06737138 0.1357957       6              6
 treated_units
             6

== sun_abraham.b_black_white.primary (unbalanced): ok
notes: NOTE: 150/0 fixed-effect singletons were removed (150 observations). | The variable 'sa_c2019_e0' has been removed because of collinearity (see
$collin.var). | removed as collinear: sa_c2019_e0 | 1 cohort-by-period term(s) not estimated and left out
  e           att          se        ci_lo       ci_hi cohorts treated_states
 -5 -0.0005495739 0.037013312 -0.073094332  0.07199518       3              3
 -4  0.0001169818 0.025033244 -0.048947275  0.04918124       4              4
 -3  0.2489745641 0.017389181  0.214892396  0.28305673       3              3
 -2  0.1319208256 0.009947524  0.112424037  0.15141761       5              5
 -1  0.0000000000          NA           NA          NA       5              5
  0  0.0074377820 0.016066835 -0.024052635  0.03892820       5              5
  1  0.0066129294 0.021865849 -0.036243346  0.04946921       5              5
  2  0.1292572280 0.018381763  0.093229635  0.16528482       3              3
  3  0.0528047721 0.026445805  0.000971946  0.10463760       3              3
  4  0.1371161028 0.029758509  0.078790497  0.19544171       1              1
  5  0.0480169991 0.042198845 -0.034691218  0.13072522       1              1
  6  0.0501924654 0.037798161 -0.023890569  0.12427550       1              1
  7  0.0441590637 0.035450069 -0.025321796  0.11363992       2              2
  8 -0.1776221655 0.031904740 -0.240154307 -0.11509002       1              1
 treated_units
            63
            58
            19
            75
           125
           124
            85
            13
            21
             1
            26
            25
            32
             3
overall post-reform average:
        att         se        ci_lo      ci_hi cohorts treated_states
 0.03310835 0.01985039 -0.005797689 0.07201439       6              6
 treated_units
           142

== imputation.b_black_white.primary (unbalanced): ok
notes: 12 treated unit(s) without an untreated observation left out of the imputed estimands
  e          att          se        ci_lo        ci_hi cohorts treated_states
 -5  0.005873220 0.021456645 -0.036181032  0.047927472       3              3
 -4 -0.009185416 0.026378200 -0.060885737  0.042514905       4              4
 -3  0.247060808 0.107195968  0.036960571  0.457161044       3              3
 -2  0.166907975 0.110827758 -0.050310439  0.384126389       5              5
 -1  0.000000000          NA           NA           NA       5              5
  0 -0.003889958 0.009991525 -0.023472988  0.015693071       5              5
  1 -0.014344877 0.011818278 -0.037508277  0.008818522       5              5
  2  0.218342329 0.017475731  0.184090525  0.252594133       3              3
  3  0.059492988 0.022563876  0.015268603  0.103717373       3              3
  4  0.509147561 0.037288562  0.436063323  0.582231799       1              1
  5  0.033325268 0.027740730 -0.021045564  0.087696100       1              1
  6  0.038286419 0.031163026 -0.022791990  0.099364828       1              1
  7  0.050036902 0.028547722 -0.005915606  0.105989409       2              2
  8 -0.104339737 0.030433959 -0.163989200 -0.044690274       1              1
 treated_units
            63
            58
            19
            75
           125
           124
            85
            13
            21
             1
            26
            25
            32
             3
overall post-reform average:
        att         se      ci_lo     ci_hi cohorts treated_states
 0.08733965 0.01775993 0.05253084 0.1221485       6              6
 treated_units
           142

== synthdid.b_black_white.primary (unbalanced): ok
notes: 25 of 40 state(s) without a state-year mean in every window year left out
  e        att         se       ci_lo     ci_hi cohorts treated_states
 -5         NA         NA          NA        NA       0              0
 -4         NA         NA          NA        NA       0              0
 -3         NA         NA          NA        NA       0              0
 -2         NA         NA          NA        NA       0              0
 -1         NA         NA          NA        NA       0              0
  0 0.01210645 0.06532386 -0.11592597 0.1401389       2              2
  1 0.08375001 0.07723791 -0.06763352 0.2351335       2              2
  2 0.20964719 0.09706062  0.01941188 0.3998825       1              1
  3 0.08736647 0.10951300 -0.12727507 0.3020080       2              2
  4 0.03550512 0.15302304 -0.26441454 0.3354248       1              1
  5 0.03736729 0.20515671 -0.36473248 0.4394671       1              1
  6 0.06505377 0.15482716 -0.23840189 0.3685094       1              1
  7 0.09079500 0.18576118 -0.27329023 0.4548802       1              1
  8         NA         NA          NA        NA       0              0
 treated_units
             0
             0
             0
             0
             0
             2
             2
             1
             2
             1
             1
             1
             1
             0
overall post-reform average:
        att        se      ci_lo     ci_hi cohorts treated_states treated_units
 0.07769891 0.1067232 -0.1314747 0.2868725       2              2             2
synthdid pooled ATT:
        att         se      ci_lo     ci_hi cohorts treated_states
 0.06815433 0.09860355 -0.1251051 0.2614137       2              2

== stacked.b_black_white.primary (unbalanced): ok
notes: NOTE: 1,017/0 fixed-effect singletons were removed (1,017 observations).
  e          att         se       ci_lo      ci_hi cohorts treated_states
 -5 -0.020331616 0.03299842 -0.08500734 0.04434411       3              3
 -4 -0.036706421 0.03636078 -0.10797223 0.03455939       4              4
 -3  0.257804333 0.10054006  0.06074944 0.45485923       3              3
 -2  0.138345407 0.11093241 -0.07907812 0.35576894       5              5
 -1  0.000000000         NA          NA         NA       5              5
  0  0.015768703 0.02342992 -0.03015309 0.06169050       5              5
  1  0.001299653 0.02597136 -0.04960328 0.05220258       5              5
  2  0.165544989 0.03123224  0.10433092 0.22675906       3              3
  3  0.029282211 0.03761168 -0.04443533 0.10299976       3              3
  4  0.160009127 0.02861015  0.10393426 0.21608399       1              1
  5  0.064175996 0.03821487 -0.01072377 0.13907576       1              1
  6           NA         NA          NA         NA       0              0
  7           NA         NA          NA         NA       0              0
  8           NA         NA          NA         NA       0              0
 treated_units
            63
            58
            19
            75
           125
           124
            85
            13
            21
             1
            26
             0
             0
             0
overall post-reform average:
        att         se     ci_lo    ci_hi cohorts treated_states treated_units
 0.07268011 0.02223863 0.0290932 0.116267       6              6           137

== twfe.b_black_white.primary (unbalanced): ok
notes: NOTE: 150/0 fixed-effect singletons were removed (150 observations).
  e          att         se        ci_lo       ci_hi cohorts treated_states
 -5 -0.030636253 0.03972013 -0.108486286  0.04721378       3              3
 -4 -0.035901802 0.03857176 -0.111501069  0.03969747       4              4
 -3  0.225220691 0.11127879  0.007118273  0.44332311       3              3
 -2  0.129907355 0.10833908 -0.082433343  0.34224805       5              5
 -1  0.000000000         NA           NA          NA       5              5
  0  0.011868138 0.02438334 -0.035922324  0.05965860       5              5
  1 -0.005127889 0.02832817 -0.060650080  0.05039430       5              5
  2  0.153779184 0.03105215  0.092918087  0.21464028       3              3
  3  0.025591886 0.04399945 -0.060645450  0.11182922       3              3
  4  0.111330974 0.03029798  0.051948017  0.17071393       1              1
  5  0.070047532 0.04277234 -0.013784714  0.15387978       1              1
  6  0.065063630 0.04317354 -0.019554951  0.14968221       1              1
  7  0.061609054 0.04304794 -0.022763356  0.14598146       2              2
  8 -0.144737557 0.03248566 -0.208408271 -0.08106684       1              1
 treated_units
            63
            58
            19
            75
           125
           124
            85
            13
            21
             1
            26
            25
            32
             3
overall post-reform average:
        att         se       ci_lo      ci_hi cohorts treated_states
 0.03882499 0.02770363 -0.01547312 0.09312311       6              6
 treated_units
           142

== twfe_static.b_black_white.primary (unbalanced): ok
notes: NOTE: 150/0 fixed-effect singletons were removed (150 observations).
[1] NA NA NA NA NA NA NA NA
overall post-reform average:
         att         se       ci_lo      ci_hi cohorts treated_states
 0.005363063 0.01850128 -0.03089878 0.04162491       6              6
 treated_units
           142

== sun_abraham.c_hispanic_white.primary (unbalanced): ok
notes: NOTE: 305/0 fixed-effect singletons were removed (305 observations). | The variable 'sa_c2019_e0' has been removed because of collinearity (see
$collin.var). | removed as collinear: sa_c2019_e0 | 1 cohort-by-period term(s) not estimated and left out
  e          att          se       ci_lo        ci_hi cohorts treated_states
 -5  0.004398859 0.025197104 -0.04498656  0.053784276       3              3
 -4 -0.005679852 0.021159064 -0.04715086  0.035791151       4              4
 -3  0.046487054 0.021921925  0.00352087  0.089453237       3              3
 -2  0.050065258 0.007977045  0.03443054  0.065699978       5              5
 -1  0.000000000          NA          NA           NA       5              5
  0  0.029278902 0.007583568  0.01441538  0.044142421       5              5
  1  0.055443993 0.012568418  0.03081035  0.080077639       5              5
  2  0.014926759 0.012893060 -0.01034317  0.040196691       3              3
  3  0.042311074 0.014254600  0.01437257  0.070249576       3              3
  4 -0.106344638 0.013012190 -0.13184806 -0.080841214       2              2
  5 -0.038521840 0.017667767 -0.07315003 -0.003893652       1              1
  6 -0.113434644 0.018485753 -0.14966605 -0.077203234       2              2
  7 -0.069248764 0.017546074 -0.10363844 -0.034859090       2              2
  8  0.156136203 0.022719886  0.11160605  0.200666361       1              1
 treated_units
           122
           132
            68
           137
           214
           259
           196
            28
            71
            11
            50
            45
            71
            25
overall post-reform average:
          att         se       ci_lo      ci_hi cohorts treated_states
 -0.003272551 0.01008112 -0.02303118 0.01648608       6              6
 treated_units
           319

== imputation.c_hispanic_white.primary (unbalanced): ok
notes: 67 treated unit(s) without an untreated observation left out of the imputed estimands
  e          att          se        ci_lo        ci_hi cohorts treated_states
 -5  0.015855069 0.022755239 -0.028744380  0.060454519       3              3
 -4  0.006243680 0.027270266 -0.047205060  0.059692421       4              4
 -3  0.090862388 0.042407591  0.007745038  0.173979739       3              3
 -2  0.092035718 0.087010000 -0.078500749  0.262572184       5              5
 -1  0.000000000          NA           NA           NA       5              5
  0  0.025372270 0.008524537  0.008664485  0.042080055       5              5
  1  0.032476276 0.012869122  0.007253259  0.057699292       5              5
  2  0.056473032 0.013023755  0.030946941  0.081999122       3              3
  3  0.008728885 0.015771530 -0.022182746  0.039640517       3              3
  4 -0.078643020 0.027202338 -0.131958623 -0.025327418       2              2
  5 -0.021274379 0.017263230 -0.055109689  0.012560930       1              1
  6 -0.081625436 0.018233564 -0.117362565 -0.045888306       2              2
  7 -0.032609486 0.019044372 -0.069935769  0.004716798       2              2
  8  0.152084616 0.020408289  0.112085105  0.192084127       1              1
 treated_units
           122
           132
            68
           137
           214
           259
           196
            28
            71
            11
            50
            45
            71
            25
overall post-reform average:
         att         se       ci_lo      ci_hi cohorts treated_states
 0.006775862 0.01112726 -0.01503316 0.02858489       6              6
 treated_units
           319

== synthdid.c_hispanic_white.primary (unbalanced): ok
notes: 21 of 39 state(s) without a state-year mean in every window year left out
  e          att         se       ci_lo     ci_hi cohorts treated_states
 -5           NA         NA          NA        NA       0              0
 -4           NA         NA          NA        NA       0              0
 -3           NA         NA          NA        NA       0              0
 -2           NA         NA          NA        NA       0              0
 -1           NA         NA          NA        NA       0              0
  0 -0.004876193 0.07199148 -0.14597690 0.1362245       2              2
  1  0.029258017 0.09113974 -0.14937260 0.2078886       2              2
  2  0.075785661 0.19432275 -0.30507993 0.4566513       1              1
  3  0.066203149 0.09711489 -0.12413854 0.2565448       2              2
  4  0.109551907 0.10673941 -0.09965349 0.3187573       1              1
  5 -0.003655693 0.13420246 -0.26668769 0.2593763       1              1
  6  0.002555012 0.11268153 -0.21829672 0.2234067       1              1
  7 -0.092630520 0.10352101 -0.29552797 0.1102669       1              1
  8           NA         NA          NA        NA       0              0
 treated_units
             0
             0
             0
             0
             0
             2
             2
             1
             2
             1
             1
             1
             1
             0
overall post-reform average:
        att         se     ci_lo     ci_hi cohorts treated_states treated_units
 0.02277392 0.06962779 -0.113694 0.1592419       2              2             2
synthdid pooled ATT:
        att         se      ci_lo     ci_hi cohorts treated_states
 0.01459391 0.06606924 -0.1148994 0.1440872       2              2

== stacked.c_hispanic_white.primary (unbalanced): ok
notes: NOTE: 1,700/0 fixed-effect singletons were removed (1,700 observations).
  e          att         se       ci_lo      ci_hi cohorts treated_states
 -5  0.031161662 0.03329215 -0.03408975 0.09641307       3              3
 -4  0.022523301 0.03245376 -0.04108491 0.08613151       4              4
 -3  0.102714272 0.04892608  0.00682091 0.19860763       3              3
 -2  0.101040759 0.10155999 -0.09801316 0.30009468       5              5
 -1  0.000000000         NA          NA         NA       5              5
  0  0.039454935 0.02318671 -0.00599018 0.08490005       5              5
  1  0.046236377 0.02929076 -0.01117246 0.10364521       5              5
  2  0.057989776 0.05360429 -0.04707270 0.16305225       3              3
  3  0.042296907 0.01346954  0.01589710 0.06869672       3              3
  4 -0.003133857 0.07628429 -0.15264832 0.14638061       2              2
  5  0.022881617 0.03361587 -0.04300428 0.08876752       1              1
  6           NA         NA          NA         NA       0              0
  7           NA         NA          NA         NA       0              0
  8           NA         NA          NA         NA       0              0
 treated_units
           122
           132
            68
           137
           214
           259
           196
            28
            71
            11
            50
             0
             0
             0
overall post-reform average:
        att        se     ci_lo      ci_hi cohorts treated_states treated_units
 0.03428763 0.0307519 -0.025985 0.09456025       6              6           300

== twfe.c_hispanic_white.primary (unbalanced): ok
notes: NOTE: 305/0 fixed-effect singletons were removed (305 observations).
  e          att         se        ci_lo      ci_hi cohorts treated_states
 -5  0.023331638 0.03737265 -0.049917408 0.09658068       3              3
 -4  0.015473008 0.03718585 -0.057409917 0.08835593       4              4
 -3  0.092490554 0.05294978 -0.011289103 0.19627021       3              3
 -2  0.094119261 0.09050363 -0.083264586 0.27150311       5              5
 -1  0.000000000         NA           NA         NA       5              5
  0  0.032804065 0.02472953 -0.015664917 0.08127305       5              5
  1  0.037505202 0.02896980 -0.019274570 0.09428498       5              5
  2  0.052940835 0.05250454 -0.049966172 0.15584784       3              3
  3  0.035060604 0.01497318  0.005713712 0.06440750       3              3
  4 -0.009438924 0.07336211 -0.153226025 0.13434818       2              2
  5  0.036679001 0.03142967 -0.024922028 0.09828003       1              1
  6 -0.039892547 0.02847638 -0.095705229 0.01592013       2              2
  7 -0.036330621 0.04949734 -0.133343621 0.06068238       2              2
  8  0.097649953 0.03068216  0.037514014 0.15778589       1              1
 treated_units
           122
           132
            68
           137
           214
           259
           196
            28
            71
            11
            50
            45
            71
            25
overall post-reform average:
        att         se       ci_lo      ci_hi cohorts treated_states
 0.02299751 0.02860646 -0.03307011 0.07906513       6              6
 treated_units
           319

== twfe_static.c_hispanic_white.primary (unbalanced): ok
notes: NOTE: 305/0 fixed-effect singletons were removed (305 observations).
[1] NA NA NA NA NA NA NA NA
overall post-reform average:
        att         se       ci_lo      ci_hi cohorts treated_states
 0.01045196 0.02148958 -0.03166685 0.05257076       6              6
 treated_units
           321

== sun_abraham.a_poverty.r1 (unbalanced): ok
  e         att          se        ci_lo       ci_hi cohorts treated_states
 -5          NA          NA           NA          NA       0              0
 -4          NA          NA           NA          NA       0              0
 -3          NA          NA           NA          NA       0              0
 -2  0.07458102 0.032098187  0.011669724  0.13749231       1              1
 -1  0.00000000          NA           NA          NA       2              2
  0  0.01741370 0.009512221 -0.001229913  0.03605731       2              2
  1  0.06169851 0.023442181  0.015752679  0.10764434       2              2
  2  0.16832284 0.029329147  0.110838772  0.22580691       2              2
  3  0.14305287 0.031333678  0.081639985  0.20446575       2              2
  4  0.28261075 0.036385100  0.211297260  0.35392423       1              1
  5  0.19187752 0.051037276  0.091846301  0.29190875       1              1
  6  0.12249196 0.047296528  0.029792471  0.21519145       1              1
  7 -0.05248894 0.035453976 -0.121977457  0.01699957       2              2
  8 -0.25421015 0.036848864 -0.326432592 -0.18198770       1              1
 treated_units
             0
             0
             0
             1
             2
             2
             2
             2
             2
             1
             1
             1
             2
             1
overall post-reform average:
        att         se      ci_lo     ci_hi cohorts treated_states
 0.07564101 0.02351399 0.02955443 0.1217276       2              2
 treated_units
             2

== imputation.a_poverty.r1 (unbalanced): ok
  e           att         se        ci_lo         ci_hi cohorts treated_states
 -5            NA         NA           NA            NA       0              0
 -4            NA         NA           NA            NA       0              0
 -3            NA         NA           NA            NA       0              0
 -2  7.458102e-02 0.03146998  0.012900981  1.362610e-01       1              1
 -1  0.000000e+00         NA           NA            NA       2              2
  0  7.231307e-05 0.01406636 -0.027497253  2.764188e-02       2              2
  1  4.427033e-02 0.02719476 -0.009030414  9.757107e-02       2              2
  2  1.508466e-01 0.03253839  0.087072542  2.146207e-01       2              2
  3  1.257422e-01 0.03454149  0.058042163  1.934423e-01       2              2
  4  2.458458e-01 0.03636876  0.174564320  3.171273e-01       1              1
  5  1.541930e-01 0.04199080  0.071892555  2.364935e-01       1              1
  6  8.572180e-02 0.04459873 -0.001690105  1.731337e-01       1              1
  7 -6.990698e-02 0.03570838 -0.139894127  8.015849e-05       2              2
  8 -2.522758e-01 0.03459378 -0.320078319 -1.844732e-01       1              1
 treated_units
             0
             0
             0
             1
             2
             2
             2
             2
             2
             1
             1
             1
             2
             1
overall post-reform average:
        att         se       ci_lo     ci_hi cohorts treated_states
 0.05383438 0.02570414 0.003455177 0.1042136       2              2
 treated_units
             2

== synthdid.a_poverty.r1 (unbalanced): ok
notes: 18 of 38 state(s) without a state-year mean in every window year left out
  e        att         se      ci_lo     ci_hi cohorts treated_states
 -5         NA         NA         NA        NA       0              0
 -4         NA         NA         NA        NA       0              0
 -3         NA         NA         NA        NA       0              0
 -2         NA         NA         NA        NA       0              0
 -1         NA         NA         NA        NA       0              0
  0 0.01340414 0.08997896 -0.1629514 0.1897597       1              1
  1 0.09792745 0.12641868 -0.1498486 0.3457035       1              1
  2 0.18752128 0.15006307 -0.1065969 0.4816395       1              1
  3 0.25557607 0.21522627 -0.1662597 0.6774118       1              1
  4 0.24736749 0.23119991 -0.2057760 0.7005110       1              1
  5 0.11107649 0.22371106 -0.3273891 0.5495421       1              1
  6 0.05203599 0.23275218 -0.4041499 0.5082219       1              1
  7 0.01819590 0.20466586 -0.3829418 0.4193336       1              1
  8         NA         NA         NA        NA       0              0
 treated_units
             0
             0
             0
             0
             0
             1
             1
             1
             1
             1
             1
             1
             1
             0
overall post-reform average:
       att        se      ci_lo     ci_hi cohorts treated_states treated_units
 0.1228881 0.1592256 -0.1891884 0.4349646       1              1             1
synthdid pooled ATT:
       att        se      ci_lo     ci_hi cohorts treated_states
 0.1201816 0.1563515 -0.1862617 0.4266249       1              1

== stacked.a_poverty.r1 (unbalanced): ok
  e         att         se        ci_lo      ci_hi cohorts treated_states
 -5          NA         NA           NA         NA       0              0
 -4          NA         NA           NA         NA       0              0
 -3          NA         NA           NA         NA       0              0
 -2 0.005991334 0.04362459 -0.079511294 0.09149396       1              1
 -1 0.000000000         NA           NA         NA       2              2
  0 0.019602521 0.01341813 -0.006696532 0.04590157       2              2
  1 0.071857782 0.04489989 -0.016144392 0.15985996       2              2
  2 0.176732019 0.04902072  0.080653179 0.27281086       2              2
  3 0.153153491 0.10473016 -0.052113849 0.35842083       2              2
  4 0.230537799 0.04878932  0.134912495 0.32616310       1              1
  5 0.129607383 0.06022624  0.011566119 0.24764865       1              1
  6          NA         NA           NA         NA       0              0
  7          NA         NA           NA         NA       0              0
  8          NA         NA           NA         NA       0              0
 treated_units
             0
             0
             0
             1
             2
             2
             2
             2
             2
             1
             1
             0
             0
             0
overall post-reform average:
       att         se      ci_lo     ci_hi cohorts treated_states treated_units
 0.1302485 0.04773388 0.03669182 0.2238052       2              2             2

== twfe.a_poverty.r1 (unbalanced): ok
  e          att         se        ci_lo       ci_hi cohorts treated_states
 -5           NA         NA           NA          NA       0              0
 -4           NA         NA           NA          NA       0              0
 -3           NA         NA           NA          NA       0              0
 -2  0.008775016 0.05022458 -0.089663358  0.10721339       1              1
 -1  0.000000000         NA           NA          NA       2              2
  0  0.018987996 0.01397519 -0.008402873  0.04637886       2              2
  1  0.063837882 0.05000512 -0.034170345  0.16184611       2              2
  2  0.170863224 0.05523183  0.062610834  0.27911561       2              2
  3  0.144643209 0.10755429 -0.066159333  0.35544575       2              2
  4  0.220202625 0.05770740  0.107098197  0.33330705       1              1
  5  0.127751431 0.06429874  0.001728218  0.25377464       1              1
  6  0.061084754 0.06479499 -0.065911100  0.18808061       1              1
  7 -0.051017647 0.07757307 -0.203058072  0.10102278       2              2
  8 -0.189895171 0.05595751 -0.299569869 -0.08022047       1              1
 treated_units
             0
             0
             0
             1
             2
             2
             2
             2
             2
             1
             1
             1
             2
             1
overall post-reform average:
        att         se       ci_lo     ci_hi cohorts treated_states
 0.06293981 0.05600279 -0.04682365 0.1727033       2              2
 treated_units
             2

== twfe_static.a_poverty.r1 (unbalanced): ok
[1] NA NA NA NA NA NA NA NA
overall post-reform average:
        att         se       ci_lo     ci_hi cohorts treated_states
 0.06930175 0.06097234 -0.05020185 0.1888053       2              2
 treated_units
             2

== sun_abraham.b_black_white.r1 (unbalanced): ok
notes: NOTE: 150/0 fixed-effect singletons were removed (150 observations).
  e          att         se       ci_lo       ci_hi cohorts treated_states
 -5           NA         NA          NA          NA       0              0
 -4           NA         NA          NA          NA       0              0
 -3           NA         NA          NA          NA       0              0
 -2  0.006271389 0.02791768 -0.04844626  0.06098904       1              1
 -1  0.000000000         NA          NA          NA       2              2
  0 -0.003723935 0.01059813 -0.02449590  0.01704803       2              2
  1 -0.038063067 0.02907000 -0.09503923  0.01891309       2              2
  2  0.149490121 0.01915631  0.11194444  0.18703580       2              2
  3 -0.013294038 0.02535115 -0.06298138  0.03639330       2              2
  4  0.111689411 0.03912235  0.03501101  0.18836781       1              1
  5  0.048323681 0.03826824 -0.02668068  0.12332804       1              1
  6  0.048714456 0.03588211 -0.02161319  0.11904210       1              1
  7  0.042359022 0.03422418 -0.02471914  0.10943718       2              2
  8 -0.173257958 0.03095874 -0.23393597 -0.11257995       1              1
 treated_units
             0
             0
             0
            29
            62
            57
            29
            12
            10
             1
            26
            25
            32
             3
overall post-reform average:
        att         se       ci_lo      ci_hi cohorts treated_states
 0.01913752 0.02068669 -0.02140764 0.05968268       2              2
 treated_units
            68

== imputation.b_black_white.r1 (unbalanced): ok
notes: 11 treated unit(s) without an untreated observation left out of the imputed estimands
  e          att         se        ci_lo       ci_hi cohorts treated_states
 -5           NA         NA           NA          NA       0              0
 -4           NA         NA           NA          NA       0              0
 -3           NA         NA           NA          NA       0              0
 -2  0.004237287 0.02850381 -0.051629156  0.06010373       1              1
 -1  0.000000000         NA           NA          NA       2              2
  0 -0.003943624 0.01440080 -0.032168674  0.02428143       2              2
  1 -0.030935451 0.02940636 -0.088570848  0.02669995       2              2
  2  0.238275804 0.01891745  0.201198279  0.27535333       2              2
  3  0.066502348 0.02021389  0.026883850  0.10612085       2              2
  4  0.507306924 0.03838633  0.432071095  0.58254275       1              1
  5  0.032747679 0.02779428 -0.021728115  0.08722347       1              1
  6  0.038166068 0.02956175 -0.019773898  0.09610603       1              1
  7  0.050805297 0.02805392 -0.004179373  0.10578997       2              2
  8 -0.100807020 0.02999058 -0.159587470 -0.04202657       1              1
 treated_units
             0
             0
             0
            29
            62
            57
            29
            12
            10
             1
            26
            25
            32
             3
overall post-reform average:
        att         se      ci_lo     ci_hi cohorts treated_states
 0.08867978 0.01800941 0.05338198 0.1239776       2              2
 treated_units
            68

== synthdid.b_black_white.r1 (unbalanced): ok
notes: 25 of 40 state(s) without a state-year mean in every window year left out
  e         att         se       ci_lo     ci_hi cohorts treated_states
 -5          NA         NA          NA        NA       0              0
 -4          NA         NA          NA        NA       0              0
 -3          NA         NA          NA        NA       0              0
 -2          NA         NA          NA        NA       0              0
 -1          NA         NA          NA        NA       0              0
  0  0.05379713 0.08830531 -0.11927810 0.2268724       1              1
  1  0.16265045 0.09824148 -0.02989932 0.3552002       1              1
  2  0.21190527 0.09563106  0.02447184 0.3993387       1              1
  3 -0.03206612 0.19606551 -0.41634745 0.3522152       1              1
  4  0.01117644 0.16689609 -0.31593389 0.3382868       1              1
  5  0.03618775 0.18725209 -0.33081961 0.4031951       1              1
  6  0.06503271 0.14575608 -0.22064396 0.3507094       1              1
  7  0.08477967 0.17336398 -0.25500749 0.4245668       1              1
  8          NA         NA          NA        NA       0              0
 treated_units
             0
             0
             0
             0
             0
             1
             1
             1
             1
             1
             1
             1
             1
             0
overall post-reform average:
        att        se      ci_lo     ci_hi cohorts treated_states treated_units
 0.07418291 0.1173715 -0.1558609 0.3042268       1              1             1
synthdid pooled ATT:
        att        se      ci_lo     ci_hi cohorts treated_states
 0.06624948 0.1235393 -0.1758832 0.3083821       1              1

== stacked.b_black_white.r1 (unbalanced): ok
notes: NOTE: 302/0 fixed-effect singletons were removed (302 observations).
  e           att         se       ci_lo      ci_hi cohorts treated_states
 -5            NA         NA          NA         NA       0              0
 -4            NA         NA          NA         NA       0              0
 -3            NA         NA          NA         NA       0              0
 -2 -0.0255499370 0.02826150 -0.08094146 0.02984159       1              1
 -1  0.0000000000         NA          NA         NA       2              2
  0 -0.0009686157 0.03949851 -0.07838427 0.07644704       2              2
  1 -0.0003956473 0.07040310 -0.13838318 0.13759189       2              2
  2  0.1535036055 0.02775506  0.09910468 0.20790253       2              2
  3 -0.0157333866 0.03157568 -0.07762058 0.04615380       2              2
  4  0.1396746106 0.04566798  0.05016701 0.22918221       1              1
  5  0.0145921674 0.03595378 -0.05587595 0.08506029       1              1
  6            NA         NA          NA         NA       0              0
  7            NA         NA          NA         NA       0              0
  8            NA         NA          NA         NA       0              0
 treated_units
             0
             0
             0
            29
            62
            57
            29
            12
            10
             1
            26
             0
             0
             0
overall post-reform average:
        att         se       ci_lo     ci_hi cohorts treated_states
 0.04844546 0.03712125 -0.02431086 0.1212018       2              2
 treated_units
            63

== twfe.b_black_white.r1 (unbalanced): ok
notes: NOTE: 150/0 fixed-effect singletons were removed (150 observations).
  e          att         se        ci_lo       ci_hi cohorts treated_states
 -5           NA         NA           NA          NA       0              0
 -4           NA         NA           NA          NA       0              0
 -3           NA         NA           NA          NA       0              0
 -2 -0.021759890 0.03029724 -0.081141396  0.03762162       1              1
 -1  0.000000000         NA           NA          NA       2              2
  0 -0.003850127 0.03858827 -0.079481746  0.07178149       2              2
  1 -0.011983011 0.06545576 -0.140273935  0.11630791       2              2
  2  0.135819025 0.02328499  0.090181292  0.18145676       2              2
  3 -0.039364158 0.03082560 -0.099781214  0.02105290       2              2
  4  0.072644965 0.04161848 -0.008925755  0.15421568       1              1
  5  0.019264637 0.03828851 -0.055779470  0.09430874       1              1
  6  0.018867194 0.03729718 -0.054233929  0.09196832       1              1
  7  0.015472693 0.03213155 -0.047503986  0.07844937       2              2
  8 -0.144320058 0.03695594 -0.216752378 -0.07188774       1              1
 treated_units
             0
             0
             0
            29
            62
            57
            29
            12
            10
             1
            26
            25
            32
             3
overall post-reform average:
         att         se       ci_lo      ci_hi cohorts treated_states
 0.006950129 0.03103171 -0.05387091 0.06777117       2              2
 treated_units
            68

== twfe_static.b_black_white.r1 (unbalanced): ok
notes: NOTE: 150/0 fixed-effect singletons were removed (150 observations).
[1] NA NA NA NA NA NA NA NA
overall post-reform average:
        att         se       ci_lo      ci_hi cohorts treated_states
 0.01455012 0.03675755 -0.05749335 0.08659359       2              2
 treated_units
            68

== sun_abraham.c_hispanic_white.r1 (unbalanced): ok
notes: NOTE: 305/0 fixed-effect singletons were removed (305 observations).
  e         att          se       ci_lo        ci_hi cohorts treated_states
 -5          NA          NA          NA           NA       0              0
 -4          NA          NA          NA           NA       0              0
 -3          NA          NA          NA           NA       0              0
 -2 -0.07548548 0.014056748 -0.10303620 -0.047934759       1              1
 -1  0.00000000          NA          NA           NA       2              2
  0  0.04610869 0.006557334  0.03325655  0.058960825       2              2
  1  0.09761023 0.019740818  0.05891894  0.136301520       2              2
  2  0.05544057 0.013088631  0.02978733  0.081093820       2              2
  3  0.01703592 0.014198764 -0.01079314  0.044864987       2              2
  4 -0.13305526 0.035912770 -0.20344300 -0.062667526       1              1
  5 -0.03946354 0.017462028 -0.07368849 -0.005238592       1              1
  6 -0.11267684 0.016928904 -0.14585689 -0.079496801       2              2
  7 -0.07025592 0.015432245 -0.10050257 -0.040009281       2              2
  8  0.15295755 0.019631654  0.11448021  0.191434880       1              1
 treated_units
             0
             0
             0
            35
           103
           119
            89
            25
            27
             8
            50
            45
            71
            25
overall post-reform average:
         att         se       ci_lo     ci_hi cohorts treated_states
 0.001522377 0.01127945 -0.02058494 0.0236297       2              2
 treated_units
           161

== imputation.c_hispanic_white.r1 (unbalanced): ok
notes: 59 treated unit(s) without an untreated observation left out of the imputed estimands
  e         att          se        ci_lo        ci_hi cohorts treated_states
 -5          NA          NA           NA           NA       0              0
 -4          NA          NA           NA           NA       0              0
 -3          NA          NA           NA           NA       0              0
 -2 -0.07787431 0.013992563 -0.105299225 -0.050449388       1              1
 -1  0.00000000          NA           NA           NA       2              2
  0  0.05666271 0.007471412  0.042019009  0.071306408       2              2
  1  0.09996771 0.019086791  0.062558283  0.137377129       2              2
  2  0.04916044 0.014690039  0.020368498  0.077952391       2              2
  3  0.03159218 0.014837687  0.002510846  0.060673512       2              2
  4 -0.08265009 0.035124829 -0.151493492 -0.013806694       1              1
  5 -0.01935357 0.017378011 -0.053413844  0.014706708       1              1
  6 -0.07706101 0.017252399 -0.110875088 -0.043246927       2              2
  7 -0.03227283 0.017406679 -0.066389298  0.001843629       2              2
  8  0.15027836 0.018169775  0.114666258  0.185890469       1              1
 treated_units
             0
             0
             0
            35
           103
           119
            89
            25
            27
             8
            50
            45
            71
            25
overall post-reform average:
        att         se        ci_lo     ci_hi cohorts treated_states
 0.01959154 0.01193366 -0.003798008 0.0429811       2              2
 treated_units
           161

== synthdid.c_hispanic_white.r1 (unbalanced): ok
notes: 21 of 39 state(s) without a state-year mean in every window year left out
  e           att         se      ci_lo     ci_hi cohorts treated_states
 -5            NA         NA         NA        NA       0              0
 -4            NA         NA         NA        NA       0              0
 -3            NA         NA         NA        NA       0              0
 -2            NA         NA         NA        NA       0              0
 -1            NA         NA         NA        NA       0              0
  0  0.0263816807 0.08025688 -0.1309189 0.1836823       1              1
  1  0.1028302740 0.14708469 -0.1854504 0.3911110       1              1
  2  0.0787076707 0.16328569 -0.2413264 0.3987417       1              1
  3  0.0869285600 0.10123951 -0.1114972 0.2853544       1              1
  4  0.0924920333 0.13254730 -0.1672959 0.3522800       1              1
  5 -0.0032269055 0.13037903 -0.2587651 0.2523113       1              1
  6  0.0006177332 0.11325679 -0.2213615 0.2225970       1              1
  7 -0.0950680681 0.10257292 -0.2961073 0.1059712       1              1
  8            NA         NA         NA        NA       0              0
 treated_units
             0
             0
             0
             0
             0
             1
             1
             1
             1
             1
             1
             1
             1
             0
overall post-reform average:
        att         se      ci_lo     ci_hi cohorts treated_states
 0.03620787 0.07580307 -0.1123634 0.1847792       1              1
 treated_units
             1
synthdid pooled ATT:
        att        se      ci_lo     ci_hi cohorts treated_states
 0.02075047 0.0802279 -0.1364933 0.1779943       1              1

== stacked.c_hispanic_white.r1 (unbalanced): ok
notes: NOTE: 520/0 fixed-effect singletons were removed (520 observations).
  e          att         se        ci_lo       ci_hi cohorts treated_states
 -5           NA         NA           NA          NA       0              0
 -4           NA         NA           NA          NA       0              0
 -3           NA         NA           NA          NA       0              0
 -2 -0.037171478 0.02487643 -0.085928394 0.011585437       1              1
 -1  0.000000000         NA           NA          NA       2              2
  0  0.043711097 0.03923824 -0.033194437 0.120616630       2              2
  1  0.078775087 0.03544472  0.009304709 0.148245464       2              2
  2  0.064741652 0.07045126 -0.073340279 0.202823583       2              2
  3  0.041734103 0.01394827  0.014396003 0.069072203       2              2
  4 -0.075129655 0.04271054 -0.158840777 0.008581466       1              1
  5 -0.007688987 0.02765122 -0.061884390 0.046506415       1              1
  6           NA         NA           NA          NA       0              0
  7           NA         NA           NA          NA       0              0
  8           NA         NA           NA          NA       0              0
 treated_units
             0
             0
             0
            35
           103
           119
            89
            25
            27
             8
            50
             0
             0
             0
overall post-reform average:
        att         se       ci_lo     ci_hi cohorts treated_states
 0.02435722 0.03209568 -0.03854917 0.0872636       2              2
 treated_units
           142

== twfe.c_hispanic_white.r1 (unbalanced): ok
notes: NOTE: 305/0 fixed-effect singletons were removed (305 observations).
  e         att         se        ci_lo        ci_hi cohorts treated_states
 -5          NA         NA           NA           NA       0              0
 -4          NA         NA           NA           NA       0              0
 -3          NA         NA           NA           NA       0              0
 -2 -0.02324283 0.02990805 -0.081861531  0.035375862       1              1
 -1  0.00000000         NA           NA           NA       2              2
  0  0.03972416 0.03932900 -0.037359252  0.116807577       2              2
  1  0.07237717 0.03345822  0.006800267  0.137954075       2              2
  2  0.06417145 0.06569322 -0.064584891  0.192927800       2              2
  3  0.02845566 0.02246563 -0.015576164  0.072487492       2              2
  4 -0.08816377 0.04360817 -0.173634221 -0.002693319       1              1
  5  0.01165088 0.03310530 -0.053234315  0.076536081       1              1
  6 -0.06441325 0.02137842 -0.106314183 -0.022512313       2              2
  7 -0.05491948 0.05847490 -0.169528172  0.059689212       2              2
  8  0.10181920 0.03577513  0.031701236  0.171937163       1              1
 treated_units
             0
             0
             0
            35
           103
           119
            89
            25
            27
             8
            50
            45
            71
            25
overall post-reform average:
        att         se       ci_lo      ci_hi cohorts treated_states
 0.01230023 0.03177528 -0.04997819 0.07457864       2              2
 treated_units
           161

== twfe_static.c_hispanic_white.r1 (unbalanced): ok
notes: NOTE: 305/0 fixed-effect singletons were removed (305 observations).
[1] NA NA NA NA NA NA NA NA
overall post-reform average:
        att         se       ci_lo     ci_hi cohorts treated_states
 0.02566539 0.04523561 -0.06299477 0.1143255       2              2
 treated_units
           163

== sun_abraham.a_poverty.r2 (unbalanced): ok
notes: The variable 'sa_c2019_e0' has been removed because of collinearity (see
$collin.var). | removed as collinear: sa_c2019_e0 | 1 cohort-by-period term(s) not estimated and left out
  e           att         se       ci_lo       ci_hi cohorts treated_states
 -5 -0.2283271739 0.04250268 -0.31163090 -0.14502344       1              1
 -4 -0.3705732819 0.04270187 -0.45426741 -0.28687916       1              1
 -3 -0.2433931452 0.02307346 -0.28861630 -0.19816999       1              1
 -2 -0.1959034185 0.02982855 -0.25436631 -0.13744053       1              1
 -1  0.0000000000         NA          NA          NA       1              1
  0  0.0048871216 0.01448778 -0.02350841  0.03328265       2              2
  1 -0.0003745106 0.03563141 -0.07021079  0.06946177       1              1
  2  0.1131602407 0.03815273  0.03838226  0.18793822       1              1
  3 -0.0011394947 0.04918603 -0.09754233  0.09526334       1              1
  4            NA         NA          NA          NA       0              0
  5            NA         NA          NA          NA       0              0
  6            NA         NA          NA          NA       0              0
  7 -0.1603630793 0.04323920 -0.24511036 -0.07561580       1              1
  8 -0.2416543288 0.03521782 -0.31067999 -0.17262866       1              1
 treated_units
             1
             1
             1
             1
             1
             2
             1
             1
             1
             0
             0
             0
             1
             1
overall post-reform average:
         att         se      ci_lo      ci_hi cohorts treated_states
 -0.04758068 0.02987058 -0.1061259 0.01096459       2              2
 treated_units
             2

== imputation.a_poverty.r2 (unbalanced): ok
  e          att         se       ci_lo       ci_hi cohorts treated_states
 -5  0.018451797 0.03596580 -0.05203988  0.08894348       1              1
 -4 -0.124383473 0.04091587 -0.20457710 -0.04418984       1              1
 -3  0.003532643 0.03094286 -0.05711425  0.06417954       1              1
 -2  0.050905785 0.03673362 -0.02109078  0.12290235       1              1
 -1  0.000000000         NA          NA          NA       1              1
  0  0.128041130 0.01126571  0.10596074  0.15012152       2              2
  1  0.001063351 0.03330518 -0.06421361  0.06634031       1              1
  2  0.112461071 0.03558078  0.04272402  0.18219813       1              1
  3 -0.001837916 0.04598796 -0.09197266  0.08829683       1              1
  4           NA         NA          NA          NA       0              0
  5           NA         NA          NA          NA       0              0
  6           NA         NA          NA          NA       0              0
  7 -0.160400793 0.04088974 -0.24054322 -0.08025837       1              1
  8 -0.241686226 0.03312723 -0.30661440 -0.17675805       1              1
 treated_units
             1
             1
             1
             1
             1
             2
             1
             1
             1
             0
             0
             0
             1
             1
overall post-reform average:
        att         se       ci_lo      ci_hi cohorts treated_states
 -0.0270599 0.02754176 -0.08104076 0.02692097       2              2
 treated_units
             2

== synthdid.a_poverty.r2 (unbalanced): no estimable cohort in the complete states
notes: 20 of 43 state(s) without a state-year mean in every window year left out
  e att se ci_lo ci_hi cohorts treated_states treated_units
 -5  NA NA    NA    NA       0              0             0
 -4  NA NA    NA    NA       0              0             0
 -3  NA NA    NA    NA       0              0             0
 -2  NA NA    NA    NA       0              0             0
 -1  NA NA    NA    NA       0              0             0
  0  NA NA    NA    NA       0              0             0
  1  NA NA    NA    NA       0              0             0
  2  NA NA    NA    NA       0              0             0
  3  NA NA    NA    NA       0              0             0
  4  NA NA    NA    NA       0              0             0
  5  NA NA    NA    NA       0              0             0
  6  NA NA    NA    NA       0              0             0
  7  NA NA    NA    NA       0              0             0
  8  NA NA    NA    NA       0              0             0
overall post-reform average:
 att se ci_lo ci_hi cohorts treated_states treated_units
  NA NA    NA    NA       0              0             0

== stacked.a_poverty.r2 (unbalanced): ok
notes: The variables 'rel::4:treat' and 'rel::5:treat' have been removed because of
collinearity (see $collin.var). | removed as collinear: rel::4:treat, rel::5:treat
  e          att         se       ci_lo       ci_hi cohorts treated_states
 -5 -0.226948048 0.04369894 -0.31259639 -0.14129971       1              1
 -4 -0.374079843 0.04437334 -0.46105000 -0.28710969       1              1
 -3 -0.246106803 0.02914113 -0.30322236 -0.18899125       1              1
 -2 -0.201374809 0.03264709 -0.26536193 -0.13738769       1              1
 -1  0.000000000         NA          NA          NA       1              1
  0  0.004078714 0.01417435 -0.02370250  0.03185993       2              2
  1  0.007356857 0.03537844 -0.06198362  0.07669733       1              1
  2  0.119559368 0.03801773  0.04504598  0.19407276       1              1
  3  0.001879969 0.05173867 -0.09952596  0.10328590       1              1
  4           NA         NA          NA          NA       0              0
  5           NA         NA          NA          NA       0              0
  6           NA         NA          NA          NA       0              0
  7           NA         NA          NA          NA       0              0
  8           NA         NA          NA          NA       0              0
 treated_units
             1
             1
             1
             1
             1
             2
             1
             1
             1
             0
             0
             0
             0
             0
overall post-reform average:
        att         se       ci_lo      ci_hi cohorts treated_states
 0.03321873 0.03091844 -0.02738031 0.09381777       2              2
 treated_units
             2

== twfe.a_poverty.r2 (unbalanced): ok
  e           att         se       ci_lo       ci_hi cohorts treated_states
 -5 -0.2234400523 0.04848528 -0.31846945 -0.12841065       1              1
 -4 -0.3656861603 0.04402322 -0.45197009 -0.27940223       1              1
 -3 -0.2385060236 0.02930840 -0.29594943 -0.18106262       1              1
 -2 -0.1910162969 0.03468367 -0.25899505 -0.12303755       1              1
 -1  0.0000000000         NA          NA          NA       1              1
  0  0.0048871216 0.01448778 -0.02350841  0.03328265       2              2
  1 -0.0003745106 0.03563141 -0.07021079  0.06946177       1              1
  2  0.1131602407 0.03815273  0.03838226  0.18793822       1              1
  3 -0.0011394947 0.04918603 -0.09754233  0.09526334       1              1
  4            NA         NA          NA          NA       0              0
  5            NA         NA          NA          NA       0              0
  6            NA         NA          NA          NA       0              0
  7 -0.1603630793 0.04323920 -0.24511036 -0.07561580       1              1
  8 -0.2416543288 0.03521782 -0.31067999 -0.17262866       1              1
 treated_units
             1
             1
             1
             1
             1
             2
             1
             1
             1
             0
             0
             0
             1
             1
overall post-reform average:
         att         se      ci_lo      ci_hi cohorts treated_states
 -0.04758068 0.02987058 -0.1061259 0.01096459       2              2
 treated_units
             2

== twfe_static.a_poverty.r2 (unbalanced): ok
[1] NA NA NA NA NA NA NA NA
overall post-reform average:
       att        se      ci_lo     ci_hi cohorts treated_states treated_units
 0.1098396 0.1071453 -0.1001613 0.3198404       2              2             2

== sun_abraham.b_black_white.r2 (unbalanced): ok
notes: NOTE: 187/0 fixed-effect singletons were removed (187 observations). | The variable 'sa_c2019_e0' has been removed because of collinearity (see
$collin.var). | removed as collinear: sa_c2019_e0 | 1 cohort-by-period term(s) not estimated and left out
  e         att         se        ci_lo        ci_hi cohorts treated_states
 -5  0.04828788 0.02746604 -0.005544574  0.102120338       1              1
 -4  0.02866145 0.03240274 -0.034846745  0.092169647       1              1
 -3 -0.12671056 0.04106478 -0.207196053 -0.046225072       1              1
 -2 -0.19101698 0.01981286 -0.229849479 -0.152184479       1              1
 -1  0.00000000         NA           NA           NA       1              1
  0 -0.07339512 0.01063316 -0.094235738 -0.052554505       2              2
  1 -0.08816280 0.02693405 -0.140952560 -0.035373035       1              1
  2  0.10394306 0.03069210  0.043787657  0.164098465       1              1
  3 -0.04817363 0.02293503 -0.093125474 -0.003221793       1              1
  4          NA         NA           NA           NA       0              0
  5          NA         NA           NA           NA       0              0
  6          NA         NA           NA           NA       0              0
  7  0.16688819 0.02451697  0.118835820  0.214940561       1              1
  8 -0.18334896 0.02732208 -0.236899255 -0.129798668       1              1
 treated_units
             6
             6
             5
             9
            28
            29
            23
             3
             2
             0
             0
             0
             1
             3
overall post-reform average:
         att         se       ci_lo      ci_hi cohorts treated_states
 -0.02037488 0.01945311 -0.05850227 0.01775252       2              2
 treated_units
            32

== imputation.b_black_white.r2 (unbalanced): ok
notes: 3 treated unit(s) without an untreated observation left out of the imputed estimands
  e         att          se        ci_lo       ci_hi cohorts treated_states
 -5  0.06771941 0.012613649  0.042997109  0.09244171       1              1
 -4  0.04866361 0.023621754  0.002365823  0.09496140       1              1
 -3 -0.09715133 0.030913610 -0.157740892 -0.03656177       1              1
 -2 -0.18119677 0.030787012 -0.241538205 -0.12085534       1              1
 -1  0.00000000          NA           NA          NA       1              1
  0 -0.04292150 0.009781492 -0.062092877 -0.02375013       2              2
  1 -0.08614326 0.026333052 -0.137755093 -0.03453143       1              1
  2  0.18262753 0.027881352  0.127981088  0.23727398       1              1
  3  0.05106303 0.021597951  0.008731823  0.09339424       1              1
  4          NA          NA           NA          NA       0              0
  5          NA          NA           NA          NA       0              0
  6          NA          NA           NA          NA       0              0
  7  0.15743127 0.023166804  0.112025174  0.20283738       1              1
  8 -0.11299839 0.026229553 -0.164407372 -0.06158942       1              1
 treated_units
             6
             6
             5
             9
            28
            29
            23
             3
             2
             0
             0
             0
             1
             3
overall post-reform average:
        att         se       ci_lo      ci_hi cohorts treated_states
 0.02484311 0.01834382 -0.01111011 0.06079633       2              2
 treated_units
            32

== synthdid.b_black_white.r2 (unbalanced): no estimable cohort in the complete states
notes: 29 of 45 state(s) without a state-year mean in every window year left out
  e att se ci_lo ci_hi cohorts treated_states treated_units
 -5  NA NA    NA    NA       0              0             0
 -4  NA NA    NA    NA       0              0             0
 -3  NA NA    NA    NA       0              0             0
 -2  NA NA    NA    NA       0              0             0
 -1  NA NA    NA    NA       0              0             0
  0  NA NA    NA    NA       0              0             0
  1  NA NA    NA    NA       0              0             0
  2  NA NA    NA    NA       0              0             0
  3  NA NA    NA    NA       0              0             0
  4  NA NA    NA    NA       0              0             0
  5  NA NA    NA    NA       0              0             0
  6  NA NA    NA    NA       0              0             0
  7  NA NA    NA    NA       0              0             0
  8  NA NA    NA    NA       0              0             0
overall post-reform average:
 att se ci_lo ci_hi cohorts treated_states treated_units
  NA NA    NA    NA       0              0             0

== stacked.b_black_white.r2 (unbalanced): ok
notes: NOTE: 484/0 fixed-effect singletons were removed (484 observations).
  e         att         se       ci_lo       ci_hi cohorts treated_states
 -5 -0.01788665 0.02937352 -0.07545770  0.03968439       1              1
 -4 -0.03521212 0.03217004 -0.09826424  0.02783999       1              1
 -3 -0.17179405 0.03614449 -0.24263595 -0.10095215       1              1
 -2 -0.25175521 0.02100927 -0.29293262 -0.21057780       1              1
 -1  0.00000000         NA          NA          NA       1              1
  0 -0.07093245 0.01011854 -0.09076444 -0.05110047       2              2
  1 -0.09366736 0.02058685 -0.13401685 -0.05331787       1              1
  2  0.09675186 0.01995653  0.05763777  0.13586594       1              1
  3 -0.05673663 0.01757316 -0.09117938 -0.02229387       1              1
  4          NA         NA          NA          NA       0              0
  5          NA         NA          NA          NA       0              0
  6          NA         NA          NA          NA       0              0
  7          NA         NA          NA          NA       0              0
  8          NA         NA          NA          NA       0              0
 treated_units
             6
             6
             5
             9
            28
            29
            23
             3
             2
             0
             0
             0
             0
             0
overall post-reform average:
         att         se      ci_lo        ci_hi cohorts treated_states
 -0.03114615 0.01401998 -0.0586248 -0.003667493       2              2
 treated_units
            30

== twfe.b_black_white.r2 (unbalanced): ok
notes: NOTE: 187/0 fixed-effect singletons were removed (187 observations).
  e         att         se       ci_lo        ci_hi cohorts treated_states
 -5 -0.02510724 0.02869712 -0.08135256  0.031138083       1              1
 -4 -0.04473367 0.03227441 -0.10799036  0.018523016       1              1
 -3 -0.20010568 0.04016811 -0.27883373 -0.121377640       1              1
 -2 -0.26441210 0.02147728 -0.30650679 -0.222317408       1              1
 -1  0.00000000         NA          NA           NA       1              1
  0 -0.07339512 0.01063314 -0.09423570 -0.052554540       2              2
  1 -0.08816280 0.02693404 -0.14095255 -0.035373045       1              1
  2  0.10394306 0.03069209  0.04378767  0.164098453       1              1
  3 -0.04817363 0.02293503 -0.09312547 -0.003221799       1              1
  4          NA         NA          NA           NA       0              0
  5          NA         NA          NA           NA       0              0
  6          NA         NA          NA           NA       0              0
  7  0.16688819 0.02451697  0.11883581  0.214940573       1              1
  8 -0.18334896 0.02732208 -0.23689926 -0.129798662       1              1
 treated_units
             6
             6
             5
             9
            28
            29
            23
             3
             2
             0
             0
             0
             1
             3
overall post-reform average:
         att         se       ci_lo      ci_hi cohorts treated_states
 -0.02037488 0.01945311 -0.05850227 0.01775251       2              2
 treated_units
            32

== twfe_static.b_black_white.r2 (unbalanced): ok
notes: NOTE: 187/0 fixed-effect singletons were removed (187 observations).
[1] NA NA NA NA NA NA NA NA
overall post-reform average:
         att         se      ci_lo      ci_hi cohorts treated_states
 -0.03827262 0.04072461 -0.1180914 0.04154615       2              2
 treated_units
            32

== sun_abraham.c_hispanic_white.r2 (unbalanced): ok
notes: NOTE: 362/0 fixed-effect singletons were removed (362 observations). | The variable 'sa_c2019_e0' has been removed because of collinearity (see
$collin.var). | removed as collinear: sa_c2019_e0 | 1 cohort-by-period term(s) not estimated and left out
  e          att          se       ci_lo        ci_hi cohorts treated_states
 -5  0.005131256 0.027100198 -0.04798416  0.058246667       1              1
 -4 -0.092015940 0.028340603 -0.14756250 -0.036469379       1              1
 -3 -0.068836763 0.031250858 -0.13008732 -0.007586207       1              1
 -2 -0.059576745 0.016977890 -0.09285280 -0.026300691       1              1
 -1  0.000000000          NA          NA           NA       1              1
  0  0.088654285 0.007646835  0.07366676  0.103641806       2              2
  1  0.106199304 0.015523678  0.07577346  0.136625153       1              1
  2  0.166223456 0.017986482  0.13097060  0.201476312       1              1
  3 -0.005031261 0.015104200 -0.03463495  0.024572428       1              1
  4           NA          NA          NA           NA       0              0
  5           NA          NA          NA           NA       0              0
  6 -0.557900798 0.026540664 -0.60991954 -0.505882052       1              1
  7  0.067812112 0.016836149  0.03481387  0.100810358       1              1
  8  0.146796146 0.017114248  0.11325284  0.180339456       1              1
 treated_units
            34
            38
            38
            44
            62
           116
            80
            11
            11
             0
             0
             1
            21
            25
overall post-reform average:
         att         se       ci_lo      ci_hi cohorts treated_states
 0.001821892 0.01346293 -0.02456497 0.02820876       2              2
 treated_units
           135

== imputation.c_hispanic_white.r2 (unbalanced): ok
notes: 35 treated unit(s) without an untreated observation left out of the imputed estimands
  e          att          se       ci_lo      ci_hi cohorts treated_states
 -5  0.055213517 0.017159894  0.02158074 0.08884629       1              1
 -4 -0.037685540 0.027992246 -0.09254933 0.01717825       1              1
 -3 -0.015141513 0.028421327 -0.07084629 0.04056326       1              1
 -2  0.002895171 0.024910968 -0.04592943 0.05171977       1              1
 -1  0.000000000          NA          NA         NA       1              1
  0  0.078501836 0.006912275  0.06495403 0.09204965       2              2
  1  0.108581477 0.015265891  0.07866088 0.13850207       1              1
  2  0.125082064 0.020711638  0.08448800 0.16567613       1              1
  3 -0.019550616 0.016748734 -0.05237753 0.01327630       1              1
  4           NA          NA          NA         NA       0              0
  5           NA          NA          NA         NA       0              0
  6           NA          NA          NA         NA       0              0
  7  0.227047702 0.019162217  0.18949045 0.26460496       1              1
  8  0.145252428 0.016815814  0.11229404 0.17821082       1              1
 treated_units
            34
            38
            38
            44
            62
           116
            80
            11
            11
             0
             0
             0
            21
            25
overall post-reform average:
       att         se      ci_lo    ci_hi cohorts treated_states treated_units
 0.1108191 0.01289967 0.08553626 0.136102       2              2           135

== synthdid.c_hispanic_white.r2 (unbalanced): no estimable cohort in the complete states
notes: 24 of 44 state(s) without a state-year mean in every window year left out
  e att se ci_lo ci_hi cohorts treated_states treated_units
 -5  NA NA    NA    NA       0              0             0
 -4  NA NA    NA    NA       0              0             0
 -3  NA NA    NA    NA       0              0             0
 -2  NA NA    NA    NA       0              0             0
 -1  NA NA    NA    NA       0              0             0
  0  NA NA    NA    NA       0              0             0
  1  NA NA    NA    NA       0              0             0
  2  NA NA    NA    NA       0              0             0
  3  NA NA    NA    NA       0              0             0
  4  NA NA    NA    NA       0              0             0
  5  NA NA    NA    NA       0              0             0
  6  NA NA    NA    NA       0              0             0
  7  NA NA    NA    NA       0              0             0
  8  NA NA    NA    NA       0              0             0
overall post-reform average:
 att se ci_lo ci_hi cohorts treated_states treated_units
  NA NA    NA    NA       0              0             0

== stacked.c_hispanic_white.r2 (unbalanced): ok
notes: NOTE: 721/0 fixed-effect singletons were removed (721 observations).
  e        att          se         ci_lo      ci_hi cohorts treated_states
 -5 0.09422489 0.028739576  0.0378963553 0.15055342       1              1
 -4 0.01700866 0.028692589 -0.0392277832 0.07324510       1              1
 -3 0.03767303 0.035402229 -0.0317140631 0.10706012       1              1
 -2 0.03854486 0.019428523  0.0004656547 0.07662406       1              1
 -1 0.00000000          NA            NA         NA       1              1
  0 0.09057340 0.007779836  0.0753251983 0.10582159       2              2
  1 0.11655383 0.014510482  0.0881138045 0.14499385       1              1
  2 0.17377464 0.018278324  0.1379497874 0.20959950       1              1
  3 0.03315748 0.015160119  0.0034441931 0.06287077       1              1
  4         NA          NA            NA         NA       0              0
  5         NA          NA            NA         NA       0              0
  6         NA          NA            NA         NA       0              0
  7         NA          NA            NA         NA       0              0
  8         NA          NA            NA         NA       0              0
 treated_units
            34
            38
            38
            44
            62
           116
            80
            11
            11
             0
             0
             0
             0
             0
overall post-reform average:
       att       se      ci_lo    ci_hi cohorts treated_states treated_units
 0.1035148 0.011884 0.08022263 0.126807       2              2           123

== twfe.c_hispanic_white.r2 (unbalanced): ok
notes: NOTE: 362/0 fixed-effect singletons were removed (362 observations).
  e          att          se        ci_lo       ci_hi cohorts treated_states
 -5  0.093785541 0.029732129  0.035511640  0.15205944       1              1
 -4 -0.003361655 0.030886410 -0.063897906  0.05717460       1              1
 -3  0.019817522 0.034534886 -0.047869611  0.08750466       1              1
 -2  0.029077541 0.017899664 -0.006005157  0.06416024       1              1
 -1  0.000000000          NA           NA          NA       1              1
  0  0.088654285 0.007646834  0.073666766  0.10364180       2              2
  1  0.106199304 0.015523678  0.075773454  0.13662515       1              1
  2  0.166223456 0.017986481  0.130970601  0.20147631       1              1
  3 -0.005031261 0.015104200 -0.034634950  0.02457243       1              1
  4           NA          NA           NA          NA       0              0
  5           NA          NA           NA          NA       0              0
  6 -0.557900798 0.026540665 -0.609919545 -0.50588205       1              1
  7  0.067812112 0.016836149  0.034813867  0.10081036       1              1
  8  0.146796146 0.017114249  0.113252834  0.18033946       1              1
 treated_units
            34
            38
            38
            44
            62
           116
            80
            11
            11
             0
             0
             1
            21
            25
overall post-reform average:
         att         se       ci_lo      ci_hi cohorts treated_states
 0.001821892 0.01346293 -0.02456498 0.02820876       2              2
 treated_units
           135

== twfe_static.c_hispanic_white.r2 (unbalanced): ok
notes: NOTE: 362/0 fixed-effect singletons were removed (362 observations).
[1] NA NA NA NA NA NA NA NA
overall post-reform average:
        att        se      ci_lo     ci_hi cohorts treated_states treated_units
 0.08068873 0.0173455 0.04669219 0.1146853       2              2           135

Wrote outputs/06_secondary/event_time_estimates.csv, outputs/06_secondary/overall_estimates.csv, outputs/06_secondary/group_time_estimates.csv, outputs/06_secondary/model_status.csv, outputs/06_secondary/panel_counts.csv, outputs/06_secondary/synthdid_pooled.csv, outputs/06_secondary/secondary_models.rds
54 achievement models on the unbalanced panel (6 estimators, 3 gaps, 3 event set(s)); models that stopped with an error: 0. Status per model: outputs/06_secondary/model_status.csv

== Panels (the step 5 balanced panels, appendix), primary suppression sample, achievement
a_poverty           primary balanced      20 states    in 20 states
b_black_white       primary balanced      69 districts in  9 states
c_hispanic_white    primary balanced      35 districts in 12 states
a_poverty           r1      balanced      20 states    in 20 states
b_black_white       r1      balanced      69 districts in  9 states
c_hispanic_white    r1      balanced      35 districts in 12 states
a_poverty           r2      balanced      23 states    in 23 states
b_black_white       r2      balanced      69 districts in  9 states
c_hispanic_white    r2      balanced      36 districts in 13 states

== balanced panel: units, states, cohorts and observations in each model (outputs/06_secondary/appendix/panel_counts.csv)
   estimator              gap event_set    panel     unit units_in_model
 sun_abraham        a_poverty   primary balanced    state             20
  imputation        a_poverty   primary balanced    state             20
    synthdid        a_poverty   primary balanced    state             20
     stacked        a_poverty   primary balanced    state             20
        twfe        a_poverty   primary balanced    state             20
 twfe_static        a_poverty   primary balanced    state             20
 sun_abraham    b_black_white   primary balanced district             69
  imputation    b_black_white   primary balanced district             69
    synthdid    b_black_white   primary balanced    state              9
     stacked    b_black_white   primary balanced district             69
        twfe    b_black_white   primary balanced district             69
 twfe_static    b_black_white   primary balanced district             69
 sun_abraham c_hispanic_white   primary balanced district             35
  imputation c_hispanic_white   primary balanced district             35
    synthdid c_hispanic_white   primary balanced    state             12
     stacked c_hispanic_white   primary balanced district             35
        twfe c_hispanic_white   primary balanced district             35
 twfe_static c_hispanic_white   primary balanced district             35
 sun_abraham        a_poverty        r1 balanced    state             20
  imputation        a_poverty        r1 balanced    state             20
    synthdid        a_poverty        r1 balanced    state             20
     stacked        a_poverty        r1 balanced    state             20
        twfe        a_poverty        r1 balanced    state             20
 twfe_static        a_poverty        r1 balanced    state             20
 sun_abraham c_hispanic_white        r1 balanced district             35
  imputation c_hispanic_white        r1 balanced district             35
    synthdid c_hispanic_white        r1 balanced    state             12
     stacked c_hispanic_white        r1 balanced district             35
        twfe c_hispanic_white        r1 balanced district             35
 twfe_static c_hispanic_white        r1 balanced district             35
 states_in_model cohorts_in_model treated_units control_units obs
              20                2             2            18 220
              20                2             2            18 220
              20                2             2            18 220
              20                2             2            19 312
              20                2             2            18 220
              20                2             2            18 220
               9                1             4            65 759
               9                1             4            65 759
               9                1             1             8  99
               9                1             4            65 552
               9                1             4            65 759
               9                1             4            65 759
              12                2             8            27 385
              12                2             8            27 385
              12                2             2            10 132
              12                2             8            34 552
              12                2             8            27 385
              12                2             8            27 385
              20                1             1            19 220
              20                1             1            19 220
              20                1             1            19 220
              20                1             1            19 160
              20                1             1            19 220
              20                1             1            19 220
              12                1             1            34 385
              12                1             1            34 385
              12                1             1            11 132
              12                1             1            34 280
              12                1             1            34 385
              12                1             1            34 385

== sun_abraham.a_poverty.primary (balanced): ok
  e        att         se       ci_lo     ci_hi cohorts treated_states
 -5 0.08315361 0.10327798 -0.11926751 0.2855747       1              1
 -4 0.01512210 0.06515725 -0.11258377 0.1428280       1              1
 -3 0.01601261 0.04473434 -0.07166508 0.1036903       1              1
 -2 0.09651561 0.01935985  0.05857100 0.1344602       2              2
 -1 0.00000000         NA          NA        NA       2              2
  0 0.07382621 0.03162825  0.01183598 0.1358164       2              2
  1 0.11169077 0.02848153  0.05586800 0.1675135       2              2
  2 0.20106393 0.03529417  0.13188863 0.2702392       1              1
  3 0.12933902 0.03771214  0.05542459 0.2032535       2              2
  4 0.26389569 0.05772082  0.15076496 0.3770264       1              1
  5 0.10474157 0.07007961 -0.03261193 0.2420951       1              1
  6 0.06578839 0.05711689 -0.04615865 0.1777354       1              1
  7 0.04332009 0.05143297 -0.05748667 0.1441269       1              1
  8         NA         NA          NA        NA       0              0
 treated_units
             1
             1
             1
             2
             2
             2
             2
             1
             2
             1
             1
             1
             1
             0
overall post-reform average:
       att         se      ci_lo     ci_hi cohorts treated_states treated_units
 0.1242082 0.03225059 0.06099822 0.1874182       2              2             2

== imputation.a_poverty.primary (balanced): ok
  e          att         se        ci_lo      ci_hi cohorts treated_states
 -5 0.0528124540 0.04557102 -0.036505096 0.14213000       1              1
 -4 0.0009608951 0.03239561 -0.062533332 0.06445512       1              1
 -3 0.0060643474 0.05289657 -0.097611023 0.10973972       1              1
 -2 0.1079615063 0.04755222  0.014760869 0.20116214       2              2
 -1 0.0000000000         NA           NA         NA       2              2
  0 0.0420103889 0.02817640 -0.013214334 0.09723511       2              2
  1 0.0827519055 0.02544531  0.032880006 0.13262381       2              2
  2 0.1790051144 0.03251009  0.115286503 0.24272373       1              1
  3 0.1030062103 0.03572355  0.032989333 0.17302309       2              2
  4 0.2369713583 0.04943764  0.140075364 0.33386735       1              1
  5 0.0873207337 0.04833671 -0.007417474 0.18205894       1              1
  6 0.0453638053 0.05283487 -0.058190629 0.14891824       1              1
  7 0.0223869192 0.04339863 -0.062672835 0.10744667       1              1
  8           NA         NA           NA         NA       0              0
 treated_units
             1
             1
             1
             2
             2
             2
             2
             1
             2
             1
             1
             1
             1
             0
overall post-reform average:
        att         se      ci_lo     ci_hi cohorts treated_states
 0.09985205 0.03279962 0.03556597 0.1641381       2              2
 treated_units
             2

== synthdid.a_poverty.primary (balanced): ok
  e          att         se      ci_lo     ci_hi cohorts treated_states
 -5           NA         NA         NA        NA       0              0
 -4           NA         NA         NA        NA       0              0
 -3           NA         NA         NA        NA       0              0
 -2           NA         NA         NA        NA       0              0
 -1           NA         NA         NA        NA       0              0
  0 -0.002982688 0.07651494 -0.1529492 0.1469838       2              2
  1  0.055767899 0.08155014 -0.1040674 0.2156032       2              2
  2  0.190724302 0.16292465 -0.1286021 0.5100507       1              1
  3  0.096628708 0.15756816 -0.2121992 0.4054566       2              2
  4  0.257652855 0.21945657 -0.1724741 0.6877798       1              1
  5  0.116181214 0.22423589 -0.3233131 0.5556755       1              1
  6  0.059828575 0.22599569 -0.3831148 0.5027720       1              1
  7  0.026997772 0.19966195 -0.3643325 0.4183280       1              1
  8           NA         NA         NA        NA       0              0
 treated_units
             0
             0
             0
             0
             0
             2
             2
             1
             2
             1
             1
             1
             1
             0
overall post-reform average:
       att       se     ci_lo     ci_hi cohorts treated_states treated_units
 0.1000998 0.141553 -0.177339 0.3775386       2              2             2
synthdid pooled ATT:
       att        se      ci_lo    ci_hi cohorts treated_states
 0.0876792 0.1247772 -0.1568796 0.332238       2              2

== stacked.a_poverty.primary (balanced): ok
  e        att         se        ci_lo     ci_hi cohorts treated_states
 -5 0.04808727 0.06676213 -0.082764091 0.1789386       1              1
 -4 0.01497807 0.04687687 -0.076898898 0.1068550       1              1
 -3 0.02850810 0.04752392 -0.064637068 0.1216533       1              1
 -2 0.09367864 0.03478714  0.025497108 0.1618602       2              2
 -1 0.00000000         NA           NA        NA       2              2
  0 0.06057219 0.03423394 -0.006525104 0.1276695       2              2
  1 0.10247396 0.02931399  0.045019588 0.1599283       2              2
  2 0.18367568 0.03895283  0.107329528 0.2600218       1              1
  3 0.12336067 0.11356558 -0.099223768 0.3459451       2              2
  4 0.24283840 0.05028674  0.144278203 0.3413986       1              1
  5 0.10247104 0.04581658  0.012672188 0.1922699       1              1
  6         NA         NA           NA        NA       0              0
  7         NA         NA           NA        NA       0              0
  8         NA         NA           NA        NA       0              0
 treated_units
             1
             1
             1
             2
             2
             2
             2
             1
             2
             1
             1
             0
             0
             0
overall post-reform average:
       att         se      ci_lo     ci_hi cohorts treated_states treated_units
 0.1358987 0.03576044 0.06580948 0.2059878       2              2             2

== twfe.a_poverty.primary (balanced): ok
  e        att         se         ci_lo     ci_hi cohorts treated_states
 -5 0.09221823 0.08837651 -0.0809965355 0.2654330       1              1
 -4 0.02396517 0.04748808 -0.0691097606 0.1170401       1              1
 -3 0.02057641 0.04737242 -0.0722718315 0.1134247       1              1
 -2 0.09645378 0.04437714  0.0094761865 0.1834314       2              2
 -1 0.00000000         NA            NA        NA       2              2
  0 0.07136849 0.03617416  0.0004684482 0.1422685       2              2
  1 0.10918742 0.02799397  0.0543202511 0.1640546       2              2
  2 0.18873163 0.03845514  0.1133609480 0.2641023       1              1
  3 0.12678494 0.11079129 -0.0903619920 0.3439319       2              2
  4 0.24721363 0.05138797  0.1464950630 0.3479322       1              1
  5 0.09570832 0.04844700  0.0007539497 0.1906627       1              1
  6 0.05060891 0.05827825 -0.0636143564 0.1648322       1              1
  7 0.02985190 0.04641530 -0.0611204158 0.1208242       1              1
  8         NA         NA            NA        NA       0              0
 treated_units
             1
             1
             1
             2
             2
             2
             2
             1
             2
             1
             1
             1
             1
             0
overall post-reform average:
       att         se      ci_lo     ci_hi cohorts treated_states treated_units
 0.1149319 0.03523421 0.04587412 0.1839897       2              2             2

== twfe_static.a_poverty.primary (balanced): ok
[1] NA NA NA NA NA NA NA NA
overall post-reform average:
       att         se      ci_lo     ci_hi cohorts treated_states treated_units
 0.0698319 0.04209108 -0.0126651 0.1523289       2              2             2

== sun_abraham.b_black_white.primary (balanced): ok
  e         att         se       ci_lo       ci_hi cohorts treated_states
 -5  0.03838947 0.09305394 -0.14399290  0.22077184       1              1
 -4 -0.00371985 0.06278735 -0.12678080  0.11934110       1              1
 -3  0.35905847 0.06609207  0.22952039  0.48859655       1              1
 -2  0.27568190 0.06720046  0.14397141  0.40739239       1              1
 -1  0.00000000         NA          NA          NA       1              1
  0  0.13908744 0.05736578  0.02665259  0.25152230       1              1
  1 -0.16184264 0.06034748 -0.28012153 -0.04356375       1              1
  2          NA         NA          NA          NA       0              0
  3  0.02301757 0.07429010 -0.12258834  0.16862349       1              1
  4          NA         NA          NA          NA       0              0
  5          NA         NA          NA          NA       0              0
  6          NA         NA          NA          NA       0              0
  7          NA         NA          NA          NA       0              0
  8          NA         NA          NA          NA       0              0
 treated_units
             4
             4
             4
             4
             4
             4
             4
             0
             4
             0
             0
             0
             0
             0
overall post-reform average:
          att         se       ci_lo     ci_hi cohorts treated_states
 8.745859e-05 0.04858142 -0.09513038 0.0953053       1              1
 treated_units
             4

== imputation.b_black_white.primary (balanced): ok
  e         att         se       ci_lo        ci_hi cohorts treated_states
 -5  0.03040905 0.08808306 -0.14223057  0.203048674       1              1
 -4 -0.02059939 0.05062160 -0.11981590  0.078617120       1              1
 -3  0.34245900 0.04753033  0.24930127  0.435616727       1              1
 -2  0.26187497 0.08390621  0.09742182  0.426328127       1              1
 -1  0.00000000         NA          NA           NA       1              1
  0  0.02355044 0.03343459 -0.04198015  0.089081026       1              1
  1 -0.22030380 0.05313818 -0.32445272 -0.116154892       1              1
  2          NA         NA          NA           NA       0              0
  3 -0.07534114 0.04097929 -0.15565906  0.004976787       1              1
  4          NA         NA          NA           NA       0              0
  5          NA         NA          NA           NA       0              0
  6          NA         NA          NA           NA       0              0
  7          NA         NA          NA           NA       0              0
  8          NA         NA          NA           NA       0              0
 treated_units
             4
             4
             4
             4
             4
             4
             4
             0
             4
             0
             0
             0
             0
             0
overall post-reform average:
         att         se      ci_lo       ci_hi cohorts treated_states
 -0.09069817 0.02804863 -0.1456725 -0.03572386       1              1
 treated_units
             4

== synthdid.b_black_white.primary (balanced): ok
  e         att         se       ci_lo     ci_hi cohorts treated_states
 -5          NA         NA          NA        NA       0              0
 -4          NA         NA          NA        NA       0              0
 -3          NA         NA          NA        NA       0              0
 -2          NA         NA          NA        NA       0              0
 -1          NA         NA          NA        NA       0              0
  0  0.07823364 0.08275364 -0.08396052 0.2404278       1              1
  1 -0.15760382 0.18735611 -0.52481504 0.2096074       1              1
  2          NA         NA          NA        NA       0              0
  3 -0.02542839 0.09734014 -0.21621155 0.1653548       1              1
  4          NA         NA          NA        NA       0              0
  5          NA         NA          NA        NA       0              0
  6          NA         NA          NA        NA       0              0
  7          NA         NA          NA        NA       0              0
  8          NA         NA          NA        NA       0              0
 treated_units
             0
             0
             0
             0
             0
             1
             1
             0
             1
             0
             0
             0
             0
             0
overall post-reform average:
         att        se      ci_lo     ci_hi cohorts treated_states
 -0.03493286 0.1033274 -0.2374508 0.1675851       1              1
 treated_units
             1
synthdid pooled ATT:
         att        se      ci_lo     ci_hi cohorts treated_states
 -0.03493286 0.1033274 -0.2374508 0.1675851       1              1

== stacked.b_black_white.primary (balanced): ok
  e          att         se       ci_lo      ci_hi cohorts treated_states
 -5 -0.014553643 0.07986517 -0.17108650  0.1419792       1              1
 -4 -0.036709203 0.05353879 -0.14164330  0.0682249       1              1
 -3  0.349559428 0.07124482  0.20992215  0.4891967       1              1
 -2  0.230845758 0.06086962  0.11154349  0.3501480       1              1
 -1  0.000000000         NA          NA         NA       1              1
  0  0.106407936 0.05120886  0.00604042  0.2067755       1              1
  1 -0.206360987 0.05163261 -0.30755905 -0.1051629       1              1
  2           NA         NA          NA         NA       0              0
  3 -0.009310412 0.06659817 -0.13984043  0.1212196       1              1
  4           NA         NA          NA         NA       0              0
  5           NA         NA          NA         NA       0              0
  6           NA         NA          NA         NA       0              0
  7           NA         NA          NA         NA       0              0
  8           NA         NA          NA         NA       0              0
 treated_units
             4
             4
             4
             4
             4
             4
             4
             0
             4
             0
             0
             0
             0
             0
overall post-reform average:
         att         se     ci_lo      ci_hi cohorts treated_states
 -0.03642115 0.03898687 -0.112834 0.03999171       1              1
 treated_units
             4

== twfe.b_black_white.primary (balanced): ok
  e         att         se       ci_lo       ci_hi cohorts treated_states
 -5  0.03838947 0.09305394 -0.14399290  0.22077184       1              1
 -4 -0.00371985 0.06278735 -0.12678080  0.11934110       1              1
 -3  0.35905847 0.06609207  0.22952039  0.48859655       1              1
 -2  0.27568190 0.06720046  0.14397141  0.40739239       1              1
 -1  0.00000000         NA          NA          NA       1              1
  0  0.13908744 0.05736578  0.02665259  0.25152230       1              1
  1 -0.16184264 0.06034748 -0.28012153 -0.04356375       1              1
  2          NA         NA          NA          NA       0              0
  3  0.02301757 0.07429010 -0.12258834  0.16862349       1              1
  4          NA         NA          NA          NA       0              0
  5          NA         NA          NA          NA       0              0
  6          NA         NA          NA          NA       0              0
  7          NA         NA          NA          NA       0              0
  8          NA         NA          NA          NA       0              0
 treated_units
             4
             4
             4
             4
             4
             4
             4
             0
             4
             0
             0
             0
             0
             0
overall post-reform average:
          att         se       ci_lo     ci_hi cohorts treated_states
 8.745859e-05 0.04858142 -0.09513038 0.0953053       1              1
 treated_units
             4

== twfe_static.b_black_white.primary (balanced): ok
[1] NA NA NA NA NA NA NA NA
overall post-reform average:
         att         se      ci_lo       ci_hi cohorts treated_states
 -0.09040751 0.02952042 -0.1482665 -0.03254856       1              1
 treated_units
             4

== sun_abraham.c_hispanic_white.primary (balanced): ok
  e         att         se       ci_lo     ci_hi cohorts treated_states
 -5  0.00913486 0.14807539 -0.28108756 0.2993573       1              1
 -4  0.12796819 0.12851064 -0.12390803 0.3798444       1              1
 -3  0.25705980 0.08603316  0.08843791 0.4256817       1              1
 -2  0.37943101 0.12802470  0.12850720 0.6303548       2              2
 -1  0.00000000         NA          NA        NA       2              2
  0  0.02473465 0.06207415 -0.09692845 0.1463978       2              2
  1 -0.01548401 0.08753299 -0.18704552 0.1560775       2              2
  2  0.33529322 0.09618882  0.14676659 0.5238198       1              1
  3  0.13695564 0.08220544 -0.02416407 0.2980754       2              2
  4  0.23386695 0.08562838  0.06603842 0.4016955       1              1
  5 -0.01276095 0.11265175 -0.23355432 0.2080324       1              1
  6  0.02938372 0.08760846 -0.14232571 0.2010931       1              1
  7  0.11003320 0.09937158 -0.08473152 0.3047979       1              1
  8          NA         NA          NA        NA       0              0
 treated_units
             7
             7
             7
             8
             8
             8
             8
             1
             8
             1
             1
             1
             1
             0
overall post-reform average:
       att         se     ci_lo     ci_hi cohorts treated_states treated_units
 0.1052528 0.03368501 0.0392314 0.1712742       2              2             8

== imputation.c_hispanic_white.primary (balanced): ok
  e          att         se       ci_lo        ci_hi cohorts treated_states
 -5  0.014206474 0.08258914 -0.14766527  0.176078219       1              1
 -4  0.120424353 0.10426722 -0.08393564  0.324784344       1              1
 -3  0.252193902 0.04253580  0.16882527  0.335562533       1              1
 -2  0.374558267 0.07029224  0.23678800  0.512328531       2              2
 -1  0.000000000         NA          NA           NA       2              2
  0 -0.064881880 0.03980180 -0.14289198  0.013128224       2              2
  1 -0.141571089 0.06721207 -0.27330433 -0.009837845       2              2
  2  0.192640863 0.06126021  0.07257306  0.312708670       1              1
  3  0.020692464 0.02601625 -0.03029845  0.071683383       2              2
  4 -0.005259646 0.08689331 -0.17556741  0.165048114       1              1
  5 -0.116409847 0.08675681 -0.28645006  0.053630371       1              1
  6 -0.112102808 0.10040152 -0.30888618  0.084680562       1              1
  7 -0.023738612 0.08901857 -0.19821181  0.150734584       1              1
  8           NA         NA          NA           NA       0              0
 treated_units
             7
             7
             7
             8
             8
             8
             8
             1
             8
             1
             1
             1
             1
             0
overall post-reform average:
         att         se      ci_lo      ci_hi cohorts treated_states
 -0.03132882 0.04762689 -0.1246758 0.06201816       2              2
 treated_units
             8

== synthdid.c_hispanic_white.primary (balanced): ok
  e         att        se       ci_lo     ci_hi cohorts treated_states
 -5          NA        NA          NA        NA       0              0
 -4          NA        NA          NA        NA       0              0
 -3          NA        NA          NA        NA       0              0
 -2          NA        NA          NA        NA       0              0
 -1          NA        NA          NA        NA       0              0
  0 -0.03519322 0.1036255 -0.23829547 0.1679090       2              2
  1  0.06285210 0.1614176 -0.25352055 0.3792248       2              2
  2  0.32561629 0.2054373 -0.07703347 0.7282660       1              1
  3  0.22390795 0.1281051 -0.02717346 0.4749894       2              2
  4  0.22847137 0.1853220 -0.13475317 0.5916959       1              1
  5  0.08233482 0.2428507 -0.39364375 0.5583134       1              1
  6  0.13751230 0.2124328 -0.27884829 0.5538729       1              1
  7  0.19596241 0.2692055 -0.33167065 0.7235955       1              1
  8          NA        NA          NA        NA       0              0
 treated_units
             0
             0
             0
             0
             0
             2
             2
             1
             2
             1
             1
             1
             1
             0
overall post-reform average:
      att        se      ci_lo     ci_hi cohorts treated_states treated_units
 0.152683 0.1393409 -0.1204201 0.4257861       2              2             2
synthdid pooled ATT:
       att        se      ci_lo     ci_hi cohorts treated_states
 0.1386686 0.1264157 -0.1091017 0.3864389       2              2

== stacked.c_hispanic_white.primary (balanced): ok
  e          att         se       ci_lo      ci_hi cohorts treated_states
 -5  0.019640459 0.10961030 -0.19519178 0.23447270       1              1
 -4  0.154760937 0.10590382 -0.05280675 0.36232862       1              1
 -3  0.268065076 0.07758467  0.11600191 0.42012824       1              1
 -2  0.396997401 0.11102730  0.17938788 0.61460692       2              2
 -1  0.000000000         NA          NA         NA       2              2
  0  0.044199276 0.04269486 -0.03948110 0.12787966       2              2
  1 -0.008303928 0.07802366 -0.16122750 0.14461964       2              2
  2  0.241455035 0.05035811  0.14275495 0.34015512       1              1
  3  0.147698267 0.08822083 -0.02521139 0.32060793       2              2
  4  0.047506889 0.12738916 -0.20217127 0.29718504       1              1
  5 -0.064913440 0.04340299 -0.14998175 0.02015487       1              1
  6           NA         NA          NA         NA       0              0
  7           NA         NA          NA         NA       0              0
  8           NA         NA          NA         NA       0              0
 treated_units
             7
             7
             7
             8
             8
             8
             8
             1
             8
             1
             1
             0
             0
             0
overall post-reform average:
        att         se       ci_lo     ci_hi cohorts treated_states
 0.06794035 0.04538847 -0.02101941 0.1569001       2              2
 treated_units
             8

== twfe.c_hispanic_white.primary (balanced): ok
  e          att         se       ci_lo      ci_hi cohorts treated_states
 -5  0.003883617 0.14412163 -0.27858958 0.28635682       1              1
 -4  0.137831541 0.12102897 -0.09938089 0.37504397       1              1
 -3  0.252328705 0.08729160  0.08124032 0.42341709       1              1
 -2  0.362832984 0.12268826  0.12236842 0.60329755       2              2
 -1  0.000000000         NA          NA         NA       2              2
  0  0.016491031 0.05588126 -0.09303423 0.12601629       2              2
  1 -0.009462566 0.09492240 -0.19550706 0.17658193       2              2
  2  0.260096030 0.07735365  0.10848566 0.41170640       1              1
  3  0.155092612 0.11888084 -0.07790956 0.38809479       2              2
  4  0.140670231 0.09307474 -0.04175291 0.32309337       1              1
  5 -0.087096016 0.06796176 -0.22029862 0.04610658       1              1
  6 -0.053147579 0.06585023 -0.18221167 0.07591651       1              1
  7  0.042120705 0.08147414 -0.11756568 0.20180709       1              1
  8           NA         NA          NA         NA       0              0
 treated_units
             7
             7
             7
             8
             8
             8
             8
             1
             8
             1
             1
             1
             1
             0
overall post-reform average:
        att         se       ci_lo     ci_hi cohorts treated_states
 0.05809556 0.04226637 -0.02474502 0.1409361       2              2
 treated_units
             8

== twfe_static.c_hispanic_white.primary (balanced): ok
[1] NA NA NA NA NA NA NA NA
overall post-reform average:
        att         se      ci_lo      ci_hi cohorts treated_states
 -0.0626947 0.04248248 -0.1459588 0.02056943       2              2
 treated_units
             8

== sun_abraham.a_poverty.r1 (balanced): ok
  e        att         se       ci_lo      ci_hi cohorts treated_states
 -5         NA         NA          NA         NA       0              0
 -4         NA         NA          NA         NA       0              0
 -3         NA         NA          NA         NA       0              0
 -2 0.04322754 0.03974321 -0.03466773 0.12112280       1              1
 -1 0.00000000         NA          NA         NA       1              1
  0 0.03748397 0.02389398 -0.00934738 0.08431532       1              1
  1 0.10801062 0.03099467  0.04726219 0.16875905       1              1
  2 0.19977956 0.03254459  0.13599335 0.26356578       1              1
  3 0.26909738 0.04560333  0.17971650 0.35847825       1              1
  4 0.25722599 0.05152776  0.15623343 0.35821855       1              1
  5 0.10947741 0.06122627 -0.01052387 0.22947870       1              1
  6 0.06207930 0.05087977 -0.03764322 0.16180181       1              1
  7 0.03868673 0.04609006 -0.05164813 0.12902159       1              1
  8         NA         NA          NA         NA       0              0
 treated_units
             0
             0
             0
             1
             1
             1
             1
             1
             1
             1
             1
             1
             1
             0
overall post-reform average:
       att         se      ci_lo     ci_hi cohorts treated_states treated_units
 0.1352301 0.03435299 0.06789949 0.2025607       1              1             1

== imputation.a_poverty.r1 (balanced): ok
  e        att         se       ci_lo      ci_hi cohorts treated_states
 -5         NA         NA          NA         NA       0              0
 -4         NA         NA          NA         NA       0              0
 -3         NA         NA          NA         NA       0              0
 -2 0.04322754 0.03891800 -0.03305035 0.11950542       1              1
 -1 0.00000000         NA          NA         NA       1              1
  0 0.01631651 0.02406239 -0.03084491 0.06347793       1              1
  1 0.08687705 0.03298376  0.02223008 0.15152403       1              1
  2 0.17849008 0.03248497  0.11482071 0.24215945       1              1
  3 0.24812846 0.04255782  0.16471667 0.33154024       1              1
  4 0.23604884 0.04910271  0.13980929 0.33228839       1              1
  5 0.08748069 0.04828339 -0.00715301 0.18211439       1              1
  6 0.04090158 0.05059007 -0.05825312 0.14005629       1              1
  7 0.01747041 0.04198107 -0.06481097 0.09975179       1              1
  8         NA         NA          NA         NA       0              0
 treated_units
             0
             0
             0
             1
             1
             1
             1
             1
             1
             1
             1
             1
             1
             0
overall post-reform average:
       att         se      ci_lo     ci_hi cohorts treated_states treated_units
 0.1139642 0.03202511 0.05119614 0.1767323       1              1             1

== synthdid.a_poverty.r1 (balanced): ok
  e        att         se      ci_lo     ci_hi cohorts treated_states
 -5         NA         NA         NA        NA       0              0
 -4         NA         NA         NA        NA       0              0
 -3         NA         NA         NA        NA       0              0
 -2         NA         NA         NA        NA       0              0
 -1         NA         NA         NA        NA       0              0
  0 0.01340414 0.08909858 -0.1612259 0.1880342       1              1
  1 0.09792745 0.11847686 -0.1342829 0.3301378       1              1
  2 0.18752128 0.14641533 -0.0994475 0.4744901       1              1
  3 0.25557607 0.19732657 -0.1311769 0.6423290       1              1
  4 0.24736749 0.21003182 -0.1642873 0.6590223       1              1
  5 0.11107649 0.20487021 -0.2904617 0.5126147       1              1
  6 0.05203599 0.21548583 -0.3703085 0.4743804       1              1
  7 0.01819590 0.18968424 -0.3535784 0.3899702       1              1
  8         NA         NA         NA        NA       0              0
 treated_units
             0
             0
             0
             0
             0
             1
             1
             1
             1
             1
             1
             1
             1
             0
overall post-reform average:
       att        se      ci_lo    ci_hi cohorts treated_states treated_units
 0.1228881 0.1440511 -0.1594468 0.405223       1              1             1
synthdid pooled ATT:
       att        se      ci_lo     ci_hi cohorts treated_states
 0.1201816 0.1424607 -0.1590362 0.3993994       1              1

== stacked.a_poverty.r1 (balanced): ok
  e        att         se        ci_lo      ci_hi cohorts treated_states
 -5         NA         NA           NA         NA       0              0
 -4         NA         NA           NA         NA       0              0
 -3         NA         NA           NA         NA       0              0
 -2 0.04267585 0.04333856 -0.042266160 0.12761786       1              1
 -1 0.00000000         NA           NA         NA       1              1
  0 0.03852189 0.02294999 -0.006459258 0.08350304       1              1
  1 0.11008647 0.03020389  0.050887929 0.16928501       1              1
  2 0.20050145 0.03175809  0.138256745 0.26274616       1              1
  3 0.27132750 0.04475329  0.183612665 0.35904233       1              1
  4 0.25959577 0.04947865  0.162619402 0.35657214       1              1
  5 0.11057176 0.06511146 -0.017044357 0.23818787       1              1
  6         NA         NA           NA         NA       0              0
  7         NA         NA           NA         NA       0              0
  8         NA         NA           NA         NA       0              0
 treated_units
             0
             0
             0
             1
             1
             1
             1
             1
             1
             1
             1
             0
             0
             0
overall post-reform average:
       att         se     ci_lo     ci_hi cohorts treated_states treated_units
 0.1651008 0.03106498 0.1042146 0.2259871       1              1             1

== twfe.a_poverty.r1 (balanced): ok
  e        att         se       ci_lo      ci_hi cohorts treated_states
 -5         NA         NA          NA         NA       0              0
 -4         NA         NA          NA         NA       0              0
 -3         NA         NA          NA         NA       0              0
 -2 0.04322754 0.03974321 -0.03466773 0.12112280       1              1
 -1 0.00000000         NA          NA         NA       1              1
  0 0.03748397 0.02389398 -0.00934738 0.08431532       1              1
  1 0.10801062 0.03099467  0.04726219 0.16875905       1              1
  2 0.19977956 0.03254459  0.13599335 0.26356578       1              1
  3 0.26909738 0.04560333  0.17971650 0.35847825       1              1
  4 0.25722599 0.05152776  0.15623343 0.35821855       1              1
  5 0.10947741 0.06122627 -0.01052387 0.22947870       1              1
  6 0.06207930 0.05087977 -0.03764322 0.16180181       1              1
  7 0.03868673 0.04609006 -0.05164813 0.12902159       1              1
  8         NA         NA          NA         NA       0              0
 treated_units
             0
             0
             0
             1
             1
             1
             1
             1
             1
             1
             1
             1
             1
             0
overall post-reform average:
       att         se      ci_lo     ci_hi cohorts treated_states treated_units
 0.1352301 0.03435299 0.06789949 0.2025607       1              1             1

== twfe_static.a_poverty.r1 (balanced): ok
[1] NA NA NA NA NA NA NA NA
overall post-reform average:
       att         se      ci_lo     ci_hi cohorts treated_states treated_units
 0.1109185 0.03379407 0.04468333 0.1771537       1              1             1

== sun_abraham.b_black_white.r1 (balanced): no estimable cohort
  e att se ci_lo ci_hi cohorts treated_states treated_units
 -5  NA NA    NA    NA       0              0             0
 -4  NA NA    NA    NA       0              0             0
 -3  NA NA    NA    NA       0              0             0
 -2  NA NA    NA    NA       0              0             0
 -1  NA NA    NA    NA       0              0             0
  0  NA NA    NA    NA       0              0             0
  1  NA NA    NA    NA       0              0             0
  2  NA NA    NA    NA       0              0             0
  3  NA NA    NA    NA       0              0             0
  4  NA NA    NA    NA       0              0             0
  5  NA NA    NA    NA       0              0             0
  6  NA NA    NA    NA       0              0             0
  7  NA NA    NA    NA       0              0             0
  8  NA NA    NA    NA       0              0             0
overall post-reform average:
 att se ci_lo ci_hi cohorts treated_states treated_units
  NA NA    NA    NA       0              0             0

== imputation.b_black_white.r1 (balanced): no estimable cohort
  e att se ci_lo ci_hi cohorts treated_states treated_units
 -5  NA NA    NA    NA       0              0             0
 -4  NA NA    NA    NA       0              0             0
 -3  NA NA    NA    NA       0              0             0
 -2  NA NA    NA    NA       0              0             0
 -1  NA NA    NA    NA       0              0             0
  0  NA NA    NA    NA       0              0             0
  1  NA NA    NA    NA       0              0             0
  2  NA NA    NA    NA       0              0             0
  3  NA NA    NA    NA       0              0             0
  4  NA NA    NA    NA       0              0             0
  5  NA NA    NA    NA       0              0             0
  6  NA NA    NA    NA       0              0             0
  7  NA NA    NA    NA       0              0             0
  8  NA NA    NA    NA       0              0             0
overall post-reform average:
 att se ci_lo ci_hi cohorts treated_states treated_units
  NA NA    NA    NA       0              0             0

== synthdid.b_black_white.r1 (balanced): no estimable cohort
  e att se ci_lo ci_hi cohorts treated_states treated_units
 -5  NA NA    NA    NA       0              0             0
 -4  NA NA    NA    NA       0              0             0
 -3  NA NA    NA    NA       0              0             0
 -2  NA NA    NA    NA       0              0             0
 -1  NA NA    NA    NA       0              0             0
  0  NA NA    NA    NA       0              0             0
  1  NA NA    NA    NA       0              0             0
  2  NA NA    NA    NA       0              0             0
  3  NA NA    NA    NA       0              0             0
  4  NA NA    NA    NA       0              0             0
  5  NA NA    NA    NA       0              0             0
  6  NA NA    NA    NA       0              0             0
  7  NA NA    NA    NA       0              0             0
  8  NA NA    NA    NA       0              0             0
overall post-reform average:
 att se ci_lo ci_hi cohorts treated_states treated_units
  NA NA    NA    NA       0              0             0

== stacked.b_black_white.r1 (balanced): no estimable cohort
  e att se ci_lo ci_hi cohorts treated_states treated_units
 -5  NA NA    NA    NA       0              0             0
 -4  NA NA    NA    NA       0              0             0
 -3  NA NA    NA    NA       0              0             0
 -2  NA NA    NA    NA       0              0             0
 -1  NA NA    NA    NA       0              0             0
  0  NA NA    NA    NA       0              0             0
  1  NA NA    NA    NA       0              0             0
  2  NA NA    NA    NA       0              0             0
  3  NA NA    NA    NA       0              0             0
  4  NA NA    NA    NA       0              0             0
  5  NA NA    NA    NA       0              0             0
  6  NA NA    NA    NA       0              0             0
  7  NA NA    NA    NA       0              0             0
  8  NA NA    NA    NA       0              0             0
overall post-reform average:
 att se ci_lo ci_hi cohorts treated_states treated_units
  NA NA    NA    NA       0              0             0

== twfe.b_black_white.r1 (balanced): no estimable cohort
  e att se ci_lo ci_hi cohorts treated_states treated_units
 -5  NA NA    NA    NA       0              0             0
 -4  NA NA    NA    NA       0              0             0
 -3  NA NA    NA    NA       0              0             0
 -2  NA NA    NA    NA       0              0             0
 -1  NA NA    NA    NA       0              0             0
  0  NA NA    NA    NA       0              0             0
  1  NA NA    NA    NA       0              0             0
  2  NA NA    NA    NA       0              0             0
  3  NA NA    NA    NA       0              0             0
  4  NA NA    NA    NA       0              0             0
  5  NA NA    NA    NA       0              0             0
  6  NA NA    NA    NA       0              0             0
  7  NA NA    NA    NA       0              0             0
  8  NA NA    NA    NA       0              0             0
overall post-reform average:
 att se ci_lo ci_hi cohorts treated_states treated_units
  NA NA    NA    NA       0              0             0

== twfe_static.b_black_white.r1 (balanced): no estimable cohort
[1] NA NA NA NA NA NA NA NA
overall post-reform average:
 att se ci_lo ci_hi cohorts treated_states treated_units
  NA NA    NA    NA       0              0             0

== sun_abraham.c_hispanic_white.r1 (balanced): ok
  e         att         se       ci_lo      ci_hi cohorts treated_states
 -5          NA         NA          NA         NA       0              0
 -4          NA         NA          NA         NA       0              0
 -3          NA         NA          NA         NA       0              0
 -2  0.14618653 0.09901101 -0.04787149 0.34024455       1              1
 -1  0.00000000         NA          NA         NA       1              1
  0 -0.01639306 0.05226060 -0.11882196 0.08603584       1              1
  1  0.15644616 0.07468533  0.01006560 0.30282672       1              1
  2  0.26815575 0.04148405  0.18684850 0.34946300       1              1
  3  0.39629923 0.09073101  0.21846972 0.57412874       1              1
  4  0.07174318 0.11404746 -0.15178574 0.29527209       1              1
  5 -0.04324470 0.07219126 -0.18473697 0.09824758       1              1
  6 -0.00599767 0.07010573 -0.14340238 0.13140704       1              1
  7  0.10267336 0.07285587 -0.04012153 0.24546824       1              1
  8          NA         NA          NA         NA       0              0
 treated_units
             0
             0
             0
             1
             1
             1
             1
             1
             1
             1
             1
             1
             1
             0
overall post-reform average:
       att         se      ci_lo     ci_hi cohorts treated_states treated_units
 0.1162103 0.03998982 0.03783167 0.1945889       1              1             1

== imputation.c_hispanic_white.r1 (balanced): ok
  e           att         se       ci_lo       ci_hi cohorts treated_states
 -5            NA         NA          NA          NA       0              0
 -4            NA         NA          NA          NA       0              0
 -3            NA         NA          NA          NA       0              0
 -2  0.1461865306 0.09784385 -0.04558389 0.337956951       1              1
 -1  0.0000000000         NA          NA          NA       1              1
  0 -0.0885892983 0.04925732 -0.18513188 0.007953281       1              1
  1  0.0843358921 0.06152327 -0.03624751 0.204919295       1              1
  2  0.1958384082 0.06047974  0.07730029 0.314376523       1              1
  3  0.3253403272 0.07897694  0.17054836 0.480132292       1              1
  4 -0.0003381687 0.08438841 -0.16573641 0.165060077       1              1
  5 -0.1167340018 0.08744535 -0.28812375 0.054655744       1              1
  6 -0.0783049730 0.08068001 -0.23643488 0.079824934       1              1
  7  0.0309009800 0.07237528 -0.11095196 0.172753916       1              1
  8            NA         NA          NA          NA       0              0
 treated_units
             0
             0
             0
             1
             1
             1
             1
             1
             1
             1
             1
             1
             1
             0
overall post-reform average:
        att         se       ci_lo     ci_hi cohorts treated_states
 0.04405615 0.04543568 -0.04499615 0.1331084       1              1
 treated_units
             1

== synthdid.c_hispanic_white.r1 (balanced): ok
  e         att        se       ci_lo     ci_hi cohorts treated_states
 -5          NA        NA          NA        NA       0              0
 -4          NA        NA          NA        NA       0              0
 -3          NA        NA          NA        NA       0              0
 -2          NA        NA          NA        NA       0              0
 -1          NA        NA          NA        NA       0              0
  0 -0.04539760 0.1508969 -0.34115016 0.2503550       1              1
  1  0.13723744 0.2206471 -0.29522289 0.5696978       1              1
  2  0.30871662 0.1962367 -0.07590026 0.6933335       1              1
  3  0.41058217 0.1920331  0.03420419 0.7869601       1              1
  4  0.18397093 0.2266374 -0.26023028 0.6281721       1              1
  5  0.07383281 0.2311817 -0.37927493 0.5269405       1              1
  6  0.12129675 0.1997279 -0.27016279 0.5127563       1              1
  7  0.18579139 0.2422730 -0.28905504 0.6606378       1              1
  8          NA        NA          NA        NA       0              0
 treated_units
             0
             0
             0
             0
             0
             1
             1
             1
             1
             1
             1
             1
             1
             0
overall post-reform average:
       att      se      ci_lo     ci_hi cohorts treated_states treated_units
 0.1720038 0.15556 -0.1328881 0.4768958       1              1             1
synthdid pooled ATT:
       att        se      ci_lo     ci_hi cohorts treated_states
 0.1719007 0.1556496 -0.1331669 0.4769682       1              1

== stacked.c_hispanic_white.r1 (balanced): ok
  e         att         se       ci_lo      ci_hi cohorts treated_states
 -5          NA         NA          NA         NA       0              0
 -4          NA         NA          NA         NA       0              0
 -3          NA         NA          NA         NA       0              0
 -2  0.19081223 0.10683844 -0.01858727 0.40021172       1              1
 -1  0.00000000         NA          NA         NA       1              1
  0 -0.02878906 0.06397889 -0.15418538 0.09660725       1              1
  1  0.13364421 0.07761149 -0.01847152 0.28575994       1              1
  2  0.27227172 0.03946986  0.19491222 0.34963123       1              1
  3  0.36992803 0.09781274  0.17821858 0.56163748       1              1
  4  0.06752610 0.11837528 -0.16448518 0.29953738       1              1
  5 -0.01651517 0.06029647 -0.13469408 0.10166375       1              1
  6          NA         NA          NA         NA       0              0
  7          NA         NA          NA         NA       0              0
  8          NA         NA          NA         NA       0              0
 treated_units
             0
             0
             0
             1
             1
             1
             1
             1
             1
             1
             1
             0
             0
             0
overall post-reform average:
      att         se      ci_lo     ci_hi cohorts treated_states treated_units
 0.133011 0.04841255 0.03812411 0.2278978       1              1             1

== twfe.c_hispanic_white.r1 (balanced): ok
  e         att         se       ci_lo      ci_hi cohorts treated_states
 -5          NA         NA          NA         NA       0              0
 -4          NA         NA          NA         NA       0              0
 -3          NA         NA          NA         NA       0              0
 -2  0.14618653 0.09901101 -0.04787149 0.34024455       1              1
 -1  0.00000000         NA          NA         NA       1              1
  0 -0.01639306 0.05226060 -0.11882196 0.08603584       1              1
  1  0.15644616 0.07468533  0.01006560 0.30282672       1              1
  2  0.26815575 0.04148405  0.18684850 0.34946300       1              1
  3  0.39629923 0.09073101  0.21846972 0.57412874       1              1
  4  0.07174318 0.11404746 -0.15178574 0.29527209       1              1
  5 -0.04324470 0.07219126 -0.18473697 0.09824758       1              1
  6 -0.00599767 0.07010573 -0.14340238 0.13140704       1              1
  7  0.10267336 0.07285587 -0.04012153 0.24546824       1              1
  8          NA         NA          NA         NA       0              0
 treated_units
             0
             0
             0
             1
             1
             1
             1
             1
             1
             1
             1
             1
             1
             0
overall post-reform average:
       att         se      ci_lo     ci_hi cohorts treated_states treated_units
 0.1162103 0.03998982 0.03783167 0.1945889       1              1             1

== twfe_static.c_hispanic_white.r1 (balanced): ok
[1] NA NA NA NA NA NA NA NA
overall post-reform average:
        att         se       ci_lo     ci_hi cohorts treated_states
 0.03642825 0.05090215 -0.06333813 0.1361946       1              1
 treated_units
             1

== sun_abraham.a_poverty.r2 (balanced): no estimable cohort
  e att se ci_lo ci_hi cohorts treated_states treated_units
 -5  NA NA    NA    NA       0              0             0
 -4  NA NA    NA    NA       0              0             0
 -3  NA NA    NA    NA       0              0             0
 -2  NA NA    NA    NA       0              0             0
 -1  NA NA    NA    NA       0              0             0
  0  NA NA    NA    NA       0              0             0
  1  NA NA    NA    NA       0              0             0
  2  NA NA    NA    NA       0              0             0
  3  NA NA    NA    NA       0              0             0
  4  NA NA    NA    NA       0              0             0
  5  NA NA    NA    NA       0              0             0
  6  NA NA    NA    NA       0              0             0
  7  NA NA    NA    NA       0              0             0
  8  NA NA    NA    NA       0              0             0
overall post-reform average:
 att se ci_lo ci_hi cohorts treated_states treated_units
  NA NA    NA    NA       0              0             0

== imputation.a_poverty.r2 (balanced): no estimable cohort
  e att se ci_lo ci_hi cohorts treated_states treated_units
 -5  NA NA    NA    NA       0              0             0
 -4  NA NA    NA    NA       0              0             0
 -3  NA NA    NA    NA       0              0             0
 -2  NA NA    NA    NA       0              0             0
 -1  NA NA    NA    NA       0              0             0
  0  NA NA    NA    NA       0              0             0
  1  NA NA    NA    NA       0              0             0
  2  NA NA    NA    NA       0              0             0
  3  NA NA    NA    NA       0              0             0
  4  NA NA    NA    NA       0              0             0
  5  NA NA    NA    NA       0              0             0
  6  NA NA    NA    NA       0              0             0
  7  NA NA    NA    NA       0              0             0
  8  NA NA    NA    NA       0              0             0
overall post-reform average:
 att se ci_lo ci_hi cohorts treated_states treated_units
  NA NA    NA    NA       0              0             0

== synthdid.a_poverty.r2 (balanced): no estimable cohort
  e att se ci_lo ci_hi cohorts treated_states treated_units
 -5  NA NA    NA    NA       0              0             0
 -4  NA NA    NA    NA       0              0             0
 -3  NA NA    NA    NA       0              0             0
 -2  NA NA    NA    NA       0              0             0
 -1  NA NA    NA    NA       0              0             0
  0  NA NA    NA    NA       0              0             0
  1  NA NA    NA    NA       0              0             0
  2  NA NA    NA    NA       0              0             0
  3  NA NA    NA    NA       0              0             0
  4  NA NA    NA    NA       0              0             0
  5  NA NA    NA    NA       0              0             0
  6  NA NA    NA    NA       0              0             0
  7  NA NA    NA    NA       0              0             0
  8  NA NA    NA    NA       0              0             0
overall post-reform average:
 att se ci_lo ci_hi cohorts treated_states treated_units
  NA NA    NA    NA       0              0             0

== stacked.a_poverty.r2 (balanced): no estimable cohort
  e att se ci_lo ci_hi cohorts treated_states treated_units
 -5  NA NA    NA    NA       0              0             0
 -4  NA NA    NA    NA       0              0             0
 -3  NA NA    NA    NA       0              0             0
 -2  NA NA    NA    NA       0              0             0
 -1  NA NA    NA    NA       0              0             0
  0  NA NA    NA    NA       0              0             0
  1  NA NA    NA    NA       0              0             0
  2  NA NA    NA    NA       0              0             0
  3  NA NA    NA    NA       0              0             0
  4  NA NA    NA    NA       0              0             0
  5  NA NA    NA    NA       0              0             0
  6  NA NA    NA    NA       0              0             0
  7  NA NA    NA    NA       0              0             0
  8  NA NA    NA    NA       0              0             0
overall post-reform average:
 att se ci_lo ci_hi cohorts treated_states treated_units
  NA NA    NA    NA       0              0             0

== twfe.a_poverty.r2 (balanced): no estimable cohort
  e att se ci_lo ci_hi cohorts treated_states treated_units
 -5  NA NA    NA    NA       0              0             0
 -4  NA NA    NA    NA       0              0             0
 -3  NA NA    NA    NA       0              0             0
 -2  NA NA    NA    NA       0              0             0
 -1  NA NA    NA    NA       0              0             0
  0  NA NA    NA    NA       0              0             0
  1  NA NA    NA    NA       0              0             0
  2  NA NA    NA    NA       0              0             0
  3  NA NA    NA    NA       0              0             0
  4  NA NA    NA    NA       0              0             0
  5  NA NA    NA    NA       0              0             0
  6  NA NA    NA    NA       0              0             0
  7  NA NA    NA    NA       0              0             0
  8  NA NA    NA    NA       0              0             0
overall post-reform average:
 att se ci_lo ci_hi cohorts treated_states treated_units
  NA NA    NA    NA       0              0             0

== twfe_static.a_poverty.r2 (balanced): no estimable cohort
[1] NA NA NA NA NA NA NA NA
overall post-reform average:
 att se ci_lo ci_hi cohorts treated_states treated_units
  NA NA    NA    NA       0              0             0

== sun_abraham.b_black_white.r2 (balanced): no estimable cohort
  e att se ci_lo ci_hi cohorts treated_states treated_units
 -5  NA NA    NA    NA       0              0             0
 -4  NA NA    NA    NA       0              0             0
 -3  NA NA    NA    NA       0              0             0
 -2  NA NA    NA    NA       0              0             0
 -1  NA NA    NA    NA       0              0             0
  0  NA NA    NA    NA       0              0             0
  1  NA NA    NA    NA       0              0             0
  2  NA NA    NA    NA       0              0             0
  3  NA NA    NA    NA       0              0             0
  4  NA NA    NA    NA       0              0             0
  5  NA NA    NA    NA       0              0             0
  6  NA NA    NA    NA       0              0             0
  7  NA NA    NA    NA       0              0             0
  8  NA NA    NA    NA       0              0             0
overall post-reform average:
 att se ci_lo ci_hi cohorts treated_states treated_units
  NA NA    NA    NA       0              0             0

== imputation.b_black_white.r2 (balanced): no estimable cohort
  e att se ci_lo ci_hi cohorts treated_states treated_units
 -5  NA NA    NA    NA       0              0             0
 -4  NA NA    NA    NA       0              0             0
 -3  NA NA    NA    NA       0              0             0
 -2  NA NA    NA    NA       0              0             0
 -1  NA NA    NA    NA       0              0             0
  0  NA NA    NA    NA       0              0             0
  1  NA NA    NA    NA       0              0             0
  2  NA NA    NA    NA       0              0             0
  3  NA NA    NA    NA       0              0             0
  4  NA NA    NA    NA       0              0             0
  5  NA NA    NA    NA       0              0             0
  6  NA NA    NA    NA       0              0             0
  7  NA NA    NA    NA       0              0             0
  8  NA NA    NA    NA       0              0             0
overall post-reform average:
 att se ci_lo ci_hi cohorts treated_states treated_units
  NA NA    NA    NA       0              0             0

== synthdid.b_black_white.r2 (balanced): no estimable cohort
  e att se ci_lo ci_hi cohorts treated_states treated_units
 -5  NA NA    NA    NA       0              0             0
 -4  NA NA    NA    NA       0              0             0
 -3  NA NA    NA    NA       0              0             0
 -2  NA NA    NA    NA       0              0             0
 -1  NA NA    NA    NA       0              0             0
  0  NA NA    NA    NA       0              0             0
  1  NA NA    NA    NA       0              0             0
  2  NA NA    NA    NA       0              0             0
  3  NA NA    NA    NA       0              0             0
  4  NA NA    NA    NA       0              0             0
  5  NA NA    NA    NA       0              0             0
  6  NA NA    NA    NA       0              0             0
  7  NA NA    NA    NA       0              0             0
  8  NA NA    NA    NA       0              0             0
overall post-reform average:
 att se ci_lo ci_hi cohorts treated_states treated_units
  NA NA    NA    NA       0              0             0

== stacked.b_black_white.r2 (balanced): no estimable cohort
  e att se ci_lo ci_hi cohorts treated_states treated_units
 -5  NA NA    NA    NA       0              0             0
 -4  NA NA    NA    NA       0              0             0
 -3  NA NA    NA    NA       0              0             0
 -2  NA NA    NA    NA       0              0             0
 -1  NA NA    NA    NA       0              0             0
  0  NA NA    NA    NA       0              0             0
  1  NA NA    NA    NA       0              0             0
  2  NA NA    NA    NA       0              0             0
  3  NA NA    NA    NA       0              0             0
  4  NA NA    NA    NA       0              0             0
  5  NA NA    NA    NA       0              0             0
  6  NA NA    NA    NA       0              0             0
  7  NA NA    NA    NA       0              0             0
  8  NA NA    NA    NA       0              0             0
overall post-reform average:
 att se ci_lo ci_hi cohorts treated_states treated_units
  NA NA    NA    NA       0              0             0

== twfe.b_black_white.r2 (balanced): no estimable cohort
  e att se ci_lo ci_hi cohorts treated_states treated_units
 -5  NA NA    NA    NA       0              0             0
 -4  NA NA    NA    NA       0              0             0
 -3  NA NA    NA    NA       0              0             0
 -2  NA NA    NA    NA       0              0             0
 -1  NA NA    NA    NA       0              0             0
  0  NA NA    NA    NA       0              0             0
  1  NA NA    NA    NA       0              0             0
  2  NA NA    NA    NA       0              0             0
  3  NA NA    NA    NA       0              0             0
  4  NA NA    NA    NA       0              0             0
  5  NA NA    NA    NA       0              0             0
  6  NA NA    NA    NA       0              0             0
  7  NA NA    NA    NA       0              0             0
  8  NA NA    NA    NA       0              0             0
overall post-reform average:
 att se ci_lo ci_hi cohorts treated_states treated_units
  NA NA    NA    NA       0              0             0

== twfe_static.b_black_white.r2 (balanced): no estimable cohort
[1] NA NA NA NA NA NA NA NA
overall post-reform average:
 att se ci_lo ci_hi cohorts treated_states treated_units
  NA NA    NA    NA       0              0             0

== sun_abraham.c_hispanic_white.r2 (balanced): no estimable cohort
  e att se ci_lo ci_hi cohorts treated_states treated_units
 -5  NA NA    NA    NA       0              0             0
 -4  NA NA    NA    NA       0              0             0
 -3  NA NA    NA    NA       0              0             0
 -2  NA NA    NA    NA       0              0             0
 -1  NA NA    NA    NA       0              0             0
  0  NA NA    NA    NA       0              0             0
  1  NA NA    NA    NA       0              0             0
  2  NA NA    NA    NA       0              0             0
  3  NA NA    NA    NA       0              0             0
  4  NA NA    NA    NA       0              0             0
  5  NA NA    NA    NA       0              0             0
  6  NA NA    NA    NA       0              0             0
  7  NA NA    NA    NA       0              0             0
  8  NA NA    NA    NA       0              0             0
overall post-reform average:
 att se ci_lo ci_hi cohorts treated_states treated_units
  NA NA    NA    NA       0              0             0

== imputation.c_hispanic_white.r2 (balanced): no estimable cohort
  e att se ci_lo ci_hi cohorts treated_states treated_units
 -5  NA NA    NA    NA       0              0             0
 -4  NA NA    NA    NA       0              0             0
 -3  NA NA    NA    NA       0              0             0
 -2  NA NA    NA    NA       0              0             0
 -1  NA NA    NA    NA       0              0             0
  0  NA NA    NA    NA       0              0             0
  1  NA NA    NA    NA       0              0             0
  2  NA NA    NA    NA       0              0             0
  3  NA NA    NA    NA       0              0             0
  4  NA NA    NA    NA       0              0             0
  5  NA NA    NA    NA       0              0             0
  6  NA NA    NA    NA       0              0             0
  7  NA NA    NA    NA       0              0             0
  8  NA NA    NA    NA       0              0             0
overall post-reform average:
 att se ci_lo ci_hi cohorts treated_states treated_units
  NA NA    NA    NA       0              0             0

== synthdid.c_hispanic_white.r2 (balanced): no estimable cohort
  e att se ci_lo ci_hi cohorts treated_states treated_units
 -5  NA NA    NA    NA       0              0             0
 -4  NA NA    NA    NA       0              0             0
 -3  NA NA    NA    NA       0              0             0
 -2  NA NA    NA    NA       0              0             0
 -1  NA NA    NA    NA       0              0             0
  0  NA NA    NA    NA       0              0             0
  1  NA NA    NA    NA       0              0             0
  2  NA NA    NA    NA       0              0             0
  3  NA NA    NA    NA       0              0             0
  4  NA NA    NA    NA       0              0             0
  5  NA NA    NA    NA       0              0             0
  6  NA NA    NA    NA       0              0             0
  7  NA NA    NA    NA       0              0             0
  8  NA NA    NA    NA       0              0             0
overall post-reform average:
 att se ci_lo ci_hi cohorts treated_states treated_units
  NA NA    NA    NA       0              0             0

== stacked.c_hispanic_white.r2 (balanced): no estimable cohort
  e att se ci_lo ci_hi cohorts treated_states treated_units
 -5  NA NA    NA    NA       0              0             0
 -4  NA NA    NA    NA       0              0             0
 -3  NA NA    NA    NA       0              0             0
 -2  NA NA    NA    NA       0              0             0
 -1  NA NA    NA    NA       0              0             0
  0  NA NA    NA    NA       0              0             0
  1  NA NA    NA    NA       0              0             0
  2  NA NA    NA    NA       0              0             0
  3  NA NA    NA    NA       0              0             0
  4  NA NA    NA    NA       0              0             0
  5  NA NA    NA    NA       0              0             0
  6  NA NA    NA    NA       0              0             0
  7  NA NA    NA    NA       0              0             0
  8  NA NA    NA    NA       0              0             0
overall post-reform average:
 att se ci_lo ci_hi cohorts treated_states treated_units
  NA NA    NA    NA       0              0             0

== twfe.c_hispanic_white.r2 (balanced): no estimable cohort
  e att se ci_lo ci_hi cohorts treated_states treated_units
 -5  NA NA    NA    NA       0              0             0
 -4  NA NA    NA    NA       0              0             0
 -3  NA NA    NA    NA       0              0             0
 -2  NA NA    NA    NA       0              0             0
 -1  NA NA    NA    NA       0              0             0
  0  NA NA    NA    NA       0              0             0
  1  NA NA    NA    NA       0              0             0
  2  NA NA    NA    NA       0              0             0
  3  NA NA    NA    NA       0              0             0
  4  NA NA    NA    NA       0              0             0
  5  NA NA    NA    NA       0              0             0
  6  NA NA    NA    NA       0              0             0
  7  NA NA    NA    NA       0              0             0
  8  NA NA    NA    NA       0              0             0
overall post-reform average:
 att se ci_lo ci_hi cohorts treated_states treated_units
  NA NA    NA    NA       0              0             0

== twfe_static.c_hispanic_white.r2 (balanced): no estimable cohort
[1] NA NA NA NA NA NA NA NA
overall post-reform average:
 att se ci_lo ci_hi cohorts treated_states treated_units
  NA NA    NA    NA       0              0             0

Wrote outputs/06_secondary/appendix/event_time_estimates.csv, outputs/06_secondary/appendix/overall_estimates.csv, outputs/06_secondary/appendix/group_time_estimates.csv, outputs/06_secondary/appendix/model_status.csv, outputs/06_secondary/appendix/panel_counts.csv, outputs/06_secondary/appendix/synthdid_pooled.csv, outputs/06_secondary/appendix/secondary_models.rds
54 achievement models on the balanced panel (6 estimators, 3 gaps, 3 event set(s)); models that stopped with an error: 0. Status per model: outputs/06_secondary/appendix/model_status.csv
Log: outputs/logs/06_secondary_20260914T211211Z.log
