Step 6 secondary estimators (achievement), run 20260913T165204Z; stage 2; blinding PERMUTED; fixest 0.14.2, didimputation 0.5.1, synthdid 0.0.9
Console: panel sizes only. Cohort counts, estimates and model status: outputs/06_secondary (unbalanced), outputs/06_secondary/appendix (balanced, appendix) and outputs/logs/06_secondary_20260913T165204Z.log
Covariates for the 3255 districts in the gap (b)/(c) file; district-year flags: 205570 district-years (test_replaced, cep); gap (a): state-year test_replaced and CEP share

== Panels (the step 5 unbalanced panels), primary suppression sample, achievement
a_poverty           primary unbalanced    38 states    in 38 states
b_black_white       primary unbalanced  1577 districts in 40 states
c_hispanic_white    primary unbalanced  1901 districts in 39 states
a_poverty           r1      unbalanced    38 states    in 38 states
b_black_white       r1      unbalanced  1577 districts in 40 states
c_hispanic_white    r1      unbalanced  1901 districts in 39 states
a_poverty           r2      unbalanced    43 states    in 43 states
b_black_white       r2      unbalanced  1920 districts in 45 states
c_hispanic_white    r2      unbalanced  2476 districts in 44 states

== unbalanced panel: units, states, cohorts and observations in each model (outputs/06_secondary/panel_counts.csv)
   estimator              gap event_set      panel     unit units_in_model
 sun_abraham        a_poverty   primary unbalanced    state             38
  imputation        a_poverty   primary unbalanced    state             38
    synthdid        a_poverty   primary unbalanced    state             20
     stacked        a_poverty   primary unbalanced    state             38
        twfe        a_poverty   primary unbalanced    state             38
 twfe_static        a_poverty   primary unbalanced    state             38
 sun_abraham    b_black_white   primary unbalanced district           1577
  imputation    b_black_white   primary unbalanced district           1577
    synthdid    b_black_white   primary unbalanced    state             15
     stacked    b_black_white   primary unbalanced district           1577
        twfe    b_black_white   primary unbalanced district           1577
 twfe_static    b_black_white   primary unbalanced district           1577
 sun_abraham c_hispanic_white   primary unbalanced district           1901
  imputation c_hispanic_white   primary unbalanced district           1901
    synthdid c_hispanic_white   primary unbalanced    state             18
     stacked c_hispanic_white   primary unbalanced district           1899
        twfe c_hispanic_white   primary unbalanced district           1901
 twfe_static c_hispanic_white   primary unbalanced district           1901
 sun_abraham        a_poverty        r1 unbalanced    state             38
  imputation        a_poverty        r1 unbalanced    state             38
     stacked        a_poverty        r1 unbalanced    state             38
        twfe        a_poverty        r1 unbalanced    state             38
 twfe_static        a_poverty        r1 unbalanced    state             38
 sun_abraham    b_black_white        r1 unbalanced district           1577
  imputation    b_black_white        r1 unbalanced district           1577
     stacked    b_black_white        r1 unbalanced district           1549
        twfe    b_black_white        r1 unbalanced district           1577
 twfe_static    b_black_white        r1 unbalanced district           1577
 sun_abraham c_hispanic_white        r1 unbalanced district           1901
  imputation c_hispanic_white        r1 unbalanced district           1901
     stacked c_hispanic_white        r1 unbalanced district           1744
        twfe c_hispanic_white        r1 unbalanced district           1901
 twfe_static c_hispanic_white        r1 unbalanced district           1901
 sun_abraham        a_poverty        r2 unbalanced    state             43
  imputation        a_poverty        r2 unbalanced    state             43
     stacked        a_poverty        r2 unbalanced    state             43
        twfe        a_poverty        r2 unbalanced    state             43
 twfe_static        a_poverty        r2 unbalanced    state             43
 sun_abraham    b_black_white        r2 unbalanced district           1920
  imputation    b_black_white        r2 unbalanced district           1920
     stacked    b_black_white        r2 unbalanced district           1919
        twfe    b_black_white        r2 unbalanced district           1920
 twfe_static    b_black_white        r2 unbalanced district           1920
 sun_abraham c_hispanic_white        r2 unbalanced district           2476
  imputation c_hispanic_white        r2 unbalanced district           2476
     stacked c_hispanic_white        r2 unbalanced district           2464
        twfe c_hispanic_white        r2 unbalanced district           2476
 twfe_static c_hispanic_white        r2 unbalanced district           2476
 states_in_model cohorts_in_model treated_units control_units   obs
              38                6             6            32   388
              38                6             6            32   388
              20                4             4            16   220
              38                6             6            36  1413
              38                6             6            32   388
              38                6             6            32   388
              40                6           259          1318  9969
              40                6           259          1318 10119
              15                3             3            12   165
              40                6           246          1525 34939
              40                6           259          1318 10119
              40                6           259          1318 10119
              39                6           376          1525 10353
              39                6           376          1525 10658
              18                4             4            14   198
              39                6           373          1776 35494
              39                6           376          1525 10658
              39                6           376          1525 10658
              38                2             2            36   388
              38                2             2            36   388
              38                2             2            36   533
              38                2             2            36   388
              38                2             2            36   388
              40                2            74          1503  9969
              40                2            74          1503 10119
              40                2            69          1480 15085
              40                2            74          1503 10119
              40                2            74          1503 10119
              39                2           163          1738 10353
              39                2           163          1738 10658
              39                2           132          1612 14952
              39                2           163          1738 10658
              39                2           163          1738 10658
              43                2             2            41   441
              43                2             2            41   441
              43                2             2            42   558
              43                2             2            41   441
              43                2             2            41   441
              45                2            40          1880 11786
              45                2            40          1880 11973
              45                2            39          1887 14435
              45                2            40          1880 11973
              45                2            40          1880 11973
              44                2           142          2334 13521
              44                2           142          2334 13883
              44                2           130          2375 16522
              44                2           142          2334 13883
              44                2           142          2334 13883

== sun_abraham.a_poverty.primary (unbalanced): ok
  e          att          se         ci_lo       ci_hi cohorts treated_states
 -5  0.044858786 0.043163205 -0.0397395410  0.12945711       4              4
 -4  0.045044044 0.026636546 -0.0071626265  0.09725071       4              4
 -3 -0.001247581 0.019135614 -0.0387526960  0.03625753       4              4
 -2 -0.024844405 0.008646223 -0.0417906904 -0.00789812       5              5
 -1  0.000000000          NA            NA          NA       6              6
  0 -0.005846583 0.008482928 -0.0224728163  0.01077965       5              5
  1 -0.012993211 0.016813440 -0.0459469473  0.01996052       4              4
  2  0.041433508 0.020997058  0.0002800303  0.08258698       4              4
  3 -0.018907601 0.027876292 -0.0735441298  0.03572893       3              3
  4  0.013508182 0.038623962 -0.0621933915  0.08920976       2              2
  5  0.165978367 0.040970237  0.0856781781  0.24627856       2              2
  6  0.049979307 0.043336660 -0.0349589852  0.13491760       2              2
  7  0.190707172 0.039272113  0.1137352455  0.26767910       1              1
  8  0.038956040 0.036793343 -0.0331575882  0.11106967       1              1
 treated_units
             4
             4
             4
             5
             6
             5
             4
             4
             3
             2
             2
             2
             1
             1
overall post-reform average:
        att         se      ci_lo      ci_hi cohorts treated_states
 0.05142391 0.02055566 0.01113556 0.09171226       6              6
 treated_units
             6

== imputation.a_poverty.primary (unbalanced): ok
  e          att         se       ci_lo       ci_hi cohorts treated_states
 -5  0.059064555 0.05334630 -0.04549228 0.163621386       4              4
 -4  0.061086399 0.04480654 -0.02673281 0.148905610       4              4
 -3  0.014952291 0.04884601 -0.08078412 0.110688704       4              4
 -2 -0.013932852 0.05250013 -0.11683122 0.088965513       5              5
 -1  0.000000000         NA          NA          NA       6              6
  0  0.014072533 0.01536602 -0.01604432 0.044189385       5              5
  1 -0.024118527 0.01636575 -0.05619480 0.007957748       4              4
  2  0.049993131 0.01706084  0.01655450 0.083431764       4              4
  3 -0.010316353 0.02355673 -0.05648669 0.035853980       3              3
  4  0.001094087 0.03135120 -0.06035313 0.062541308       2              2
  5  0.155102672 0.03330091  0.08983409 0.220371256       2              2
  6  0.043522755 0.03598315 -0.02700293 0.114048442       2              2
  7  0.188570879 0.03134658  0.12713271 0.250009044       1              1
  8  0.031141142 0.03057610 -0.02878691 0.091069197       1              1
 treated_units
             4
             4
             4
             5
             6
             5
             4
             4
             3
             2
             2
             2
             1
             1
overall post-reform average:
        att         se       ci_lo      ci_hi cohorts treated_states
 0.04989581 0.02118677 0.008370515 0.09142111       6              6
 treated_units
             6

== synthdid.a_poverty.primary (unbalanced): ok
notes: 18 of 38 state(s) without a state-year mean in every window year left out
  e         att         se         ci_lo      ci_hi cohorts treated_states
 -5          NA         NA            NA         NA       0              0
 -4          NA         NA            NA         NA       0              0
 -3          NA         NA            NA         NA       0              0
 -2          NA         NA            NA         NA       0              0
 -1          NA         NA            NA         NA       0              0
  0 -0.02011665 0.05392142 -0.1258006883 0.08556739       3              3
  1  0.03170365 0.08290045 -0.1307782479 0.19418554       3              3
  2  0.05616053 0.12655039 -0.1918736834 0.30419475       2              2
  3  0.05247081 0.15829321 -0.2577781767 0.36271980       2              2
  4  0.15371662 0.23443499 -0.3057675170 0.61320076       1              1
  5  0.41041466 0.20948099 -0.0001605424 0.82098986       1              1
  6 -0.11262708 0.23202585 -0.5673893834 0.34213523       1              1
  7  0.20530776 0.19390232 -0.1747337991 0.58534931       1              1
  8          NA         NA            NA         NA       0              0
 treated_units
             0
             0
             0
             0
             0
             3
             3
             2
             2
             1
             1
             1
             1
             0
overall post-reform average:
        att        se      ci_lo     ci_hi cohorts treated_states treated_units
 0.09712879 0.1327197 -0.1629971 0.3572547       4              4             4
synthdid pooled ATT:
        att        se     ci_lo     ci_hi cohorts treated_states
 0.04183565 0.1034104 -0.160845 0.2445163       4              4

== stacked.a_poverty.primary (unbalanced): ok
  e          att         se       ci_lo      ci_hi cohorts treated_states
 -5  0.010415089 0.07196630 -0.13063627 0.15146645       4              4
 -4  0.020328017 0.06082357 -0.09888398 0.13954001       4              4
 -3 -0.024944680 0.04822623 -0.11946636 0.06957700       4              4
 -2 -0.063985366 0.04494614 -0.15207819 0.02410745       5              5
 -1  0.000000000         NA          NA         NA       6              6
  0  0.021678441 0.04005354 -0.05682506 0.10018194       5              5
  1 -0.022224782 0.03733746 -0.09540486 0.05095529       4              4
  2  0.072415525 0.08188902 -0.08808400 0.23291505       4              4
  3  0.008884762 0.07839014 -0.14475709 0.16252661       3              3
  4  0.045296883 0.08225603 -0.11592198 0.20651575       2              2
  5  0.200210327 0.19437611 -0.18075985 0.58118051       2              2
  6           NA         NA          NA         NA       0              0
  7           NA         NA          NA         NA       0              0
  8           NA         NA          NA         NA       0              0
 treated_units
             4
             4
             4
             5
             6
             5
             4
             4
             3
             2
             2
             0
             0
             0
overall post-reform average:
        att         se       ci_lo     ci_hi cohorts treated_states
 0.05437686 0.07373872 -0.09014838 0.1989021       6              6
 treated_units
             6

== twfe.a_poverty.primary (unbalanced): ok
  e          att         se       ci_lo      ci_hi cohorts treated_states
 -5  0.026832739 0.07323925 -0.11671355 0.17037902       4              4
 -4  0.027564372 0.06036875 -0.09075621 0.14588496       4              4
 -3 -0.025624412 0.04914330 -0.12194352 0.07069469       4              4
 -2 -0.055284219 0.04957606 -0.15245151 0.04188307       5              5
 -1  0.000000000         NA          NA         NA       6              6
  0  0.020369689 0.04545419 -0.06871889 0.10945827       5              5
  1 -0.008931084 0.04115330 -0.08959007 0.07172791       4              4
  2  0.070794219 0.08329270 -0.09245647 0.23404491       4              4
  3  0.019060655 0.08037023 -0.13846210 0.17658341       3              3
  4  0.054129639 0.08963972 -0.12156099 0.22982026       2              2
  5  0.199996338 0.19163464 -0.17560065 0.57559333       2              2
  6  0.089743158 0.13040719 -0.16585024 0.34533656       2              2
  7  0.137397580 0.05122677  0.03699495 0.23780021       1              1
  8  0.182793924 0.05578922  0.07344906 0.29213879       1              1
 treated_units
             4
             4
             4
             5
             6
             5
             4
             4
             3
             2
             2
             2
             1
             1
overall post-reform average:
        att         se       ci_lo     ci_hi cohorts treated_states
 0.08503935 0.05233504 -0.01753544 0.1876141       6              6
 treated_units
             6

== twfe_static.a_poverty.primary (unbalanced): ok
[1] NA NA NA NA NA NA NA NA
overall post-reform average:
        att       se       ci_lo     ci_hi cohorts treated_states treated_units
 0.05103331 0.037622 -0.02270445 0.1247711       6              6             6

== sun_abraham.b_black_white.primary (unbalanced): ok
notes: NOTE: 150/0 fixed-effect singletons were removed (150 observations).
  e          att          se       ci_lo       ci_hi cohorts treated_states
 -5  0.032844961 0.031499352 -0.02889263  0.09458256       4              4
 -4  0.013763993 0.018672445 -0.02283333  0.05036131       4              4
 -3  0.013751100 0.018414793 -0.02234123  0.04984343       4              4
 -2  0.063003518 0.009469800  0.04444305  0.08156398       5              5
 -1  0.000000000          NA          NA          NA       6              6
  0 -0.029117231 0.009801441 -0.04832770 -0.00990676       5              5
  1 -0.003588197 0.018093548 -0.03905090  0.03187451       4              4
  2 -0.007939919 0.018440384 -0.04408241  0.02820257       4              4
  3 -0.003997615 0.019271550 -0.04176916  0.03377393       2              2
  4 -0.047573623 0.033838835 -0.11389652  0.01874927       1              1
  5 -0.144315106 0.035055519 -0.21302266 -0.07560755       2              2
  6 -0.157866927 0.028326135 -0.21338513 -0.10234872       2              2
  7 -0.120929075 0.026697143 -0.17325451 -0.06860364       1              1
  8 -0.116498562 0.045176092 -0.20504208 -0.02795505       1              1
 treated_units
           137
           118
            98
           143
           188
           159
           101
            71
            33
            22
            22
            21
             5
            18
overall post-reform average:
         att         se      ci_lo       ci_hi cohorts treated_states
 -0.07020292 0.01575405 -0.1010803 -0.03932555       6              6
 treated_units
           177

== imputation.b_black_white.primary (unbalanced): ok
notes: 4 treated unit(s) without an untreated observation left out of the imputed estimands
  e         att          se       ci_lo        ci_hi cohorts treated_states
 -5  0.05358047 0.038388971 -0.02166054  0.128821467       4              4
 -4  0.02674606 0.038040012 -0.04781099  0.101303118       4              4
 -3  0.03753440 0.067858487 -0.09546579  0.170534588       4              4
 -2  0.07350840 0.086770509 -0.09655868  0.243575468       5              5
 -1  0.00000000          NA          NA           NA       6              6
  0 -0.04225058 0.011234412 -0.06426963 -0.020231539       5              5
  1 -0.03712680 0.009731227 -0.05619966 -0.018053948       4              4
  2 -0.01387727 0.013934385 -0.04118816  0.013433625       4              4
  3 -0.02135465 0.015903425 -0.05252479  0.009815491       2              2
  4 -0.04339831 0.024823290 -0.09205106  0.005254449       1              1
  5 -0.14538921 0.033613657 -0.21127077 -0.079507655       2              2
  6 -0.14258653 0.025147738 -0.19187519 -0.093297870       2              2
  7 -0.17494034 0.021741305 -0.21755251 -0.132328162       1              1
  8 -0.10818624 0.044928610 -0.19624470 -0.020127780       1              1
 treated_units
           137
           118
            98
           143
           188
           159
           101
            71
            33
            22
            22
            21
             5
            18
overall post-reform average:
         att         se      ci_lo      ci_hi cohorts treated_states
 -0.08101221 0.01571922 -0.1118213 -0.0502031       6              6
 treated_units
           177

== synthdid.b_black_white.primary (unbalanced): ok
notes: 25 of 40 state(s) without a state-year mean in every window year left out
  e          att         se      ci_lo     ci_hi cohorts treated_states
 -5           NA         NA         NA        NA       0              0
 -4           NA         NA         NA        NA       0              0
 -3           NA         NA         NA        NA       0              0
 -2           NA         NA         NA        NA       0              0
 -1           NA         NA         NA        NA       0              0
  0 -0.006409818 0.07988593 -0.1629834 0.1501637       2              2
  1 -0.030291685 0.10313252 -0.2324277 0.1718443       2              2
  2  0.013965125 0.15969687 -0.2990350 0.3269652       1              1
  3  0.180772530 0.14821025 -0.1097142 0.4712593       1              1
  4           NA         NA         NA        NA       0              0
  5           NA         NA         NA        NA       0              0
  6           NA         NA         NA        NA       0              0
  7           NA         NA         NA        NA       0              0
  8           NA         NA         NA        NA       0              0
 treated_units
             0
             0
             0
             0
             0
             2
             2
             1
             1
             0
             0
             0
             0
             0
overall post-reform average:
        att         se      ci_lo    ci_hi cohorts treated_states treated_units
 0.03950904 0.08036522 -0.1180039 0.197022       3              3             3
synthdid pooled ATT:
        att         se      ci_lo    ci_hi cohorts treated_states
 0.02022244 0.07502615 -0.1268261 0.167271       3              3

== stacked.b_black_white.primary (unbalanced): ok
notes: NOTE: 1,021/0 fixed-effect singletons were removed (1,021 observations).
  e          att         se       ci_lo        ci_hi cohorts treated_states
 -5  0.023321137 0.05117186 -0.07697386  0.123616131       4              4
 -4  0.009786461 0.04107609 -0.07072119  0.090294114       4              4
 -3  0.040180257 0.07411959 -0.10509148  0.185451990       4              4
 -2  0.058135954 0.09190256 -0.12198976  0.238261670       5              5
 -1  0.000000000         NA          NA           NA       6              6
  0 -0.034394682 0.01983561 -0.07327176  0.004482392       5              5
  1 -0.030016620 0.02163653 -0.07242343  0.012390192       4              4
  2  0.005326733 0.02937034 -0.05223808  0.062891545       4              4
  3 -0.012645167 0.04130818 -0.09360771  0.068317374       2              2
  4 -0.003619617 0.03075899 -0.06390613  0.056666895       1              1
  5 -0.107719936 0.03885929 -0.18388274 -0.031557131       2              2
  6           NA         NA          NA           NA       0              0
  7           NA         NA          NA           NA       0              0
  8           NA         NA          NA           NA       0              0
 treated_units
           137
           118
            98
           143
           188
           159
           101
            71
            33
            22
            22
             0
             0
             0
overall post-reform average:
         att         se       ci_lo      ci_hi cohorts treated_states
 -0.03051155 0.02272201 -0.07504586 0.01402277       6              6
 treated_units
           177

== twfe.b_black_white.primary (unbalanced): ok
notes: NOTE: 150/0 fixed-effect singletons were removed (150 observations).
  e          att         se       ci_lo        ci_hi cohorts treated_states
 -5  0.022873858 0.04702708 -0.06929752  0.115045235       4              4
 -4  0.000131397 0.03584024 -0.07011418  0.070376970       4              4
 -3  0.017801311 0.06816940 -0.11580826  0.151410878       4              4
 -2  0.061211233 0.08819377 -0.11164538  0.234067850       5              5
 -1  0.000000000         NA          NA           NA       6              6
  0 -0.031691347 0.01677333 -0.06456647  0.001183775       5              5
  1 -0.023876425 0.02549736 -0.07385034  0.026097486       4              4
  2  0.006523312 0.02595910 -0.04435559  0.057402216       4              4
  3 -0.016656098 0.03501190 -0.08527816  0.051965965       2              2
  4 -0.020560690 0.03526594 -0.08968066  0.048559280       1              1
  5 -0.113228568 0.04451698 -0.20048025 -0.025976885       2              2
  6 -0.111051721 0.07801256 -0.26395352  0.041850077       2              2
  7 -0.092329010 0.03444045 -0.15983105 -0.024826968       1              1
  8 -0.084472687 0.05010494 -0.18267657  0.013731195       1              1
 treated_units
           137
           118
            98
           143
           188
           159
           101
            71
            33
            22
            22
            21
             5
            18
overall post-reform average:
         att         se      ci_lo       ci_hi cohorts treated_states
 -0.05414925 0.02666214 -0.1064061 -0.00189242       6              6
 treated_units
           177

== twfe_static.b_black_white.primary (unbalanced): ok
notes: NOTE: 150/0 fixed-effect singletons were removed (150 observations).
[1] NA NA NA NA NA NA NA NA
overall post-reform average:
         att         se       ci_lo      ci_hi cohorts treated_states
 -0.02767859 0.02172355 -0.07025597 0.01489878       6              6
 treated_units
           177

== sun_abraham.c_hispanic_white.primary (unbalanced): ok
notes: NOTE: 305/0 fixed-effect singletons were removed (305 observations).
  e          att          se        ci_lo        ci_hi cohorts treated_states
 -5  0.029644245 0.019295478 -0.008174198  0.067462688       4              4
 -4  0.012565503 0.017939590 -0.022595447  0.047726454       4              4
 -3  0.076316222 0.012652701  0.051517384  0.101115059       4              4
 -2  0.086852640 0.006082707  0.074930753  0.098774528       5              5
 -1  0.000000000          NA           NA           NA       6              6
  0 -0.012607553 0.008106044 -0.028495106  0.003280001       5              5
  1  0.009222247 0.010044976 -0.010465544  0.028910039       4              4
  2 -0.018342167 0.007096244 -0.032250549 -0.004433784       4              4
  3  0.044000474 0.016898274  0.010880466  0.077120482       3              3
  4  0.006817738 0.018610446 -0.029658066  0.043293542       2              2
  5 -0.172319689 0.021934242 -0.215310014 -0.129329365       2              2
  6 -0.087122875 0.013195165 -0.112984923 -0.061260827       2              2
  7 -0.115276185 0.015713182 -0.146073456 -0.084478914       1              1
  8 -0.238920097 0.038320634 -0.314027159 -0.163813035       1              1
 treated_units
           158
           154
           134
           220
           300
           258
           188
           140
            60
            24
            25
            38
            20
            12
overall post-reform average:
         att         se       ci_lo       ci_hi cohorts treated_states
 -0.06494979 0.01126073 -0.08702041 -0.04287917       6              6
 treated_units
           299

== imputation.c_hispanic_white.primary (unbalanced): ok
notes: 35 treated unit(s) without an untreated observation left out of the imputed estimands
  e          att          se        ci_lo       ci_hi cohorts treated_states
 -5 -0.003094226 0.024517245 -0.051147143  0.04495869       4              4
 -4 -0.016932948 0.016697240 -0.049658938  0.01579304       4              4
 -3  0.053346648 0.028132245 -0.001791539  0.10848484       4              4
 -2  0.068192143 0.061790311 -0.052914641  0.18929893       5              5
 -1  0.000000000          NA           NA          NA       6              6
  0 -0.035541984 0.010176634 -0.055487820 -0.01559615       5              5
  1 -0.031942082 0.008611236 -0.048819794 -0.01506437       4              4
  2 -0.038018378 0.006408731 -0.050579260 -0.02545750       4              4
  3 -0.002298001 0.015093006 -0.031879748  0.02728375       3              3
  4 -0.044144622 0.016752261 -0.076978450 -0.01131079       2              2
  5 -0.215312576 0.016104126 -0.246876083 -0.18374907       2              2
  6 -0.117623150 0.010551679 -0.138304062 -0.09694224       2              2
  7 -0.148515992 0.013856485 -0.175674204 -0.12135778       1              1
  8 -0.268124939 0.039378869 -0.345306104 -0.19094377       1              1
 treated_units
           158
           154
           134
           220
           300
           258
           188
           140
            60
            24
            25
            38
            20
            12
overall post-reform average:
        att          se      ci_lo       ci_hi cohorts treated_states
 -0.1001691 0.009546724 -0.1188803 -0.08145784       6              6
 treated_units
           299

== synthdid.c_hispanic_white.primary (unbalanced): ok
notes: 21 of 39 state(s) without a state-year mean in every window year left out
  e         att         se      ci_lo      ci_hi cohorts treated_states
 -5          NA         NA         NA         NA       0              0
 -4          NA         NA         NA         NA       0              0
 -3          NA         NA         NA         NA       0              0
 -2          NA         NA         NA         NA       0              0
 -1          NA         NA         NA         NA       0              0
  0 -0.04330452 0.05361927 -0.1483964 0.06178733       3              3
  1 -0.10400470 0.08827595 -0.2770224 0.06901298       3              3
  2 -0.04267500 0.12696217 -0.2915163 0.20616629       2              2
  3 -0.06686934 0.09070760 -0.2446530 0.11091428       2              2
  4 -0.06993820 0.10543810 -0.2765931 0.13671668       1              1
  5 -0.22844986 0.11918811 -0.4620543 0.00515454       1              1
  6 -0.06459048 0.11479627 -0.2895870 0.16040608       1              1
  7 -0.04852492 0.11039059 -0.2648865 0.16783667       1              1
  8          NA         NA         NA         NA       0              0
 treated_units
             0
             0
             0
             0
             0
             3
             3
             2
             2
             1
             1
             1
             1
             0
overall post-reform average:
         att         se      ci_lo      ci_hi cohorts treated_states
 -0.08354463 0.05966858 -0.2004929 0.03340363       4              4
 treated_units
             4
synthdid pooled ATT:
         att         se      ci_lo      ci_hi cohorts treated_states
 -0.09013871 0.05625197 -0.2003905 0.02011312       4              4

== stacked.c_hispanic_white.primary (unbalanced): ok
notes: NOTE: 1,763/0 fixed-effect singletons were removed (1,763 observations).
  e           att         se       ci_lo       ci_hi cohorts treated_states
 -5  0.0222398955 0.03365548 -0.04372363  0.08820342       4              4
 -4 -0.0001743085 0.02015922 -0.03968566  0.03933704       4              4
 -3  0.0739343774 0.02914539  0.01681047  0.13105829       4              4
 -2  0.1006867014 0.05804079 -0.01307116  0.21444456       5              5
 -1  0.0000000000         NA          NA          NA       6              6
  0 -0.0109930149 0.01899669 -0.04822583  0.02623980       5              5
  1  0.0020105449 0.01953703 -0.03628132  0.04030241       4              4
  2  0.0027135378 0.03756486 -0.07091223  0.07633930       4              4
  3 -0.0076990790 0.02289514 -0.05257273  0.03717458       3              3
  4 -0.0318647139 0.03128816 -0.09318838  0.02945895       2              2
  5 -0.1848589511 0.04349955 -0.27011651 -0.09960139       2              2
  6            NA         NA          NA          NA       0              0
  7            NA         NA          NA          NA       0              0
  8            NA         NA          NA          NA       0              0
 treated_units
           158
           154
           134
           220
           300
           258
           188
           140
            60
            24
            25
             0
             0
             0
overall post-reform average:
         att         se       ci_lo       ci_hi cohorts treated_states
 -0.03844861 0.01442738 -0.06672577 -0.01017146       6              6
 treated_units
           297

== twfe.c_hispanic_white.primary (unbalanced): ok
notes: NOTE: 305/0 fixed-effect singletons were removed (305 observations).
  e           att         se       ci_lo        ci_hi cohorts treated_states
 -5  0.0163544389 0.03601754 -0.05423865  0.086947526       4              4
 -4  0.0008757152 0.02052393 -0.03935044  0.041101874       4              4
 -3  0.0722943067 0.02474740  0.02379029  0.120798321       4              4
 -2  0.0920629545 0.05304481 -0.01190296  0.196028872       5              5
 -1  0.0000000000         NA          NA           NA       6              6
  0 -0.0068796721 0.01839046 -0.04292430  0.029164958       5              5
  1  0.0026247018 0.02176814 -0.04004006  0.045289463       4              4
  2  0.0018413017 0.03550000 -0.06773741  0.071420016       4              4
  3  0.0096401175 0.02359494 -0.03660512  0.055885355       3              3
  4 -0.0151125175 0.03268072 -0.07916556  0.048940524       2              2
  5 -0.1781287816 0.04702476 -0.27029562 -0.085961944       2              2
  6 -0.0711662830 0.03242086 -0.13471001 -0.007622556       2              2
  7 -0.0875107881 0.02246912 -0.13154945 -0.043472131       1              1
  8 -0.2545815059 0.03086390 -0.31507364 -0.194089371       1              1
 treated_units
           158
           154
           134
           220
           300
           258
           188
           140
            60
            24
            25
            38
            20
            12
overall post-reform average:
         att         se       ci_lo       ci_hi cohorts treated_states
 -0.06658594 0.01647356 -0.09887353 -0.03429834       6              6
 treated_units
           299

== twfe_static.c_hispanic_white.primary (unbalanced): ok
notes: NOTE: 305/0 fixed-effect singletons were removed (305 observations).
[1] NA NA NA NA NA NA NA NA
overall post-reform average:
         att        se       ci_lo       ci_hi cohorts treated_states
 -0.03446544 0.0198378 -0.07334682 0.004415936       6              6
 treated_units
           299

== sun_abraham.a_poverty.r1 (unbalanced): ok
  e          att         se       ci_lo       ci_hi cohorts treated_states
 -5           NA         NA          NA          NA       0              0
 -4           NA         NA          NA          NA       0              0
 -3           NA         NA          NA          NA       0              0
 -2 -0.002506181 0.01586104 -0.03359324  0.02858088       1              1
 -1  0.000000000         NA          NA          NA       2              2
  0 -0.039097844 0.02802496 -0.09402576  0.01583007       2              2
  1  0.029427203 0.03219391 -0.03367170  0.09252611       2              2
  2  0.023565151 0.03744035 -0.04981659  0.09694689       2              2
  3  0.158444282 0.05324572  0.05408459  0.26280397       1              1
  4  0.211812731 0.04857773  0.11660212  0.30702334       1              1
  5  0.208029732 0.04616343  0.11755107  0.29850839       1              1
  6 -0.017256480 0.03777068 -0.09128566  0.05677270       2              2
  7 -0.104402690 0.03914476 -0.18112500 -0.02768038       2              2
  8 -0.030255611 0.04079434 -0.11021105  0.04969982       1              1
 treated_units
             0
             0
             0
             1
             2
             2
             2
             2
             1
             1
             1
             2
             2
             1
overall post-reform average:
       att         se       ci_lo     ci_hi cohorts treated_states
 0.0489185 0.03284339 -0.01545336 0.1132904       2              2
 treated_units
             2

== imputation.a_poverty.r1 (unbalanced): ok
  e          att         se       ci_lo       ci_hi cohorts treated_states
 -5           NA         NA          NA          NA       0              0
 -4           NA         NA          NA          NA       0              0
 -3           NA         NA          NA          NA       0              0
 -2 -0.002506181 0.01555062 -0.03298483  0.02797246       1              1
 -1  0.000000000         NA          NA          NA       2              2
  0 -0.038509721 0.02837109 -0.09411603  0.01709659       2              2
  1  0.030032196 0.03193508 -0.03255941  0.09262380       2              2
  2  0.024170367 0.03694372 -0.04823799  0.09657873       2              2
  3  0.158405689 0.05050947  0.05940895  0.25740243       1              1
  4  0.211772542 0.04605663  0.12150321  0.30204188       1              1
  5  0.207990383 0.04377158  0.12219965  0.29378111       1              1
  6 -0.016650148 0.03676260 -0.08870352  0.05540323       2              2
  7 -0.103797791 0.03832242 -0.17890835 -0.02868724       2              2
  8 -0.030294733 0.03867186 -0.10609019  0.04550073       1              1
 treated_units
             0
             0
             0
             1
             2
             2
             2
             2
             1
             1
             1
             2
             2
             1
overall post-reform average:
        att         se       ci_lo     ci_hi cohorts treated_states
 0.04923542 0.03211915 -0.01371695 0.1121878       2              2
 treated_units
             2

== synthdid.a_poverty.r1 (unbalanced): no cohort with 2 pre-reform years
notes: 18 of 38 state(s) without a state-year mean in every window year left out | 1 of 1 cohort(s) left out: fewer than 2 pre-reform years (synthdid's noise level needs them)
  e att se ci_lo ci_hi cohorts treated_states treated_units
 -5  NA NA    NA    NA       0              0             0
 -4  NA NA    NA    NA       0              0             0
 -3  NA NA    NA    NA       0              0             0
 -2  NA NA    NA    NA       0              0             0
 -1  NA NA    NA    NA       0              0             0
  0  NA NA    NA    NA       0              0             0
  1  NA NA    NA    NA       0              0             0
  2  NA NA    NA    NA       0              0             0
  3  NA NA    NA    NA       0              0             0
  4  NA NA    NA    NA       0              0             0
  5  NA NA    NA    NA       0              0             0
  6  NA NA    NA    NA       0              0             0
  7  NA NA    NA    NA       0              0             0
  8  NA NA    NA    NA       0              0             0
overall post-reform average:
 att se ci_lo ci_hi cohorts treated_states treated_units
  NA NA    NA    NA       0              0             0

== stacked.a_poverty.r1 (unbalanced): ok
  e         att         se       ci_lo       ci_hi cohorts treated_states
 -5          NA         NA          NA          NA       0              0
 -4          NA         NA          NA          NA       0              0
 -3          NA         NA          NA          NA       0              0
 -2 -0.02418610 0.01732674 -0.05814589 0.009773683       1              1
 -1  0.00000000         NA          NA          NA       2              2
  0 -0.02499791 0.03706964 -0.09765307 0.047657238       2              2
  1  0.04511000 0.05883468 -0.07020384 0.160423846       2              2
  2  0.03759742 0.04507071 -0.05073956 0.125934392       2              2
  3  0.18932095 0.06057778  0.07059069 0.308051214       1              1
  4  0.25182340 0.04124543  0.17098385 0.332662956       1              1
  5  0.24234187 0.03913112  0.16564629 0.319037461       1              1
  6          NA         NA          NA          NA       0              0
  7          NA         NA          NA          NA       0              0
  8          NA         NA          NA          NA       0              0
 treated_units
             0
             0
             0
             1
             2
             2
             2
             2
             1
             1
             1
             0
             0
             0
overall post-reform average:
       att        se      ci_lo     ci_hi cohorts treated_states treated_units
 0.1235326 0.0369263 0.05115841 0.1959068       2              2             2

== twfe.a_poverty.r1 (unbalanced): ok
  e         att         se        ci_lo      ci_hi cohorts treated_states
 -5          NA         NA           NA         NA       0              0
 -4          NA         NA           NA         NA       0              0
 -3          NA         NA           NA         NA       0              0
 -2  0.03106540 0.02692738 -0.021711284 0.08384209       1              1
 -1  0.00000000         NA           NA         NA       2              2
  0 -0.03718835 0.03799241 -0.111652099 0.03727540       2              2
  1  0.02926947 0.06050105 -0.089310402 0.14784934       2              2
  2  0.02275205 0.04162844 -0.058838203 0.10434230       2              2
  3  0.12519327 0.05971973  0.008144754 0.24224179       1              1
  4  0.17935825 0.05231891  0.076815076 0.28190142       1              1
  5  0.17472777 0.05007184  0.076588762 0.27286678       1              1
  6 -0.01935024 0.10448973 -0.224146341 0.18544587       2              2
  7 -0.10238223 0.11734601 -0.332376178 0.12761171       2              2
  8 -0.06015481 0.04655876 -0.151408307 0.03109868       1              1
 treated_units
             0
             0
             0
             1
             2
             2
             2
             2
             1
             1
             1
             2
             2
             1
overall post-reform average:
        att         se       ci_lo     ci_hi cohorts treated_states
 0.03469169 0.04231519 -0.04824456 0.1176279       2              2
 treated_units
             2

== twfe_static.a_poverty.r1 (unbalanced): ok
[1] NA NA NA NA NA NA NA NA
overall post-reform average:
        att         se      ci_lo      ci_hi cohorts treated_states
 -0.0104152 0.05451756 -0.1172676 0.09643726       2              2
 treated_units
             2

== sun_abraham.b_black_white.r1 (unbalanced): ok
notes: NOTE: 150/0 fixed-effect singletons were removed (150 observations).
  e          att         se        ci_lo      ci_hi cohorts treated_states
 -5           NA         NA           NA         NA       0              0
 -4           NA         NA           NA         NA       0              0
 -3           NA         NA           NA         NA       0              0
 -2  0.072707066 0.01271491  0.047786303 0.09762783       1              1
 -1  0.000000000         NA           NA         NA       2              2
  0 -0.007181367 0.02604664 -0.058231847 0.04386911       2              2
  1  0.045725110 0.03203815 -0.017068513 0.10851873       2              2
  2  0.098207708 0.03339216  0.032760275 0.16365514       2              2
  3  0.153977611 0.02703426  0.100991428 0.20696380       1              1
  4 -0.012055392 0.03304504 -0.076822485 0.05271170       1              1
  5  0.105418022 0.03794657  0.031044113 0.17979193       1              1
  6  0.050367437 0.02067116  0.009852705 0.09088217       2              2
  7  0.027122286 0.02897278 -0.029663321 0.08390789       2              2
  8  0.031200692 0.02735404 -0.022412239 0.08481362       1              1
 treated_units
             0
             0
             0
            28
            51
            57
            38
             8
             9
             8
             1
            27
            28
            31
overall post-reform average:
        att         se       ci_lo     ci_hi cohorts treated_states
 0.05475357 0.02372405 0.008255282 0.1012519       2              2
 treated_units
            68

== imputation.b_black_white.r1 (unbalanced): ok
notes: 16 treated unit(s) without an untreated observation left out of the imputed estimands
  e           att         se        ci_lo      ci_hi cohorts treated_states
 -5            NA         NA           NA         NA       0              0
 -4            NA         NA           NA         NA       0              0
 -3            NA         NA           NA         NA       0              0
 -2  0.0810559668 0.01242319  0.056706952 0.10540498       1              1
 -1  0.0000000000         NA           NA         NA       2              2
  0 -0.0212242069 0.02696695 -0.074078457 0.03163004       2              2
  1  0.0569148979 0.03206750 -0.005936246 0.11976604       2              2
  2  0.1031068165 0.03150153  0.041364955 0.16484868       2              2
  3  0.2220084694 0.02725798  0.168583810 0.27543313       1              1
  4  0.0992680391 0.02642442  0.047477123 0.15105895       1              1
  5            NA         NA           NA         NA       0              0
  6 -0.0007689409 0.02137078 -0.042654906 0.04111702       2              2
  7 -0.0087539250 0.03030533 -0.068151271 0.05064342       2              2
  8  0.0335930690 0.02847616 -0.022219176 0.08940531       1              1
 treated_units
             0
             0
             0
            28
            51
            57
            38
             8
             9
             8
             0
            27
            28
            31
overall post-reform average:
        att         se      ci_lo     ci_hi cohorts treated_states
 0.06051803 0.02222638 0.01695512 0.1040809       2              2
 treated_units
            68

== synthdid.b_black_white.r1 (unbalanced): no cohort with 2 pre-reform years
notes: 25 of 40 state(s) without a state-year mean in every window year left out | 1 of 1 cohort(s) left out: fewer than 2 pre-reform years (synthdid's noise level needs them)
  e att se ci_lo ci_hi cohorts treated_states treated_units
 -5  NA NA    NA    NA       0              0             0
 -4  NA NA    NA    NA       0              0             0
 -3  NA NA    NA    NA       0              0             0
 -2  NA NA    NA    NA       0              0             0
 -1  NA NA    NA    NA       0              0             0
  0  NA NA    NA    NA       0              0             0
  1  NA NA    NA    NA       0              0             0
  2  NA NA    NA    NA       0              0             0
  3  NA NA    NA    NA       0              0             0
  4  NA NA    NA    NA       0              0             0
  5  NA NA    NA    NA       0              0             0
  6  NA NA    NA    NA       0              0             0
  7  NA NA    NA    NA       0              0             0
  8  NA NA    NA    NA       0              0             0
overall post-reform average:
 att se ci_lo ci_hi cohorts treated_states treated_units
  NA NA    NA    NA       0              0             0

== stacked.b_black_white.r1 (unbalanced): ok
notes: NOTE: 302/0 fixed-effect singletons were removed (302 observations).
  e          att          se         ci_lo      ci_hi cohorts treated_states
 -5           NA          NA            NA         NA       0              0
 -4           NA          NA            NA         NA       0              0
 -3           NA          NA            NA         NA       0              0
 -2  0.075522761 0.009643022  0.0566227850 0.09442274       1              1
 -1  0.000000000          NA            NA         NA       2              2
  0 -0.004101406 0.019704677 -0.0427218628 0.03451905       2              2
  1  0.053682431 0.027842146 -0.0008871736 0.10825204       2              2
  2  0.157056934 0.055061375  0.0491386225 0.26497525       2              2
  3  0.226978908 0.023110107  0.1816839303 0.27227389       1              1
  4  0.069909094 0.028449255  0.0141495790 0.12566861       1              1
  5  0.280291427 0.041314461  0.1993165704 0.36126628       1              1
  6           NA          NA            NA         NA       0              0
  7           NA          NA            NA         NA       0              0
  8           NA          NA            NA         NA       0              0
 treated_units
             0
             0
             0
            28
            51
            57
            38
             8
             9
             8
             1
             0
             0
             0
overall post-reform average:
       att         se      ci_lo     ci_hi cohorts treated_states treated_units
 0.1306362 0.02366227 0.08425904 0.1770134       2              2            62

== twfe.b_black_white.r1 (unbalanced): ok
notes: NOTE: 150/0 fixed-effect singletons were removed (150 observations).
  e          att         se         ci_lo      ci_hi cohorts treated_states
 -5           NA         NA            NA         NA       0              0
 -4           NA         NA            NA         NA       0              0
 -3           NA         NA            NA         NA       0              0
 -2  0.074337444 0.01005055  5.463872e-02 0.09403617       1              1
 -1  0.000000000         NA            NA         NA       2              2
  0 -0.007251018 0.02598005 -5.817098e-02 0.04366895       2              2
  1  0.045439655 0.03648530 -2.607021e-02 0.11694952       2              2
  2  0.090149065 0.04597679  3.620907e-05 0.18026192       2              2
  3  0.154734108 0.02850050  9.887415e-02 0.21059406       1              1
  4 -0.012178128 0.03465041 -8.009169e-02 0.05573544       1              1
  5  0.103948832 0.03963247  2.627061e-02 0.18162705       1              1
  6  0.051948692 0.02766907 -2.281679e-03 0.10617906       2              2
  7  0.035861031 0.03304098 -2.889810e-02 0.10062016       2              2
  8  0.033214028 0.03110176 -2.774431e-02 0.09417236       1              1
 treated_units
             0
             0
             0
            28
            51
            57
            38
             8
             9
             8
             1
            27
            28
            31
overall post-reform average:
        att         se       ci_lo     ci_hi cohorts treated_states
 0.05509625 0.02529353 0.005521849 0.1046707       2              2
 treated_units
            68

== twfe_static.b_black_white.r1 (unbalanced): ok
notes: NOTE: 150/0 fixed-effect singletons were removed (150 observations).
[1] NA NA NA NA NA NA NA NA
overall post-reform average:
         att         se       ci_lo      ci_hi cohorts treated_states
 0.006031676 0.03086151 -0.05445578 0.06651913       2              2
 treated_units
            68

== sun_abraham.c_hispanic_white.r1 (unbalanced): ok
notes: NOTE: 305/0 fixed-effect singletons were removed (305 observations).
  e         att          se        ci_lo       ci_hi cohorts treated_states
 -5          NA          NA           NA          NA       0              0
 -4          NA          NA           NA          NA       0              0
 -3          NA          NA           NA          NA       0              0
 -2 -0.09184088 0.009516354 -0.110492589 -0.07318917       1              1
 -1  0.00000000          NA           NA          NA       2              2
  0  0.03611688 0.015702642  0.005340263  0.06689349       2              2
  1  0.04781391 0.016556294  0.015364173  0.08026365       2              2
  2 -0.01780864 0.015004234 -0.047216398  0.01159912       2              2
  3  0.04310804 0.016009500  0.011729996  0.07448608       1              1
  4  0.10986454 0.021347558  0.068024092  0.15170498       1              1
  5 -0.12313614 0.033790000 -0.189363326 -0.05690896       2              2
  6  0.02040019 0.017423649 -0.013749531  0.05454992       2              2
  7  0.00484994 0.019371694 -0.033117881  0.04281776       2              2
  8 -0.05579744 0.023217604 -0.101303106 -0.01029177       1              1
 treated_units
             0
             0
             0
            62
           111
           121
            54
            20
            14
            16
             9
            71
            69
            50
overall post-reform average:
        att         se       ci_lo      ci_hi cohorts treated_states
 0.00726792 0.01556486 -0.02323864 0.03777448       2              2
 treated_units
           160

== imputation.c_hispanic_white.r1 (unbalanced): ok
notes: 52 treated unit(s) without an untreated observation left out of the imputed estimands
  e         att          se       ci_lo        ci_hi cohorts treated_states
 -5          NA          NA          NA           NA       0              0
 -4          NA          NA          NA           NA       0              0
 -3          NA          NA          NA           NA       0              0
 -2 -0.09094314 0.009219508 -0.10901304 -0.072873235       1              1
 -1  0.00000000          NA          NA           NA       2              2
  0  0.05954111 0.016384802  0.02742749  0.091654734       2              2
  1  0.06775868 0.016157066  0.03609142  0.099425952       2              2
  2  0.06002789 0.014810169  0.03100050  0.089055293       2              2
  3 -0.02501154 0.018498862 -0.06126865  0.011245561       1              1
  4  0.11889999 0.020065966  0.07957142  0.158228564       1              1
  5 -0.02750775 0.038624469 -0.10321032  0.048194815       2              2
  6  0.01607974 0.017144970 -0.01752379  0.049683259       2              2
  7  0.02565272 0.018458921 -0.01052610  0.061831542       2              2
  8 -0.04092924 0.023829922 -0.08763503  0.005776551       1              1
 treated_units
             0
             0
             0
            62
           111
           121
            54
            20
            14
            16
             9
            71
            69
            50
overall post-reform average:
        att         se         ci_lo      ci_hi cohorts treated_states
 0.02827907 0.01480313 -0.0007345327 0.05729267       2              2
 treated_units
           160

== synthdid.c_hispanic_white.r1 (unbalanced): no cohort with 2 pre-reform years
notes: 21 of 39 state(s) without a state-year mean in every window year left out | 1 of 1 cohort(s) left out: fewer than 2 pre-reform years (synthdid's noise level needs them)
  e att se ci_lo ci_hi cohorts treated_states treated_units
 -5  NA NA    NA    NA       0              0             0
 -4  NA NA    NA    NA       0              0             0
 -3  NA NA    NA    NA       0              0             0
 -2  NA NA    NA    NA       0              0             0
 -1  NA NA    NA    NA       0              0             0
  0  NA NA    NA    NA       0              0             0
  1  NA NA    NA    NA       0              0             0
  2  NA NA    NA    NA       0              0             0
  3  NA NA    NA    NA       0              0             0
  4  NA NA    NA    NA       0              0             0
  5  NA NA    NA    NA       0              0             0
  6  NA NA    NA    NA       0              0             0
  7  NA NA    NA    NA       0              0             0
  8  NA NA    NA    NA       0              0             0
overall post-reform average:
 att se ci_lo ci_hi cohorts treated_states treated_units
  NA NA    NA    NA       0              0             0

== stacked.c_hispanic_white.r1 (unbalanced): ok
notes: NOTE: 514/0 fixed-effect singletons were removed (514 observations).
  e           att         se         ci_lo       ci_hi cohorts treated_states
 -5            NA         NA            NA          NA       0              0
 -4            NA         NA            NA          NA       0              0
 -3            NA         NA            NA          NA       0              0
 -2 -0.0800049360 0.01244159 -0.1043900059 -0.05561987       1              1
 -1  0.0000000000         NA            NA          NA       2              2
  0  0.0441448248 0.02293013 -0.0007973947  0.08908704       2              2
  1  0.0413632911 0.01758204  0.0069031174  0.07582346       2              2
  2 -0.0109768069 0.04668674 -0.1024811324  0.08052752       2              2
  3 -0.0006840289 0.02354411 -0.0468296436  0.04546159       1              1
  4  0.0607438123 0.03021593  0.0015216695  0.11996595       1              1
  5 -0.1175405385 0.09062541 -0.2951630854  0.06008201       2              2
  6            NA         NA            NA          NA       0              0
  7            NA         NA            NA          NA       0              0
  8            NA         NA            NA          NA       0              0
 treated_units
             0
             0
             0
            62
           111
           121
            54
            20
            14
            16
             9
             0
             0
             0
overall post-reform average:
         att         se       ci_lo      ci_hi cohorts treated_states
 0.002841759 0.03405337 -0.06390161 0.06958513       2              2
 treated_units
           128

== twfe.c_hispanic_white.r1 (unbalanced): ok
notes: NOTE: 305/0 fixed-effect singletons were removed (305 observations).
  e          att         se         ci_lo       ci_hi cohorts treated_states
 -5           NA         NA            NA          NA       0              0
 -4           NA         NA            NA          NA       0              0
 -3           NA         NA            NA          NA       0              0
 -2 -0.083934516 0.01003528 -0.1036032992 -0.06426573       1              1
 -1  0.000000000         NA            NA          NA       2              2
  0  0.038525342 0.02255661 -0.0056847946  0.08273548       2              2
  1  0.036867085 0.01899560 -0.0003636125  0.07409778       2              2
  2 -0.017897625 0.06464196 -0.1445935428  0.10879829       2              2
  3  0.024943537 0.01790382 -0.0101472986  0.06003437       1              1
  4  0.090168401 0.02284940  0.0453843937  0.13495241       1              1
  5 -0.126129212 0.07889862 -0.2807676597  0.02850924       2              2
  6  0.016762059 0.02047361 -0.0233654832  0.05688960       2              2
  7 -0.007428655 0.03344296 -0.0729756581  0.05811835       2              2
  8 -0.069989939 0.02232158 -0.1137394315 -0.02624045       1              1
 treated_units
             0
             0
             0
            62
           111
           121
            54
            20
            14
            16
             9
            71
            69
            50
overall post-reform average:
          att         se       ci_lo      ci_hi cohorts treated_states
 -0.001575445 0.02264913 -0.04596693 0.04281604       2              2
 treated_units
           160

== twfe_static.c_hispanic_white.r1 (unbalanced): ok
notes: NOTE: 305/0 fixed-effect singletons were removed (305 observations).
[1] NA NA NA NA NA NA NA NA
overall post-reform average:
        att         se       ci_lo      ci_hi cohorts treated_states
 0.04304749 0.01922738 0.005362527 0.08073246       2              2
 treated_units
           162

== sun_abraham.a_poverty.r2 (unbalanced): ok
notes: The variable 'sa_c2019_e0' has been removed because of collinearity (see
$collin.var). | removed as collinear: sa_c2019_e0 | 1 cohort-by-period term(s) not estimated and left out
  e           att         se       ci_lo       ci_hi cohorts treated_states
 -5 -0.2283271739 0.04250268 -0.31163090 -0.14502344       1              1
 -4 -0.3705732819 0.04270187 -0.45426741 -0.28687916       1              1
 -3 -0.2433931452 0.02307346 -0.28861630 -0.19816999       1              1
 -2 -0.1959034185 0.02982855 -0.25436631 -0.13744053       1              1
 -1  0.0000000000         NA          NA          NA       1              1
  0  0.0048871216 0.01448778 -0.02350841  0.03328265       2              2
  1 -0.0003745106 0.03563141 -0.07021079  0.06946177       1              1
  2  0.1131602407 0.03815273  0.03838226  0.18793822       1              1
  3 -0.0011394947 0.04918603 -0.09754233  0.09526334       1              1
  4            NA         NA          NA          NA       0              0
  5            NA         NA          NA          NA       0              0
  6            NA         NA          NA          NA       0              0
  7 -0.1603630793 0.04323920 -0.24511036 -0.07561580       1              1
  8 -0.2416543288 0.03521782 -0.31067999 -0.17262866       1              1
 treated_units
             1
             1
             1
             1
             1
             2
             1
             1
             1
             0
             0
             0
             1
             1
overall post-reform average:
         att         se      ci_lo      ci_hi cohorts treated_states
 -0.04758068 0.02987058 -0.1061259 0.01096459       2              2
 treated_units
             2

== imputation.a_poverty.r2 (unbalanced): ok
  e          att         se       ci_lo       ci_hi cohorts treated_states
 -5  0.018451797 0.03596580 -0.05203988  0.08894348       1              1
 -4 -0.124383473 0.04091587 -0.20457710 -0.04418984       1              1
 -3  0.003532643 0.03094286 -0.05711425  0.06417954       1              1
 -2  0.050905785 0.03673362 -0.02109078  0.12290235       1              1
 -1  0.000000000         NA          NA          NA       1              1
  0  0.128041130 0.01126571  0.10596074  0.15012152       2              2
  1  0.001063351 0.03330518 -0.06421361  0.06634031       1              1
  2  0.112461071 0.03558078  0.04272402  0.18219813       1              1
  3 -0.001837916 0.04598796 -0.09197266  0.08829683       1              1
  4           NA         NA          NA          NA       0              0
  5           NA         NA          NA          NA       0              0
  6           NA         NA          NA          NA       0              0
  7 -0.160400793 0.04088974 -0.24054322 -0.08025837       1              1
  8 -0.241686226 0.03312723 -0.30661440 -0.17675805       1              1
 treated_units
             1
             1
             1
             1
             1
             2
             1
             1
             1
             0
             0
             0
             1
             1
overall post-reform average:
        att         se       ci_lo      ci_hi cohorts treated_states
 -0.0270599 0.02754176 -0.08104076 0.02692097       2              2
 treated_units
             2

== synthdid.a_poverty.r2 (unbalanced): no estimable cohort in the complete states
notes: 20 of 43 state(s) without a state-year mean in every window year left out
  e att se ci_lo ci_hi cohorts treated_states treated_units
 -5  NA NA    NA    NA       0              0             0
 -4  NA NA    NA    NA       0              0             0
 -3  NA NA    NA    NA       0              0             0
 -2  NA NA    NA    NA       0              0             0
 -1  NA NA    NA    NA       0              0             0
  0  NA NA    NA    NA       0              0             0
  1  NA NA    NA    NA       0              0             0
  2  NA NA    NA    NA       0              0             0
  3  NA NA    NA    NA       0              0             0
  4  NA NA    NA    NA       0              0             0
  5  NA NA    NA    NA       0              0             0
  6  NA NA    NA    NA       0              0             0
  7  NA NA    NA    NA       0              0             0
  8  NA NA    NA    NA       0              0             0
overall post-reform average:
 att se ci_lo ci_hi cohorts treated_states treated_units
  NA NA    NA    NA       0              0             0

== stacked.a_poverty.r2 (unbalanced): ok
notes: The variables 'rel::4:treat' and 'rel::5:treat' have been removed because of
collinearity (see $collin.var). | removed as collinear: rel::4:treat, rel::5:treat
  e          att         se       ci_lo       ci_hi cohorts treated_states
 -5 -0.226948048 0.04369894 -0.31259639 -0.14129971       1              1
 -4 -0.374079843 0.04437334 -0.46105000 -0.28710969       1              1
 -3 -0.246106803 0.02914113 -0.30322236 -0.18899125       1              1
 -2 -0.201374809 0.03264709 -0.26536193 -0.13738769       1              1
 -1  0.000000000         NA          NA          NA       1              1
  0  0.004078714 0.01417435 -0.02370250  0.03185993       2              2
  1  0.007356857 0.03537844 -0.06198362  0.07669733       1              1
  2  0.119559368 0.03801773  0.04504598  0.19407276       1              1
  3  0.001879969 0.05173867 -0.09952596  0.10328590       1              1
  4           NA         NA          NA          NA       0              0
  5           NA         NA          NA          NA       0              0
  6           NA         NA          NA          NA       0              0
  7           NA         NA          NA          NA       0              0
  8           NA         NA          NA          NA       0              0
 treated_units
             1
             1
             1
             1
             1
             2
             1
             1
             1
             0
             0
             0
             0
             0
overall post-reform average:
        att         se       ci_lo      ci_hi cohorts treated_states
 0.03321873 0.03091844 -0.02738031 0.09381777       2              2
 treated_units
             2

== twfe.a_poverty.r2 (unbalanced): ok
  e           att         se       ci_lo       ci_hi cohorts treated_states
 -5 -0.2234400523 0.04848528 -0.31846945 -0.12841065       1              1
 -4 -0.3656861603 0.04402322 -0.45197009 -0.27940223       1              1
 -3 -0.2385060236 0.02930840 -0.29594943 -0.18106262       1              1
 -2 -0.1910162969 0.03468367 -0.25899505 -0.12303755       1              1
 -1  0.0000000000         NA          NA          NA       1              1
  0  0.0048871216 0.01448778 -0.02350841  0.03328265       2              2
  1 -0.0003745106 0.03563141 -0.07021079  0.06946177       1              1
  2  0.1131602407 0.03815273  0.03838226  0.18793822       1              1
  3 -0.0011394947 0.04918603 -0.09754233  0.09526334       1              1
  4            NA         NA          NA          NA       0              0
  5            NA         NA          NA          NA       0              0
  6            NA         NA          NA          NA       0              0
  7 -0.1603630793 0.04323920 -0.24511036 -0.07561580       1              1
  8 -0.2416543288 0.03521782 -0.31067999 -0.17262866       1              1
 treated_units
             1
             1
             1
             1
             1
             2
             1
             1
             1
             0
             0
             0
             1
             1
overall post-reform average:
         att         se      ci_lo      ci_hi cohorts treated_states
 -0.04758068 0.02987058 -0.1061259 0.01096459       2              2
 treated_units
             2

== twfe_static.a_poverty.r2 (unbalanced): ok
[1] NA NA NA NA NA NA NA NA
overall post-reform average:
       att        se      ci_lo     ci_hi cohorts treated_states treated_units
 0.1098396 0.1071453 -0.1001613 0.3198404       2              2             2

== sun_abraham.b_black_white.r2 (unbalanced): ok
notes: NOTE: 187/0 fixed-effect singletons were removed (187 observations). | The variable 'sa_c2019_e0' has been removed because of collinearity (see
$collin.var). | removed as collinear: sa_c2019_e0 | 1 cohort-by-period term(s) not estimated and left out
  e         att         se        ci_lo        ci_hi cohorts treated_states
 -5  0.04828788 0.02746604 -0.005544574  0.102120338       1              1
 -4  0.02866145 0.03240274 -0.034846745  0.092169647       1              1
 -3 -0.12671056 0.04106478 -0.207196053 -0.046225072       1              1
 -2 -0.19101698 0.01981286 -0.229849479 -0.152184479       1              1
 -1  0.00000000         NA           NA           NA       1              1
  0 -0.07339512 0.01063316 -0.094235738 -0.052554505       2              2
  1 -0.08816280 0.02693405 -0.140952560 -0.035373035       1              1
  2  0.10394306 0.03069210  0.043787657  0.164098465       1              1
  3 -0.04817363 0.02293503 -0.093125474 -0.003221793       1              1
  4          NA         NA           NA           NA       0              0
  5          NA         NA           NA           NA       0              0
  6          NA         NA           NA           NA       0              0
  7  0.16688819 0.02451697  0.118835820  0.214940561       1              1
  8 -0.18334896 0.02732208 -0.236899255 -0.129798668       1              1
 treated_units
             6
             6
             5
             9
            28
            29
            23
             3
             2
             0
             0
             0
             1
             3
overall post-reform average:
         att         se       ci_lo      ci_hi cohorts treated_states
 -0.02037488 0.01945311 -0.05850227 0.01775252       2              2
 treated_units
            32

== imputation.b_black_white.r2 (unbalanced): ok
notes: 3 treated unit(s) without an untreated observation left out of the imputed estimands
  e         att          se        ci_lo       ci_hi cohorts treated_states
 -5  0.06771941 0.012613649  0.042997109  0.09244171       1              1
 -4  0.04866361 0.023621754  0.002365823  0.09496140       1              1
 -3 -0.09715133 0.030913610 -0.157740892 -0.03656177       1              1
 -2 -0.18119677 0.030787012 -0.241538205 -0.12085534       1              1
 -1  0.00000000          NA           NA          NA       1              1
  0 -0.04292150 0.009781492 -0.062092877 -0.02375013       2              2
  1 -0.08614326 0.026333052 -0.137755093 -0.03453143       1              1
  2  0.18262753 0.027881352  0.127981088  0.23727398       1              1
  3  0.05106303 0.021597951  0.008731823  0.09339424       1              1
  4          NA          NA           NA          NA       0              0
  5          NA          NA           NA          NA       0              0
  6          NA          NA           NA          NA       0              0
  7  0.15743127 0.023166804  0.112025174  0.20283738       1              1
  8 -0.11299839 0.026229553 -0.164407372 -0.06158942       1              1
 treated_units
             6
             6
             5
             9
            28
            29
            23
             3
             2
             0
             0
             0
             1
             3
overall post-reform average:
        att         se       ci_lo      ci_hi cohorts treated_states
 0.02484311 0.01834382 -0.01111011 0.06079633       2              2
 treated_units
            32

== synthdid.b_black_white.r2 (unbalanced): no estimable cohort in the complete states
notes: 29 of 45 state(s) without a state-year mean in every window year left out
  e att se ci_lo ci_hi cohorts treated_states treated_units
 -5  NA NA    NA    NA       0              0             0
 -4  NA NA    NA    NA       0              0             0
 -3  NA NA    NA    NA       0              0             0
 -2  NA NA    NA    NA       0              0             0
 -1  NA NA    NA    NA       0              0             0
  0  NA NA    NA    NA       0              0             0
  1  NA NA    NA    NA       0              0             0
  2  NA NA    NA    NA       0              0             0
  3  NA NA    NA    NA       0              0             0
  4  NA NA    NA    NA       0              0             0
  5  NA NA    NA    NA       0              0             0
  6  NA NA    NA    NA       0              0             0
  7  NA NA    NA    NA       0              0             0
  8  NA NA    NA    NA       0              0             0
overall post-reform average:
 att se ci_lo ci_hi cohorts treated_states treated_units
  NA NA    NA    NA       0              0             0

== stacked.b_black_white.r2 (unbalanced): ok
notes: NOTE: 484/0 fixed-effect singletons were removed (484 observations).
  e         att         se       ci_lo       ci_hi cohorts treated_states
 -5 -0.01788665 0.02937352 -0.07545770  0.03968439       1              1
 -4 -0.03521212 0.03217004 -0.09826424  0.02783999       1              1
 -3 -0.17179405 0.03614449 -0.24263595 -0.10095215       1              1
 -2 -0.25175521 0.02100927 -0.29293262 -0.21057780       1              1
 -1  0.00000000         NA          NA          NA       1              1
  0 -0.07093245 0.01011854 -0.09076444 -0.05110047       2              2
  1 -0.09366736 0.02058685 -0.13401685 -0.05331787       1              1
  2  0.09675186 0.01995653  0.05763777  0.13586594       1              1
  3 -0.05673663 0.01757316 -0.09117938 -0.02229387       1              1
  4          NA         NA          NA          NA       0              0
  5          NA         NA          NA          NA       0              0
  6          NA         NA          NA          NA       0              0
  7          NA         NA          NA          NA       0              0
  8          NA         NA          NA          NA       0              0
 treated_units
             6
             6
             5
             9
            28
            29
            23
             3
             2
             0
             0
             0
             0
             0
overall post-reform average:
         att         se      ci_lo        ci_hi cohorts treated_states
 -0.03114615 0.01401998 -0.0586248 -0.003667493       2              2
 treated_units
            30

== twfe.b_black_white.r2 (unbalanced): ok
notes: NOTE: 187/0 fixed-effect singletons were removed (187 observations).
  e         att         se       ci_lo        ci_hi cohorts treated_states
 -5 -0.02510724 0.02869712 -0.08135256  0.031138083       1              1
 -4 -0.04473367 0.03227441 -0.10799036  0.018523016       1              1
 -3 -0.20010568 0.04016811 -0.27883373 -0.121377640       1              1
 -2 -0.26441210 0.02147728 -0.30650679 -0.222317408       1              1
 -1  0.00000000         NA          NA           NA       1              1
  0 -0.07339512 0.01063314 -0.09423570 -0.052554540       2              2
  1 -0.08816280 0.02693404 -0.14095255 -0.035373045       1              1
  2  0.10394306 0.03069209  0.04378767  0.164098453       1              1
  3 -0.04817363 0.02293503 -0.09312547 -0.003221799       1              1
  4          NA         NA          NA           NA       0              0
  5          NA         NA          NA           NA       0              0
  6          NA         NA          NA           NA       0              0
  7  0.16688819 0.02451697  0.11883581  0.214940573       1              1
  8 -0.18334896 0.02732208 -0.23689926 -0.129798662       1              1
 treated_units
             6
             6
             5
             9
            28
            29
            23
             3
             2
             0
             0
             0
             1
             3
overall post-reform average:
         att         se       ci_lo      ci_hi cohorts treated_states
 -0.02037488 0.01945311 -0.05850227 0.01775251       2              2
 treated_units
            32

== twfe_static.b_black_white.r2 (unbalanced): ok
notes: NOTE: 187/0 fixed-effect singletons were removed (187 observations).
[1] NA NA NA NA NA NA NA NA
overall post-reform average:
         att         se      ci_lo      ci_hi cohorts treated_states
 -0.03827262 0.04072461 -0.1180914 0.04154615       2              2
 treated_units
            32

== sun_abraham.c_hispanic_white.r2 (unbalanced): ok
notes: NOTE: 362/0 fixed-effect singletons were removed (362 observations). | The variable 'sa_c2019_e0' has been removed because of collinearity (see
$collin.var). | removed as collinear: sa_c2019_e0 | 1 cohort-by-period term(s) not estimated and left out
  e          att          se       ci_lo        ci_hi cohorts treated_states
 -5  0.005131256 0.027100198 -0.04798416  0.058246667       1              1
 -4 -0.092015940 0.028340603 -0.14756250 -0.036469379       1              1
 -3 -0.068836763 0.031250858 -0.13008732 -0.007586207       1              1
 -2 -0.059576745 0.016977890 -0.09285280 -0.026300691       1              1
 -1  0.000000000          NA          NA           NA       1              1
  0  0.088654285 0.007646835  0.07366676  0.103641806       2              2
  1  0.106199304 0.015523678  0.07577346  0.136625153       1              1
  2  0.166223456 0.017986482  0.13097060  0.201476312       1              1
  3 -0.005031261 0.015104200 -0.03463495  0.024572428       1              1
  4           NA          NA          NA           NA       0              0
  5           NA          NA          NA           NA       0              0
  6 -0.557900798 0.026540664 -0.60991954 -0.505882052       1              1
  7  0.067812112 0.016836149  0.03481387  0.100810358       1              1
  8  0.146796146 0.017114248  0.11325284  0.180339456       1              1
 treated_units
            34
            38
            38
            44
            62
           116
            80
            11
            11
             0
             0
             1
            21
            25
overall post-reform average:
         att         se       ci_lo      ci_hi cohorts treated_states
 0.001821892 0.01346293 -0.02456497 0.02820876       2              2
 treated_units
           135

== imputation.c_hispanic_white.r2 (unbalanced): ok
notes: 35 treated unit(s) without an untreated observation left out of the imputed estimands
  e          att          se       ci_lo      ci_hi cohorts treated_states
 -5  0.055213517 0.017159894  0.02158074 0.08884629       1              1
 -4 -0.037685540 0.027992246 -0.09254933 0.01717825       1              1
 -3 -0.015141513 0.028421327 -0.07084629 0.04056326       1              1
 -2  0.002895171 0.024910968 -0.04592943 0.05171977       1              1
 -1  0.000000000          NA          NA         NA       1              1
  0  0.078501836 0.006912275  0.06495403 0.09204965       2              2
  1  0.108581477 0.015265891  0.07866088 0.13850207       1              1
  2  0.125082064 0.020711638  0.08448800 0.16567613       1              1
  3 -0.019550616 0.016748734 -0.05237753 0.01327630       1              1
  4           NA          NA          NA         NA       0              0
  5           NA          NA          NA         NA       0              0
  6           NA          NA          NA         NA       0              0
  7  0.227047702 0.019162217  0.18949045 0.26460496       1              1
  8  0.145252428 0.016815814  0.11229404 0.17821082       1              1
 treated_units
            34
            38
            38
            44
            62
           116
            80
            11
            11
             0
             0
             0
            21
            25
overall post-reform average:
       att         se      ci_lo    ci_hi cohorts treated_states treated_units
 0.1108191 0.01289967 0.08553626 0.136102       2              2           135

== synthdid.c_hispanic_white.r2 (unbalanced): no estimable cohort in the complete states
notes: 24 of 44 state(s) without a state-year mean in every window year left out
  e att se ci_lo ci_hi cohorts treated_states treated_units
 -5  NA NA    NA    NA       0              0             0
 -4  NA NA    NA    NA       0              0             0
 -3  NA NA    NA    NA       0              0             0
 -2  NA NA    NA    NA       0              0             0
 -1  NA NA    NA    NA       0              0             0
  0  NA NA    NA    NA       0              0             0
  1  NA NA    NA    NA       0              0             0
  2  NA NA    NA    NA       0              0             0
  3  NA NA    NA    NA       0              0             0
  4  NA NA    NA    NA       0              0             0
  5  NA NA    NA    NA       0              0             0
  6  NA NA    NA    NA       0              0             0
  7  NA NA    NA    NA       0              0             0
  8  NA NA    NA    NA       0              0             0
overall post-reform average:
 att se ci_lo ci_hi cohorts treated_states treated_units
  NA NA    NA    NA       0              0             0

== stacked.c_hispanic_white.r2 (unbalanced): ok
notes: NOTE: 721/0 fixed-effect singletons were removed (721 observations).
  e        att          se         ci_lo      ci_hi cohorts treated_states
 -5 0.09422489 0.028739576  0.0378963553 0.15055342       1              1
 -4 0.01700866 0.028692589 -0.0392277832 0.07324510       1              1
 -3 0.03767303 0.035402229 -0.0317140631 0.10706012       1              1
 -2 0.03854486 0.019428523  0.0004656547 0.07662406       1              1
 -1 0.00000000          NA            NA         NA       1              1
  0 0.09057340 0.007779836  0.0753251983 0.10582159       2              2
  1 0.11655383 0.014510482  0.0881138045 0.14499385       1              1
  2 0.17377464 0.018278324  0.1379497874 0.20959950       1              1
  3 0.03315748 0.015160119  0.0034441931 0.06287077       1              1
  4         NA          NA            NA         NA       0              0
  5         NA          NA            NA         NA       0              0
  6         NA          NA            NA         NA       0              0
  7         NA          NA            NA         NA       0              0
  8         NA          NA            NA         NA       0              0
 treated_units
            34
            38
            38
            44
            62
           116
            80
            11
            11
             0
             0
             0
             0
             0
overall post-reform average:
       att       se      ci_lo    ci_hi cohorts treated_states treated_units
 0.1035148 0.011884 0.08022263 0.126807       2              2           123

== twfe.c_hispanic_white.r2 (unbalanced): ok
notes: NOTE: 362/0 fixed-effect singletons were removed (362 observations).
  e          att          se        ci_lo       ci_hi cohorts treated_states
 -5  0.093785541 0.029732129  0.035511640  0.15205944       1              1
 -4 -0.003361655 0.030886410 -0.063897906  0.05717460       1              1
 -3  0.019817522 0.034534886 -0.047869611  0.08750466       1              1
 -2  0.029077541 0.017899664 -0.006005157  0.06416024       1              1
 -1  0.000000000          NA           NA          NA       1              1
  0  0.088654285 0.007646834  0.073666766  0.10364180       2              2
  1  0.106199304 0.015523678  0.075773454  0.13662515       1              1
  2  0.166223456 0.017986481  0.130970601  0.20147631       1              1
  3 -0.005031261 0.015104200 -0.034634950  0.02457243       1              1
  4           NA          NA           NA          NA       0              0
  5           NA          NA           NA          NA       0              0
  6 -0.557900798 0.026540665 -0.609919545 -0.50588205       1              1
  7  0.067812112 0.016836149  0.034813867  0.10081036       1              1
  8  0.146796146 0.017114249  0.113252834  0.18033946       1              1
 treated_units
            34
            38
            38
            44
            62
           116
            80
            11
            11
             0
             0
             1
            21
            25
overall post-reform average:
         att         se       ci_lo      ci_hi cohorts treated_states
 0.001821892 0.01346293 -0.02456498 0.02820876       2              2
 treated_units
           135

== twfe_static.c_hispanic_white.r2 (unbalanced): ok
notes: NOTE: 362/0 fixed-effect singletons were removed (362 observations).
[1] NA NA NA NA NA NA NA NA
overall post-reform average:
        att        se      ci_lo     ci_hi cohorts treated_states treated_units
 0.08068873 0.0173455 0.04669219 0.1146853       2              2           135

Wrote outputs/06_secondary/event_time_estimates.csv, outputs/06_secondary/overall_estimates.csv, outputs/06_secondary/group_time_estimates.csv, outputs/06_secondary/model_status.csv, outputs/06_secondary/panel_counts.csv, outputs/06_secondary/synthdid_pooled.csv, outputs/06_secondary/secondary_models.rds
54 achievement models on the unbalanced panel (6 estimators, 3 gaps, 3 event set(s)); models that stopped with an error: 0. Status per model: outputs/06_secondary/model_status.csv

== Panels (the step 5 balanced panels, appendix), primary suppression sample, achievement
a_poverty           primary balanced      20 states    in 20 states
b_black_white       primary balanced      69 districts in  9 states
c_hispanic_white    primary balanced      35 districts in 12 states
a_poverty           r1      balanced      20 states    in 20 states
b_black_white       r1      balanced      69 districts in  9 states
c_hispanic_white    r1      balanced      35 districts in 12 states
a_poverty           r2      balanced      23 states    in 23 states
b_black_white       r2      balanced      69 districts in  9 states
c_hispanic_white    r2      balanced      36 districts in 13 states

== balanced panel: units, states, cohorts and observations in each model (outputs/06_secondary/appendix/panel_counts.csv)
   estimator              gap event_set    panel     unit units_in_model
 sun_abraham        a_poverty   primary balanced    state             20
  imputation        a_poverty   primary balanced    state             20
    synthdid        a_poverty   primary balanced    state             20
     stacked        a_poverty   primary balanced    state             20
        twfe        a_poverty   primary balanced    state             20
 twfe_static        a_poverty   primary balanced    state             20
 sun_abraham    b_black_white   primary balanced district             69
  imputation    b_black_white   primary balanced district             69
    synthdid    b_black_white   primary balanced    state              9
     stacked    b_black_white   primary balanced district             69
        twfe    b_black_white   primary balanced district             69
 twfe_static    b_black_white   primary balanced district             69
 sun_abraham c_hispanic_white   primary balanced district             35
  imputation c_hispanic_white   primary balanced district             35
    synthdid c_hispanic_white   primary balanced    state             12
     stacked c_hispanic_white   primary balanced district             35
        twfe c_hispanic_white   primary balanced district             35
 twfe_static c_hispanic_white   primary balanced district             35
 sun_abraham        a_poverty        r1 balanced    state             20
  imputation        a_poverty        r1 balanced    state             20
     stacked        a_poverty        r1 balanced    state             20
        twfe        a_poverty        r1 balanced    state             20
 twfe_static        a_poverty        r1 balanced    state             20
 sun_abraham c_hispanic_white        r1 balanced district             35
  imputation c_hispanic_white        r1 balanced district             35
     stacked c_hispanic_white        r1 balanced district             35
        twfe c_hispanic_white        r1 balanced district             35
 twfe_static c_hispanic_white        r1 balanced district             35
 states_in_model cohorts_in_model treated_units control_units obs
              20                4             4            16 220
              20                4             4            16 220
              20                4             4            16 220
              20                4             4            19 517
              20                4             4            16 220
              20                4             4            16 220
               9                2            20            49 759
               9                2            20            49 759
               9                2             2             7  99
               9                2            20            49 879
               9                2            20            49 759
               9                2            20            49 759
              12                3            10            25 385
              12                3            10            25 385
              12                3             3             9 132
              12                3            10            25 601
              12                3            10            25 385
              12                3            10            25 385
              20                1             1            19 220
              20                1             1            19 220
              20                1             1            19 140
              20                1             1            19 220
              20                1             1            19 220
              12                1             1            34 385
              12                1             1            34 385
              12                1             1            34 245
              12                1             1            34 385
              12                1             1            34 385

== sun_abraham.a_poverty.primary (balanced): ok
  e           att         se        ci_lo       ci_hi cohorts treated_states
 -5  0.1516004467 0.05790956  0.038099804  0.26510109       3              3
 -4  0.1081549448 0.02874645  0.051812946  0.16449694       3              3
 -3  0.0057593500 0.03442812 -0.061718521  0.07323722       3              3
 -2  0.0003982301 0.01189747 -0.022920375  0.02371684       4              4
 -1  0.0000000000         NA           NA          NA       4              4
  0  0.0127222620 0.01958332 -0.025660335  0.05110486       3              3
  1  0.0485742792 0.01940497  0.010541241  0.08660732       3              3
  2  0.0606468846 0.02687264  0.007977477  0.11331629       2              2
  3  0.0557572041 0.03161560 -0.006208242  0.11772265       2              2
  4  0.1539366346 0.06171677  0.032973989  0.27489928       1              1
  5  0.3786113994 0.07111921  0.239220303  0.51800250       1              1
  6 -0.1424904079 0.06464049 -0.269183436 -0.01579738       1              1
  7  0.1710044220 0.05897770  0.055410263  0.28659858       1              1
  8            NA         NA           NA          NA       0              0
 treated_units
             3
             3
             3
             4
             4
             3
             3
             2
             2
             1
             1
             1
             1
             0
overall post-reform average:
        att         se      ci_lo     ci_hi cohorts treated_states
 0.09234533 0.03323877 0.02719855 0.1574921       4              4
 treated_units
             4

== imputation.a_poverty.primary (balanced): ok
  e          att         se        ci_lo       ci_hi cohorts treated_states
 -5  0.104676839 0.04540296  0.015688674  0.19366500       3              3
 -4  0.073928657 0.05401156 -0.031932063  0.17978938       3              3
 -3 -0.021472079 0.06215182 -0.143287400  0.10034324       3              3
 -2 -0.025702086 0.07184704 -0.166519688  0.11511552       4              4
 -1  0.000000000         NA           NA          NA       4              4
  0 -0.005963967 0.02347389 -0.051971944  0.04004401       3              3
  1  0.011454399 0.02079287 -0.029298879  0.05220768       3              3
  2  0.041693769 0.02470223 -0.006721712  0.09010925       2              2
  3  0.038102279 0.03457667 -0.029666744  0.10587130       2              2
  4  0.137412109 0.04612494  0.047008893  0.22781533       1              1
  5  0.393879454 0.04498154  0.305717263  0.48204164       1              1
  6 -0.137980851 0.04671603 -0.229542595 -0.04641911       1              1
  7  0.176080086 0.04142062  0.094897157  0.25726302       1              1
  8           NA         NA           NA          NA       0              0
 treated_units
             3
             3
             3
             4
             4
             3
             3
             2
             2
             1
             1
             1
             1
             0
overall post-reform average:
        att         se     ci_lo    ci_hi cohorts treated_states treated_units
 0.08183466 0.02988389 0.0232633 0.140406       4              4             4

== synthdid.a_poverty.primary (balanced): ok
  e         att         se       ci_lo      ci_hi cohorts treated_states
 -5          NA         NA          NA         NA       0              0
 -4          NA         NA          NA         NA       0              0
 -3          NA         NA          NA         NA       0              0
 -2          NA         NA          NA         NA       0              0
 -1          NA         NA          NA         NA       0              0
  0 -0.02011665 0.04856951 -0.11531114 0.07507784       3              3
  1  0.03170365 0.08206379 -0.12913842 0.19254572       3              3
  2  0.05616053 0.11927216 -0.17760862 0.28992968       2              2
  3  0.05247081 0.13750874 -0.21704136 0.32198299       2              2
  4  0.15371662 0.21536917 -0.26839919 0.57583244       1              1
  5  0.41041466 0.19568100  0.02688695 0.79394238       1              1
  6 -0.11262708 0.22205908 -0.54785488 0.32260072       1              1
  7  0.20530776 0.18248718 -0.15236055 0.56297606       1              1
  8          NA         NA          NA         NA       0              0
 treated_units
             0
             0
             0
             0
             0
             3
             3
             2
             2
             1
             1
             1
             1
             0
overall post-reform average:
        att        se     ci_lo     ci_hi cohorts treated_states treated_units
 0.09712879 0.1191847 -0.136469 0.3307265       4              4             4
synthdid pooled ATT:
        att         se      ci_lo     ci_hi cohorts treated_states
 0.04183565 0.09228558 -0.1390408 0.2227121       4              4

== stacked.a_poverty.primary (balanced): ok
  e          att         se       ci_lo      ci_hi cohorts treated_states
 -5  0.126540094 0.05860935  0.01166788 0.24141231       3              3
 -4  0.107382200 0.06112173 -0.01241419 0.22717859       3              3
 -3  0.019425232 0.04901101 -0.07663458 0.11548504       3              3
 -2 -0.007171803 0.04656785 -0.09844311 0.08409950       4              4
 -1  0.000000000         NA          NA         NA       4              4
  0  0.018682235 0.03934559 -0.05843371 0.09579818       3              3
  1  0.017696422 0.03175205 -0.04453645 0.07992930       3              3
  2  0.074836675 0.02745441  0.02102701 0.12864634       2              2
  3  0.044724566 0.08330845 -0.11855700 0.20800613       2              2
  4  0.120143273 0.04164358  0.03852335 0.20176320       1              1
  5  0.387173969 0.04151353  0.30580895 0.46853899       1              1
  6           NA         NA          NA         NA       0              0
  7           NA         NA          NA         NA       0              0
  8           NA         NA          NA         NA       0              0
 treated_units
             3
             3
             3
             4
             4
             3
             3
             2
             2
             1
             1
             0
             0
             0
overall post-reform average:
       att         se      ci_lo     ci_hi cohorts treated_states treated_units
 0.1105429 0.02567431 0.06022214 0.1608636       4              4             4

== twfe.a_poverty.primary (balanced): ok
  e          att         se        ci_lo       ci_hi cohorts treated_states
 -5  0.156675884 0.05716651  0.044631578  0.26872019       3              3
 -4  0.108174657 0.05996131 -0.009347345  0.22569666       3              3
 -3  0.002761949 0.04950882 -0.094273550  0.09979745       3              3
 -2 -0.003445864 0.05341996 -0.108147066  0.10125534       4              4
 -1  0.000000000         NA           NA          NA       4              4
  0  0.019640844 0.04810771 -0.074648543  0.11393023       3              3
  1  0.040451373 0.03520214 -0.028543562  0.10944631       3              3
  2  0.073985761 0.02566980  0.023673877  0.12429764       2              2
  3  0.051270090 0.08006110 -0.105646776  0.20818696       2              2
  4  0.128674453 0.04802825  0.034540819  0.22280809       1              1
  5  0.363570635 0.05288486  0.259918209  0.46722306       1              1
  6 -0.162597739 0.05519680 -0.270781475 -0.05441400       1              1
  7  0.157105156 0.04594410  0.067056368  0.24715394       1              1
  8           NA         NA           NA          NA       0              0
 treated_units
             3
             3
             3
             4
             4
             3
             3
             2
             2
             1
             1
             1
             1
             0
overall post-reform average:
        att         se      ci_lo     ci_hi cohorts treated_states
 0.08401257 0.03207962 0.02113767 0.1468875       4              4
 treated_units
             4

== twfe_static.a_poverty.primary (balanced): ok
[1] NA NA NA NA NA NA NA NA
overall post-reform average:
        att         se       ci_lo      ci_hi cohorts treated_states
 0.01839381 0.03657377 -0.05328946 0.09007708       4              4
 treated_units
             4

== sun_abraham.b_black_white.primary (balanced): ok
  e         att         se         ci_lo       ci_hi cohorts treated_states
 -5  0.02863703 0.03164593 -0.0333878614 0.090661914       2              2
 -4  0.03952054 0.01860544  0.0030545377 0.075986539       2              2
 -3  0.05139898 0.02618870  0.0000700854 0.102727884       2              2
 -2 -0.02504085 0.02179355 -0.0677554247 0.017673718       2              2
 -1  0.00000000         NA            NA          NA       2              2
  0  0.08798945 0.03337676  0.0225722098 0.153406691       2              2
  1 -0.11179525 0.05841803 -0.2262924802 0.002701976       1              1
  2  0.10146761 0.05217663 -0.0007966979 0.203731927       1              1
  3  0.08452655 0.04873187 -0.0109861592 0.180039249       1              1
  4          NA         NA            NA          NA       0              0
  5          NA         NA            NA          NA       0              0
  6          NA         NA            NA          NA       0              0
  7          NA         NA            NA          NA       0              0
  8          NA         NA            NA          NA       0              0
 treated_units
            20
            20
            20
            20
            20
            20
             4
            16
             4
             0
             0
             0
             0
             0
overall post-reform average:
        att         se      ci_lo    ci_hi cohorts treated_states treated_units
 0.04054709 0.03614704 -0.0302998 0.111394       2              2            20

== imputation.b_black_white.primary (balanced): ok
  e          att         se       ci_lo       ci_hi cohorts treated_states
 -5  0.043527735 0.03641236 -0.02783917  0.11489464       2              2
 -4  0.024544978 0.04286808 -0.05947492  0.10856487       2              2
 -3  0.044491939 0.06560497 -0.08409145  0.17307532       2              2
 -2 -0.004653628 0.08088886 -0.16319287  0.15388562       2              2
 -1  0.000000000         NA          NA          NA       2              2
  0  0.072511492 0.02682678  0.01993197  0.12509102       2              2
  1 -0.206204631 0.06906968 -0.34157871 -0.07083055       1              1
  2  0.114365332 0.02506030  0.06524805  0.16348262       1              1
  3 -0.035503263 0.04403922 -0.12181854  0.05081201       1              1
  4           NA         NA          NA          NA       0              0
  5           NA         NA          NA          NA       0              0
  6           NA         NA          NA          NA       0              0
  7           NA         NA          NA          NA       0              0
  8           NA         NA          NA          NA       0              0
 treated_units
            20
            20
            20
            20
            20
            20
             4
            16
             4
             0
             0
             0
             0
             0
overall post-reform average:
         att         se       ci_lo      ci_hi cohorts treated_states
 -0.01370777 0.03304025 -0.07846548 0.05104994       2              2
 treated_units
            20

== synthdid.b_black_white.primary (balanced): ok
  e         att        se      ci_lo     ci_hi cohorts treated_states
 -5          NA        NA         NA        NA       0              0
 -4          NA        NA         NA        NA       0              0
 -3          NA        NA         NA        NA       0              0
 -2          NA        NA         NA        NA       0              0
 -1          NA        NA         NA        NA       0              0
  0  0.04673960 0.1295893 -0.2072508 0.3007300       2              2
  1 -0.15727529 0.1969663 -0.5433222 0.2287716       1              1
  2  0.03879209 0.1444902 -0.2444036 0.3219878       1              1
  3 -0.02170222 0.1145216 -0.2461605 0.2027561       1              1
  4          NA        NA         NA        NA       0              0
  5          NA        NA         NA        NA       0              0
  6          NA        NA         NA        NA       0              0
  7          NA        NA         NA        NA       0              0
  8          NA        NA         NA        NA       0              0
 treated_units
             0
             0
             0
             0
             0
             2
             1
             1
             1
             0
             0
             0
             0
             0
overall post-reform average:
         att        se      ci_lo     ci_hi cohorts treated_states
 -0.02336146 0.1065483 -0.2321923 0.1854694       2              2
 treated_units
             2
synthdid pooled ATT:
          att        se     ci_lo     ci_hi cohorts treated_states
 -0.009341246 0.1061105 -0.217314 0.1986315       2              2

== stacked.b_black_white.primary (balanced): ok
  e         att         se        ci_lo       ci_hi cohorts treated_states
 -5  0.02932898 0.04743921 -0.063650168  0.12230813       2              2
 -4  0.09068459 0.03172245  0.028509737  0.15285944       2              2
 -3  0.07350965 0.03963453 -0.004172611  0.15119191       2              2
 -2 -0.04814308 0.05511145 -0.156159544  0.05987339       2              2
 -1  0.00000000         NA           NA          NA       2              2
  0  0.07420771 0.03951152 -0.003233436  0.15164886       2              2
  1 -0.32762192 0.09486088 -0.513545825 -0.14169801       1              1
  2  0.12364928 0.05369274  0.018413455  0.22888511       1              1
  3 -0.05495276 0.06186222 -0.176200481  0.06629495       1              1
  4          NA         NA           NA          NA       0              0
  5          NA         NA           NA          NA       0              0
  6          NA         NA           NA          NA       0              0
  7          NA         NA           NA          NA       0              0
  8          NA         NA           NA          NA       0              0
 treated_units
            20
            20
            20
            20
            20
            20
             4
            16
             4
             0
             0
             0
             0
             0
overall post-reform average:
         att         se      ci_lo      ci_hi cohorts treated_states
 -0.04617942 0.04987884 -0.1439402 0.05158132       2              2
 treated_units
            20

== twfe.b_black_white.primary (balanced): ok
  e         att         se       ci_lo       ci_hi cohorts treated_states
 -5  0.02654515 0.02957508 -0.03142095  0.08451125       2              2
 -4  0.01351122 0.02368122 -0.03290311  0.05992555       2              2
 -3  0.03476704 0.07097350 -0.10433847  0.17387254       2              2
 -2 -0.01369372 0.08080024 -0.17205927  0.14467184       2              2
 -1  0.00000000         NA          NA          NA       2              2
  0  0.08200628 0.03446874  0.01444880  0.14956376       2              2
  1 -0.21995360 0.07398578 -0.36496306 -0.07494414       1              1
  2  0.12312988 0.04750564  0.03002054  0.21623923       1              1
  3 -0.02177672 0.05046772 -0.12069164  0.07713819       1              1
  4          NA         NA          NA          NA       0              0
  5          NA         NA          NA          NA       0              0
  6          NA         NA          NA          NA       0              0
  7          NA         NA          NA          NA       0              0
  8          NA         NA          NA          NA       0              0
 treated_units
            20
            20
            20
            20
            20
            20
             4
            16
             4
             0
             0
             0
             0
             0
overall post-reform average:
          att         se      ci_lo      ci_hi cohorts treated_states
 -0.009148539 0.04351205 -0.0944306 0.07613352       2              2
 treated_units
            20

== twfe_static.b_black_white.primary (balanced): ok
[1] NA NA NA NA NA NA NA NA
overall post-reform average:
        att         se       ci_lo     ci_hi cohorts treated_states
 0.07462882 0.05098894 -0.02530767 0.1745653       2              2
 treated_units
            20

== sun_abraham.c_hispanic_white.primary (balanced): ok
  e         att         se       ci_lo     ci_hi cohorts treated_states
 -5  0.09341514 0.10196852 -0.10643950 0.2932698       3              3
 -4  0.16704193 0.09706531 -0.02320258 0.3572864       3              3
 -3  0.27224825 0.04947582  0.17527741 0.3692191       3              3
 -2  0.28039535 0.08427988  0.11520982 0.4455809       3              3
 -1  0.00000000         NA          NA        NA       3              3
  0  0.06945914 0.05763990 -0.04351299 0.1824313       2              2
  1 -0.01741124 0.08194804 -0.17802645 0.1432040       2              2
  2  0.19617442 0.05160555  0.09502941 0.2973194       1              1
  3  0.10908846 0.08429156 -0.05611996 0.2742969       1              1
  4          NA         NA          NA        NA       0              0
  5          NA         NA          NA        NA       0              0
  6          NA         NA          NA        NA       0              0
  7          NA         NA          NA        NA       0              0
  8          NA         NA          NA        NA       0              0
 treated_units
            10
            10
            10
            10
            10
             9
             8
             2
             7
             0
             0
             0
             0
             0
overall post-reform average:
        att         se       ci_lo     ci_hi cohorts treated_states
 0.08932769 0.06129264 -0.03080367 0.2094591       3              3
 treated_units
            10

== imputation.c_hispanic_white.primary (balanced): ok
  e         att         se       ci_lo        ci_hi cohorts treated_states
 -5 -0.04462044 0.11182697 -0.26379728  0.174556404       3              3
 -4  0.02116471 0.08043163 -0.13647838  0.178807807       3              3
 -3  0.10644239 0.09078442 -0.07149180  0.284376573       3              3
 -2  0.10486406 0.18334808 -0.25449158  0.464219699       3              3
 -1  0.00000000         NA          NA           NA       3              3
  0 -0.04444784 0.03624175 -0.11548036  0.026584684       2              2
  1 -0.14944023 0.06087178 -0.26874673 -0.030133729       2              2
  2 -0.03085545 0.02003426 -0.07012189  0.008410986       1              1
  3 -0.02060117 0.01990228 -0.05960891  0.018406574       1              1
  4          NA         NA          NA           NA       0              0
  5          NA         NA          NA           NA       0              0
  6          NA         NA          NA           NA       0              0
  7          NA         NA          NA           NA       0              0
  8          NA         NA          NA           NA       0              0
 treated_units
            10
            10
            10
            10
            10
             9
             8
             2
             7
             0
             0
             0
             0
             0
overall post-reform average:
         att         se      ci_lo       ci_hi cohorts treated_states
 -0.06133617 0.02426407 -0.1088929 -0.01377947       3              3
 treated_units
            10

== synthdid.c_hispanic_white.primary (balanced): ok
  e         att        se      ci_lo     ci_hi cohorts treated_states
 -5          NA        NA         NA        NA       0              0
 -4          NA        NA         NA        NA       0              0
 -3          NA        NA         NA        NA       0              0
 -2          NA        NA         NA        NA       0              0
 -1          NA        NA         NA        NA       0              0
  0  0.05192970 0.1400180 -0.2225006 0.3263600       2              2
  1 -0.05174578 0.1465604 -0.3389989 0.2355074       2              2
  2  0.08781127 0.1369697 -0.1806443 0.3562669       1              1
  3  0.01586601 0.1742299 -0.3256183 0.3573503       1              1
  4          NA        NA         NA        NA       0              0
  5          NA        NA         NA        NA       0              0
  6          NA        NA         NA        NA       0              0
  7          NA        NA         NA        NA       0              0
  8          NA        NA         NA        NA       0              0
 treated_units
             0
             0
             0
             0
             0
             2
             2
             1
             1
             0
             0
             0
             0
             0
overall post-reform average:
       att        se      ci_lo     ci_hi cohorts treated_states treated_units
 0.0259653 0.1078253 -0.1853683 0.2372989       3              3             3
synthdid pooled ATT:
        att        se      ci_lo     ci_hi cohorts treated_states
 0.01734085 0.1104271 -0.1990924 0.2337741       3              3

== stacked.c_hispanic_white.primary (balanced): ok
  e          att         se        ci_lo     ci_hi cohorts treated_states
 -5  0.095511716 0.09087231 -0.082594744 0.2736182       3              3
 -4  0.191187017 0.09079102  0.013239894 0.3691341       3              3
 -3  0.278593778 0.06608869  0.149062329 0.4081252       3              3
 -2  0.293367157 0.14785410  0.003578454 0.5831559       3              3
 -1  0.000000000         NA           NA        NA       3              3
  0  0.086878691 0.06010477 -0.030924486 0.2046819       2              2
  1 -0.003516317 0.06920947 -0.139164391 0.1321318       2              2
  2  0.243448072 0.06580154  0.114479423 0.3724167       1              1
  3  0.123839982 0.05491849  0.016201729 0.2314782       1              1
  4           NA         NA           NA        NA       0              0
  5           NA         NA           NA        NA       0              0
  6           NA         NA           NA        NA       0              0
  7           NA         NA           NA        NA       0              0
  8           NA         NA           NA        NA       0              0
 treated_units
            10
            10
            10
            10
            10
             9
             8
             2
             7
             0
             0
             0
             0
             0
overall post-reform average:
       att         se      ci_lo     ci_hi cohorts treated_states treated_units
 0.1126626 0.04870169 0.01720905 0.2081162       3              3            10

== twfe.c_hispanic_white.primary (balanced): ok
  e         att         se        ci_lo     ci_hi cohorts treated_states
 -5  0.06206307 0.10987609 -0.153290105 0.2774162       3              3
 -4  0.11167362 0.10488932 -0.093905673 0.3172529       3              3
 -3  0.18333731 0.09640004 -0.005603303 0.3722779       3              3
 -2  0.19350686 0.14057533 -0.082015727 0.4690294       3              3
 -1  0.00000000         NA           NA        NA       3              3
  0  0.05229438 0.05348477 -0.052533848 0.1571226       2              2
  1 -0.03110383 0.07509527 -0.178287846 0.1160802       2              2
  2  0.06857022 0.08919418 -0.106247151 0.2433876       1              1
  3  0.06303407 0.07819824 -0.090231659 0.2162998       1              1
  4          NA         NA           NA        NA       0              0
  5          NA         NA           NA        NA       0              0
  6          NA         NA           NA        NA       0              0
  7          NA         NA           NA        NA       0              0
  8          NA         NA           NA        NA       0              0
 treated_units
            10
            10
            10
            10
            10
             9
             8
             2
             7
             0
             0
             0
             0
             0
overall post-reform average:
        att         se       ci_lo     ci_hi cohorts treated_states
 0.03819871 0.06691184 -0.09294609 0.1693435       3              3
 treated_units
            10

== twfe_static.c_hispanic_white.primary (balanced): ok
[1] NA NA NA NA NA NA NA NA
overall post-reform average:
         att         se      ci_lo         ci_hi cohorts treated_states
 -0.07182011 0.03648971 -0.1433386 -0.0003015922       3              3
 treated_units
            10

== sun_abraham.a_poverty.r1 (balanced): ok
  e          att         se       ci_lo      ci_hi cohorts treated_states
 -5           NA         NA          NA         NA       0              0
 -4           NA         NA          NA         NA       0              0
 -3           NA         NA          NA         NA       0              0
 -2           NA         NA          NA         NA       0              0
 -1  0.000000000         NA          NA         NA       1              1
  0 -0.043227537 0.03974321 -0.12112280 0.03466773       1              1
  1 -0.005743569 0.03991749 -0.08398040 0.07249326       1              1
  2  0.064783085 0.04909082 -0.03143315 0.16099932       1              1
  3  0.156552027 0.04714953  0.06414064 0.24896341       1              1
  4  0.225869838 0.05459849  0.11885876 0.33288091       1              1
  5  0.213998450 0.06164243  0.09318150 0.33481540       1              1
  6  0.066249877 0.05021015 -0.03216021 0.16465996       1              1
  7  0.018851759 0.06505133 -0.10864650 0.14635002       1              1
  8 -0.004540811 0.05296068 -0.10834184 0.09926022       1              1
 treated_units
             0
             0
             0
             0
             1
             1
             1
             1
             1
             1
             1
             1
             1
             1
overall post-reform average:
        att        se        ci_lo     ci_hi cohorts treated_states
 0.07697701 0.0431394 -0.007574667 0.1615287       1              1
 treated_units
             1

== imputation.a_poverty.r1 (balanced): ok
  e          att         se       ci_lo      ci_hi cohorts treated_states
 -5           NA         NA          NA         NA       0              0
 -4           NA         NA          NA         NA       0              0
 -3           NA         NA          NA         NA       0              0
 -2           NA         NA          NA         NA       0              0
 -1  0.000000000         NA          NA         NA       1              1
  0 -0.043227537 0.03673972 -0.11523606 0.02878099       1              1
  1 -0.005743569 0.03690082 -0.07806785 0.06658071       1              1
  2  0.064783085 0.04538090 -0.02416185 0.15372802       1              1
  3  0.156552027 0.04358632  0.07112440 0.24197965       1              1
  4  0.225869838 0.05047235  0.12694586 0.32479382       1              1
  5  0.213998450 0.05698396  0.10231194 0.32568496       1              1
  6  0.066249877 0.04641564 -0.02472311 0.15722287       1              1
  7  0.018851759 0.06013524 -0.09901114 0.13671466       1              1
  8 -0.004540811 0.04895831 -0.10049734 0.09141571       1              1
 treated_units
             0
             0
             0
             0
             1
             1
             1
             1
             1
             1
             1
             1
             1
             1
overall post-reform average:
        att         se        ci_lo     ci_hi cohorts treated_states
 0.07697701 0.03987925 -0.001184885 0.1551389       1              1
 treated_units
             1

== synthdid.a_poverty.r1 (balanced): no cohort with 2 pre-reform years
notes: 1 of 1 cohort(s) left out: fewer than 2 pre-reform years (synthdid's noise level needs them)
  e att se ci_lo ci_hi cohorts treated_states treated_units
 -5  NA NA    NA    NA       0              0             0
 -4  NA NA    NA    NA       0              0             0
 -3  NA NA    NA    NA       0              0             0
 -2  NA NA    NA    NA       0              0             0
 -1  NA NA    NA    NA       0              0             0
  0  NA NA    NA    NA       0              0             0
  1  NA NA    NA    NA       0              0             0
  2  NA NA    NA    NA       0              0             0
  3  NA NA    NA    NA       0              0             0
  4  NA NA    NA    NA       0              0             0
  5  NA NA    NA    NA       0              0             0
  6  NA NA    NA    NA       0              0             0
  7  NA NA    NA    NA       0              0             0
  8  NA NA    NA    NA       0              0             0
overall post-reform average:
 att se ci_lo ci_hi cohorts treated_states treated_units
  NA NA    NA    NA       0              0             0

== stacked.a_poverty.r1 (balanced): ok
  e         att         se       ci_lo      ci_hi cohorts treated_states
 -5          NA         NA          NA         NA       0              0
 -4          NA         NA          NA         NA       0              0
 -3          NA         NA          NA         NA       0              0
 -2          NA         NA          NA         NA       0              0
 -1  0.00000000         NA          NA         NA       1              1
  0 -0.06466886 0.04776164 -0.15827995 0.02894223       1              1
  1 -0.02646874 0.04866135 -0.12184324 0.06890575       1              1
  2  0.04477406 0.05814742 -0.06919280 0.15874092       1              1
  3  0.13863016 0.05777522  0.02539280 0.25186752       1              1
  4  0.20165031 0.06209482  0.07994669 0.32335392       1              1
  5  0.19563055 0.06116658  0.07574625 0.31551485       1              1
  6          NA         NA          NA         NA       0              0
  7          NA         NA          NA         NA       0              0
  8          NA         NA          NA         NA       0              0
 treated_units
             0
             0
             0
             0
             1
             1
             1
             1
             1
             1
             1
             0
             0
             0
overall post-reform average:
        att         se       ci_lo     ci_hi cohorts treated_states
 0.08159125 0.05074016 -0.01785763 0.1810401       1              1
 treated_units
             1

== twfe.a_poverty.r1 (balanced): ok
  e          att         se       ci_lo      ci_hi cohorts treated_states
 -5           NA         NA          NA         NA       0              0
 -4           NA         NA          NA         NA       0              0
 -3           NA         NA          NA         NA       0              0
 -2           NA         NA          NA         NA       0              0
 -1  0.000000000         NA          NA         NA       1              1
  0 -0.043227537 0.03974321 -0.12112280 0.03466773       1              1
  1 -0.005743569 0.03991749 -0.08398040 0.07249326       1              1
  2  0.064783085 0.04909082 -0.03143315 0.16099932       1              1
  3  0.156552027 0.04714953  0.06414064 0.24896341       1              1
  4  0.225869838 0.05459849  0.11885876 0.33288091       1              1
  5  0.213998450 0.06164243  0.09318150 0.33481540       1              1
  6  0.066249877 0.05021015 -0.03216021 0.16465996       1              1
  7  0.018851759 0.06505133 -0.10864650 0.14635002       1              1
  8 -0.004540811 0.05296068 -0.10834184 0.09926022       1              1
 treated_units
             0
             0
             0
             0
             1
             1
             1
             1
             1
             1
             1
             1
             1
             1
overall post-reform average:
        att        se        ci_lo     ci_hi cohorts treated_states
 0.07697701 0.0431394 -0.007574667 0.1615287       1              1
 treated_units
             1

== twfe_static.a_poverty.r1 (balanced): ok
[1] NA NA NA NA NA NA NA NA
overall post-reform average:
        att         se        ci_lo     ci_hi cohorts treated_states
 0.07455628 0.04207953 -0.007918086 0.1570306       1              1
 treated_units
             1

== sun_abraham.b_black_white.r1 (balanced): no estimable cohort
  e att se ci_lo ci_hi cohorts treated_states treated_units
 -5  NA NA    NA    NA       0              0             0
 -4  NA NA    NA    NA       0              0             0
 -3  NA NA    NA    NA       0              0             0
 -2  NA NA    NA    NA       0              0             0
 -1  NA NA    NA    NA       0              0             0
  0  NA NA    NA    NA       0              0             0
  1  NA NA    NA    NA       0              0             0
  2  NA NA    NA    NA       0              0             0
  3  NA NA    NA    NA       0              0             0
  4  NA NA    NA    NA       0              0             0
  5  NA NA    NA    NA       0              0             0
  6  NA NA    NA    NA       0              0             0
  7  NA NA    NA    NA       0              0             0
  8  NA NA    NA    NA       0              0             0
overall post-reform average:
 att se ci_lo ci_hi cohorts treated_states treated_units
  NA NA    NA    NA       0              0             0

== imputation.b_black_white.r1 (balanced): no estimable cohort
  e att se ci_lo ci_hi cohorts treated_states treated_units
 -5  NA NA    NA    NA       0              0             0
 -4  NA NA    NA    NA       0              0             0
 -3  NA NA    NA    NA       0              0             0
 -2  NA NA    NA    NA       0              0             0
 -1  NA NA    NA    NA       0              0             0
  0  NA NA    NA    NA       0              0             0
  1  NA NA    NA    NA       0              0             0
  2  NA NA    NA    NA       0              0             0
  3  NA NA    NA    NA       0              0             0
  4  NA NA    NA    NA       0              0             0
  5  NA NA    NA    NA       0              0             0
  6  NA NA    NA    NA       0              0             0
  7  NA NA    NA    NA       0              0             0
  8  NA NA    NA    NA       0              0             0
overall post-reform average:
 att se ci_lo ci_hi cohorts treated_states treated_units
  NA NA    NA    NA       0              0             0

== synthdid.b_black_white.r1 (balanced): no estimable cohort
  e att se ci_lo ci_hi cohorts treated_states treated_units
 -5  NA NA    NA    NA       0              0             0
 -4  NA NA    NA    NA       0              0             0
 -3  NA NA    NA    NA       0              0             0
 -2  NA NA    NA    NA       0              0             0
 -1  NA NA    NA    NA       0              0             0
  0  NA NA    NA    NA       0              0             0
  1  NA NA    NA    NA       0              0             0
  2  NA NA    NA    NA       0              0             0
  3  NA NA    NA    NA       0              0             0
  4  NA NA    NA    NA       0              0             0
  5  NA NA    NA    NA       0              0             0
  6  NA NA    NA    NA       0              0             0
  7  NA NA    NA    NA       0              0             0
  8  NA NA    NA    NA       0              0             0
overall post-reform average:
 att se ci_lo ci_hi cohorts treated_states treated_units
  NA NA    NA    NA       0              0             0

== stacked.b_black_white.r1 (balanced): no estimable cohort
  e att se ci_lo ci_hi cohorts treated_states treated_units
 -5  NA NA    NA    NA       0              0             0
 -4  NA NA    NA    NA       0              0             0
 -3  NA NA    NA    NA       0              0             0
 -2  NA NA    NA    NA       0              0             0
 -1  NA NA    NA    NA       0              0             0
  0  NA NA    NA    NA       0              0             0
  1  NA NA    NA    NA       0              0             0
  2  NA NA    NA    NA       0              0             0
  3  NA NA    NA    NA       0              0             0
  4  NA NA    NA    NA       0              0             0
  5  NA NA    NA    NA       0              0             0
  6  NA NA    NA    NA       0              0             0
  7  NA NA    NA    NA       0              0             0
  8  NA NA    NA    NA       0              0             0
overall post-reform average:
 att se ci_lo ci_hi cohorts treated_states treated_units
  NA NA    NA    NA       0              0             0

== twfe.b_black_white.r1 (balanced): no estimable cohort
  e att se ci_lo ci_hi cohorts treated_states treated_units
 -5  NA NA    NA    NA       0              0             0
 -4  NA NA    NA    NA       0              0             0
 -3  NA NA    NA    NA       0              0             0
 -2  NA NA    NA    NA       0              0             0
 -1  NA NA    NA    NA       0              0             0
  0  NA NA    NA    NA       0              0             0
  1  NA NA    NA    NA       0              0             0
  2  NA NA    NA    NA       0              0             0
  3  NA NA    NA    NA       0              0             0
  4  NA NA    NA    NA       0              0             0
  5  NA NA    NA    NA       0              0             0
  6  NA NA    NA    NA       0              0             0
  7  NA NA    NA    NA       0              0             0
  8  NA NA    NA    NA       0              0             0
overall post-reform average:
 att se ci_lo ci_hi cohorts treated_states treated_units
  NA NA    NA    NA       0              0             0

== twfe_static.b_black_white.r1 (balanced): no estimable cohort
[1] NA NA NA NA NA NA NA NA
overall post-reform average:
 att se ci_lo ci_hi cohorts treated_states treated_units
  NA NA    NA    NA       0              0             0

== sun_abraham.c_hispanic_white.r1 (balanced): ok
  e         att         se       ci_lo      ci_hi cohorts treated_states
 -5          NA         NA          NA         NA       0              0
 -4          NA         NA          NA         NA       0              0
 -3          NA         NA          NA         NA       0              0
 -2          NA         NA          NA         NA       0              0
 -1  0.00000000         NA          NA         NA       1              1
  0 -0.14618653 0.09901101 -0.34024455 0.04787149       1              1
  1 -0.16257959 0.09299695 -0.34485026 0.01969108       1              1
  2  0.01025963 0.09642217 -0.17872435 0.19924360       1              1
  3  0.12196922 0.11329094 -0.10007694 0.34401538       1              1
  4  0.25011270 0.11490825  0.02489667 0.47532873       1              1
  5 -0.07444335 0.10190750 -0.27417839 0.12529168       1              1
  6 -0.18943123 0.13929296 -0.46244042 0.08357797       1              1
  7 -0.15218420 0.13065174 -0.40825691 0.10388851       1              1
  8 -0.04351317 0.11636098 -0.27157651 0.18455016       1              1
 treated_units
             0
             0
             0
             0
             1
             1
             1
             1
             1
             1
             1
             1
             1
             1
overall post-reform average:
        att       se     ci_lo   ci_hi cohorts treated_states treated_units
 -0.0428885 0.093603 -0.226347 0.14057       1              1             1

== imputation.c_hispanic_white.r1 (balanced): ok
  e         att         se       ci_lo        ci_hi cohorts treated_states
 -5          NA         NA          NA           NA       0              0
 -4          NA         NA          NA           NA       0              0
 -3          NA         NA          NA           NA       0              0
 -2          NA         NA          NA           NA       0              0
 -1  0.00000000         NA          NA           NA       1              1
  0 -0.14618653 0.08680636 -0.31632387  0.023950810       1              1
  1 -0.16257959 0.08153362 -0.32238255 -0.002776629       1              1
  2  0.01025963 0.08453663 -0.15542912  0.175948379       1              1
  3  0.12196922 0.09932606 -0.07270629  0.316644723       1              1
  4  0.25011270 0.10074401  0.05265806  0.447567337       1              1
  5 -0.07444335 0.08934581 -0.24955793  0.100671223       1              1
  6 -0.18943123 0.12212293 -0.42878777  0.049925322       1              1
  7 -0.15218420 0.11454688 -0.37669195  0.072323550       1              1
  8 -0.04351317 0.10201768 -0.24346414  0.156437795       1              1
 treated_units
             0
             0
             0
             0
             1
             1
             1
             1
             1
             1
             1
             1
             1
             1
overall post-reform average:
        att         se      ci_lo     ci_hi cohorts treated_states
 -0.0428885 0.08206497 -0.2037329 0.1179559       1              1
 treated_units
             1

== synthdid.c_hispanic_white.r1 (balanced): no cohort with 2 pre-reform years
notes: 1 of 1 cohort(s) left out: fewer than 2 pre-reform years (synthdid's noise level needs them)
  e att se ci_lo ci_hi cohorts treated_states treated_units
 -5  NA NA    NA    NA       0              0             0
 -4  NA NA    NA    NA       0              0             0
 -3  NA NA    NA    NA       0              0             0
 -2  NA NA    NA    NA       0              0             0
 -1  NA NA    NA    NA       0              0             0
  0  NA NA    NA    NA       0              0             0
  1  NA NA    NA    NA       0              0             0
  2  NA NA    NA    NA       0              0             0
  3  NA NA    NA    NA       0              0             0
  4  NA NA    NA    NA       0              0             0
  5  NA NA    NA    NA       0              0             0
  6  NA NA    NA    NA       0              0             0
  7  NA NA    NA    NA       0              0             0
  8  NA NA    NA    NA       0              0             0
overall post-reform average:
 att se ci_lo ci_hi cohorts treated_states treated_units
  NA NA    NA    NA       0              0             0

== stacked.c_hispanic_white.r1 (balanced): ok
  e         att         se        ci_lo      ci_hi cohorts treated_states
 -5          NA         NA           NA         NA       0              0
 -4          NA         NA           NA         NA       0              0
 -3          NA         NA           NA         NA       0              0
 -2          NA         NA           NA         NA       0              0
 -1  0.00000000         NA           NA         NA       1              1
  0 -0.16545479 0.09485772 -0.351372497 0.02046292       1              1
  1 -0.19419202 0.10497752 -0.399944172 0.01156013       1              1
  2 -0.02934973 0.10909769 -0.243177268 0.18447780       1              1
  3  0.10316402 0.11739753 -0.126930917 0.33325895       1              1
  4  0.21639187 0.10920573  0.002352579 0.43043116       1              1
  5 -0.09836648 0.10117522 -0.296666266 0.09993330       1              1
  6          NA         NA           NA         NA       0              0
  7          NA         NA           NA         NA       0              0
  8          NA         NA           NA         NA       0              0
 treated_units
             0
             0
             0
             0
             1
             1
             1
             1
             1
             1
             1
             0
             0
             0
overall post-reform average:
         att         se      ci_lo     ci_hi cohorts treated_states
 -0.02796786 0.08885135 -0.2021133 0.1461776       1              1
 treated_units
             1

== twfe.c_hispanic_white.r1 (balanced): ok
  e         att         se       ci_lo      ci_hi cohorts treated_states
 -5          NA         NA          NA         NA       0              0
 -4          NA         NA          NA         NA       0              0
 -3          NA         NA          NA         NA       0              0
 -2          NA         NA          NA         NA       0              0
 -1  0.00000000         NA          NA         NA       1              1
  0 -0.14618653 0.09901101 -0.34024455 0.04787149       1              1
  1 -0.16257959 0.09299695 -0.34485026 0.01969108       1              1
  2  0.01025963 0.09642217 -0.17872435 0.19924360       1              1
  3  0.12196922 0.11329094 -0.10007694 0.34401538       1              1
  4  0.25011270 0.11490825  0.02489667 0.47532873       1              1
  5 -0.07444335 0.10190750 -0.27417839 0.12529168       1              1
  6 -0.18943123 0.13929296 -0.46244042 0.08357797       1              1
  7 -0.15218420 0.13065174 -0.40825691 0.10388851       1              1
  8 -0.04351317 0.11636098 -0.27157651 0.18455016       1              1
 treated_units
             0
             0
             0
             0
             1
             1
             1
             1
             1
             1
             1
             1
             1
             1
overall post-reform average:
        att       se     ci_lo   ci_hi cohorts treated_states treated_units
 -0.0428885 0.093603 -0.226347 0.14057       1              1             1

== twfe_static.c_hispanic_white.r1 (balanced): ok
[1] NA NA NA NA NA NA NA NA
overall post-reform average:
         att         se      ci_lo     ci_hi cohorts treated_states
 -0.05240829 0.09269563 -0.2340884 0.1292718       1              1
 treated_units
             1

== sun_abraham.a_poverty.r2 (balanced): no estimable cohort
  e att se ci_lo ci_hi cohorts treated_states treated_units
 -5  NA NA    NA    NA       0              0             0
 -4  NA NA    NA    NA       0              0             0
 -3  NA NA    NA    NA       0              0             0
 -2  NA NA    NA    NA       0              0             0
 -1  NA NA    NA    NA       0              0             0
  0  NA NA    NA    NA       0              0             0
  1  NA NA    NA    NA       0              0             0
  2  NA NA    NA    NA       0              0             0
  3  NA NA    NA    NA       0              0             0
  4  NA NA    NA    NA       0              0             0
  5  NA NA    NA    NA       0              0             0
  6  NA NA    NA    NA       0              0             0
  7  NA NA    NA    NA       0              0             0
  8  NA NA    NA    NA       0              0             0
overall post-reform average:
 att se ci_lo ci_hi cohorts treated_states treated_units
  NA NA    NA    NA       0              0             0

== imputation.a_poverty.r2 (balanced): no estimable cohort
  e att se ci_lo ci_hi cohorts treated_states treated_units
 -5  NA NA    NA    NA       0              0             0
 -4  NA NA    NA    NA       0              0             0
 -3  NA NA    NA    NA       0              0             0
 -2  NA NA    NA    NA       0              0             0
 -1  NA NA    NA    NA       0              0             0
  0  NA NA    NA    NA       0              0             0
  1  NA NA    NA    NA       0              0             0
  2  NA NA    NA    NA       0              0             0
  3  NA NA    NA    NA       0              0             0
  4  NA NA    NA    NA       0              0             0
  5  NA NA    NA    NA       0              0             0
  6  NA NA    NA    NA       0              0             0
  7  NA NA    NA    NA       0              0             0
  8  NA NA    NA    NA       0              0             0
overall post-reform average:
 att se ci_lo ci_hi cohorts treated_states treated_units
  NA NA    NA    NA       0              0             0

== synthdid.a_poverty.r2 (balanced): no estimable cohort
  e att se ci_lo ci_hi cohorts treated_states treated_units
 -5  NA NA    NA    NA       0              0             0
 -4  NA NA    NA    NA       0              0             0
 -3  NA NA    NA    NA       0              0             0
 -2  NA NA    NA    NA       0              0             0
 -1  NA NA    NA    NA       0              0             0
  0  NA NA    NA    NA       0              0             0
  1  NA NA    NA    NA       0              0             0
  2  NA NA    NA    NA       0              0             0
  3  NA NA    NA    NA       0              0             0
  4  NA NA    NA    NA       0              0             0
  5  NA NA    NA    NA       0              0             0
  6  NA NA    NA    NA       0              0             0
  7  NA NA    NA    NA       0              0             0
  8  NA NA    NA    NA       0              0             0
overall post-reform average:
 att se ci_lo ci_hi cohorts treated_states treated_units
  NA NA    NA    NA       0              0             0

== stacked.a_poverty.r2 (balanced): no estimable cohort
  e att se ci_lo ci_hi cohorts treated_states treated_units
 -5  NA NA    NA    NA       0              0             0
 -4  NA NA    NA    NA       0              0             0
 -3  NA NA    NA    NA       0              0             0
 -2  NA NA    NA    NA       0              0             0
 -1  NA NA    NA    NA       0              0             0
  0  NA NA    NA    NA       0              0             0
  1  NA NA    NA    NA       0              0             0
  2  NA NA    NA    NA       0              0             0
  3  NA NA    NA    NA       0              0             0
  4  NA NA    NA    NA       0              0             0
  5  NA NA    NA    NA       0              0             0
  6  NA NA    NA    NA       0              0             0
  7  NA NA    NA    NA       0              0             0
  8  NA NA    NA    NA       0              0             0
overall post-reform average:
 att se ci_lo ci_hi cohorts treated_states treated_units
  NA NA    NA    NA       0              0             0

== twfe.a_poverty.r2 (balanced): no estimable cohort
  e att se ci_lo ci_hi cohorts treated_states treated_units
 -5  NA NA    NA    NA       0              0             0
 -4  NA NA    NA    NA       0              0             0
 -3  NA NA    NA    NA       0              0             0
 -2  NA NA    NA    NA       0              0             0
 -1  NA NA    NA    NA       0              0             0
  0  NA NA    NA    NA       0              0             0
  1  NA NA    NA    NA       0              0             0
  2  NA NA    NA    NA       0              0             0
  3  NA NA    NA    NA       0              0             0
  4  NA NA    NA    NA       0              0             0
  5  NA NA    NA    NA       0              0             0
  6  NA NA    NA    NA       0              0             0
  7  NA NA    NA    NA       0              0             0
  8  NA NA    NA    NA       0              0             0
overall post-reform average:
 att se ci_lo ci_hi cohorts treated_states treated_units
  NA NA    NA    NA       0              0             0

== twfe_static.a_poverty.r2 (balanced): no estimable cohort
[1] NA NA NA NA NA NA NA NA
overall post-reform average:
 att se ci_lo ci_hi cohorts treated_states treated_units
  NA NA    NA    NA       0              0             0

== sun_abraham.b_black_white.r2 (balanced): no estimable cohort
  e att se ci_lo ci_hi cohorts treated_states treated_units
 -5  NA NA    NA    NA       0              0             0
 -4  NA NA    NA    NA       0              0             0
 -3  NA NA    NA    NA       0              0             0
 -2  NA NA    NA    NA       0              0             0
 -1  NA NA    NA    NA       0              0             0
  0  NA NA    NA    NA       0              0             0
  1  NA NA    NA    NA       0              0             0
  2  NA NA    NA    NA       0              0             0
  3  NA NA    NA    NA       0              0             0
  4  NA NA    NA    NA       0              0             0
  5  NA NA    NA    NA       0              0             0
  6  NA NA    NA    NA       0              0             0
  7  NA NA    NA    NA       0              0             0
  8  NA NA    NA    NA       0              0             0
overall post-reform average:
 att se ci_lo ci_hi cohorts treated_states treated_units
  NA NA    NA    NA       0              0             0

== imputation.b_black_white.r2 (balanced): no estimable cohort
  e att se ci_lo ci_hi cohorts treated_states treated_units
 -5  NA NA    NA    NA       0              0             0
 -4  NA NA    NA    NA       0              0             0
 -3  NA NA    NA    NA       0              0             0
 -2  NA NA    NA    NA       0              0             0
 -1  NA NA    NA    NA       0              0             0
  0  NA NA    NA    NA       0              0             0
  1  NA NA    NA    NA       0              0             0
  2  NA NA    NA    NA       0              0             0
  3  NA NA    NA    NA       0              0             0
  4  NA NA    NA    NA       0              0             0
  5  NA NA    NA    NA       0              0             0
  6  NA NA    NA    NA       0              0             0
  7  NA NA    NA    NA       0              0             0
  8  NA NA    NA    NA       0              0             0
overall post-reform average:
 att se ci_lo ci_hi cohorts treated_states treated_units
  NA NA    NA    NA       0              0             0

== synthdid.b_black_white.r2 (balanced): no estimable cohort
  e att se ci_lo ci_hi cohorts treated_states treated_units
 -5  NA NA    NA    NA       0              0             0
 -4  NA NA    NA    NA       0              0             0
 -3  NA NA    NA    NA       0              0             0
 -2  NA NA    NA    NA       0              0             0
 -1  NA NA    NA    NA       0              0             0
  0  NA NA    NA    NA       0              0             0
  1  NA NA    NA    NA       0              0             0
  2  NA NA    NA    NA       0              0             0
  3  NA NA    NA    NA       0              0             0
  4  NA NA    NA    NA       0              0             0
  5  NA NA    NA    NA       0              0             0
  6  NA NA    NA    NA       0              0             0
  7  NA NA    NA    NA       0              0             0
  8  NA NA    NA    NA       0              0             0
overall post-reform average:
 att se ci_lo ci_hi cohorts treated_states treated_units
  NA NA    NA    NA       0              0             0

== stacked.b_black_white.r2 (balanced): no estimable cohort
  e att se ci_lo ci_hi cohorts treated_states treated_units
 -5  NA NA    NA    NA       0              0             0
 -4  NA NA    NA    NA       0              0             0
 -3  NA NA    NA    NA       0              0             0
 -2  NA NA    NA    NA       0              0             0
 -1  NA NA    NA    NA       0              0             0
  0  NA NA    NA    NA       0              0             0
  1  NA NA    NA    NA       0              0             0
  2  NA NA    NA    NA       0              0             0
  3  NA NA    NA    NA       0              0             0
  4  NA NA    NA    NA       0              0             0
  5  NA NA    NA    NA       0              0             0
  6  NA NA    NA    NA       0              0             0
  7  NA NA    NA    NA       0              0             0
  8  NA NA    NA    NA       0              0             0
overall post-reform average:
 att se ci_lo ci_hi cohorts treated_states treated_units
  NA NA    NA    NA       0              0             0

== twfe.b_black_white.r2 (balanced): no estimable cohort
  e att se ci_lo ci_hi cohorts treated_states treated_units
 -5  NA NA    NA    NA       0              0             0
 -4  NA NA    NA    NA       0              0             0
 -3  NA NA    NA    NA       0              0             0
 -2  NA NA    NA    NA       0              0             0
 -1  NA NA    NA    NA       0              0             0
  0  NA NA    NA    NA       0              0             0
  1  NA NA    NA    NA       0              0             0
  2  NA NA    NA    NA       0              0             0
  3  NA NA    NA    NA       0              0             0
  4  NA NA    NA    NA       0              0             0
  5  NA NA    NA    NA       0              0             0
  6  NA NA    NA    NA       0              0             0
  7  NA NA    NA    NA       0              0             0
  8  NA NA    NA    NA       0              0             0
overall post-reform average:
 att se ci_lo ci_hi cohorts treated_states treated_units
  NA NA    NA    NA       0              0             0

== twfe_static.b_black_white.r2 (balanced): no estimable cohort
[1] NA NA NA NA NA NA NA NA
overall post-reform average:
 att se ci_lo ci_hi cohorts treated_states treated_units
  NA NA    NA    NA       0              0             0

== sun_abraham.c_hispanic_white.r2 (balanced): no estimable cohort
  e att se ci_lo ci_hi cohorts treated_states treated_units
 -5  NA NA    NA    NA       0              0             0
 -4  NA NA    NA    NA       0              0             0
 -3  NA NA    NA    NA       0              0             0
 -2  NA NA    NA    NA       0              0             0
 -1  NA NA    NA    NA       0              0             0
  0  NA NA    NA    NA       0              0             0
  1  NA NA    NA    NA       0              0             0
  2  NA NA    NA    NA       0              0             0
  3  NA NA    NA    NA       0              0             0
  4  NA NA    NA    NA       0              0             0
  5  NA NA    NA    NA       0              0             0
  6  NA NA    NA    NA       0              0             0
  7  NA NA    NA    NA       0              0             0
  8  NA NA    NA    NA       0              0             0
overall post-reform average:
 att se ci_lo ci_hi cohorts treated_states treated_units
  NA NA    NA    NA       0              0             0

== imputation.c_hispanic_white.r2 (balanced): no estimable cohort
  e att se ci_lo ci_hi cohorts treated_states treated_units
 -5  NA NA    NA    NA       0              0             0
 -4  NA NA    NA    NA       0              0             0
 -3  NA NA    NA    NA       0              0             0
 -2  NA NA    NA    NA       0              0             0
 -1  NA NA    NA    NA       0              0             0
  0  NA NA    NA    NA       0              0             0
  1  NA NA    NA    NA       0              0             0
  2  NA NA    NA    NA       0              0             0
  3  NA NA    NA    NA       0              0             0
  4  NA NA    NA    NA       0              0             0
  5  NA NA    NA    NA       0              0             0
  6  NA NA    NA    NA       0              0             0
  7  NA NA    NA    NA       0              0             0
  8  NA NA    NA    NA       0              0             0
overall post-reform average:
 att se ci_lo ci_hi cohorts treated_states treated_units
  NA NA    NA    NA       0              0             0

== synthdid.c_hispanic_white.r2 (balanced): no estimable cohort
  e att se ci_lo ci_hi cohorts treated_states treated_units
 -5  NA NA    NA    NA       0              0             0
 -4  NA NA    NA    NA       0              0             0
 -3  NA NA    NA    NA       0              0             0
 -2  NA NA    NA    NA       0              0             0
 -1  NA NA    NA    NA       0              0             0
  0  NA NA    NA    NA       0              0             0
  1  NA NA    NA    NA       0              0             0
  2  NA NA    NA    NA       0              0             0
  3  NA NA    NA    NA       0              0             0
  4  NA NA    NA    NA       0              0             0
  5  NA NA    NA    NA       0              0             0
  6  NA NA    NA    NA       0              0             0
  7  NA NA    NA    NA       0              0             0
  8  NA NA    NA    NA       0              0             0
overall post-reform average:
 att se ci_lo ci_hi cohorts treated_states treated_units
  NA NA    NA    NA       0              0             0

== stacked.c_hispanic_white.r2 (balanced): no estimable cohort
  e att se ci_lo ci_hi cohorts treated_states treated_units
 -5  NA NA    NA    NA       0              0             0
 -4  NA NA    NA    NA       0              0             0
 -3  NA NA    NA    NA       0              0             0
 -2  NA NA    NA    NA       0              0             0
 -1  NA NA    NA    NA       0              0             0
  0  NA NA    NA    NA       0              0             0
  1  NA NA    NA    NA       0              0             0
  2  NA NA    NA    NA       0              0             0
  3  NA NA    NA    NA       0              0             0
  4  NA NA    NA    NA       0              0             0
  5  NA NA    NA    NA       0              0             0
  6  NA NA    NA    NA       0              0             0
  7  NA NA    NA    NA       0              0             0
  8  NA NA    NA    NA       0              0             0
overall post-reform average:
 att se ci_lo ci_hi cohorts treated_states treated_units
  NA NA    NA    NA       0              0             0

== twfe.c_hispanic_white.r2 (balanced): no estimable cohort
  e att se ci_lo ci_hi cohorts treated_states treated_units
 -5  NA NA    NA    NA       0              0             0
 -4  NA NA    NA    NA       0              0             0
 -3  NA NA    NA    NA       0              0             0
 -2  NA NA    NA    NA       0              0             0
 -1  NA NA    NA    NA       0              0             0
  0  NA NA    NA    NA       0              0             0
  1  NA NA    NA    NA       0              0             0
  2  NA NA    NA    NA       0              0             0
  3  NA NA    NA    NA       0              0             0
  4  NA NA    NA    NA       0              0             0
  5  NA NA    NA    NA       0              0             0
  6  NA NA    NA    NA       0              0             0
  7  NA NA    NA    NA       0              0             0
  8  NA NA    NA    NA       0              0             0
overall post-reform average:
 att se ci_lo ci_hi cohorts treated_states treated_units
  NA NA    NA    NA       0              0             0

== twfe_static.c_hispanic_white.r2 (balanced): no estimable cohort
[1] NA NA NA NA NA NA NA NA
overall post-reform average:
 att se ci_lo ci_hi cohorts treated_states treated_units
  NA NA    NA    NA       0              0             0

Wrote outputs/06_secondary/appendix/event_time_estimates.csv, outputs/06_secondary/appendix/overall_estimates.csv, outputs/06_secondary/appendix/group_time_estimates.csv, outputs/06_secondary/appendix/model_status.csv, outputs/06_secondary/appendix/panel_counts.csv, outputs/06_secondary/appendix/synthdid_pooled.csv, outputs/06_secondary/appendix/secondary_models.rds
54 achievement models on the balanced panel (6 estimators, 3 gaps, 3 event set(s)); models that stopped with an error: 0. Status per model: outputs/06_secondary/appendix/model_status.csv
Log: outputs/logs/06_secondary_20260913T165204Z.log
