state,school_year,sy_end,page_url,file_url_or_steps,file_format,statewide_file,district_level,black_rows,hispanic_rows,white_rows,subgroup_evidence,proficiency_label,proficient_levels,suppression,hs_test_math,hs_test_rla,hs_grade,test_replacement_2022_2025,replacement_source,usable,notes
AK,2021-22,2022,https://education.alaska.gov/assessment-results/Home/Result?schoolYear=2021-2022,No statewide AK STAR file. Per district: Districtwide > choose district > 'Download Four-Way Supressed Data (.csv)' = https://education.alaska.gov/assessment-results/District/DownloadCSV?districtId=<id>&districtName=<name>&schoolYear=2021-2022&isScience=False (about 54 districts). Statewide xlsx files on the page are the DLM alternate assessment only,CSV per district; HTML subgroup tables,no,yes (one file per district),yes (HTML subgroup table 'African American'),yes ('Hispanic'),yes ('Caucasian'),"DistrictSubGroup HTML page (Anchorage, 2024-25, grade 9 math) lists African American, Hispanic, Caucasian rows; four-way CSV not opened; CSV link confirmed on 2021-22 and 2024-25 district pages",Advanced / Proficient vs Approaching Proficient / Needs Support,Advanced + Proficient,"No results if fewer than 5 tested; if either proficiency group has 0-2 students, counts removed and percentages shown as ranges; '*' where results would release PII",AK STAR Mathematics grade 9,AK STAR ELA grade 9,9 (AK STAR grades 3-9),"2022: AK STAR first administered, replacing PEAKS (grades 3-9)",https://education.alaska.gov/assessments/akstar ; https://content.govdelivery.com/accounts/AKDEED/bulletins/397010c ; https://statetestscoreresults.substack.com/p/alaska-2025-assessment-results,no statewide file (per-district CSVs could be assembled),High school measure is grade 9 only. DEED results pages reject requests without a browser user agent.
AK,2022-23,2023,https://education.alaska.gov/assessment-results/Home/Result?schoolYear=2022-2023,No statewide AK STAR file. Per district: Districtwide > choose district > 'Download Four-Way Supressed Data (.csv)' = https://education.alaska.gov/assessment-results/District/DownloadCSV?districtId=<id>&districtName=<name>&schoolYear=2022-2023&isScience=False (about 54 districts). Statewide xlsx files on the page are the DLM alternate assessment only,CSV per district; HTML subgroup tables,no,yes (one file per district),yes (HTML subgroup table 'African American'),yes ('Hispanic'),yes ('Caucasian'),"DistrictSubGroup HTML page (Anchorage, 2024-25, grade 9 math) lists African American, Hispanic, Caucasian rows; four-way CSV not opened; CSV link confirmed on 2021-22 and 2024-25 district pages",Advanced / Proficient vs Approaching Proficient / Needs Support,Advanced + Proficient,"No results if fewer than 5 tested; if either proficiency group has 0-2 students, counts removed and percentages shown as ranges; '*' where results would release PII",AK STAR Mathematics grade 9,AK STAR ELA grade 9,9 (AK STAR grades 3-9),"2023: cut scores reviewed and updated (validation study and policy review); same test, not a replacement under the test_replacement.csv rule",https://education.alaska.gov/assessments/akstar ; https://content.govdelivery.com/accounts/AKDEED/bulletins/397010c ; https://statetestscoreresults.substack.com/p/alaska-2025-assessment-results,no statewide file (per-district CSVs could be assembled),High school measure is grade 9 only. DEED results pages reject requests without a browser user agent.
AK,2023-24,2024,https://education.alaska.gov/assessment-results/Home/Result?schoolYear=2023-2024,No statewide AK STAR file. Per district: Districtwide > choose district > 'Download Four-Way Supressed Data (.csv)' = https://education.alaska.gov/assessment-results/District/DownloadCSV?districtId=<id>&districtName=<name>&schoolYear=2023-2024&isScience=False (about 54 districts). Statewide xlsx files on the page are the DLM alternate assessment only,CSV per district; HTML subgroup tables,no,yes (one file per district),yes (HTML subgroup table 'African American'),yes ('Hispanic'),yes ('Caucasian'),"DistrictSubGroup HTML page (Anchorage, 2024-25, grade 9 math) lists African American, Hispanic, Caucasian rows; four-way CSV not opened; CSV link confirmed on 2021-22 and 2024-25 district pages",Advanced / Proficient vs Approaching Proficient / Needs Support,Advanced + Proficient,"No results if fewer than 5 tested; if either proficiency group has 0-2 students, counts removed and percentages shown as ranges; '*' where results would release PII",AK STAR Mathematics grade 9,AK STAR ELA grade 9,9 (AK STAR grades 3-9),none,https://education.alaska.gov/assessments/akstar ; https://content.govdelivery.com/accounts/AKDEED/bulletins/397010c ; https://statetestscoreresults.substack.com/p/alaska-2025-assessment-results,no statewide file (per-district CSVs could be assembled),High school measure is grade 9 only. DEED results pages reject requests without a browser user agent.
AK,2024-25,2025,https://education.alaska.gov/assessment-results/Home/Result?schoolYear=2024-2025,No statewide AK STAR file. Per district: Districtwide > choose district > 'Download Four-Way Supressed Data (.csv)' = https://education.alaska.gov/assessment-results/District/DownloadCSV?districtId=<id>&districtName=<name>&schoolYear=2024-2025&isScience=False (about 54 districts). Statewide xlsx files on the page are the DLM alternate assessment only,CSV per district; HTML subgroup tables,no,yes (one file per district),yes (HTML subgroup table 'African American'),yes ('Hispanic'),yes ('Caucasian'),"DistrictSubGroup HTML page (Anchorage, 2024-25, grade 9 math) lists African American, Hispanic, Caucasian rows; four-way CSV not opened; CSV link confirmed on 2021-22 and 2024-25 district pages",Advanced / Proficient vs Approaching Proficient / Needs Support,Advanced + Proficient,"No results if fewer than 5 tested; if either proficiency group has 0-2 students, counts removed and percentages shown as ranges; '*' where results would release PII",AK STAR Mathematics grade 9,AK STAR ELA grade 9,9 (AK STAR grades 3-9),none,https://education.alaska.gov/assessments/akstar ; https://content.govdelivery.com/accounts/AKDEED/bulletins/397010c ; https://statetestscoreresults.substack.com/p/alaska-2025-assessment-results,no statewide file (per-district CSVs could be assembled),High school measure is grade 9 only. DEED results pages reject requests without a browser user agent.
AL,2021-22,2022,https://reportcard.alsde.edu/SupportingData_Proficiency.aspx,Federal Report Card > Student Participation & Proficiency: Reporting Year 2021-2022 > Export to CSV (grid covers every system and school; filter Grade and Race/Ethnicity after export). Also on https://www.alabamaachieves.org/reports-data/school-performance/ (Proficiency section): ELA https://www.alabamaachieves.org/wp-content/uploads/2023/07/2021-2022-ELA-Assessment.xlsb ; Math https://www.alabamaachieves.org/wp-content/uploads/2023/03/RD_2023331_2021-2022-Math-Assessment_V1.0.xlsb (contents not opened),CSV export (report card); XLSB/XLSX (alabamaachieves files),yes,yes (System rows),expected,expected,expected,"Export grid columns seen on page: Year, System, School, Subject, Grade, Gender, Race, Ethnicity, Sub Population, Enrolled, Tested, Proficient, Participation Rate, Proficient Rate, Level 1-4 counts and %. Category values in Race/Ethnicity not viewed",Level 1-4; Proficient Rate column,Level 3 or 4 (ALSDE Proficiency Levels Tables 2024-25: 'Proficiency is scoring in Level 3 or 4' for ACT with Writing),"'*' = number of students <= 10, or total minus subgroup <= 10; '~' = percentage >= 95% or <= 5% (page legend)",ACT with Writing (Math),ACT with Writing (English Language Arts),11 (ACAP Summative is grades 2-8; grade 11 rows in export not verified),none found: ACT with Writing is the HS accountability test since 2017-18; ALSDE was considering a WorkKeys alternative in Sept 2025 (after the window),https://www.alabamaachieves.org/assessment/ (ACT with Writing section); https://alabamareflector.com/2025/09/19/alsde-proposes-changes-to-standardized-testing-for-high-school-students/,yes,"Grid shows 3,156,312 rows across years; year must be chosen before export. Confirm Grade=11 rows and Race values in one export."
AL,2022-23,2023,https://reportcard.alsde.edu/SupportingData_Proficiency.aspx,Federal Report Card > Student Participation & Proficiency: Reporting Year 2022-2023 > Export to CSV (grid covers every system and school; filter Grade and Race/Ethnicity after export). Also on https://www.alabamaachieves.org/reports-data/school-performance/ (Proficiency section): ELA https://www.alabamaachieves.org/wp-content/uploads/2023/03/RD_SP_2023731_2022-2023-ELA-Participation-and-Proficiency_V1.0.xlsb ; Math https://www.alabamaachieves.org/wp-content/uploads/2023/08/RD_SP_2023731_2022-2023-MATH-Participation-and-Proficiency_V1.0.xlsb (contents not opened),CSV export (report card); XLSB/XLSX (alabamaachieves files),yes,yes (System rows),expected,expected,expected,"Export grid columns seen on page: Year, System, School, Subject, Grade, Gender, Race, Ethnicity, Sub Population, Enrolled, Tested, Proficient, Participation Rate, Proficient Rate, Level 1-4 counts and %. Category values in Race/Ethnicity not viewed",Level 1-4; Proficient Rate column,Level 3 or 4 (ALSDE Proficiency Levels Tables 2024-25: 'Proficiency is scoring in Level 3 or 4' for ACT with Writing),"'*' = number of students <= 10, or total minus subgroup <= 10; '~' = percentage >= 95% or <= 5% (page legend)",ACT with Writing (Math),ACT with Writing (English Language Arts),11 (ACAP Summative is grades 2-8; grade 11 rows in export not verified),none found: ACT with Writing is the HS accountability test since 2017-18; ALSDE was considering a WorkKeys alternative in Sept 2025 (after the window),https://www.alabamaachieves.org/assessment/ (ACT with Writing section); https://alabamareflector.com/2025/09/19/alsde-proposes-changes-to-standardized-testing-for-high-school-students/,yes,"Grid shows 3,156,312 rows across years; year must be chosen before export. Confirm Grade=11 rows and Race values in one export."
AL,2023-24,2024,https://reportcard.alsde.edu/SupportingData_Proficiency.aspx,Federal Report Card > Student Participation & Proficiency: Reporting Year 2023-2024 > Export to CSV (grid covers every system and school; filter Grade and Race/Ethnicity after export). Also on https://www.alabamaachieves.org/reports-data/school-performance/ (Proficiency section): ELA https://www.alabamaachieves.org/wp-content/uploads/2024/08/RD_SP_202488_2023-2024-Participation-and-Proficiency-ELA_v1.0.xlsb ; Math https://www.alabamaachieves.org/wp-content/uploads/2024/08/RD_SP_202488_2023-2024-Participation-and-Proficiency-Math_v1.0.xlsb (contents not opened),CSV export (report card); XLSB/XLSX (alabamaachieves files),yes,yes (System rows),expected,expected,expected,"Export grid columns seen on page: Year, System, School, Subject, Grade, Gender, Race, Ethnicity, Sub Population, Enrolled, Tested, Proficient, Participation Rate, Proficient Rate, Level 1-4 counts and %. Category values in Race/Ethnicity not viewed",Level 1-4; Proficient Rate column,Level 3 or 4 (ALSDE Proficiency Levels Tables 2024-25: 'Proficiency is scoring in Level 3 or 4' for ACT with Writing),"'*' = number of students <= 10, or total minus subgroup <= 10; '~' = percentage >= 95% or <= 5% (page legend)",ACT with Writing (Math),ACT with Writing (English Language Arts),11 (ACAP Summative is grades 2-8; grade 11 rows in export not verified),none found: ACT with Writing is the HS accountability test since 2017-18; ALSDE was considering a WorkKeys alternative in Sept 2025 (after the window),https://www.alabamaachieves.org/assessment/ (ACT with Writing section); https://alabamareflector.com/2025/09/19/alsde-proposes-changes-to-standardized-testing-for-high-school-students/,yes,"Grid shows 3,156,312 rows across years; year must be chosen before export. Confirm Grade=11 rows and Race values in one export."
AL,2024-25,2025,https://reportcard.alsde.edu/SupportingData_Proficiency.aspx,Federal Report Card > Student Participation & Proficiency: Reporting Year 2024-2025 > Export to CSV (grid covers every system and school; filter Grade and Race/Ethnicity after export). Also on https://www.alabamaachieves.org/reports-data/school-performance/ (Proficiency section): ELA https://www.alabamaachieves.org/wp-content/uploads/2025/08/RD_SP_2025813_2024-2025ParticipationandProficiencyELA_v1.xlsx ; Math https://www.alabamaachieves.org/wp-content/uploads/2025/08/RD_SP_2025813_2024-2025ParticipationandProficiencyMath_v1.xlsx (contents not opened),CSV export (report card); XLSB/XLSX (alabamaachieves files),yes,yes (System rows),expected,expected,expected,"Export grid columns seen on page: Year, System, School, Subject, Grade, Gender, Race, Ethnicity, Sub Population, Enrolled, Tested, Proficient, Participation Rate, Proficient Rate, Level 1-4 counts and %. Category values in Race/Ethnicity not viewed",Level 1-4; Proficient Rate column,Level 3 or 4 (ALSDE Proficiency Levels Tables 2024-25: 'Proficiency is scoring in Level 3 or 4' for ACT with Writing),"'*' = number of students <= 10, or total minus subgroup <= 10; '~' = percentage >= 95% or <= 5% (page legend)",ACT with Writing (Math),ACT with Writing (English Language Arts),11 (ACAP Summative is grades 2-8; grade 11 rows in export not verified),none found: ACT with Writing is the HS accountability test since 2017-18; ALSDE was considering a WorkKeys alternative in Sept 2025 (after the window),https://www.alabamaachieves.org/assessment/ (ACT with Writing section); https://alabamareflector.com/2025/09/19/alsde-proposes-changes-to-standardized-testing-for-high-school-students/,yes,"Grid shows 3,156,312 rows across years; year must be chosen before export. Confirm Grade=11 rows and Race values in one export."
AR,2021-22,2022,https://dese.ade.arkansas.gov/Offices/public-school-accountability/assessment-test-scores/2022,"Summary post-appeals: https://dese.ade.arkansas.gov/Files/2021-2022_ACT_Aspire_Summary_Post_Appeals_Scores_LS.xlsx ; 'Reporting Categories, Avg Scale Scores, and Demographics': https://dese.ade.arkansas.gov/Files/2021-2022_ACT_Aspire_Preliminary_Scores_Added_Sheets_LS.xlsx",XLSX,yes (all-students summaries),yes (district and school summaries),"possible (2021-22 'Demographics' sheet, not opened)",possible,possible,File titles and page text describe district/school score summaries by grade (plus 'No Grade' and COOP/County versions); no race/ethnicity file listed except the 2021-22 added-sheets title. Subgroups appear on My School Info report cards (per district) or by data request form,In Need of Support / Close / Ready / Exceeding,Ready + Exceeding,'N<10' = 10 or fewer students tested (page note),ACT Aspire,ACT Aspire,ACT Aspire grades 9-10,none,"https://dese.ade.arkansas.gov/Offices/public-school-accountability/assessment/atlas-assessment-overview ('Beginning in the Spring of 2024, ... ATLAS will serve as the statewide student assessment system'); https://oep.uark.edu/how-are-arkansas-students-doing-2025-atlas-results-are-in/",unclear (open the Demographics sheet to check),"Grade 11 ACT district summaries are also posted but ACT is not the ESSA test. U of A Office for Education Policy reposts district files (oep.uark.edu), all students."
AR,2022-23,2023,https://dese.ade.arkansas.gov/Offices/public-school-accountability/assessment-test-scores/2023,Post-corrections summary: https://dese.ade.arkansas.gov/Files/ACT_Aspire_Post-Corrections_Summary_10102023_PSA.xlsx,XLSX,yes (all-students summaries),yes (district and school summaries),not found,not found,not found,File titles and page text describe district/school score summaries by grade (plus 'No Grade' and COOP/County versions); no race/ethnicity file listed except the 2021-22 added-sheets title. Subgroups appear on My School Info report cards (per district) or by data request form,In Need of Support / Close / Ready / Exceeding,Ready + Exceeding,'N<10' = 10 or fewer students tested (page note),ACT Aspire,ACT Aspire,ACT Aspire grades 9-10,none,"https://dese.ade.arkansas.gov/Offices/public-school-accountability/assessment/atlas-assessment-overview ('Beginning in the Spring of 2024, ... ATLAS will serve as the statewide student assessment system'); https://oep.uark.edu/how-are-arkansas-students-doing-2025-atlas-results-are-in/",no subgroup file found,"Grade 11 ACT district summaries are also posted but ACT is not the ESSA test. U of A Office for Education Policy reposts district files (oep.uark.edu), all students."
AR,2023-24,2024,https://dese.ade.arkansas.gov/Offices/public-school-accountability/assessment-test-scores/2024,Post-appeals summary: https://dese.ade.arkansas.gov/Files/Atlas_Summary_10182024_PSA.xlsx,XLSX,yes (all-students summaries),yes (district and school summaries),not found,not found,not found,File titles and page text describe district/school score summaries by grade (plus 'No Grade' and COOP/County versions); no race/ethnicity file listed except the 2021-22 added-sheets title. Subgroups appear on My School Info report cards (per district) or by data request form,Level 1-4,Level 3 + Level 4,'N<10' = 10 or fewer students tested (page note),ATLAS,ATLAS,ATLAS (page heading 'ATLAS 3-10 and EOC'),2024: ATLAS replaced ACT Aspire as the statewide assessment,"https://dese.ade.arkansas.gov/Offices/public-school-accountability/assessment/atlas-assessment-overview ('Beginning in the Spring of 2024, ... ATLAS will serve as the statewide student assessment system'); https://oep.uark.edu/how-are-arkansas-students-doing-2025-atlas-results-are-in/",no subgroup file found,"Grade 11 ACT district summaries are also posted but ACT is not the ESSA test. U of A Office for Education Policy reposts district files (oep.uark.edu), all students."
AR,2024-25,2025,https://dese.ade.arkansas.gov/Offices/public-school-accountability/assessment-test-scores/2025,Post-corrections summary: https://dese-admin.ade.arkansas.gov/Files/ATLAS_Summary_Post-Corrections_Scores_Spring_2025_PSA.xlsx,XLSX,yes (all-students summaries),yes (district and school summaries),not found,not found,not found,File titles and page text describe district/school score summaries by grade (plus 'No Grade' and COOP/County versions); no race/ethnicity file listed except the 2021-22 added-sheets title. Subgroups appear on My School Info report cards (per district) or by data request form,Level 1-4,Level 3 + Level 4,'N<10' = 10 or fewer students tested (page note),ATLAS,ATLAS,ATLAS ELA grades 9-10; math Algebra 1 and Geometry EOC,none found (ATLAS second year); whether 2024 HS math was grade 9-10 or EOC not confirmed,"https://dese.ade.arkansas.gov/Offices/public-school-accountability/assessment/atlas-assessment-overview ('Beginning in the Spring of 2024, ... ATLAS will serve as the statewide student assessment system'); https://oep.uark.edu/how-are-arkansas-students-doing-2025-atlas-results-are-in/",no subgroup file found,"Grade 11 ACT district summaries are also posted but ACT is not the ESSA test. U of A Office for Education Policy reposts district files (oep.uark.edu), all students."
AZ,2021-22,2022,https://www.azed.gov/accountability-research/data,State Assessment Public Files > 'Assessments 2022': https://www.azed.gov/sites/default/files/2023/08/math_ela_assessments_2022_redacted.xlsx,XLSX,yes,expected (LEA tab),unverified,unverified,unverified,"Not confirmed without opening. ADE describes its earlier combined public files (2019) as having separate tabs by school, LEA, county and state; the FY22-25 layout was not seen",Minimally Proficient / Partially Proficient / Proficient / Highly Proficient,Proficient + Highly Proficient,'*' = numbers under 11 not reported (FERPA) (page note under Assessments 2021-2023; same file series),ACT Aspire (grade 9) and ACT (grade 11),ACT Aspire (grade 9) and ACT (grade 11),9 and 11,2022: AzM2 high school tests replaced by ACT Aspire (grade 9) and ACT (grade 11) as the statewide HS achievement tests,"https://www.azed.gov/assessment/act-aspire ; https://www.azed.gov/assessment/act (search-index copies for spring 2022: ACT grade 11 Cohort 2023, ACT Aspire grade 9 Cohort 2025); https://www.azed.gov/sites/default/files/2022/08/ACT-ACT%20Aspire%20Comparison%202022-2023.pdf (now 404)",probable (LEA x race rows and HS test inclusion to confirm in one file),azed.gov blocks non-browser requests (Cloudflare); page read in Chrome. 2022 file is marked 'redacted'.
AZ,2022-23,2023,https://www.azed.gov/accountability-research/data,State Assessment Public Files > 'Assessments 2023': https://www.azed.gov/sites/default/files/2024/02/math_ela_assessments_2023_publish%5B1%5D.xlsx,XLSX,yes,expected (LEA tab),unverified,unverified,unverified,"Not confirmed without opening. ADE describes its earlier combined public files (2019) as having separate tabs by school, LEA, county and state; the FY22-25 layout was not seen",Minimally Proficient / Partially Proficient / Proficient / Highly Proficient,Proficient + Highly Proficient,'*' = numbers under 11 not reported (FERPA) (page note under Assessments 2021-2023; same file series),ACT Aspire (grade 9) and ACT (grade 11),ACT Aspire (grade 9) and ACT (grade 11),9 and 11,none (ACT Aspire kept for grade 9 'for the life of our contract' though discontinued nationally),"https://www.azed.gov/assessment/act-aspire ; https://www.azed.gov/assessment/act (search-index copies for spring 2022: ACT grade 11 Cohort 2023, ACT Aspire grade 9 Cohort 2025); https://www.azed.gov/sites/default/files/2022/08/ACT-ACT%20Aspire%20Comparison%202022-2023.pdf (now 404)",probable (LEA x race rows and HS test inclusion to confirm in one file),azed.gov blocks non-browser requests (Cloudflare); page read in Chrome. 2022 file is marked 'redacted'.
AZ,2023-24,2024,https://www.azed.gov/accountability-research/data,State Assessment Public Files > 'Assessments 2024': https://www.azed.gov/sites/default/files/2024/09/math_ela_assessmentsfy24.xlsx,XLSX,yes,expected (LEA tab),unverified,unverified,unverified,"Not confirmed without opening. ADE describes its earlier combined public files (2019) as having separate tabs by school, LEA, county and state; the FY22-25 layout was not seen",Minimally Proficient / Partially Proficient / Proficient / Highly Proficient,Proficient + Highly Proficient,'*' = numbers under 11 not reported (FERPA) (page note under Assessments 2021-2023; same file series),ACT Aspire (grade 9) and ACT (grade 11),ACT Aspire (grade 9) and ACT (grade 11),9 and 11,none (ACT Aspire kept for grade 9 'for the life of our contract' though discontinued nationally),"https://www.azed.gov/assessment/act-aspire ; https://www.azed.gov/assessment/act (search-index copies for spring 2022: ACT grade 11 Cohort 2023, ACT Aspire grade 9 Cohort 2025); https://www.azed.gov/sites/default/files/2022/08/ACT-ACT%20Aspire%20Comparison%202022-2023.pdf (now 404)",probable (LEA x race rows and HS test inclusion to confirm in one file),azed.gov blocks non-browser requests (Cloudflare); page read in Chrome. 2022 file is marked 'redacted'.
AZ,2024-25,2025,https://www.azed.gov/accountability-research/data,State Assessment Public Files > 'Assessments 2025': https://www.azed.gov/sites/default/files/2025/10/math_ela_assessmentsfy25.xlsx,XLSX,yes,expected (LEA tab),unverified,unverified,unverified,"Not confirmed without opening. ADE describes its earlier combined public files (2019) as having separate tabs by school, LEA, county and state; the FY22-25 layout was not seen",Minimally Proficient / Partially Proficient / Proficient / Highly Proficient,Proficient + Highly Proficient,'*' = numbers under 11 not reported (FERPA) (page note under Assessments 2021-2023; same file series),ACT Aspire (grade 9) and ACT (grade 11),ACT Aspire (grade 9) and ACT (grade 11),9 and 11,none (ACT Aspire kept for grade 9 'for the life of our contract' though discontinued nationally),"https://www.azed.gov/assessment/act-aspire ; https://www.azed.gov/assessment/act (search-index copies for spring 2022: ACT grade 11 Cohort 2023, ACT Aspire grade 9 Cohort 2025); https://www.azed.gov/sites/default/files/2022/08/ACT-ACT%20Aspire%20Comparison%202022-2023.pdf (now 404)",probable (LEA x race rows and HS test inclusion to confirm in one file),azed.gov blocks non-browser requests (Cloudflare); page read in Chrome. 2022 file is marked 'redacted'.
CA,2021-22,2022,https://caaspp-elpac.ets.org/caaspp/ResearchFileListSB?ps=true&lstTestYear=2022&lstTestType=B&lstCounty=00&lstDistrict=00000,"Statewide, All Student Groups, caret-delimited: https://caaspp-elpac.ets.org/caaspp/researchfiles/sb_ca2022_all_csv_v1.zip (ELA only sb_ca2022_all_csv_ela_v1.zip; math only sb_ca2022_all_csv_math_v1.zip); entities list sb_ca2022entities_csv.zip; layout on the ResearchFileFormatSB page","ZIP of caret-delimited text (also fixed-width TXT, Access MDB)",yes,"yes (state, county, district, school records)",yes (Student Group ID 074),yes (078),yes (080),"Research file format page Table A (2024-25) lists 074 Black or African American, 078 Hispanic or Latino, 080 White",Standard Exceeded / Met / Nearly Met / Not Met; field 'Percentage Standard Met and Above',Standard Met + Standard Exceeded,No scores reported for any group with fewer than 11 students,Smarter Balanced Mathematics grade 11,Smarter Balanced ELA/Literacy grade 11,11 (Grade code 11),none,"https://caaspp-elpac.ets.org/caaspp/ResearchFileFormatSB?ps=true&lstTestYear=2025&lstTestType=B (Table C: SB ELA, SB Mathematics)",yes,2021-22 all-groups CSV zip listed at 83 MB; 2022-23 at 88 MB. Table A read for 2024-25 only; per-year layout files posted.
CA,2022-23,2023,https://caaspp-elpac.ets.org/caaspp/ResearchFileListSB?ps=true&lstTestYear=2023&lstTestType=B&lstCounty=00&lstDistrict=00000,"Statewide, All Student Groups, caret-delimited: https://caaspp-elpac.ets.org/caaspp/researchfiles/sb_ca2023_all_csv_v1.zip (ELA only sb_ca2023_all_csv_ela_v1.zip; math only sb_ca2023_all_csv_math_v1.zip); entities list sb_ca2023entities_csv.zip; layout on the ResearchFileFormatSB page","ZIP of caret-delimited text (also fixed-width TXT, Access MDB)",yes,"yes (state, county, district, school records)",yes (Student Group ID 074),yes (078),yes (080),"Research file format page Table A (2024-25) lists 074 Black or African American, 078 Hispanic or Latino, 080 White",Standard Exceeded / Met / Nearly Met / Not Met; field 'Percentage Standard Met and Above',Standard Met + Standard Exceeded,No scores reported for any group with fewer than 11 students,Smarter Balanced Mathematics grade 11,Smarter Balanced ELA/Literacy grade 11,11 (Grade code 11),none,"https://caaspp-elpac.ets.org/caaspp/ResearchFileFormatSB?ps=true&lstTestYear=2025&lstTestType=B (Table C: SB ELA, SB Mathematics)",yes,2021-22 all-groups CSV zip listed at 83 MB; 2022-23 at 88 MB. Table A read for 2024-25 only; per-year layout files posted.
CA,2023-24,2024,https://caaspp-elpac.ets.org/caaspp/ResearchFileListSB?ps=true&lstTestYear=2024&lstTestType=B&lstCounty=00&lstDistrict=00000,"Statewide, All Student Groups, caret-delimited: https://caaspp-elpac.ets.org/caaspp/researchfiles/sb_ca2024_all_csv_v1.zip (ELA only sb_ca2024_all_csv_ela_v1.zip; math only sb_ca2024_all_csv_math_v1.zip); entities list sb_ca2024entities_csv.zip; layout on the ResearchFileFormatSB page","ZIP of caret-delimited text (also fixed-width TXT, Access MDB)",yes,"yes (state, county, district, school records)",yes (Student Group ID 074),yes (078),yes (080),"Research file format page Table A (2024-25) lists 074 Black or African American, 078 Hispanic or Latino, 080 White",Standard Exceeded / Met / Nearly Met / Not Met; field 'Percentage Standard Met and Above',Standard Met + Standard Exceeded,No scores reported for any group with fewer than 11 students,Smarter Balanced Mathematics grade 11,Smarter Balanced ELA/Literacy grade 11,11 (Grade code 11),none,"https://caaspp-elpac.ets.org/caaspp/ResearchFileFormatSB?ps=true&lstTestYear=2025&lstTestType=B (Table C: SB ELA, SB Mathematics)",yes,2021-22 all-groups CSV zip listed at 83 MB; 2022-23 at 88 MB. Table A read for 2024-25 only; per-year layout files posted.
CA,2024-25,2025,https://caaspp-elpac.ets.org/caaspp/ResearchFileListSB?ps=true&lstTestYear=2025&lstTestType=B&lstCounty=00&lstDistrict=00000,"Statewide, All Student Groups, caret-delimited: https://caaspp-elpac.ets.org/caaspp/researchfiles/sb_ca2025_all_csv_v1.zip (ELA only sb_ca2025_all_csv_ela_v1.zip; math only sb_ca2025_all_csv_math_v1.zip); entities list sb_ca2025entities_csv.zip; layout on the ResearchFileFormatSB page","ZIP of caret-delimited text (also fixed-width TXT, Access MDB)",yes,"yes (state, county, district, school records)",yes (Student Group ID 074),yes (078),yes (080),"Research file format page Table A (2024-25) lists 074 Black or African American, 078 Hispanic or Latino, 080 White",Standard Exceeded / Met / Nearly Met / Not Met; field 'Percentage Standard Met and Above',Standard Met + Standard Exceeded,No scores reported for any group with fewer than 11 students,Smarter Balanced Mathematics grade 11,Smarter Balanced ELA/Literacy grade 11,11 (Grade code 11),none,"https://caaspp-elpac.ets.org/caaspp/ResearchFileFormatSB?ps=true&lstTestYear=2025&lstTestType=B (Table C: SB ELA, SB Mathematics)",yes,2021-22 all-groups CSV zip listed at 83 MB; 2022-23 at 88 MB. Table A read for 2024-25 only; per-year layout files posted.
CO,2021-22,2022,https://ed.cde.state.co.us/fs/pages/2240,'2022 PSAT and SAT Math District and School Achievement Results Disaggregated by Subgroups (XLS)': https://ed.cde.state.co.us/fs/resource-manager/view/d25d281c-a6ba-40c4-8c99-d43231019fa5 ; 'Reading and Writing ... Disaggregated by Subgroups (XLS)': https://ed.cde.state.co.us/fs/resource-manager/view/11cb7358-aa57-4b7d-aad8-2eaaa851e544,XLS/XLSX,yes,yes (district and school),expected,expected,expected,File titles 'District and School Achievement Results Disaggregated by Subgroups'; subgroup list not viewed,Met or exceeded the state's college readiness benchmark (Chalkbeat 2024 description of CDE public results),Met or exceeded benchmark (single cut),'--' = group too small to display (SchoolView note); numeric threshold not stated on the page,SAT Math (grade 11); PSAT grades 9-10,SAT Reading and Writing (grade 11); PSAT grades 9-10,11 (SAT); PSAT 9 and 10 in the same files,none,https://www.cde.state.co.us/communications/newsrelease-collegeboardrecommended ; https://www.cde.state.co.us/communications/news-release-91124-september-sbe ; https://www.chalkbeat.org/colorado/2024/07/02/colorado-preliminary-state-tests-sat-scores-concern-officials/,yes (single-cut benchmark share; flag 2024 digital transition),CMAS ELA/math cover grades 3-8 only. Benchmark definition and n-size to be read from the file's notes.
CO,2022-23,2023,https://ed.cde.state.co.us/fs/pages/2240,'2023 PSAT and SAT Math District and School Achievement Results Disaggregated by Subgroups (XLS)': https://ed.cde.state.co.us/fs/resource-manager/view/a822670f-72e8-4e57-b302-7958750ebec7 ; 'Reading and Writing ... Disaggregated by Subgroups (XLS)': https://ed.cde.state.co.us/fs/resource-manager/view/6f97f053-6339-48ad-94eb-6e569f137bf9,XLS/XLSX,yes,yes (district and school),expected,expected,expected,File titles 'District and School Achievement Results Disaggregated by Subgroups'; subgroup list not viewed,Met or exceeded the state's college readiness benchmark (Chalkbeat 2024 description of CDE public results),Met or exceeded benchmark (single cut),'--' = group too small to display (SchoolView note); numeric threshold not stated on the page,SAT Math (grade 11); PSAT grades 9-10,SAT Reading and Writing (grade 11); PSAT grades 9-10,11 (SAT); PSAT 9 and 10 in the same files,none,https://www.cde.state.co.us/communications/newsrelease-collegeboardrecommended ; https://www.cde.state.co.us/communications/news-release-91124-september-sbe ; https://www.chalkbeat.org/colorado/2024/07/02/colorado-preliminary-state-tests-sat-scores-concern-officials/,yes (single-cut benchmark share; flag 2024 digital transition),CMAS ELA/math cover grades 3-8 only. Benchmark definition and n-size to be read from the file's notes.
CO,2023-24,2024,https://ed.cde.state.co.us/fs/pages/2240,'2024 PSAT and SAT Math District and School Achievement Results Disaggregated by Subgroups (XLS)': https://ed.cde.state.co.us/fs/resource-manager/view/f7ab5f44-337a-4294-a0ee-9fa1b50b0aa1 ; 'Reading and Writing ... Disaggregated by Subgroups (XLS)': https://ed.cde.state.co.us/fs/resource-manager/view/8b049469-cb94-4852-be47-881492eec491,XLS/XLSX,yes,yes (district and school),expected,expected,expected,File titles 'District and School Achievement Results Disaggregated by Subgroups'; subgroup list not viewed,Met or exceeded the state's college readiness benchmark (Chalkbeat 2024 description of CDE public results),Met or exceeded benchmark (single cut),'--' = group too small to display (SchoolView note); numeric threshold not stated on the page,SAT Math (grade 11); PSAT grades 9-10,SAT Reading and Writing (grade 11); PSAT grades 9-10,11 (SAT); PSAT 9 and 10 in the same files,"2024: paper SAT/PSAT 10 replaced by the digital SAT Suite (new items, content shifts; CDE attributes part of the 2024 math drop to the test change; SBE adjusted digital SAT math cut scores for graduation guidelines); PSAT 8/9 in grade 9 per 2024-25 layout",https://www.cde.state.co.us/communications/newsrelease-collegeboardrecommended ; https://www.cde.state.co.us/communications/news-release-91124-september-sbe ; https://www.chalkbeat.org/colorado/2024/07/02/colorado-preliminary-state-tests-sat-scores-concern-officials/,yes (single-cut benchmark share; flag 2024 digital transition),CMAS ELA/math cover grades 3-8 only. Benchmark definition and n-size to be read from the file's notes.
CO,2024-25,2025,https://ed.cde.state.co.us/fs/pages/2240,'2025 PSAT and SAT Math District and School Achievement Results Disaggregated by Subgroups (XLS)': https://ed.cde.state.co.us/fs/resource-manager/view/674e0eda-a614-4d9e-819a-1473c2a2675f ; 'Reading and Writing ... Disaggregated by Subgroups (XLS)': https://ed.cde.state.co.us/fs/resource-manager/view/9d0b0a64-b9e0-48a0-adda-927a3e80bee1,XLS/XLSX,yes,yes (district and school),expected,expected,expected,File titles 'District and School Achievement Results Disaggregated by Subgroups'; subgroup list not viewed,Met or exceeded the state's college readiness benchmark (Chalkbeat 2024 description of CDE public results),Met or exceeded benchmark (single cut),'--' = group too small to display (SchoolView note); numeric threshold not stated on the page,SAT Math (grade 11); PSAT grades 9-10,SAT Reading and Writing (grade 11); PSAT grades 9-10,11 (SAT); PSAT 9 and 10 in the same files,none,https://www.cde.state.co.us/communications/newsrelease-collegeboardrecommended ; https://www.cde.state.co.us/communications/news-release-91124-september-sbe ; https://www.chalkbeat.org/colorado/2024/07/02/colorado-preliminary-state-tests-sat-scores-concern-officials/,yes (single-cut benchmark share; flag 2024 digital transition),CMAS ELA/math cover grades 3-8 only. Benchmark definition and n-size to be read from the file's notes.
CT,2021-22,2022,https://public-edsight.ct.gov/performance/connecticut-school-day-sat,"EdSight 'Connecticut SAT School Day' report (SAS stored process CTSchoolDaySATReport_SiteCore): Year=2021-22, District='All Districts', Subject=ELA or Math, Filter By='Race/Ethnicity', Submit, then 'Export .csv file'",CSV export from interactive report,"yes (export, not a posted static file)",yes ('All Districts' option),expected,expected,expected,"Report filter options seen: All Students, Race/Ethnicity, Gender, SWD, FRL (2- and 3-level), EL, High Needs, Homeless, Foster Care, Military Family; race category values not displayed",Percentage Level 3 or 4 (Met or Exceeded); also Average Score,Level 3 + Level 4,"CSDE rules: counts <=5 suppressed with complementary suppression; statistic suppressed if its count is suppressed, numerator <=5, or denominator < 20 (inequality symbol garbled in PDF text extraction; read as <=5)",Connecticut SAT School Day Math,Connecticut SAT School Day Reading and Writing (ELA),11,none,https://portal.ct.gov/-/media/SDE/Student-Assessment/SAT/2324-SDY-896-Digital-SAT-School-Day-Student-Guide-ADA.pdf ; https://portal.ct.gov/sde/student-assessment/sat/connecticut-sat-school-day,yes (via export),"Year list in report: 2025-26 back to 2021-22, then 2018-19 and earlier. Smarter Balanced covers grades 3-8 only. Suppression rules: https://edsight.ct.gov/relatedreports/BDCRE%20Data%20Suppression%20Rules.pdf"
CT,2022-23,2023,https://public-edsight.ct.gov/performance/connecticut-school-day-sat,"EdSight 'Connecticut SAT School Day' report (SAS stored process CTSchoolDaySATReport_SiteCore): Year=2022-23, District='All Districts', Subject=ELA or Math, Filter By='Race/Ethnicity', Submit, then 'Export .csv file'",CSV export from interactive report,"yes (export, not a posted static file)",yes ('All Districts' option),expected,expected,expected,"Report filter options seen: All Students, Race/Ethnicity, Gender, SWD, FRL (2- and 3-level), EL, High Needs, Homeless, Foster Care, Military Family; race category values not displayed",Percentage Level 3 or 4 (Met or Exceeded); also Average Score,Level 3 + Level 4,"CSDE rules: counts <=5 suppressed with complementary suppression; statistic suppressed if its count is suppressed, numerator <=5, or denominator < 20 (inequality symbol garbled in PDF text extraction; read as <=5)",Connecticut SAT School Day Math,Connecticut SAT School Day Reading and Writing (ELA),11,none,https://portal.ct.gov/-/media/SDE/Student-Assessment/SAT/2324-SDY-896-Digital-SAT-School-Day-Student-Guide-ADA.pdf ; https://portal.ct.gov/sde/student-assessment/sat/connecticut-sat-school-day,yes (via export),"Year list in report: 2025-26 back to 2021-22, then 2018-19 and earlier. Smarter Balanced covers grades 3-8 only. Suppression rules: https://edsight.ct.gov/relatedreports/BDCRE%20Data%20Suppression%20Rules.pdf"
CT,2023-24,2024,https://public-edsight.ct.gov/performance/connecticut-school-day-sat,"EdSight 'Connecticut SAT School Day' report (SAS stored process CTSchoolDaySATReport_SiteCore): Year=2023-24, District='All Districts', Subject=ELA or Math, Filter By='Race/Ethnicity', Submit, then 'Export .csv file'",CSV export from interactive report,"yes (export, not a posted static file)",yes ('All Districts' option),expected,expected,expected,"Report filter options seen: All Students, Race/Ethnicity, Gender, SWD, FRL (2- and 3-level), EL, High Needs, Homeless, Foster Care, Military Family; race category values not displayed",Percentage Level 3 or 4 (Met or Exceeded); also Average Score,Level 3 + Level 4,"CSDE rules: counts <=5 suppressed with complementary suppression; statistic suppressed if its count is suppressed, numerator <=5, or denominator < 20 (inequality symbol garbled in PDF text extraction; read as <=5)",Connecticut SAT School Day Math,Connecticut SAT School Day Reading and Writing (ELA),11,2024: SAT School Day administered digitally (digital SAT: Reading and Writing + Math),https://portal.ct.gov/-/media/SDE/Student-Assessment/SAT/2324-SDY-896-Digital-SAT-School-Day-Student-Guide-ADA.pdf ; https://portal.ct.gov/sde/student-assessment/sat/connecticut-sat-school-day,yes (via export),"Year list in report: 2025-26 back to 2021-22, then 2018-19 and earlier. Smarter Balanced covers grades 3-8 only. Suppression rules: https://edsight.ct.gov/relatedreports/BDCRE%20Data%20Suppression%20Rules.pdf"
CT,2024-25,2025,https://public-edsight.ct.gov/performance/connecticut-school-day-sat,"EdSight 'Connecticut SAT School Day' report (SAS stored process CTSchoolDaySATReport_SiteCore): Year=2024-25, District='All Districts', Subject=ELA or Math, Filter By='Race/Ethnicity', Submit, then 'Export .csv file'",CSV export from interactive report,"yes (export, not a posted static file)",yes ('All Districts' option),expected,expected,expected,"Report filter options seen: All Students, Race/Ethnicity, Gender, SWD, FRL (2- and 3-level), EL, High Needs, Homeless, Foster Care, Military Family; race category values not displayed",Percentage Level 3 or 4 (Met or Exceeded); also Average Score,Level 3 + Level 4,"CSDE rules: counts <=5 suppressed with complementary suppression; statistic suppressed if its count is suppressed, numerator <=5, or denominator < 20 (inequality symbol garbled in PDF text extraction; read as <=5)",Connecticut SAT School Day Math,Connecticut SAT School Day Reading and Writing (ELA),11,none,https://portal.ct.gov/-/media/SDE/Student-Assessment/SAT/2324-SDY-896-Digital-SAT-School-Day-Student-Guide-ADA.pdf ; https://portal.ct.gov/sde/student-assessment/sat/connecticut-sat-school-day,yes (via export),"Year list in report: 2025-26 back to 2021-22, then 2018-19 and earlier. Smarter Balanced covers grades 3-8 only. Suppression rules: https://edsight.ct.gov/relatedreports/BDCRE%20Data%20Suppression%20Rules.pdf"
DC,2021-22,2022,https://osse.dc.gov/page/2021-22-parcc-and-msaa-results-and-resources,'2021-22 LEA Level PARCC and MSAA Data [XLS]' in Box folder https://dcgov.app.box.com/v/PARCC-MSAA-Public,XLSX (Box share),yes,yes (LEA = DCPS plus charter LEAs),yes,yes,yes,"Page text: LEA file includes the percentage of students in each LEA meeting or exceeding expectations, broken down at every grade level and for specific groups of students","Level 1 Did Not Yet Meet, 2 Partially Met, 3 Approached, 4 Met, 5 Exceeded Expectations",Level 4 + Level 5,"OSSE policy: denominators < 10 shown as 'n<10'; blurred percentages (e.g. <=10%, >=90%) at extremes; complementary suppression 'DS'; file 'Data Notes' tab","PARCC Algebra I, Geometry (Algebra II also offered)",PARCC ELA I / ELA II,course-based (no single grade),none,https://osse.dc.gov/blog/new-name-same-high-quality-introducing-dc-cape ; https://osse.dc.gov/dccape,yes,"DC is a single SEA; most LEAs are single-school charters, so a 'district' gap is mostly a charter-network gap. School-level files are also posted."
DC,2022-23,2023,https://osse.dc.gov/assessmentresults2023,"'2022-23 LEA Level Statewide Assessment Data': https://app.box.com/s/w3dz0osavcf1x4qenwk9yr4n709go41g (Box name '2022-23 LEA Level PARCC and MSAA Data_9_5.xlsx', 43,457,247 bytes)",XLSX (Box share),yes,yes (LEA = DCPS plus charter LEAs),expected,expected,expected,Page describes LEA-level performance results; file size consistent with subgroup rows; not opened,"Level 1 Did Not Yet Meet, 2 Partially Met, 3 Approached, 4 Met, 5 Exceeded Expectations",Level 4 + Level 5,"OSSE policy: denominators < 10 shown as 'n<10'; blurred percentages (e.g. <=10%, >=90%) at extremes; complementary suppression 'DS'; file 'Data Notes' tab","PARCC Algebra I, Geometry (Algebra II also offered)",PARCC ELA I / ELA II,course-based (no single grade),none,https://osse.dc.gov/blog/new-name-same-high-quality-introducing-dc-cape ; https://osse.dc.gov/dccape,probable,"DC is a single SEA; most LEAs are single-school charters, so a 'district' gap is mostly a charter-network gap. School-level files are also posted."
DC,2023-24,2024,https://osse.dc.gov/assessmentresults2024,"'2023-24 LEA Level Statewide Assessment Data': https://app.box.com/s/x3026w17o4pmrbxjut2io5t51168b5y2 (Box name '2023-24 LEA Level DCCAPE and MSAA Data 1.15.2025.xlsx', 22,367,669 bytes)",XLSX (Box share),yes,yes (LEA = DCPS plus charter LEAs),expected,expected,expected,Page describes LEA-level performance results; not opened,"Level 1 Did Not Yet Meet, 2 Partially Met, 3 Approached, 4 Met, 5 Exceeded Expectations",Level 4 + Level 5,"OSSE policy: denominators < 10 shown as 'n<10'; blurred percentages (e.g. <=10%, >=90%) at extremes; complementary suppression 'DS'; file 'Data Notes' tab","DC CAPE Algebra I, Geometry (Algebra II also offered)",DC CAPE ELA I / ELA II,course-based (no single grade),2024: PARCC renamed DC CAPE; OSSE says same blueprints and comparable to prior PARCC results (not a replacement under the rule),https://osse.dc.gov/blog/new-name-same-high-quality-introducing-dc-cape ; https://osse.dc.gov/dccape,probable,"DC is a single SEA; most LEAs are single-school charters, so a 'district' gap is mostly a charter-network gap. School-level files are also posted."
DC,2024-25,2025,https://osse.dc.gov/assessmentresults2025,"'2024-25 LEA Level Statewide Assessment Data' > Overall Results: https://app.box.com/s/a1bx09uvrx0i066n2alof3onbfivboen (Box name '2024-25 Public File LEA Level DCCAPE and MSAA Data 1.xlsx', 2,021,448 bytes)",XLSX (Box share),yes,yes (LEA = DCPS plus charter LEAs),unverified,unverified,unverified,File is about one tenth the size of 2023-24; subgroup rows may be absent; not opened,"Level 1 Did Not Yet Meet, 2 Partially Met, 3 Approached, 4 Met, 5 Exceeded Expectations",Level 4 + Level 5,"OSSE policy: denominators < 10 shown as 'n<10'; blurred percentages (e.g. <=10%, >=90%) at extremes; complementary suppression 'DS'; file 'Data Notes' tab","DC CAPE Algebra I, Geometry (Algebra II also offered)",DC CAPE ELA I / ELA II,course-based (no single grade),none (a DC CAPE 2.0 FAQ dated 12/2025 points to a change after the window),https://osse.dc.gov/blog/new-name-same-high-quality-introducing-dc-cape ; https://osse.dc.gov/dccape,unverified (small file),"DC is a single SEA; most LEAs are single-school charters, so a 'district' gap is mostly a charter-network gap. School-level files are also posted."
DE,2021-22,2022,https://data.delaware.gov/Education/Student-Assessment-Performance/ms6b-mt82,"Delaware Open Data 'Student Assessment Performance' > Export CSV, or https://data.delaware.gov/resource/ms6b-mt82.csv with $where schoolyear='2022' AND assessmentname='SAT School-Day (Spring)' AND schoolcode='0' AND districtcode!='0'",CSV (Socrata export/API),yes,yes,yes ('African American'),yes ('Hispanic/Latino'),yes ('White'),"Row counts from a Socrata group-by query (district rows, all genders/special populations/geography, ELA+MATH+ESSAY, every grade value): African American 122 reported/169 redacted; Hispanic/Latino 82/182; White 141/120 (no result values retrieved)",Proficient / PctProficient ('typically considered as 3 or above'),Level 3 and above,"RowStatus REDACTED/REPORTED; DDOE rule: redact when population < 15, or when population >= 15 and cell < 5 or within 5 of the population",SAT School-Day (Spring) MATH,SAT School-Day (Spring) ELA (also ESSAY rows),"11 (rows also for grades 9, 10, 12 and 'All Students')",none,https://education.delaware.gov/wp-content/uploads/digital_de/sat-sd-parents-flyer_final.pdf ; https://reports.collegeboard.org/media/pdf/2024-delaware-sat-suite-of-assessments-annual-report-ADA.pdf,yes (high redaction share for minority district rows),"29 districts with SAT district rows in 2022, 30 in 2023-2025. Metadata description of 'Gender' duplicates 'Grade'."
DE,2022-23,2023,https://data.delaware.gov/Education/Student-Assessment-Performance/ms6b-mt82,"Delaware Open Data 'Student Assessment Performance' > Export CSV, or https://data.delaware.gov/resource/ms6b-mt82.csv with $where schoolyear='2023' AND assessmentname='SAT School-Day (Spring)' AND schoolcode='0' AND districtcode!='0'",CSV (Socrata export/API),yes,yes,yes ('African American'),yes ('Hispanic/Latino'),yes ('White'),"Row counts from a Socrata group-by query (district rows, all genders/special populations/geography, ELA+MATH+ESSAY, every grade value): African American 112/68; Hispanic/Latino 92/82; White 142/32 (no result values retrieved)",Proficient / PctProficient ('typically considered as 3 or above'),Level 3 and above,"RowStatus REDACTED/REPORTED; DDOE rule: redact when population < 15, or when population >= 15 and cell < 5 or within 5 of the population",SAT School-Day (Spring) MATH,SAT School-Day (Spring) ELA (also ESSAY rows),"11 (rows also for grades 9, 10, 12 and 'All Students')",none,https://education.delaware.gov/wp-content/uploads/digital_de/sat-sd-parents-flyer_final.pdf ; https://reports.collegeboard.org/media/pdf/2024-delaware-sat-suite-of-assessments-annual-report-ADA.pdf,yes (high redaction share for minority district rows),"29 districts with SAT district rows in 2022, 30 in 2023-2025. Metadata description of 'Gender' duplicates 'Grade'."
DE,2023-24,2024,https://data.delaware.gov/Education/Student-Assessment-Performance/ms6b-mt82,"Delaware Open Data 'Student Assessment Performance' > Export CSV, or https://data.delaware.gov/resource/ms6b-mt82.csv with $where schoolyear='2024' AND assessmentname='SAT School-Day (Spring)' AND schoolcode='0' AND districtcode!='0'",CSV (Socrata export/API),yes,yes,yes ('African American'),yes ('Hispanic/Latino'),yes ('White'),"Row counts from a Socrata group-by query (district rows, all genders/special populations/geography, ELA+MATH+ESSAY, every grade value): African American 102/78; Hispanic/Latino 92/82; White 140/22 (no result values retrieved)",Proficient / PctProficient ('typically considered as 3 or above'),Level 3 and above,"RowStatus REDACTED/REPORTED; DDOE rule: redact when population < 15, or when population >= 15 and cell < 5 or within 5 of the population",SAT School-Day (Spring) MATH,SAT School-Day (Spring) ELA (also ESSAY rows),"11 (rows also for grades 9, 10, 12 and 'All Students')",2024: SAT School Day moved to the digital SAT,https://education.delaware.gov/wp-content/uploads/digital_de/sat-sd-parents-flyer_final.pdf ; https://reports.collegeboard.org/media/pdf/2024-delaware-sat-suite-of-assessments-annual-report-ADA.pdf,yes (high redaction share for minority district rows),"29 districts with SAT district rows in 2022, 30 in 2023-2025. Metadata description of 'Gender' duplicates 'Grade'."
DE,2024-25,2025,https://data.delaware.gov/Education/Student-Assessment-Performance/ms6b-mt82,"Delaware Open Data 'Student Assessment Performance' > Export CSV, or https://data.delaware.gov/resource/ms6b-mt82.csv with $where schoolyear='2025' AND assessmentname='SAT School-Day (Spring)' AND schoolcode='0' AND districtcode!='0'",CSV (Socrata export/API),yes,yes,yes ('African American'),yes ('Hispanic/Latino'),yes ('White'),"Row counts from a Socrata group-by query (district rows, all genders/special populations/geography, ELA+MATH+ESSAY, every grade value): African American 114/66; Hispanic/Latino 96/78; White 136/44 (no result values retrieved)",Proficient / PctProficient ('typically considered as 3 or above'),Level 3 and above,"RowStatus REDACTED/REPORTED; DDOE rule: redact when population < 15, or when population >= 15 and cell < 5 or within 5 of the population",SAT School-Day (Spring) MATH,SAT School-Day (Spring) ELA (also ESSAY rows),"11 (rows also for grades 9, 10, 12 and 'All Students')",none,https://education.delaware.gov/wp-content/uploads/digital_de/sat-sd-parents-flyer_final.pdf ; https://reports.collegeboard.org/media/pdf/2024-delaware-sat-suite-of-assessments-annual-report-ADA.pdf,yes (high redaction share for minority district rows),"29 districts with SAT district rows in 2022, 30 in 2023-2025. Metadata description of 'Gender' duplicates 'Grade'."
FL,2021-22,2022,https://www.fldoe.org/accountability/assessments/k-12-student-assessment/results/2022.stml,"Static Excel files are all students by grade or course ('State and District Scores for All Curriculum Groups', e.g. 2024 grade 10 ELA https://www.fldoe.org/core/fileparse.php/5668/urlt/10ELA10SRDSpring24.xls; EOC 'State Report of Districts'). Subgroups only through Know Your Data > Advanced Reports > 'Assessments - Statewide' (Tableau), https://edudata.fldoe.org/AdvancedReports.html, crosstab download",XLS (all students); Tableau crosstab (subgroups),no subgroup file (all-students XLS only),yes (all students),not in static files,not in static files,not in static files,2022 and 2024 results pages list grade/course district and school files only; Tableau report not opened (scripted reading blocked on edudata.fldoe.org),Achievement Levels 1-5,Level 3 and above,not verified,"FSA Algebra 1 EOC, Geometry EOC",FSA ELA grade 10,ELA grade 10 (grade 9 also tested); math course-based EOC,none,https://www.fldoe.org/accountability/assessments/k-12-student-assessment/best/ ; https://www.fldoe.org/core/fileparse.php/7490/urlt/2022-23-Understanding-B.E.S.T.-Reports.pdf,no static file; possibly via Tableau crosstab (unverified),fldoe.org denies non-browser requests; pages read in Chrome. 2023 and 2025 results pages not read (same series assumed).
FL,2022-23,2023,https://www.fldoe.org/accountability/assessments/k-12-student-assessment/results/2023.stml,"Static Excel files are all students by grade or course ('State and District Scores for All Curriculum Groups', e.g. 2024 grade 10 ELA https://www.fldoe.org/core/fileparse.php/5668/urlt/10ELA10SRDSpring24.xls; EOC 'State Report of Districts'). Subgroups only through Know Your Data > Advanced Reports > 'Assessments - Statewide' (Tableau), https://edudata.fldoe.org/AdvancedReports.html, crosstab download",XLS (all students); Tableau crosstab (subgroups),no subgroup file (all-students XLS only),yes (all students),not in static files,not in static files,not in static files,2022 and 2024 results pages list grade/course district and school files only; Tableau report not opened (scripted reading blocked on edudata.fldoe.org),Achievement Levels 1-5,Level 3 and above,not verified,"B.E.S.T. Algebra 1 EOC, Geometry EOC",FAST ELA Reading grades 9-10 (PM3),ELA grade 10 (grade 9 also tested); math course-based EOC,"2023: FSA replaced by FAST (ELA Reading grades 3-10) and B.E.S.T. EOCs on the B.E.S.T. standards; achievement levels provisional, linked to the 2021-22 scale",https://www.fldoe.org/accountability/assessments/k-12-student-assessment/best/ ; https://www.fldoe.org/core/fileparse.php/7490/urlt/2022-23-Understanding-B.E.S.T.-Reports.pdf,no static file; possibly via Tableau crosstab (unverified),fldoe.org denies non-browser requests; pages read in Chrome. 2023 and 2025 results pages not read (same series assumed).
FL,2023-24,2024,https://www.fldoe.org/accountability/assessments/k-12-student-assessment/results/2024.stml,"Static Excel files are all students by grade or course ('State and District Scores for All Curriculum Groups', e.g. 2024 grade 10 ELA https://www.fldoe.org/core/fileparse.php/5668/urlt/10ELA10SRDSpring24.xls; EOC 'State Report of Districts'). Subgroups only through Know Your Data > Advanced Reports > 'Assessments - Statewide' (Tableau), https://edudata.fldoe.org/AdvancedReports.html, crosstab download",XLS (all students); Tableau crosstab (subgroups),no subgroup file (all-students XLS only),yes (all students),not in static files,not in static files,not in static files,2022 and 2024 results pages list grade/course district and school files only; Tableau report not opened (scripted reading blocked on edudata.fldoe.org),Achievement Levels 1-5,Level 3 and above,not verified,"B.E.S.T. Algebra 1 EOC, Geometry EOC",FAST ELA Reading grades 9-10 (PM3),ELA grade 10 (grade 9 also tested); math course-based EOC,"2024: new FAST/B.E.S.T. reporting scale and cut scores approved by the State Board in fall 2023, used from Winter 2023 / PM2 2023-24 (same test)",https://www.fldoe.org/accountability/assessments/k-12-student-assessment/best/ ; https://www.fldoe.org/core/fileparse.php/7490/urlt/2022-23-Understanding-B.E.S.T.-Reports.pdf,no static file; possibly via Tableau crosstab (unverified),fldoe.org denies non-browser requests; pages read in Chrome. 2023 and 2025 results pages not read (same series assumed).
FL,2024-25,2025,https://www.fldoe.org/accountability/assessments/k-12-student-assessment/results/2025.stml,"Static Excel files are all students by grade or course ('State and District Scores for All Curriculum Groups', e.g. 2024 grade 10 ELA https://www.fldoe.org/core/fileparse.php/5668/urlt/10ELA10SRDSpring24.xls; EOC 'State Report of Districts'). Subgroups only through Know Your Data > Advanced Reports > 'Assessments - Statewide' (Tableau), https://edudata.fldoe.org/AdvancedReports.html, crosstab download",XLS (all students); Tableau crosstab (subgroups),no subgroup file (all-students XLS only),yes (all students),not in static files,not in static files,not in static files,2022 and 2024 results pages list grade/course district and school files only; Tableau report not opened (scripted reading blocked on edudata.fldoe.org),Achievement Levels 1-5,Level 3 and above,not verified,"B.E.S.T. Algebra 1 EOC, Geometry EOC",FAST ELA Reading grades 9-10 (PM3),ELA grade 10 (grade 9 also tested); math course-based EOC,none,https://www.fldoe.org/accountability/assessments/k-12-student-assessment/best/ ; https://www.fldoe.org/core/fileparse.php/7490/urlt/2022-23-Understanding-B.E.S.T.-Reports.pdf,no static file; possibly via Tableau crosstab (unverified),fldoe.org denies non-browser requests; pages read in Chrome. 2023 and 2025 results pages not read (same series assumed).
GA,2021-22,2022,https://goews.georgia.gov/dashboards-data-report-card/downloadable-data,'Georgia Milestones End-of-Course (EOC) Assessments' 2021-22: https://download.gosa.ga.gov/2022/EOC_2022_Dec08_2022.csv (a separate 'EOC (by grade)' series is also listed),CSV,yes,expected (GOSA files carry system and school rows),expected,expected,expected,Page text: 'Number of students tested as well as totals and percentages of performance levels disaggregated by subject area and student subgroups',Beginning / Developing / Proficient / Distinguished Learner,Proficient + Distinguished,"'TFS' (Too Few Students): groups with fewer than 10 students not reported (GOEWS Data Sources, Rules and Definitions)",Georgia Milestones Algebra I EOC,Georgia Milestones American Literature and Composition EOC,course-based EOC,none,https://sites.google.com/g.gcpsk12.org/algebra/georgia-milestone-eoc ; https://www.businesswire.com/news/home/20230815074324/en/ (GaDOE assessment page not reached; verify),yes (district rows to confirm),gosa.georgia.gov now redirects to goews.georgia.gov.
GA,2022-23,2023,https://goews.georgia.gov/dashboards-data-report-card/downloadable-data,'Georgia Milestones End-of-Course (EOC) Assessments' 2022-23: https://download.gosa.ga.gov/2023/EOC_2022-23__GA_TST_AGGR_2023-12-15_18_54_21.csv (a separate 'EOC (by grade)' series is also listed),CSV,yes,expected (GOSA files carry system and school rows),expected,expected,expected,Page text: 'Number of students tested as well as totals and percentages of performance levels disaggregated by subject area and student subgroups',Beginning / Developing / Proficient / Distinguished Learner,Proficient + Distinguished,"'TFS' (Too Few Students): groups with fewer than 10 students not reported (GOEWS Data Sources, Rules and Definitions)",Georgia Milestones Algebra I EOC,Georgia Milestones American Literature and Composition EOC,course-based EOC,none,https://sites.google.com/g.gcpsk12.org/algebra/georgia-milestone-eoc ; https://www.businesswire.com/news/home/20230815074324/en/ (GaDOE assessment page not reached; verify),yes (district rows to confirm),gosa.georgia.gov now redirects to goews.georgia.gov.
GA,2023-24,2024,https://goews.georgia.gov/dashboards-data-report-card/downloadable-data,'Georgia Milestones End-of-Course (EOC) Assessments' 2023-24: https://download.gosa.ga.gov/2024/EOC_2023-24__GA_TST_AGGR_2025-01-14_16_19_30.csv (a separate 'EOC (by grade)' series is also listed),CSV,yes,expected (GOSA files carry system and school rows),expected,expected,expected,Page text: 'Number of students tested as well as totals and percentages of performance levels disaggregated by subject area and student subgroups',Beginning / Developing / Proficient / Distinguished Learner,Proficient + Distinguished,"'TFS' (Too Few Students): groups with fewer than 10 students not reported (GOEWS Data Sources, Rules and Definitions)",Georgia Milestones Algebra: Concepts and Connections EOC,Georgia Milestones American Literature and Composition EOC,course-based EOC,2024: new K-12 math standards from 2023-24; Algebra: Concepts and Connections course and EOC in place of Algebra I (EOC transition year not confirmed on a GaDOE page),https://sites.google.com/g.gcpsk12.org/algebra/georgia-milestone-eoc ; https://www.businesswire.com/news/home/20230815074324/en/ (GaDOE assessment page not reached; verify),yes (district rows to confirm),gosa.georgia.gov now redirects to goews.georgia.gov.
GA,2024-25,2025,https://goews.georgia.gov/dashboards-data-report-card/downloadable-data,'Georgia Milestones End-of-Course (EOC) Assessments' 2024-25: https://download.gosa.ga.gov/2025/EOC_2024-25__GA_TST_AGGR_2026-02-19_00_31_27.csv (a separate 'EOC (by grade)' series is also listed),CSV,yes,expected (GOSA files carry system and school rows),expected,expected,expected,Page text: 'Number of students tested as well as totals and percentages of performance levels disaggregated by subject area and student subgroups',Beginning / Developing / Proficient / Distinguished Learner,Proficient + Distinguished,"'TFS' (Too Few Students): groups with fewer than 10 students not reported (GOEWS Data Sources, Rules and Definitions)",Georgia Milestones Algebra: Concepts and Connections EOC,Georgia Milestones American Literature and Composition EOC,course-based EOC,none,https://sites.google.com/g.gcpsk12.org/algebra/georgia-milestone-eoc ; https://www.businesswire.com/news/home/20230815074324/en/ (GaDOE assessment page not reached; verify),yes (district rows to confirm),gosa.georgia.gov now redirects to goews.georgia.gov.
HI,2021-22,2022,https://arch.k12.hi.us/reports/strivehi-performance,No statewide district file: Hawaii DOE is a single statewide district. ARCH Strive HI Performance Report is a per-school PDF (select year and school); ARCH Accountability Data Center (/adc-redirect) is interactive,PDF (per school); interactive,no,no (one district = state),n/a,n/a,n/a,HIDOE describes ARCH results disaggregated by major race/ethnicity categories at school level; not viewed,Smarter Balanced Levels 1-4,Level 3 + Level 4,not checked,Smarter Balanced Mathematics grade 11,Smarter Balanced ELA grade 11,11,none,https://smarterbalanced.alohahsap.org/index.html,no (no within-district contrast possible),State Public Charter School Commission is a second LEA; the project's gap (a) already has no HI row.
HI,2022-23,2023,https://arch.k12.hi.us/reports/strivehi-performance,No statewide district file: Hawaii DOE is a single statewide district. ARCH Strive HI Performance Report is a per-school PDF (select year and school); ARCH Accountability Data Center (/adc-redirect) is interactive,PDF (per school); interactive,no,no (one district = state),n/a,n/a,n/a,HIDOE describes ARCH results disaggregated by major race/ethnicity categories at school level; not viewed,Smarter Balanced Levels 1-4,Level 3 + Level 4,not checked,Smarter Balanced Mathematics grade 11,Smarter Balanced ELA grade 11,11,none,https://smarterbalanced.alohahsap.org/index.html,no (no within-district contrast possible),State Public Charter School Commission is a second LEA; the project's gap (a) already has no HI row.
HI,2023-24,2024,https://arch.k12.hi.us/reports/strivehi-performance,No statewide district file: Hawaii DOE is a single statewide district. ARCH Strive HI Performance Report is a per-school PDF (select year and school); ARCH Accountability Data Center (/adc-redirect) is interactive,PDF (per school); interactive,no,no (one district = state),n/a,n/a,n/a,HIDOE describes ARCH results disaggregated by major race/ethnicity categories at school level; not viewed,Smarter Balanced Levels 1-4,Level 3 + Level 4,not checked,Smarter Balanced Mathematics grade 11,Smarter Balanced ELA grade 11,11,none,https://smarterbalanced.alohahsap.org/index.html,no (no within-district contrast possible),State Public Charter School Commission is a second LEA; the project's gap (a) already has no HI row.
HI,2024-25,2025,https://arch.k12.hi.us/reports/strivehi-performance,No statewide district file: Hawaii DOE is a single statewide district. ARCH Strive HI Performance Report is a per-school PDF (select year and school); ARCH Accountability Data Center (/adc-redirect) is interactive,PDF (per school); interactive,no,no (one district = state),n/a,n/a,n/a,HIDOE describes ARCH results disaggregated by major race/ethnicity categories at school level; not viewed,Smarter Balanced Levels 1-4,Level 3 + Level 4,not checked,Smarter Balanced Mathematics grade 11,Smarter Balanced ELA grade 11,11,none,https://smarterbalanced.alohahsap.org/index.html,no (no within-district contrast possible),State Public Charter School Commission is a second LEA; the project's gap (a) already has no HI row.
IA,2021-22,2022,https://educate.iowa.gov/pk-12/data/education-statistics,Proficiency by District 2021-22: https://educate.iowa.gov/media/5790/download?inline,XLSX,yes (all districts in one file),yes,unverified,unverified,unverified,"Page heading 'Assessments - Proficiency Rate' > 'Proficiency by District'; no description of contents. About 204 KB for about 329 districts is consistent with all-students rates by grade and subject; not opened. The Iowa School Performance Profiles 'Data Download' has student groups but is school-level only, pools grades 3-11, and omits cells under 20",ISASP: Not Yet Proficient / Proficient / Advanced,Proficient + Advanced,"Reporting minimum n = 10 (cells under 10 redacted); accountability minimum n = 20 (ISPP Technical Guide, Dec 2025)",ISASP Mathematics,ISASP English Language Arts,"9, 10, 11 (ISASP grades 3-11)",none (ISASP with three achievement levels 2019-2025; four new achievement levels and new cut points start with the 2026 assessment),https://www.iaschoolperformance.gov/ECP/Home/TechGuide ; https://educate.iowa.gov/press-release/2025-08-20/iowa-achieves-impressive-gains-early-literacy-science-new-2025-spring-statewide-student-assessment ; https://ia.mypearsonsupport.com/resources/reporting-resources/2025%20Interpretation%20Guide%20-%20ISASP%20Published%20Reports.pdf,unclear (open one Proficiency by District file to check for race rows),ISPP school-level 'School Learning Measures Data' (https://www.iaschoolperformance.gov/ECP/StateDistrictSchool/StateDetails?DetailType=Datadownload&y=2025) is a fallback for high-school buildings only. reports.educateiowa.gov (Condition of Education) could not be read by the browser tool.
IA,2022-23,2023,https://educate.iowa.gov/pk-12/data/education-statistics,Proficiency by District 2022-23: https://educate.iowa.gov/media/8748/download?inline (205.07 KB),XLSX,yes (all districts in one file),yes,unverified,unverified,unverified,"Page heading 'Assessments - Proficiency Rate' > 'Proficiency by District'; no description of contents. About 204 KB for about 329 districts is consistent with all-students rates by grade and subject; not opened. The Iowa School Performance Profiles 'Data Download' has student groups but is school-level only, pools grades 3-11, and omits cells under 20",ISASP: Not Yet Proficient / Proficient / Advanced,Proficient + Advanced,"Reporting minimum n = 10 (cells under 10 redacted); accountability minimum n = 20 (ISPP Technical Guide, Dec 2025)",ISASP Mathematics,ISASP English Language Arts,"9, 10, 11 (ISASP grades 3-11)",none (ISASP with three achievement levels 2019-2025; four new achievement levels and new cut points start with the 2026 assessment),https://www.iaschoolperformance.gov/ECP/Home/TechGuide ; https://educate.iowa.gov/press-release/2025-08-20/iowa-achieves-impressive-gains-early-literacy-science-new-2025-spring-statewide-student-assessment ; https://ia.mypearsonsupport.com/resources/reporting-resources/2025%20Interpretation%20Guide%20-%20ISASP%20Published%20Reports.pdf,unclear (open one Proficiency by District file to check for race rows),ISPP school-level 'School Learning Measures Data' (https://www.iaschoolperformance.gov/ECP/StateDistrictSchool/StateDetails?DetailType=Datadownload&y=2025) is a fallback for high-school buildings only. reports.educateiowa.gov (Condition of Education) could not be read by the browser tool.
IA,2023-24,2024,https://educate.iowa.gov/pk-12/data/education-statistics,Proficiency by District 2023-24: https://educate.iowa.gov/media/10529/download?inline (204.31 KB),XLSX,yes (all districts in one file),yes,unverified,unverified,unverified,"Page heading 'Assessments - Proficiency Rate' > 'Proficiency by District'; no description of contents. About 204 KB for about 329 districts is consistent with all-students rates by grade and subject; not opened. The Iowa School Performance Profiles 'Data Download' has student groups but is school-level only, pools grades 3-11, and omits cells under 20",ISASP: Not Yet Proficient / Proficient / Advanced,Proficient + Advanced,"Reporting minimum n = 10 (cells under 10 redacted); accountability minimum n = 20 (ISPP Technical Guide, Dec 2025)",ISASP Mathematics,ISASP English Language Arts,"9, 10, 11 (ISASP grades 3-11)",none (ISASP with three achievement levels 2019-2025; four new achievement levels and new cut points start with the 2026 assessment),https://www.iaschoolperformance.gov/ECP/Home/TechGuide ; https://educate.iowa.gov/press-release/2025-08-20/iowa-achieves-impressive-gains-early-literacy-science-new-2025-spring-statewide-student-assessment ; https://ia.mypearsonsupport.com/resources/reporting-resources/2025%20Interpretation%20Guide%20-%20ISASP%20Published%20Reports.pdf,unclear (open one Proficiency by District file to check for race rows),ISPP school-level 'School Learning Measures Data' (https://www.iaschoolperformance.gov/ECP/StateDistrictSchool/StateDetails?DetailType=Datadownload&y=2025) is a fallback for high-school buildings only. reports.educateiowa.gov (Condition of Education) could not be read by the browser tool.
IA,2024-25,2025,https://educate.iowa.gov/pk-12/data/education-statistics,Proficiency by District 2024-25: https://educate.iowa.gov/media/11701/download?inline (203.79 KB),XLSX,yes (all districts in one file),yes,unverified,unverified,unverified,"Page heading 'Assessments - Proficiency Rate' > 'Proficiency by District'; no description of contents. About 204 KB for about 329 districts is consistent with all-students rates by grade and subject; not opened. The Iowa School Performance Profiles 'Data Download' has student groups but is school-level only, pools grades 3-11, and omits cells under 20",ISASP: Not Yet Proficient / Proficient / Advanced,Proficient + Advanced,"Reporting minimum n = 10 (cells under 10 redacted); accountability minimum n = 20 (ISPP Technical Guide, Dec 2025)",ISASP Mathematics,ISASP English Language Arts,"9, 10, 11 (ISASP grades 3-11)",none (ISASP with three achievement levels 2019-2025; four new achievement levels and new cut points start with the 2026 assessment),https://www.iaschoolperformance.gov/ECP/Home/TechGuide ; https://educate.iowa.gov/press-release/2025-08-20/iowa-achieves-impressive-gains-early-literacy-science-new-2025-spring-statewide-student-assessment ; https://ia.mypearsonsupport.com/resources/reporting-resources/2025%20Interpretation%20Guide%20-%20ISASP%20Published%20Reports.pdf,unclear (open one Proficiency by District file to check for race rows),ISPP school-level 'School Learning Measures Data' (https://www.iaschoolperformance.gov/ECP/StateDistrictSchool/StateDetails?DetailType=Datadownload&y=2025) is a fallback for high-school buildings only. reports.educateiowa.gov (Condition of Education) could not be read by the browser tool.
ID,2021-22,2022,https://www.idahoreportcard.org/datafiles,"Idaho Report Card > Data Downloads > 'Achievement - ISAT ELA Proficiency' / 'Achievement - ISAT Math Proficiency' (download buttons; year coverage not checked, not clicked). Former SDE file (404 after the 2025 site redesign; Wayback copy exists): https://www.sde.idaho.gov/assessment/Accountability/files/accountability-results/2022/2022-ISAT-Results.xlsx",XLSX (legacy SDE); report-card download format unknown,yes (legacy file per year); current host unclear,expected,unverified,unverified,unverified,"Archived SDE accountability page lists 'ISAT / IDAA by Performance Levels (All Students / Continuously Enrolled)', where 'All Students' contrasts with continuously enrolled, not with subgroups; 2025 release says summaries are overall and by subgroup",Below Basic / Basic / Proficient / Advanced,Proficient + Advanced,"files labelled REDACTED (2024, 2025); threshold not verified",ISAT (Smarter Balanced) Mathematics,ISAT (Smarter Balanced) ELA,11 per SDE ISAT page (2025-26) and the 2025 release; earlier years' HS grade not verified,none found (State Board reviewing the grade 11 assessment as of Aug 2025),https://www.sde.idaho.gov/about-us/departments/assessment-accountability/idaho-standards-achievement-test-isat/ ; https://www.sde.idaho.gov/wp-content/uploads/2025/08/08-26-2025-Idaho-Department-of-Education-Releases-2025-ISAT-Scores.pdf,probable (subgroup rows and live host to confirm),"Legacy URLs return 404 on 2026-09-15; web.archive.org captures dated 2022-10-26, 2024-06-01, 2024-11-20/2025-02-03, 2025-08-30."
ID,2022-23,2023,https://www.idahoreportcard.org/datafiles,"Idaho Report Card > Data Downloads > 'Achievement - ISAT ELA Proficiency' / 'Achievement - ISAT Math Proficiency' (download buttons; year coverage not checked, not clicked). Former SDE file (404 after the 2025 site redesign; Wayback copy exists): https://sde.idaho.gov/assessment/accountability/files/accountability-results/2023/2022-2023-ALL-STUDENTS-ISAT-By-Level-Aggregates.xlsx",XLSX (legacy SDE); report-card download format unknown,yes (legacy file per year); current host unclear,expected,unverified,unverified,unverified,"Archived SDE accountability page lists 'ISAT / IDAA by Performance Levels (All Students / Continuously Enrolled)', where 'All Students' contrasts with continuously enrolled, not with subgroups; 2025 release says summaries are overall and by subgroup",Below Basic / Basic / Proficient / Advanced,Proficient + Advanced,"files labelled REDACTED (2024, 2025); threshold not verified",ISAT (Smarter Balanced) Mathematics,ISAT (Smarter Balanced) ELA,11 per SDE ISAT page (2025-26) and the 2025 release; earlier years' HS grade not verified,none found (State Board reviewing the grade 11 assessment as of Aug 2025),https://www.sde.idaho.gov/about-us/departments/assessment-accountability/idaho-standards-achievement-test-isat/ ; https://www.sde.idaho.gov/wp-content/uploads/2025/08/08-26-2025-Idaho-Department-of-Education-Releases-2025-ISAT-Scores.pdf,probable (subgroup rows and live host to confirm),"Legacy URLs return 404 on 2026-09-15; web.archive.org captures dated 2022-10-26, 2024-06-01, 2024-11-20/2025-02-03, 2025-08-30."
ID,2023-24,2024,https://www.idahoreportcard.org/datafiles,"Idaho Report Card > Data Downloads > 'Achievement - ISAT ELA Proficiency' / 'Achievement - ISAT Math Proficiency' (download buttons; year coverage not checked, not clicked). Former SDE file (404 after the 2025 site redesign; Wayback copy exists): https://www.sde.idaho.gov/assessment/accountability/files/accountability-results/2024/2023-2024-ISAT-Assessment-Aggregates-All-Students-REDACTED.xlsx",XLSX (legacy SDE); report-card download format unknown,yes (legacy file per year); current host unclear,expected,unverified,unverified,unverified,"Archived SDE accountability page lists 'ISAT / IDAA by Performance Levels (All Students / Continuously Enrolled)', where 'All Students' contrasts with continuously enrolled, not with subgroups; 2025 release says summaries are overall and by subgroup",Below Basic / Basic / Proficient / Advanced,Proficient + Advanced,"files labelled REDACTED (2024, 2025); threshold not verified",ISAT (Smarter Balanced) Mathematics,ISAT (Smarter Balanced) ELA,11 per SDE ISAT page (2025-26) and the 2025 release; earlier years' HS grade not verified,none found (State Board reviewing the grade 11 assessment as of Aug 2025),https://www.sde.idaho.gov/about-us/departments/assessment-accountability/idaho-standards-achievement-test-isat/ ; https://www.sde.idaho.gov/wp-content/uploads/2025/08/08-26-2025-Idaho-Department-of-Education-Releases-2025-ISAT-Scores.pdf,probable (subgroup rows and live host to confirm),"Legacy URLs return 404 on 2026-09-15; web.archive.org captures dated 2022-10-26, 2024-06-01, 2024-11-20/2025-02-03, 2025-08-30."
ID,2024-25,2025,https://www.idahoreportcard.org/datafiles,"Idaho Report Card > Data Downloads > 'Achievement - ISAT ELA Proficiency' / 'Achievement - ISAT Math Proficiency' (download buttons; year coverage not checked, not clicked). Former SDE file (404 after the 2025 site redesign; Wayback copy exists): https://sde.idaho.gov/assessment/accountability/files/accountability-results/2025/2024-2025-ISAT-Aggregates-All-Students-REDACTED.xlsx",XLSX (legacy SDE); report-card download format unknown,yes (legacy file per year); current host unclear,expected,unverified,unverified,unverified,"Archived SDE accountability page lists 'ISAT / IDAA by Performance Levels (All Students / Continuously Enrolled)', where 'All Students' contrasts with continuously enrolled, not with subgroups; 2025 release says summaries are overall and by subgroup",Below Basic / Basic / Proficient / Advanced,Proficient + Advanced,"files labelled REDACTED (2024, 2025); threshold not verified",ISAT (Smarter Balanced) Mathematics,ISAT (Smarter Balanced) ELA,11 per SDE ISAT page (2025-26) and the 2025 release; earlier years' HS grade not verified,none found (State Board reviewing the grade 11 assessment as of Aug 2025),https://www.sde.idaho.gov/about-us/departments/assessment-accountability/idaho-standards-achievement-test-isat/ ; https://www.sde.idaho.gov/wp-content/uploads/2025/08/08-26-2025-Idaho-Department-of-Education-Releases-2025-ISAT-Scores.pdf,probable (subgroup rows and live host to confirm),"Legacy URLs return 404 on 2026-09-15; web.archive.org captures dated 2022-10-26, 2024-06-01, 2024-11-20/2025-02-03, 2025-08-30."
IL,2021-22,2022,https://www.isbe.net/ilreportcarddata,https://www.isbe.net/_layouts/Download.aspx?SourceUrl=/Documents/2022-Report-Card-Public-Data-Set.xlsx (updated 01/19/2023),XLSX (semicolon-delimited fields per ISBE page),yes,"yes (school, district and state records)",expected,expected,expected,"ISBE Public Business Rules 2023 Report Card Metrics, 'Proficiency Rate ELA and Math - SAT': demographics (race, gender, program indicators) 'disaggregated at the entity (school, district, and state) and at the grade level'; 'Each subgroup is calculated the same way'. Which data-set columns carry HS-test-by-race rates was not seen (file not opened)",SAT: Level 1 Partially meets / 2 Approaching / 3 Meets / 4 Exceeds standards; ACT (2025 glossary): Below Proficient / Approaching / Proficient / Above Proficient,Level 3 + Level 4,"District and school metrics not displayed when the count is <= 9 (business rules, 'Data Redaction'); no redaction at state level",SAT School Day (SAT with Essay) Math,SAT School Day (SAT with Essay) Reading and Writing,11,none (SAT with Essay the HS test since spring 2017),https://www.isbe.net/Documents/Public-Business-Rules-2023-Report-Card-Metrics.pdf ; https://www.isbe.net/Documents/2025-Report-Card-Glossary-of-Terms.pdf ('Illinois uses the ACT with Writing as the regular state assessment for high school accountability'); https://www.isbe.net/Documents/ACT-FAQ.pdf ; https://chicago.suntimes.com/education/2024/07/06/sat-act-illinois-high-school-assessment-isbe,probable (HS proficiency by race at district level to confirm in the data set's columns),One workbook per report-card year holds all metrics. Proficiency columns may pool IAR/SAT/DLM-AA across grades ('ELA Proficiency'); the HS-test-specific subgroup columns need to be identified. 2025 glossary still lists SAT levels in the ELA/math proficiency definitions next to the ACT text.
IL,2022-23,2023,https://www.isbe.net/ilreportcarddata,https://www.isbe.net/_layouts/Download.aspx?SourceUrl=/Documents/23-RC-Pub-Data-Set.xlsx (updated 05/15/2024),XLSX (semicolon-delimited fields per ISBE page),yes,"yes (school, district and state records)",expected,expected,expected,"ISBE Public Business Rules 2023 Report Card Metrics, 'Proficiency Rate ELA and Math - SAT': demographics (race, gender, program indicators) 'disaggregated at the entity (school, district, and state) and at the grade level'; 'Each subgroup is calculated the same way'. Which data-set columns carry HS-test-by-race rates was not seen (file not opened)",SAT: Level 1 Partially meets / 2 Approaching / 3 Meets / 4 Exceeds standards; ACT (2025 glossary): Below Proficient / Approaching / Proficient / Above Proficient,Level 3 + Level 4,"District and school metrics not displayed when the count is <= 9 (business rules, 'Data Redaction'); no redaction at state level",SAT School Day Math,SAT School Day Reading and Writing,11,none,https://www.isbe.net/Documents/Public-Business-Rules-2023-Report-Card-Metrics.pdf ; https://www.isbe.net/Documents/2025-Report-Card-Glossary-of-Terms.pdf ('Illinois uses the ACT with Writing as the regular state assessment for high school accountability'); https://www.isbe.net/Documents/ACT-FAQ.pdf ; https://chicago.suntimes.com/education/2024/07/06/sat-act-illinois-high-school-assessment-isbe,probable (HS proficiency by race at district level to confirm in the data set's columns),One workbook per report-card year holds all metrics. Proficiency columns may pool IAR/SAT/DLM-AA across grades ('ELA Proficiency'); the HS-test-specific subgroup columns need to be identified. 2025 glossary still lists SAT levels in the ELA/math proficiency definitions next to the ACT text.
IL,2023-24,2024,https://www.isbe.net/ilreportcarddata,https://www.isbe.net/_layouts/Download.aspx?SourceUrl=/Documents/24-RC-Pub-Data-Set.xlsx (updated 05/30/2025),XLSX (semicolon-delimited fields per ISBE page),yes,"yes (school, district and state records)",expected,expected,expected,"ISBE Public Business Rules 2023 Report Card Metrics, 'Proficiency Rate ELA and Math - SAT': demographics (race, gender, program indicators) 'disaggregated at the entity (school, district, and state) and at the grade level'; 'Each subgroup is calculated the same way'. Which data-set columns carry HS-test-by-race rates was not seen (file not opened)",SAT: Level 1 Partially meets / 2 Approaching / 3 Meets / 4 Exceeds standards; ACT (2025 glossary): Below Proficient / Approaching / Proficient / Above Proficient,Level 3 + Level 4,"District and school metrics not displayed when the count is <= 9 (business rules, 'Data Redaction'); no redaction at state level",SAT School Day Math (digital SAT),SAT School Day Reading and Writing (digital SAT),11,2024: College Board moved the SAT to the digital adaptive format (not confirmed on an ISBE page),https://www.isbe.net/Documents/Public-Business-Rules-2023-Report-Card-Metrics.pdf ; https://www.isbe.net/Documents/2025-Report-Card-Glossary-of-Terms.pdf ('Illinois uses the ACT with Writing as the regular state assessment for high school accountability'); https://www.isbe.net/Documents/ACT-FAQ.pdf ; https://chicago.suntimes.com/education/2024/07/06/sat-act-illinois-high-school-assessment-isbe,probable (HS proficiency by race at district level to confirm in the data set's columns),One workbook per report-card year holds all metrics. Proficiency columns may pool IAR/SAT/DLM-AA across grades ('ELA Proficiency'); the HS-test-specific subgroup columns need to be identified. 2025 glossary still lists SAT levels in the ELA/math proficiency definitions next to the ACT text.
IL,2024-25,2025,https://www.isbe.net/ilreportcarddata,https://www.isbe.net/_layouts/Download.aspx?SourceUrl=/Documents/2025-Report-Card-Public-Data-Set.xlsx (updated 05/14/2026),XLSX (semicolon-delimited fields per ISBE page),yes,"yes (school, district and state records)",expected,expected,expected,"ISBE Public Business Rules 2023 Report Card Metrics, 'Proficiency Rate ELA and Math - SAT': demographics (race, gender, program indicators) 'disaggregated at the entity (school, district, and state) and at the grade level'; 'Each subgroup is calculated the same way'. Which data-set columns carry HS-test-by-race rates was not seen (file not opened)",SAT: Level 1 Partially meets / 2 Approaching / 3 Meets / 4 Exceeds standards; ACT (2025 glossary): Below Proficient / Approaching / Proficient / Above Proficient,Level 3 + Level 4,"District and school metrics not displayed when the count is <= 9 (business rules, 'Data Redaction'); no redaction at state level",ACT with Writing Math,ACT with Writing English/Reading (ELA),11,2025: ACT replaced the SAT as the grade 11 state assessment (ISBE six-year ACT contract; ACT also replaces the separate grade 11 ISA science test),https://www.isbe.net/Documents/Public-Business-Rules-2023-Report-Card-Metrics.pdf ; https://www.isbe.net/Documents/2025-Report-Card-Glossary-of-Terms.pdf ('Illinois uses the ACT with Writing as the regular state assessment for high school accountability'); https://www.isbe.net/Documents/ACT-FAQ.pdf ; https://chicago.suntimes.com/education/2024/07/06/sat-act-illinois-high-school-assessment-isbe,probable (HS proficiency by race at district level to confirm in the data set's columns),One workbook per report-card year holds all metrics. Proficiency columns may pool IAR/SAT/DLM-AA across grades ('ELA Proficiency'); the HS-test-specific subgroup columns need to be identified. 2025 glossary still lists SAT levels in the ELA/math proficiency definitions next to the ACT text.
IN,2021-22,2022,https://www.in.gov/doe/it/data-center-and-reports/ (current year) ; https://www.in.gov/doe/it/data-center-and-reports/data-reports-archive/ (earlier years),"https://www.in.gov/doe/files/SAT-2022-Grade11-Final-Corporation-v2.xlsx (565,368 bytes; listed on the current Data Center page)",XLSX,yes,yes (corporation file; school and statewide files also posted),unverified,unverified,unverified,"No SAT file is titled 'Disaggregated' (ILEARN and 2021 ISTEP+ grade 10 have separate 'Ethnicity and Gender Disaggregated' files). Corporation files are 565-582 KB against 24 KB for the statewide summary and 358 KB for the 2021 ISTEP+ grade 10 corporation disaggregated file, which suggests more than one all-students row per corporation; not opened",Level 1 Below College-Ready / Level 2 Approaching College-Ready / Level 3 At College-Ready Benchmark,"Level 3 (At College-Ready Benchmark: Math >= 530, Reading & Writing >= 480)",IDOE suppresses student performance data for any group of fewer than 10 students (STATS Indiana description of IDOE data); file-level symbols not seen,SAT School Day Math,SAT School Day Reading and Writing,11 (junior cohort),2022: SAT (grade 11) replaced ISTEP+ grade 10 as the HS accountability test; last ISTEP+ grade 10 files are 2021,https://www.in.gov/doe/students/assessment/high-school-assessment/ ; https://www.in.gov/doe/files/sat-indianas-accountability-assessment.pdf (SAT replaced ISTEP+ grade 10) ; https://content.govdelivery.com/attachments/INDOE/2023/08/15/file_attachments/2585167/2023%20Indiana%20SAT%20Proficiency%20Levels.pdf (cut scores; spring 2022 and 2023 results) ; https://indianacapitalchronicle.com/2024/07/19/indiana-sat-scores-continue-downward-trend-latest-test-results-show/,probable (race rows to confirm in one corporation file),"Suppression source: https://www.stats.indiana.edu/about/education.asp. The current page also lists 'SAT Results - Corporation and School' (college-entrance SAT, not the state administration). A '2026 SAT Grade 11' series is posted for spring 2026."
IN,2022-23,2023,https://www.in.gov/doe/it/data-center-and-reports/ (current year) ; https://www.in.gov/doe/it/data-center-and-reports/data-reports-archive/ (earlier years),"https://www.in.gov/doe/files/SAT-2023-Grade11-Final-Corporation.xlsx (571,801 bytes; archive page)",XLSX,yes,yes (corporation file; school and statewide files also posted),unverified,unverified,unverified,"No SAT file is titled 'Disaggregated' (ILEARN and 2021 ISTEP+ grade 10 have separate 'Ethnicity and Gender Disaggregated' files). Corporation files are 565-582 KB against 24 KB for the statewide summary and 358 KB for the 2021 ISTEP+ grade 10 corporation disaggregated file, which suggests more than one all-students row per corporation; not opened",Level 1 Below College-Ready / Level 2 Approaching College-Ready / Level 3 At College-Ready Benchmark,"Level 3 (At College-Ready Benchmark: Math >= 530, Reading & Writing >= 480)",IDOE suppresses student performance data for any group of fewer than 10 students (STATS Indiana description of IDOE data); file-level symbols not seen,SAT School Day Math,SAT School Day Reading and Writing,11 (junior cohort),none,https://www.in.gov/doe/students/assessment/high-school-assessment/ ; https://www.in.gov/doe/files/sat-indianas-accountability-assessment.pdf (SAT replaced ISTEP+ grade 10) ; https://content.govdelivery.com/attachments/INDOE/2023/08/15/file_attachments/2585167/2023%20Indiana%20SAT%20Proficiency%20Levels.pdf (cut scores; spring 2022 and 2023 results) ; https://indianacapitalchronicle.com/2024/07/19/indiana-sat-scores-continue-downward-trend-latest-test-results-show/,probable (race rows to confirm in one corporation file),"Suppression source: https://www.stats.indiana.edu/about/education.asp. The current page also lists 'SAT Results - Corporation and School' (college-entrance SAT, not the state administration). A '2026 SAT Grade 11' series is posted for spring 2026."
IN,2023-24,2024,https://www.in.gov/doe/it/data-center-and-reports/ (current year) ; https://www.in.gov/doe/it/data-center-and-reports/data-reports-archive/ (earlier years),"https://www.in.gov/doe/files/SAT-2024-Grade11-Corporation.xlsx (571,327 bytes; archive page)",XLSX,yes,yes (corporation file; school and statewide files also posted),unverified,unverified,unverified,"No SAT file is titled 'Disaggregated' (ILEARN and 2021 ISTEP+ grade 10 have separate 'Ethnicity and Gender Disaggregated' files). Corporation files are 565-582 KB against 24 KB for the statewide summary and 358 KB for the 2021 ISTEP+ grade 10 corporation disaggregated file, which suggests more than one all-students row per corporation; not opened",Level 1 Below College-Ready / Level 2 Approaching College-Ready / Level 3 At College-Ready Benchmark,"Level 3 (At College-Ready Benchmark: Math >= 530, Reading & Writing >= 480)",IDOE suppresses student performance data for any group of fewer than 10 students (STATS Indiana description of IDOE data); file-level symbols not seen,SAT School Day Math,SAT School Day Reading and Writing,11 (junior cohort),2024: SAT redesigned by College Board as an adaptive digital test (IDOE attributed part of the score drop to 'assessment shifts'),https://www.in.gov/doe/students/assessment/high-school-assessment/ ; https://www.in.gov/doe/files/sat-indianas-accountability-assessment.pdf (SAT replaced ISTEP+ grade 10) ; https://content.govdelivery.com/attachments/INDOE/2023/08/15/file_attachments/2585167/2023%20Indiana%20SAT%20Proficiency%20Levels.pdf (cut scores; spring 2022 and 2023 results) ; https://indianacapitalchronicle.com/2024/07/19/indiana-sat-scores-continue-downward-trend-latest-test-results-show/,probable (race rows to confirm in one corporation file),"Suppression source: https://www.stats.indiana.edu/about/education.asp. The current page also lists 'SAT Results - Corporation and School' (college-entrance SAT, not the state administration). A '2026 SAT Grade 11' series is posted for spring 2026."
IN,2024-25,2025,https://www.in.gov/doe/it/data-center-and-reports/ (current year) ; https://www.in.gov/doe/it/data-center-and-reports/data-reports-archive/ (earlier years),"https://www.in.gov/doe/files/SAT-2025-Grade11-Corporation_a.xlsx (582,427 bytes; archive page)",XLSX,yes,yes (corporation file; school and statewide files also posted),unverified,unverified,unverified,"No SAT file is titled 'Disaggregated' (ILEARN and 2021 ISTEP+ grade 10 have separate 'Ethnicity and Gender Disaggregated' files). Corporation files are 565-582 KB against 24 KB for the statewide summary and 358 KB for the 2021 ISTEP+ grade 10 corporation disaggregated file, which suggests more than one all-students row per corporation; not opened",Level 1 Below College-Ready / Level 2 Approaching College-Ready / Level 3 At College-Ready Benchmark,"Level 3 (At College-Ready Benchmark: Math >= 530, Reading & Writing >= 480)",IDOE suppresses student performance data for any group of fewer than 10 students (STATS Indiana description of IDOE data); file-level symbols not seen,SAT School Day Math,SAT School Day Reading and Writing,11 (junior cohort),none found (IDOE page lists new 'SAT School Day Performance Cut Scores' and a digital SAT School Day FAQ for spring 2026),https://www.in.gov/doe/students/assessment/high-school-assessment/ ; https://www.in.gov/doe/files/sat-indianas-accountability-assessment.pdf (SAT replaced ISTEP+ grade 10) ; https://content.govdelivery.com/attachments/INDOE/2023/08/15/file_attachments/2585167/2023%20Indiana%20SAT%20Proficiency%20Levels.pdf (cut scores; spring 2022 and 2023 results) ; https://indianacapitalchronicle.com/2024/07/19/indiana-sat-scores-continue-downward-trend-latest-test-results-show/,probable (race rows to confirm in one corporation file),"Suppression source: https://www.stats.indiana.edu/about/education.asp. The current page also lists 'SAT Results - Corporation and School' (college-entrance SAT, not the state administration). A '2026 SAT Grade 11' series is posted for spring 2026."
KS,2021-22,2022,https://ksreportcard.ksde.gov/assessment_results.aspx?org_no=State&rpt_type=1,Select School Year 2021-2022 > 'Download Full Results': https://ksreportcard.ksde.gov/2021_2022_Assessment_Full_File.xlsx,XLSX (page labels the file 'Large File - 28-68 MB'),yes,yes,yes (subgroup in file per page),yes (subgroup in file per page),yes (subgroup in file per page),"Page link text: 'Download Full Results ... (includes all applicable subjects, districts, buildings, grades and subgroups)'. Report subgroup menu lists 'African-American Students', 'Hispanic', 'White'; grade menu has 'HS'. File not opened","Performance Levels 1-4 (Level 3 proficient, Level 4 advanced)",Level 3 + Level 4,"'when a subgroup has fewer than 10 students assessed, the data will not be displayed in the download file'",Kansas Assessment Program (KAP) Mathematics grade 10,KAP English Language Arts grade 10,10,none,https://www.ksde.gov/Home/Quick-Links/News-Room/ArtMID/3386/ArticleID/4471/State-Board-approves-new-cut-scores-for-spring-2025-state-assessments ; https://ksde.gov/Home/Quick-Links/News-Room/Weekly-News/Feature-Story/ArtMID/6201/ArticleID/4551/State-Board-gets-further-explanation-of-cut-scores-and-concordance-tables ; report page footnote '**Updated assessment with new scale scores' on 2025,yes,ksreportcard.ksde.gov and datacentral.ksde.gov reject non-browser requests; read in Chrome. Year chosen in the page's School Year menu; file name pattern confirmed for each year.
KS,2022-23,2023,https://ksreportcard.ksde.gov/assessment_results.aspx?org_no=State&rpt_type=1,Select School Year 2022-2023 > 'Download Full Results': https://ksreportcard.ksde.gov/2022_2023_Assessment_Full_File.xlsx,XLSX (page labels the file 'Large File - 28-68 MB'),yes,yes,yes (subgroup in file per page),yes (subgroup in file per page),yes (subgroup in file per page),"Page link text: 'Download Full Results ... (includes all applicable subjects, districts, buildings, grades and subgroups)'. Report subgroup menu lists 'African-American Students', 'Hispanic', 'White'; grade menu has 'HS'. File not opened","Performance Levels 1-4 (Level 3 proficient, Level 4 advanced)",Level 3 + Level 4,"'when a subgroup has fewer than 10 students assessed, the data will not be displayed in the download file'",Kansas Assessment Program (KAP) Mathematics grade 10,KAP English Language Arts grade 10,10,none,https://www.ksde.gov/Home/Quick-Links/News-Room/ArtMID/3386/ArticleID/4471/State-Board-approves-new-cut-scores-for-spring-2025-state-assessments ; https://ksde.gov/Home/Quick-Links/News-Room/Weekly-News/Feature-Story/ArtMID/6201/ArticleID/4551/State-Board-gets-further-explanation-of-cut-scores-and-concordance-tables ; report page footnote '**Updated assessment with new scale scores' on 2025,yes,ksreportcard.ksde.gov and datacentral.ksde.gov reject non-browser requests; read in Chrome. Year chosen in the page's School Year menu; file name pattern confirmed for each year.
KS,2023-24,2024,https://ksreportcard.ksde.gov/assessment_results.aspx?org_no=State&rpt_type=1,Select School Year 2023-2024 > 'Download Full Results': https://ksreportcard.ksde.gov/2023_2024_Assessment_Full_File.xlsx,XLSX (page labels the file 'Large File - 28-68 MB'),yes,yes,yes (subgroup in file per page),yes (subgroup in file per page),yes (subgroup in file per page),"Page link text: 'Download Full Results ... (includes all applicable subjects, districts, buildings, grades and subgroups)'. Report subgroup menu lists 'African-American Students', 'Hispanic', 'White'; grade menu has 'HS'. File not opened","Performance Levels 1-4 (Level 3 proficient, Level 4 advanced)",Level 3 + Level 4,"'when a subgroup has fewer than 10 students assessed, the data will not be displayed in the download file'",Kansas Assessment Program (KAP) Mathematics grade 10,KAP English Language Arts grade 10,10,none,https://www.ksde.gov/Home/Quick-Links/News-Room/ArtMID/3386/ArticleID/4471/State-Board-approves-new-cut-scores-for-spring-2025-state-assessments ; https://ksde.gov/Home/Quick-Links/News-Room/Weekly-News/Feature-Story/ArtMID/6201/ArticleID/4551/State-Board-gets-further-explanation-of-cut-scores-and-concordance-tables ; report page footnote '**Updated assessment with new scale scores' on 2025,yes,ksreportcard.ksde.gov and datacentral.ksde.gov reject non-browser requests; read in Chrome. Year chosen in the page's School Year menu; file name pattern confirmed for each year.
KS,2024-25,2025,https://ksreportcard.ksde.gov/assessment_results.aspx?org_no=State&rpt_type=1,Select School Year 2024-2025 > 'Download Full Results': https://ksreportcard.ksde.gov/2024_2025_Assessment_Full_File.xlsx,XLSX (page labels the file 'Large File - 28-68 MB'),yes,yes,yes (subgroup in file per page),yes (subgroup in file per page),yes (subgroup in file per page),"Page link text: 'Download Full Results ... (includes all applicable subjects, districts, buildings, grades and subgroups)'. Report subgroup menu lists 'African-American Students', 'Hispanic', 'White'; grade menu has 'HS'. File not opened","Performance Levels 1-4 (Level 3 proficient, Level 4 advanced)",Level 3 + Level 4,"'when a subgroup has fewer than 10 students assessed, the data will not be displayed in the download file'",Kansas Assessment Program (KAP) Mathematics grade 10,KAP English Language Arts grade 10,10,"2025: revised KAP assessments (first revision of the 2015 tests) given for the first time, with a new scale and new cut scores approved by the State Board for grades 3-8 and 10; a new scale is a replacement under the test_replacement.csv rule",https://www.ksde.gov/Home/Quick-Links/News-Room/ArtMID/3386/ArticleID/4471/State-Board-approves-new-cut-scores-for-spring-2025-state-assessments ; https://ksde.gov/Home/Quick-Links/News-Room/Weekly-News/Feature-Story/ArtMID/6201/ArticleID/4551/State-Board-gets-further-explanation-of-cut-scores-and-concordance-tables ; report page footnote '**Updated assessment with new scale scores' on 2025,yes,ksreportcard.ksde.gov and datacentral.ksde.gov reject non-browser requests; read in Chrome. Year chosen in the page's School Year menu; file name pattern confirmed for each year.
KY,2021-22,2022,https://www.education.ky.gov/Open-House/data/Pages/Historical-SRC-Datasets.aspx,"https://www.education.ky.gov/Open-House/data/HistoricalDatasets/asmt_performance_by_grade_2022.csv (80,254,300 bytes); also accountable_assessment_performance_2022.csv",CSV,yes,"expected (School Report Card datasets carry state, district and school records)",expected,expected,expected,"School Report Card dashboard disaggregates by student group; files are 80-93 MB, consistent with school x grade x subject x student-group rows. Data dictionary not found; files not opened",Novice / Apprentice / Proficient / Distinguished,Proficient + Distinguished,KDE suppresses publicly reported performance-level data for small numbers (e.g. small counts in a level); numeric threshold not found in 'Understanding Kentucky Minimum N' (accountability n = 30 per school level and indicator),Kentucky Summative Assessment (KSA) Mathematics grade 10,KSA Reading grade 10,10 (KDE page also lists grade 11 reading and mathematics),2022: KSA replaced K-PREP (spring 2022; new tests aligned to the Kentucky Academic Standards; KDE called the results a new baseline),https://www.kentuckyteacher.org/news/2022/10/kde-releases-2021-2022-school-report-card-data/ ; https://www.education.ky.gov/AA/Assessments/Pages/KentuckySummativeAssessment-.aspx ; https://www.education.ky.gov/AA/distsupp/Documents/Understanding_Kentucky_Minimum_N_School_Accountability.pdf,probable (district x race rows to confirm),File list read from the SharePoint folder listing (/Open-House/data/_api/web/GetFolderByServerRelativeUrl('/Open-House/data/HistoricalDatasets')/Files). The 2022-23 accountability file accountable_assessment_performance_2023.csv and KYRC24/25_ACCT_Kentucky_Summative_Assessment.csv are the accountability versions.
KY,2022-23,2023,https://www.education.ky.gov/Open-House/data/Pages/Historical-SRC-Datasets.aspx,"https://www.education.ky.gov/Open-House/data/HistoricalDatasets/asmt_performance_by_grade_2023.csv (80,262,296 bytes)",CSV,yes,"expected (School Report Card datasets carry state, district and school records)",expected,expected,expected,"School Report Card dashboard disaggregates by student group; files are 80-93 MB, consistent with school x grade x subject x student-group rows. Data dictionary not found; files not opened",Novice / Apprentice / Proficient / Distinguished,Proficient + Distinguished,KDE suppresses publicly reported performance-level data for small numbers (e.g. small counts in a level); numeric threshold not found in 'Understanding Kentucky Minimum N' (accountability n = 30 per school level and indicator),Kentucky Summative Assessment (KSA) Mathematics grade 10,KSA Reading grade 10,10 (KDE page also lists grade 11 reading and mathematics),none,https://www.kentuckyteacher.org/news/2022/10/kde-releases-2021-2022-school-report-card-data/ ; https://www.education.ky.gov/AA/Assessments/Pages/KentuckySummativeAssessment-.aspx ; https://www.education.ky.gov/AA/distsupp/Documents/Understanding_Kentucky_Minimum_N_School_Accountability.pdf,probable (district x race rows to confirm),File list read from the SharePoint folder listing (/Open-House/data/_api/web/GetFolderByServerRelativeUrl('/Open-House/data/HistoricalDatasets')/Files). The 2022-23 accountability file accountable_assessment_performance_2023.csv and KYRC24/25_ACCT_Kentucky_Summative_Assessment.csv are the accountability versions.
KY,2023-24,2024,https://www.education.ky.gov/Open-House/data/Pages/Historical-SRC-Datasets.aspx,"https://www.education.ky.gov/Open-House/data/HistoricalDatasets/KYRC24_ASMT_Kentucky_Summative_Assessment.csv (92,584,812 bytes)",CSV,yes,"expected (School Report Card datasets carry state, district and school records)",expected,expected,expected,"School Report Card dashboard disaggregates by student group; files are 80-93 MB, consistent with school x grade x subject x student-group rows. Data dictionary not found; files not opened",Novice / Apprentice / Proficient / Distinguished,Proficient + Distinguished,KDE suppresses publicly reported performance-level data for small numbers (e.g. small counts in a level); numeric threshold not found in 'Understanding Kentucky Minimum N' (accountability n = 30 per school level and indicator),Kentucky Summative Assessment (KSA) Mathematics grade 10,KSA Reading grade 10,10 (KDE page also lists grade 11 reading and mathematics),none,https://www.kentuckyteacher.org/news/2022/10/kde-releases-2021-2022-school-report-card-data/ ; https://www.education.ky.gov/AA/Assessments/Pages/KentuckySummativeAssessment-.aspx ; https://www.education.ky.gov/AA/distsupp/Documents/Understanding_Kentucky_Minimum_N_School_Accountability.pdf,probable (district x race rows to confirm),File list read from the SharePoint folder listing (/Open-House/data/_api/web/GetFolderByServerRelativeUrl('/Open-House/data/HistoricalDatasets')/Files). The 2022-23 accountability file accountable_assessment_performance_2023.csv and KYRC24/25_ACCT_Kentucky_Summative_Assessment.csv are the accountability versions.
KY,2024-25,2025,https://www.education.ky.gov/Open-House/data/Pages/Historical-SRC-Datasets.aspx,"https://www.education.ky.gov/Open-House/data/HistoricalDatasets/KYRC25_ASMT_Kentucky_Summative_Assessment.csv (91,151,540 bytes)",CSV,yes,"expected (School Report Card datasets carry state, district and school records)",expected,expected,expected,"School Report Card dashboard disaggregates by student group; files are 80-93 MB, consistent with school x grade x subject x student-group rows. Data dictionary not found; files not opened",Novice / Apprentice / Proficient / Distinguished,Proficient + Distinguished,KDE suppresses publicly reported performance-level data for small numbers (e.g. small counts in a level); numeric threshold not found in 'Understanding Kentucky Minimum N' (accountability n = 30 per school level and indicator),Kentucky Summative Assessment (KSA) Mathematics grade 10,KSA Reading grade 10,10 (KDE page also lists grade 11 reading and mathematics),none,https://www.kentuckyteacher.org/news/2022/10/kde-releases-2021-2022-school-report-card-data/ ; https://www.education.ky.gov/AA/Assessments/Pages/KentuckySummativeAssessment-.aspx ; https://www.education.ky.gov/AA/distsupp/Documents/Understanding_Kentucky_Minimum_N_School_Accountability.pdf,probable (district x race rows to confirm),File list read from the SharePoint folder listing (/Open-House/data/_api/web/GetFolderByServerRelativeUrl('/Open-House/data/HistoricalDatasets')/Files). The 2022-23 accountability file accountable_assessment_performance_2023.csv and KYRC24/25_ACCT_Kentucky_Summative_Assessment.csv are the accountability versions.
LA,2021-22,2022,https://doe.louisiana.gov/data-and-reports/high-school-performance,'2022 State LEA School LEAP High School Achievement Level Summary With Subgroups': https://doe.louisiana.gov/docs/default-source/test-results/2022-state-lea-school-leap-high-school-achievement-level-summary-with-subgroups.xlsx,XLSX,yes,yes (file title 'State LEA School'),expected,expected,expected,File title 'High School Achievement Level Summary with Subgroups'; subgroup list not viewed,Unsatisfactory / Approaching Basic / Basic / Mastery / Advanced,Mastery + Advanced ('Mastery and above'),LDOE score-report convention: NR when fewer than 10 students; percentages 0-1 shown as <=1% and 99-100 as >=99% (file-level notes not read),LEAP 2025 Algebra I and Geometry EOC,LEAP 2025 English I and English II EOC,course-based EOC,"none found for Algebra I, Geometry, English I or English II (LEAP Civics replacing U.S. History is a social studies change)",https://doe.louisiana.gov/school-system-leaders/measuring-results/high-school-assessments ; https://doe.louisiana.gov/docs/default-source/assessment/leap-2025-grades-3-8-interpretive-guide.pdf,yes,"The 'Mastery Subgroup Summary' files (state/LEA and school) pool grades 3-8 and HS by subject and are not HS-specific. HEAD sizes: 2022 1,543,615 bytes; 2023 1,758,566; 2025 2,635,877."
LA,2022-23,2023,https://doe.louisiana.gov/data-and-reports/high-school-performance,'2023 State LEA LEAP School- High School Achievement Level Summary with Subgroups': https://doe.louisiana.gov/docs/default-source/test-results/2023-state-lea-leap-school--high-school-achievement-level-summary-with-subgroups.xlsx,XLSX,yes,yes (file title 'State LEA School'),expected,expected,expected,File title 'High School Achievement Level Summary with Subgroups'; subgroup list not viewed,Unsatisfactory / Approaching Basic / Basic / Mastery / Advanced,Mastery + Advanced ('Mastery and above'),LDOE score-report convention: NR when fewer than 10 students; percentages 0-1 shown as <=1% and 99-100 as >=99% (file-level notes not read),LEAP 2025 Algebra I and Geometry EOC,LEAP 2025 English I and English II EOC,course-based EOC,"none found for Algebra I, Geometry, English I or English II (LEAP Civics replacing U.S. History is a social studies change)",https://doe.louisiana.gov/school-system-leaders/measuring-results/high-school-assessments ; https://doe.louisiana.gov/docs/default-source/assessment/leap-2025-grades-3-8-interpretive-guide.pdf,yes,"The 'Mastery Subgroup Summary' files (state/LEA and school) pool grades 3-8 and HS by subject and are not HS-specific. HEAD sizes: 2022 1,543,615 bytes; 2023 1,758,566; 2025 2,635,877."
LA,2023-24,2024,https://doe.louisiana.gov/data-and-reports/high-school-performance,"Not found. The HS, elementary/middle and performance-score pages list the HS subgroup file for 2018-2019, 2021-2023, 2025 and 2026 but not 2024; guessed URLs (test-results/ and data-management/, .xlsx/.xlsb) return 404. 2024 files posted: 'spring-2024-leap-2025-state-lea-school-achievement-level-summary.xlsx' (all students) and '2024-state-lea-leap-2025-mastery-subgroup-summary.xlsx' (grades pooled)",XLSX,yes,yes (file title 'State LEA School'),not found,not found,not found,No 2024 HS-with-subgroups file located,Unsatisfactory / Approaching Basic / Basic / Mastery / Advanced,Mastery + Advanced ('Mastery and above'),LDOE score-report convention: NR when fewer than 10 students; percentages 0-1 shown as <=1% and 99-100 as >=99% (file-level notes not read),LEAP 2025 Algebra I and Geometry EOC,LEAP 2025 English I and English II EOC,course-based EOC,"none found for Algebra I, Geometry, English I or English II (LEAP Civics replacing U.S. History is a social studies change)",https://doe.louisiana.gov/school-system-leaders/measuring-results/high-school-assessments ; https://doe.louisiana.gov/docs/default-source/assessment/leap-2025-grades-3-8-interpretive-guide.pdf,no file found (ask LDOE or check the LDOE library),"The 'Mastery Subgroup Summary' files (state/LEA and school) pool grades 3-8 and HS by subject and are not HS-specific. HEAD sizes: 2022 1,543,615 bytes; 2023 1,758,566; 2025 2,635,877."
LA,2024-25,2025,https://doe.louisiana.gov/data-and-reports/high-school-performance,'2025 State LEA School LEAP High School Achievement Level Summary with Subgroups': https://doe.louisiana.gov/docs/default-source/data-management/2025-state-lea-school-leap-high-school-achievement-level-summary-with-subgroups.xlsx,XLSX,yes,yes (file title 'State LEA School'),expected,expected,expected,File title 'High School Achievement Level Summary with Subgroups'; subgroup list not viewed,Unsatisfactory / Approaching Basic / Basic / Mastery / Advanced,Mastery + Advanced ('Mastery and above'),LDOE score-report convention: NR when fewer than 10 students; percentages 0-1 shown as <=1% and 99-100 as >=99% (file-level notes not read),LEAP 2025 Algebra I and Geometry EOC,LEAP 2025 English I and English II EOC,course-based EOC,"none found for Algebra I, Geometry, English I or English II (LEAP Civics replacing U.S. History is a social studies change)",https://doe.louisiana.gov/school-system-leaders/measuring-results/high-school-assessments ; https://doe.louisiana.gov/docs/default-source/assessment/leap-2025-grades-3-8-interpretive-guide.pdf,yes,"The 'Mastery Subgroup Summary' files (state/LEA and school) pool grades 3-8 and HS by subject and are not HS-specific. HEAD sizes: 2022 1,543,615 bytes; 2023 1,758,566; 2025 2,635,877."
MA,2021-22,2022,https://educationtocareer.data.mass.gov/Assessment-and-Accountability/MCAS-Achievement-Results/i9w6-niyt,"https://educationtocareer.data.mass.gov/resource/i9w6-niyt.csv with $where=sy='2022' AND test_grade='10' AND subject_code in ('ELA','MATH') AND org_type='Public School District'",CSV (Socrata export/API); also Excel export from https://profiles.doe.mass.edu/statereport/mcas.aspx,yes,yes (org_type 'Public School District' and 'Charter District'),yes ('Black or African American'),yes ('Hispanic or Latino'),yes ('White'),"Socrata group-by row counts, grade 10 math, public school district rows, SY 2022: Black 92, Hispanic 166, White 256 (no result values retrieved)",Exceeding / Meeting / Partially Meeting / Not Meeting Expectations; field M_PLUS_E_PCT,Meeting + Exceeding Expectations,Achievement level percentages not calculated for groups with fewer than 10 students (DESE Profiles data notes),Next-Generation MCAS Mathematics grade 10,Next-Generation MCAS ELA grade 10,10,none,https://profiles.doe.mass.edu/help/data.aspx?section=assess ; https://www.wbur.org/news/2024/11/06/massachusetts-ballot-question-2-approved-mcas-test-measure-result,yes,Dataset holds Next-Generation MCAS since 2017 (grade 10 since 2019). Rows with suppressed values not counted separately.
MA,2022-23,2023,https://educationtocareer.data.mass.gov/Assessment-and-Accountability/MCAS-Achievement-Results/i9w6-niyt,"https://educationtocareer.data.mass.gov/resource/i9w6-niyt.csv with $where=sy='2023' AND test_grade='10' AND subject_code in ('ELA','MATH') AND org_type='Public School District'",CSV (Socrata export/API); also Excel export from https://profiles.doe.mass.edu/statereport/mcas.aspx,yes,yes (org_type 'Public School District' and 'Charter District'),yes ('Black or African American'),yes ('Hispanic or Latino'),yes ('White'),"Socrata group-by row counts, grade 10 math, public school district rows, SY 2023: Black 100, Hispanic 183, White 256 (no result values retrieved)",Exceeding / Meeting / Partially Meeting / Not Meeting Expectations; field M_PLUS_E_PCT,Meeting + Exceeding Expectations,Achievement level percentages not calculated for groups with fewer than 10 students (DESE Profiles data notes),Next-Generation MCAS Mathematics grade 10,Next-Generation MCAS ELA grade 10,10,none,https://profiles.doe.mass.edu/help/data.aspx?section=assess ; https://www.wbur.org/news/2024/11/06/massachusetts-ballot-question-2-approved-mcas-test-measure-result,yes,Dataset holds Next-Generation MCAS since 2017 (grade 10 since 2019). Rows with suppressed values not counted separately.
MA,2023-24,2024,https://educationtocareer.data.mass.gov/Assessment-and-Accountability/MCAS-Achievement-Results/i9w6-niyt,"https://educationtocareer.data.mass.gov/resource/i9w6-niyt.csv with $where=sy='2024' AND test_grade='10' AND subject_code in ('ELA','MATH') AND org_type='Public School District'",CSV (Socrata export/API); also Excel export from https://profiles.doe.mass.edu/statereport/mcas.aspx,yes,yes (org_type 'Public School District' and 'Charter District'),yes ('Black or African American'),yes ('Hispanic or Latino'),yes ('White'),"Socrata group-by row counts, grade 10 math, public school district rows, SY 2024: Black 106, Hispanic 200, White 256 (no result values retrieved)",Exceeding / Meeting / Partially Meeting / Not Meeting Expectations; field M_PLUS_E_PCT,Meeting + Exceeding Expectations,Achievement level percentages not calculated for groups with fewer than 10 students (DESE Profiles data notes),Next-Generation MCAS Mathematics grade 10,Next-Generation MCAS ELA grade 10,10,none,https://profiles.doe.mass.edu/help/data.aspx?section=assess ; https://www.wbur.org/news/2024/11/06/massachusetts-ballot-question-2-approved-mcas-test-measure-result,yes,Dataset holds Next-Generation MCAS since 2017 (grade 10 since 2019). Rows with suppressed values not counted separately.
MA,2024-25,2025,https://educationtocareer.data.mass.gov/Assessment-and-Accountability/MCAS-Achievement-Results/i9w6-niyt,"https://educationtocareer.data.mass.gov/resource/i9w6-niyt.csv with $where=sy='2025' AND test_grade='10' AND subject_code in ('ELA','MATH') AND org_type='Public School District'",CSV (Socrata export/API); also Excel export from https://profiles.doe.mass.edu/statereport/mcas.aspx,yes,yes (org_type 'Public School District' and 'Charter District'),yes ('Black or African American'),yes ('Hispanic or Latino'),yes ('White'),"Socrata group-by row counts, grade 10 math, public school district rows, SY 2025: Black 113, Hispanic 189, White 255 (no result values retrieved)",Exceeding / Meeting / Partially Meeting / Not Meeting Expectations; field M_PLUS_E_PCT,Meeting + Exceeding Expectations,Achievement level percentages not calculated for groups with fewer than 10 students (DESE Profiles data notes),Next-Generation MCAS Mathematics grade 10,Next-Generation MCAS ELA grade 10,10,"none; Ballot Question 2 (effective Dec 5, 2024) ended the grade 10 MCAS graduation requirement, so spring 2025 is the first grade 10 administration with no stakes for students (test unchanged)",https://profiles.doe.mass.edu/help/data.aspx?section=assess ; https://www.wbur.org/news/2024/11/06/massachusetts-ballot-question-2-approved-mcas-test-measure-result,yes,Dataset holds Next-Generation MCAS since 2017 (grade 10 since 2019). Rows with suppressed values not counted separately.
MD,2021-22,2022,https://reportcard.msde.maryland.gov/Graphs/#/DataDownloads/datadownload,Download Files 2022 > 'MCAP ELA and Math Performance Data (ZIP 1MB)': https://reportcard.msde.maryland.gov/DataDownloads/FileDownload/470,ZIP of CSV,yes (all students),yes (LEA and school),not in download (per MSDE),not in download (per MSDE),not in download (per MSDE),"MSDE release for 2022-23: 'Both overall school and grade results in ELA and mathematics are now available in the data downloads'; disaggregation 'by LEA and student groups' was presented to the State Board, not described as part of the download. Report card pages show student-group views per LEA/school (PDF and CSV export); file not opened",Performance Levels 1-4,PL 3 + PL 4,"Minimum n = 10 (row replaced with '*'); top/bottom coding of percentages <= 5% and >= 95% (MSDE Data Suppression Requirements, Jan 2026)","MCAP Algebra I (also Geometry, Algebra II)",MCAP English 10,10 (ELA); math course-based,none found,https://news.maryland.gov/msde/2023-mcap-results/ ; https://reportcard.msde.maryland.gov/HelpGuides/Data%20Suppression%20Requirements%202026(A11y)CK.pdf ; https://marylandpublicschools.org/stateboard/Documents/2025/0826/Maryland-Comprehensive-Assessment-Program-MCAP-2024-2025-A.pdf,no (download has no student-group rows as described; subgroups only through per-LEA report card views or Board presentations),Year menu label = spring test year ('Download Files 2026' holds spring 2026 results). FileDownload IDs read from the page for each year; the server rejects non-browser requests (HTTP 500).
MD,2022-23,2023,https://reportcard.msde.maryland.gov/Graphs/#/DataDownloads/datadownload,Download Files 2023 > 'MCAP ELA and Math Performance Data (ZIP 1MB)': https://reportcard.msde.maryland.gov/DataDownloads/FileDownload/489,ZIP of CSV,yes (all students),yes (LEA and school),not in download (per MSDE),not in download (per MSDE),not in download (per MSDE),"MSDE release for 2022-23: 'Both overall school and grade results in ELA and mathematics are now available in the data downloads'; disaggregation 'by LEA and student groups' was presented to the State Board, not described as part of the download. Report card pages show student-group views per LEA/school (PDF and CSV export); file not opened",Performance Levels 1-4,PL 3 + PL 4,"Minimum n = 10 (row replaced with '*'); top/bottom coding of percentages <= 5% and >= 95% (MSDE Data Suppression Requirements, Jan 2026)","MCAP Algebra I (also Geometry, Algebra II)",MCAP English 10,10 (ELA); math course-based,none found,https://news.maryland.gov/msde/2023-mcap-results/ ; https://reportcard.msde.maryland.gov/HelpGuides/Data%20Suppression%20Requirements%202026(A11y)CK.pdf ; https://marylandpublicschools.org/stateboard/Documents/2025/0826/Maryland-Comprehensive-Assessment-Program-MCAP-2024-2025-A.pdf,no (download has no student-group rows as described; subgroups only through per-LEA report card views or Board presentations),Year menu label = spring test year ('Download Files 2026' holds spring 2026 results). FileDownload IDs read from the page for each year; the server rejects non-browser requests (HTTP 500).
MD,2023-24,2024,https://reportcard.msde.maryland.gov/Graphs/#/DataDownloads/datadownload,Download Files 2024 > 'MCAP ELA and Math Performance Data (ZIP 1MB)': https://reportcard.msde.maryland.gov/DataDownloads/FileDownload/529,ZIP of CSV,yes (all students),yes (LEA and school),not in download (per MSDE),not in download (per MSDE),not in download (per MSDE),"MSDE release for 2022-23: 'Both overall school and grade results in ELA and mathematics are now available in the data downloads'; disaggregation 'by LEA and student groups' was presented to the State Board, not described as part of the download. Report card pages show student-group views per LEA/school (PDF and CSV export); file not opened",Performance Levels 1-4,PL 3 + PL 4,"Minimum n = 10 (row replaced with '*'); top/bottom coding of percentages <= 5% and >= 95% (MSDE Data Suppression Requirements, Jan 2026)","MCAP Algebra I (also Geometry, Algebra II)",MCAP English 10,10 (ELA); math course-based,none found,https://news.maryland.gov/msde/2023-mcap-results/ ; https://reportcard.msde.maryland.gov/HelpGuides/Data%20Suppression%20Requirements%202026(A11y)CK.pdf ; https://marylandpublicschools.org/stateboard/Documents/2025/0826/Maryland-Comprehensive-Assessment-Program-MCAP-2024-2025-A.pdf,no (download has no student-group rows as described; subgroups only through per-LEA report card views or Board presentations),Year menu label = spring test year ('Download Files 2026' holds spring 2026 results). FileDownload IDs read from the page for each year; the server rejects non-browser requests (HTTP 500).
MD,2024-25,2025,https://reportcard.msde.maryland.gov/Graphs/#/DataDownloads/datadownload,Download Files 2025 > 'MCAP ELA and Math Performance Data (ZIP 1MB)': https://reportcard.msde.maryland.gov/DataDownloads/FileDownload/562,ZIP of CSV,yes (all students),yes (LEA and school),not in download (per MSDE),not in download (per MSDE),not in download (per MSDE),"MSDE release for 2022-23: 'Both overall school and grade results in ELA and mathematics are now available in the data downloads'; disaggregation 'by LEA and student groups' was presented to the State Board, not described as part of the download. Report card pages show student-group views per LEA/school (PDF and CSV export); file not opened",Performance Levels 1-4,PL 3 + PL 4,"Minimum n = 10 (row replaced with '*'); top/bottom coding of percentages <= 5% and >= 95% (MSDE Data Suppression Requirements, Jan 2026)","MCAP Algebra I (also Geometry, Algebra II)",MCAP English 10,10 (ELA); math course-based,none found,https://news.maryland.gov/msde/2023-mcap-results/ ; https://reportcard.msde.maryland.gov/HelpGuides/Data%20Suppression%20Requirements%202026(A11y)CK.pdf ; https://marylandpublicschools.org/stateboard/Documents/2025/0826/Maryland-Comprehensive-Assessment-Program-MCAP-2024-2025-A.pdf,no (download has no student-group rows as described; subgroups only through per-LEA report card views or Board presentations),Year menu label = spring test year ('Download Files 2026' holds spring 2026 results). FileDownload IDs read from the page for each year; the server rejects non-browser requests (HTTP 500).
ME,2021-22,2022,https://www.maine.gov/doe/data-reporting/warehouse,"No statewide downloadable file found. Public results are in the Tableau view 'State Assessments by Grade Level' (https://oit-tableau.maine.gov/t/DOE/views/MaineGradeLevelAssessments/MaineAssessments), which the browser tool was not permitted to open, so a crosstab download was not checked. SAU-level CSVs are for District Assessment Coordinators only",Tableau dashboard (download options not checked),no,unverified,unverified,unverified,unverified,Education Data Center summary of Maine 2025 results shows race/ethnicity breakdowns (source data not named),Well Below / Below / At / Above State Expectations,At + Above State Expectations,not verified,NWEA MAP Growth Mathematics (state assessment),NWEA MAP Growth Reading,high school (grade not verified),2022: NWEA MAP Growth used as the state test for grades 3-8 and high school (eMPowerME grade 11 through 2019),https://www.maine.gov/doe/Testing_Accountability/MECAS/NWEA ; https://mainedoenews.net/2022/08/04/priority-notice-2022-2023-assessment-calendar-and-assessment-program-updates/ ; https://statetestscoreresults.substack.com/p/maine-2025-assessment-results,no statewide file found,Maine DOE data requests: https://mainedoe.co1.qualtrics.com/jfe/form/SV_es0KckvDC10vZVb. Results before 2023 are not comparable to the Through Year Assessment.
ME,2022-23,2023,https://www.maine.gov/doe/data-reporting/warehouse,"No statewide downloadable file found. Public results are in the Tableau view 'State Assessments by Grade Level' (https://oit-tableau.maine.gov/t/DOE/views/MaineGradeLevelAssessments/MaineAssessments), which the browser tool was not permitted to open, so a crosstab download was not checked. SAU-level CSVs are for District Assessment Coordinators only",Tableau dashboard (download options not checked),no,unverified,unverified,unverified,unverified,Education Data Center summary of Maine 2025 results shows race/ethnicity breakdowns (source data not named),Well Below / Below / At / Above State Expectations,At + Above State Expectations,not verified,Maine Through Year Assessment Mathematics (fixed form in HS),Maine Through Year Assessment Reading (fixed form in HS),10 (2nd year of high school),"2023: Maine Through Year Assessment (NWEA) first administered in spring, replacing MAP Growth as the state test",https://www.maine.gov/doe/Testing_Accountability/MECAS/NWEA ; https://mainedoenews.net/2022/08/04/priority-notice-2022-2023-assessment-calendar-and-assessment-program-updates/ ; https://statetestscoreresults.substack.com/p/maine-2025-assessment-results,no statewide file found,Maine DOE data requests: https://mainedoe.co1.qualtrics.com/jfe/form/SV_es0KckvDC10vZVb. Results before 2023 are not comparable to the Through Year Assessment.
ME,2023-24,2024,https://www.maine.gov/doe/data-reporting/warehouse,"No statewide downloadable file found. Public results are in the Tableau view 'State Assessments by Grade Level' (https://oit-tableau.maine.gov/t/DOE/views/MaineGradeLevelAssessments/MaineAssessments), which the browser tool was not permitted to open, so a crosstab download was not checked. SAU-level CSVs are for District Assessment Coordinators only",Tableau dashboard (download options not checked),no,unverified,unverified,unverified,unverified,Education Data Center summary of Maine 2025 results shows race/ethnicity breakdowns (source data not named),Well Below / Below / At / Above State Expectations,At + Above State Expectations,not verified,Maine Through Year Assessment Mathematics,Maine Through Year Assessment Reading,10 (2nd year of high school),"2024: full through-year model (required fall, optional winter, spring summative); same test",https://www.maine.gov/doe/Testing_Accountability/MECAS/NWEA ; https://mainedoenews.net/2022/08/04/priority-notice-2022-2023-assessment-calendar-and-assessment-program-updates/ ; https://statetestscoreresults.substack.com/p/maine-2025-assessment-results,no statewide file found,Maine DOE data requests: https://mainedoe.co1.qualtrics.com/jfe/form/SV_es0KckvDC10vZVb. Results before 2023 are not comparable to the Through Year Assessment.
ME,2024-25,2025,https://www.maine.gov/doe/data-reporting/warehouse,"No statewide downloadable file found. Public results are in the Tableau view 'State Assessments by Grade Level' (https://oit-tableau.maine.gov/t/DOE/views/MaineGradeLevelAssessments/MaineAssessments), which the browser tool was not permitted to open, so a crosstab download was not checked. SAU-level CSVs are for District Assessment Coordinators only",Tableau dashboard (download options not checked),no,unverified,unverified,unverified,unverified,Education Data Center summary of Maine 2025 results shows race/ethnicity breakdowns (source data not named),Well Below / Below / At / Above State Expectations,At + Above State Expectations,not verified,Maine Through Year Assessment Mathematics,Maine Through Year Assessment Reading,10 (2nd year of high school),none,https://www.maine.gov/doe/Testing_Accountability/MECAS/NWEA ; https://mainedoenews.net/2022/08/04/priority-notice-2022-2023-assessment-calendar-and-assessment-program-updates/ ; https://statetestscoreresults.substack.com/p/maine-2025-assessment-results,no statewide file found,Maine DOE data requests: https://mainedoe.co1.qualtrics.com/jfe/form/SV_es0KckvDC10vZVb. Results before 2023 are not comparable to the Through Year Assessment.
MI,2021-22,2022,https://www.mischooldata.org/k-12-data-files/,"K-12 Data Files: locations 'All ISDs/Districts/Schools in State', School Year 2021-22, Report Category 'Assessment and Accountability', tick 'High School Assessments' (ReportCategory incl. Race/Ethnicity) or 'SAT Math / SAT EBRW Proficiency Cross-tabulated Data', then download (the form also has an Email field; delivery method not tested). Interactive view: https://www.mischooldata.org/high-school-state-testing-proficiency/ (Subject 'Math (SAT)' / 'EBRW (SAT)', Report Category 'Race/Ethnicity')",Generated data file (format not confirmed; layout workbook is XLSX),yes (statewide selection),yes (DistrictCode/BuildingCode columns),expected,expected,expected,"Data-File-Table-Layouts__051426.xlsx: 'High School State Testing' has ReportCategory (student demographic selection) and TotalProficient/PercentProficient; 'SAT Math Prof Crosstab' has Subgroup_1, Subgroup_2, MathPercentProficient. HS State Testing report menu offers Report Category 'Race/Ethnicity' for Math (SAT) and EBRW (SAT). Category values not viewed",Not Proficient / Partially Proficient / Proficient / Advanced (MDE SAT performance levels),Proficient + Advanced,Suppressed when report settings yield fewer than 10 students in a group; complementary groups may also be suppressed (CEPI disclosure avoidance),SAT Math (Michigan SAT School Day),SAT Evidence-Based Reading and Writing,11,none,https://www.michigan.gov/mde/news-and-information/press-releases/2025/08/27/michigan-students-perform-better-on-most-tests ; https://www.michigan.gov/mde/-/media/Project/Websites/mde/OEAA/MME/SAT-Suite/SAT-wth-Essay-Performance-Level-Information.pdf ; https://www.michigan.gov/cepi/-/media/Project/Websites/cepi/MISchoolData/Reference/Data-File-Table-Layouts__051426.xlsx ; https://www.michigan.gov/-/media/Project/Websites/cepi/MISchoolData/College_Readiness_Suppression_Rules.pdf,yes (via generated statewide data file; format and delivery to confirm),SAT replaced MME grade 11 ELA/math in spring 2016. PSAT 8/9 replaced grade 8 M-STEP ELA/math (not HS). 'College Readiness (Includes SAT Data)' is a separate college-benchmark file.
MI,2022-23,2023,https://www.mischooldata.org/k-12-data-files/,"K-12 Data Files: locations 'All ISDs/Districts/Schools in State', School Year 2022-23, Report Category 'Assessment and Accountability', tick 'High School Assessments' (ReportCategory incl. Race/Ethnicity) or 'SAT Math / SAT EBRW Proficiency Cross-tabulated Data', then download (the form also has an Email field; delivery method not tested). Interactive view: https://www.mischooldata.org/high-school-state-testing-proficiency/ (Subject 'Math (SAT)' / 'EBRW (SAT)', Report Category 'Race/Ethnicity')",Generated data file (format not confirmed; layout workbook is XLSX),yes (statewide selection),yes (DistrictCode/BuildingCode columns),expected,expected,expected,"Data-File-Table-Layouts__051426.xlsx: 'High School State Testing' has ReportCategory (student demographic selection) and TotalProficient/PercentProficient; 'SAT Math Prof Crosstab' has Subgroup_1, Subgroup_2, MathPercentProficient. HS State Testing report menu offers Report Category 'Race/Ethnicity' for Math (SAT) and EBRW (SAT). Category values not viewed",Not Proficient / Partially Proficient / Proficient / Advanced (MDE SAT performance levels),Proficient + Advanced,Suppressed when report settings yield fewer than 10 students in a group; complementary groups may also be suppressed (CEPI disclosure avoidance),SAT Math (Michigan SAT School Day),SAT Evidence-Based Reading and Writing,11,none,https://www.michigan.gov/mde/news-and-information/press-releases/2025/08/27/michigan-students-perform-better-on-most-tests ; https://www.michigan.gov/mde/-/media/Project/Websites/mde/OEAA/MME/SAT-Suite/SAT-wth-Essay-Performance-Level-Information.pdf ; https://www.michigan.gov/cepi/-/media/Project/Websites/cepi/MISchoolData/Reference/Data-File-Table-Layouts__051426.xlsx ; https://www.michigan.gov/-/media/Project/Websites/cepi/MISchoolData/College_Readiness_Suppression_Rules.pdf,yes (via generated statewide data file; format and delivery to confirm),SAT replaced MME grade 11 ELA/math in spring 2016. PSAT 8/9 replaced grade 8 M-STEP ELA/math (not HS). 'College Readiness (Includes SAT Data)' is a separate college-benchmark file.
MI,2023-24,2024,https://www.mischooldata.org/k-12-data-files/,"K-12 Data Files: locations 'All ISDs/Districts/Schools in State', School Year 2023-24, Report Category 'Assessment and Accountability', tick 'High School Assessments' (ReportCategory incl. Race/Ethnicity) or 'SAT Math / SAT EBRW Proficiency Cross-tabulated Data', then download (the form also has an Email field; delivery method not tested). Interactive view: https://www.mischooldata.org/high-school-state-testing-proficiency/ (Subject 'Math (SAT)' / 'EBRW (SAT)', Report Category 'Race/Ethnicity')",Generated data file (format not confirmed; layout workbook is XLSX),yes (statewide selection),yes (DistrictCode/BuildingCode columns),expected,expected,expected,"Data-File-Table-Layouts__051426.xlsx: 'High School State Testing' has ReportCategory (student demographic selection) and TotalProficient/PercentProficient; 'SAT Math Prof Crosstab' has Subgroup_1, Subgroup_2, MathPercentProficient. HS State Testing report menu offers Report Category 'Race/Ethnicity' for Math (SAT) and EBRW (SAT). Category values not viewed",Not Proficient / Partially Proficient / Proficient / Advanced (MDE SAT performance levels),Proficient + Advanced,Suppressed when report settings yield fewer than 10 students in a group; complementary groups may also be suppressed (CEPI disclosure avoidance),SAT Math (Michigan SAT School Day),SAT Evidence-Based Reading and Writing,11,2024: College Board SAT Suite moved to a new online adaptive design (MDE 2025 release); whether MDE reset SAT performance-level cut scores not confirmed,https://www.michigan.gov/mde/news-and-information/press-releases/2025/08/27/michigan-students-perform-better-on-most-tests ; https://www.michigan.gov/mde/-/media/Project/Websites/mde/OEAA/MME/SAT-Suite/SAT-wth-Essay-Performance-Level-Information.pdf ; https://www.michigan.gov/cepi/-/media/Project/Websites/cepi/MISchoolData/Reference/Data-File-Table-Layouts__051426.xlsx ; https://www.michigan.gov/-/media/Project/Websites/cepi/MISchoolData/College_Readiness_Suppression_Rules.pdf,yes (via generated statewide data file; format and delivery to confirm),SAT replaced MME grade 11 ELA/math in spring 2016. PSAT 8/9 replaced grade 8 M-STEP ELA/math (not HS). 'College Readiness (Includes SAT Data)' is a separate college-benchmark file.
MI,2024-25,2025,https://www.mischooldata.org/k-12-data-files/,"K-12 Data Files: locations 'All ISDs/Districts/Schools in State', School Year 2024-25, Report Category 'Assessment and Accountability', tick 'High School Assessments' (ReportCategory incl. Race/Ethnicity) or 'SAT Math / SAT EBRW Proficiency Cross-tabulated Data', then download (the form also has an Email field; delivery method not tested). Interactive view: https://www.mischooldata.org/high-school-state-testing-proficiency/ (Subject 'Math (SAT)' / 'EBRW (SAT)', Report Category 'Race/Ethnicity')",Generated data file (format not confirmed; layout workbook is XLSX),yes (statewide selection),yes (DistrictCode/BuildingCode columns),expected,expected,expected,"Data-File-Table-Layouts__051426.xlsx: 'High School State Testing' has ReportCategory (student demographic selection) and TotalProficient/PercentProficient; 'SAT Math Prof Crosstab' has Subgroup_1, Subgroup_2, MathPercentProficient. HS State Testing report menu offers Report Category 'Race/Ethnicity' for Math (SAT) and EBRW (SAT). Category values not viewed",Not Proficient / Partially Proficient / Proficient / Advanced (MDE SAT performance levels),Proficient + Advanced,Suppressed when report settings yield fewer than 10 students in a group; complementary groups may also be suppressed (CEPI disclosure avoidance),SAT Math (Michigan SAT School Day),SAT Evidence-Based Reading and Writing,11,none for ELA/math (2025 grade 11 social studies M-STEP realigned to revised standards),https://www.michigan.gov/mde/news-and-information/press-releases/2025/08/27/michigan-students-perform-better-on-most-tests ; https://www.michigan.gov/mde/-/media/Project/Websites/mde/OEAA/MME/SAT-Suite/SAT-wth-Essay-Performance-Level-Information.pdf ; https://www.michigan.gov/cepi/-/media/Project/Websites/cepi/MISchoolData/Reference/Data-File-Table-Layouts__051426.xlsx ; https://www.michigan.gov/-/media/Project/Websites/cepi/MISchoolData/College_Readiness_Suppression_Rules.pdf,yes (via generated statewide data file; format and delivery to confirm),SAT replaced MME grade 11 ELA/math in spring 2016. PSAT 8/9 replaced grade 8 M-STEP ELA/math (not HS). 'College Readiness (Includes SAT Data)' is a separate college-benchmark file.
MN,2021-22,2022,https://pub.education.mn.gov/MDEAnalytics/DataTopic.jsp?TOPICID=1 (Data Center > Data Reports and Analytics > Assessment Files),Assessment Files > Test 'All Standards-Based (MCA/MTAS/ALTMCA)' > Year 2022 > List files: '2022 Public Math MCA MTAS Results' https://education.mn.gov/mdeprod/idcplg?IdcService=GET_FILE&RevisionSelectionMethod=latestReleased&Rendition=primary&dDocName=PROD069572 ; '2022 Public Reading MCA MTAS Results' https://education.mn.gov/mdeprod/idcplg?IdcService=GET_FILE&RevisionSelectionMethod=latestReleased&Rendition=primary&dDocName=PROD069577,XLSX,yes,"yes (state, county, district and school per page text)",expected,expected,expected,"Page: files 'include summary performance ... at the state, county, district, and school level by test, year, public/nonpublic, subject, and grade'. MDE user-guide excerpt (search result): 'If you are seeking data by student group, the TAB file (instead of the XLSX file) may be more appropriate', implying student-group rows. User guide not readable (bot check); files not opened",Does Not Meet / Partially Meets / Meets / Exceeds the Standards,Meets + Exceeds,not verified (Assessment Files User Guide behind a Radware bot check),MCA-III Mathematics grade 11 (with MTAS),MCA-III Reading grade 10 (with MTAS),"10 (reading), 11 (math)",none found for reading and math (2025 science moved to a new MCA/Alt MCA),https://pub.education.mn.gov/MDEAnalytics/DataTopic.jsp?TOPICID=1 (file list shows '2025 Public Science MCA ALTMCA Results') ; https://education.mn.gov/MDE/dse/test/mn/,probable (student-group rows to confirm),"Pick Test Name 'All Standards-Based (MCA/MTAS/ALTMCA)', Year, 'List files'. pub.education.mn.gov and education.mn.gov serve a CAPTCHA to scripted requests; the list was read in Chrome. Files combine MCA and MTAS; separate MCA-only files are also listed."
MN,2022-23,2023,https://pub.education.mn.gov/MDEAnalytics/DataTopic.jsp?TOPICID=1 (Data Center > Data Reports and Analytics > Assessment Files),Assessment Files > Test 'All Standards-Based (MCA/MTAS/ALTMCA)' > Year 2023 > List files: '2023 Public Math MCA MTAS Results' https://education.mn.gov/mdeprod/idcplg?IdcService=GET_FILE&RevisionSelectionMethod=latestReleased&Rendition=primary&dDocName=PROD082118 ; '2023 Public Reading MCA MTAS Results' https://education.mn.gov/mdeprod/idcplg?IdcService=GET_FILE&RevisionSelectionMethod=latestReleased&Rendition=primary&dDocName=PROD082119,XLSX,yes,"yes (state, county, district and school per page text)",expected,expected,expected,"Page: files 'include summary performance ... at the state, county, district, and school level by test, year, public/nonpublic, subject, and grade'. MDE user-guide excerpt (search result): 'If you are seeking data by student group, the TAB file (instead of the XLSX file) may be more appropriate', implying student-group rows. User guide not readable (bot check); files not opened",Does Not Meet / Partially Meets / Meets / Exceeds the Standards,Meets + Exceeds,not verified (Assessment Files User Guide behind a Radware bot check),MCA-III Mathematics grade 11 (with MTAS),MCA-III Reading grade 10 (with MTAS),"10 (reading), 11 (math)",none found for reading and math (2025 science moved to a new MCA/Alt MCA),https://pub.education.mn.gov/MDEAnalytics/DataTopic.jsp?TOPICID=1 (file list shows '2025 Public Science MCA ALTMCA Results') ; https://education.mn.gov/MDE/dse/test/mn/,probable (student-group rows to confirm),"Pick Test Name 'All Standards-Based (MCA/MTAS/ALTMCA)', Year, 'List files'. pub.education.mn.gov and education.mn.gov serve a CAPTCHA to scripted requests; the list was read in Chrome. Files combine MCA and MTAS; separate MCA-only files are also listed."
MN,2023-24,2024,https://pub.education.mn.gov/MDEAnalytics/DataTopic.jsp?TOPICID=1 (Data Center > Data Reports and Analytics > Assessment Files),Assessment Files > Test 'All Standards-Based (MCA/MTAS/ALTMCA)' > Year 2024 > List files: '2024 Public Math MCA MTAS Results' https://education.mn.gov/mdeprod/idcplg?IdcService=GET_FILE&RevisionSelectionMethod=latestReleased&Rendition=primary&dDocName=PROD084808 ; '2024 Public Reading MCA MTAS Results' https://education.mn.gov/mdeprod/idcplg?IdcService=GET_FILE&RevisionSelectionMethod=latestReleased&Rendition=primary&dDocName=PROD084805,XLSX,yes,"yes (state, county, district and school per page text)",expected,expected,expected,"Page: files 'include summary performance ... at the state, county, district, and school level by test, year, public/nonpublic, subject, and grade'. MDE user-guide excerpt (search result): 'If you are seeking data by student group, the TAB file (instead of the XLSX file) may be more appropriate', implying student-group rows. User guide not readable (bot check); files not opened",Does Not Meet / Partially Meets / Meets / Exceeds the Standards,Meets + Exceeds,not verified (Assessment Files User Guide behind a Radware bot check),MCA-III Mathematics grade 11 (with MTAS),MCA-III Reading grade 10 (with MTAS),"10 (reading), 11 (math)",none found for reading and math (2025 science moved to a new MCA/Alt MCA),https://pub.education.mn.gov/MDEAnalytics/DataTopic.jsp?TOPICID=1 (file list shows '2025 Public Science MCA ALTMCA Results') ; https://education.mn.gov/MDE/dse/test/mn/,probable (student-group rows to confirm),"Pick Test Name 'All Standards-Based (MCA/MTAS/ALTMCA)', Year, 'List files'. pub.education.mn.gov and education.mn.gov serve a CAPTCHA to scripted requests; the list was read in Chrome. Files combine MCA and MTAS; separate MCA-only files are also listed."
MN,2024-25,2025,https://pub.education.mn.gov/MDEAnalytics/DataTopic.jsp?TOPICID=1 (Data Center > Data Reports and Analytics > Assessment Files),Assessment Files > Test 'All Standards-Based (MCA/MTAS/ALTMCA)' > Year 2025 > List files: '2025 Public Math MCA MTAS Results' https://education.mn.gov/mdeprod/idcplg?IdcService=GET_FILE&RevisionSelectionMethod=latestReleased&Rendition=primary&dDocName=PROD087031 ; '2025 Public Reading MCA MTAS Results' https://education.mn.gov/mdeprod/idcplg?IdcService=GET_FILE&RevisionSelectionMethod=latestReleased&Rendition=primary&dDocName=PROD087032,XLSX,yes,"yes (state, county, district and school per page text)",expected,expected,expected,"Page: files 'include summary performance ... at the state, county, district, and school level by test, year, public/nonpublic, subject, and grade'. MDE user-guide excerpt (search result): 'If you are seeking data by student group, the TAB file (instead of the XLSX file) may be more appropriate', implying student-group rows. User guide not readable (bot check); files not opened",Does Not Meet / Partially Meets / Meets / Exceeds the Standards,Meets + Exceeds,not verified (Assessment Files User Guide behind a Radware bot check),MCA-III Mathematics grade 11 (with MTAS),MCA-III Reading grade 10 (with MTAS),"10 (reading), 11 (math)",none found for reading and math (2025 science moved to a new MCA/Alt MCA),https://pub.education.mn.gov/MDEAnalytics/DataTopic.jsp?TOPICID=1 (file list shows '2025 Public Science MCA ALTMCA Results') ; https://education.mn.gov/MDE/dse/test/mn/,probable (student-group rows to confirm),"Pick Test Name 'All Standards-Based (MCA/MTAS/ALTMCA)', Year, 'List files'. pub.education.mn.gov and education.mn.gov serve a CAPTCHA to scripted requests; the list was read in Chrome. Files combine MCA and MTAS; separate MCA-only files are also listed."
MO,2021-22,2022,https://apps.dese.mo.gov/MCDS/home.aspx?categoryid=2&view=2,MCDS > State Assessment > 'District -- content area and grade all and disag 2022': https://apps.dese.mo.gov/MCDS/FileDownloadWebHandler.ashx?filename=c93b12dd-645aDistrict%20--%20content%20area%20and%20grade%20all%20and%20disag%202022.xlsx,XLSX,yes,yes (district file; state and school versions also posted),expected,expected,expected,"File title 'District - content area and grade all and disag' ('includes disaggregated data'). 2024 MAP Data Download Supporting Documentation, Performance Level layout: CATEGORY (disaggregate groupings incl. race) and TYPE (breakdown); race codes 3 = Black (not Hispanic), 4 = Hispanic, 5 = White (not Hispanic). Type labels in the file not viewed",Below Basic / Basic / Proficient / Advanced; TOP_TWO_LEVELS_PCT,Proficient + Advanced,not verified for these files (MCDS data request form: cells with 5 or fewer students suppressed),MAP Algebra I EOC (GRADE_LEVEL A1; Algebra II and Geometry also coded),MAP English II EOC (E2; English I also coded),course-based EOC,none found,https://apps.dese.mo.gov/MCDS/FileDownloadWebHandler.ashx?filename=b5a8c206-07062024_MAP_Data_Download_Supporting-Documentation.xlsx ; https://apps.dese.mo.gov/MCDS/home.aspx?categoryid=2&view=2,yes (race labels to confirm),The 'content area all' versions pool grades 3-8 with the EOC; use the 'content area and grade' files. MCDS also offers a 'Performance Level Report - Public' (2022-25) report.
MO,2022-23,2023,https://apps.dese.mo.gov/MCDS/home.aspx?categoryid=2&view=2,MCDS > State Assessment > 'District -- content area and grade all and disag 2023': https://apps.dese.mo.gov/MCDS/FileDownloadWebHandler.ashx?filename=737b6aac-c23b2023%20District_content%20area%20and%20grade%20all%20and%20disag.xlsx,XLSX,yes,yes (district file; state and school versions also posted),expected,expected,expected,"File title 'District - content area and grade all and disag' ('includes disaggregated data'). 2024 MAP Data Download Supporting Documentation, Performance Level layout: CATEGORY (disaggregate groupings incl. race) and TYPE (breakdown); race codes 3 = Black (not Hispanic), 4 = Hispanic, 5 = White (not Hispanic). Type labels in the file not viewed",Below Basic / Basic / Proficient / Advanced; TOP_TWO_LEVELS_PCT,Proficient + Advanced,not verified for these files (MCDS data request form: cells with 5 or fewer students suppressed),MAP Algebra I EOC (GRADE_LEVEL A1; Algebra II and Geometry also coded),MAP English II EOC (E2; English I also coded),course-based EOC,none found,https://apps.dese.mo.gov/MCDS/FileDownloadWebHandler.ashx?filename=b5a8c206-07062024_MAP_Data_Download_Supporting-Documentation.xlsx ; https://apps.dese.mo.gov/MCDS/home.aspx?categoryid=2&view=2,yes (race labels to confirm),The 'content area all' versions pool grades 3-8 with the EOC; use the 'content area and grade' files. MCDS also offers a 'Performance Level Report - Public' (2022-25) report.
MO,2023-24,2024,https://apps.dese.mo.gov/MCDS/home.aspx?categoryid=2&view=2,MCDS > State Assessment > 'District -- content area and grade all and disag 2024': https://apps.dese.mo.gov/MCDS/FileDownloadWebHandler.ashx?filename=95ac8fd6-4caa2024%20District_content%20area%20and%20grade%20all%20and%20disag.xlsx,XLSX,yes,yes (district file; state and school versions also posted),expected,expected,expected,"File title 'District - content area and grade all and disag' ('includes disaggregated data'). 2024 MAP Data Download Supporting Documentation, Performance Level layout: CATEGORY (disaggregate groupings incl. race) and TYPE (breakdown); race codes 3 = Black (not Hispanic), 4 = Hispanic, 5 = White (not Hispanic). Type labels in the file not viewed",Below Basic / Basic / Proficient / Advanced; TOP_TWO_LEVELS_PCT,Proficient + Advanced,not verified for these files (MCDS data request form: cells with 5 or fewer students suppressed),MAP Algebra I EOC (GRADE_LEVEL A1; Algebra II and Geometry also coded),MAP English II EOC (E2; English I also coded),course-based EOC,none found,https://apps.dese.mo.gov/MCDS/FileDownloadWebHandler.ashx?filename=b5a8c206-07062024_MAP_Data_Download_Supporting-Documentation.xlsx ; https://apps.dese.mo.gov/MCDS/home.aspx?categoryid=2&view=2,yes (race labels to confirm),The 'content area all' versions pool grades 3-8 with the EOC; use the 'content area and grade' files. MCDS also offers a 'Performance Level Report - Public' (2022-25) report.
MO,2024-25,2025,https://apps.dese.mo.gov/MCDS/home.aspx?categoryid=2&view=2,MCDS > State Assessment > 'District -- content area and grade all and disag 2025': https://apps.dese.mo.gov/MCDS/FileDownloadWebHandler.ashx?filename=0132f017-1f862025%20District_content%20area%20and%20grade%20all%20and%20disag.xlsx,XLSX,yes,yes (district file; state and school versions also posted),expected,expected,expected,"File title 'District - content area and grade all and disag' ('includes disaggregated data'). 2024 MAP Data Download Supporting Documentation, Performance Level layout: CATEGORY (disaggregate groupings incl. race) and TYPE (breakdown); race codes 3 = Black (not Hispanic), 4 = Hispanic, 5 = White (not Hispanic). Type labels in the file not viewed",Below Basic / Basic / Proficient / Advanced; TOP_TWO_LEVELS_PCT,Proficient + Advanced,not verified for these files (MCDS data request form: cells with 5 or fewer students suppressed),MAP Algebra I EOC (GRADE_LEVEL A1; Algebra II and Geometry also coded),MAP English II EOC (E2; English I also coded),course-based EOC,none found,https://apps.dese.mo.gov/MCDS/FileDownloadWebHandler.ashx?filename=b5a8c206-07062024_MAP_Data_Download_Supporting-Documentation.xlsx ; https://apps.dese.mo.gov/MCDS/home.aspx?categoryid=2&view=2,yes (race labels to confirm),The 'content area all' versions pool grades 3-8 with the EOC; use the 'content area and grade' files. MCDS also offers a 'Performance Level Report - Public' (2022-25) report.
MS,2021-22,2022,https://mdek12.org/publicreporting/2021-22/,'2021-22 MAAP English Language Arts and Mathematics Results': https://www.mdek12.org/sites/default/files/Offices/MDE/OEA/OPR/2022/2022_maap_media_files_ela_math_1.xlsx ; 'Gap Analysis Report 2022': https://www.mdek12.org/sites/default/files/Offices/MDE/OEA/OPR/2022/gap_analysis_report_2022.xlsx,XLSX,"yes (media file: results by district/school; gap analysis: district x subgroup, grades pooled)",yes,"gap report only, grades pooled","gap report only, grades pooled","gap report only, grades pooled","SBE item Nov 7, 2024 (2023-24 Gap Analysis): gaps 'calculated using student achievement at proficient and above for both the state and district level', disaggregated for major racial and ethnic groups; district tables are by subject (Mathematics, ELA) with no grade or course split, so Algebra I and English II are pooled with grades 3-8. Media file layout not viewed (mdek12.org rejects non-browser requests); no HS subgroup file listed",MAAP Levels 1-5: Minimal / Basic / Passing / Proficient / Advanced,Level 4 + Level 5 (proficient and above),Gap analysis: '*n counts < 10 are suppressed'; media file not checked,MAAP Algebra I EOC,MAAP English II EOC,course-based EOC,none found,https://mdek12.org/wp-content/uploads/sites/29/2024/11/Tab-02-ODSP-MAAP-Achievement-Gap-Results.pdf ; https://mdek12.org/publicreporting/2023-24/,no (no HS-specific district x race file; gap analysis pools grades),"Mississippi Succeeds Report Card (https://msrc.mdek12.org) shows per-entity subgroup results (interactive, not checked for export)."
MS,2022-23,2023,https://mdek12.org/publicreporting/2022-23/,'2022-23 MAAP English Language Arts and Mathematics Results': https://www.mdek12.org/sites/default/files/Offices/MDE/OEA/OPR/2023/2023_maap_media_files_ela_math_8.14.23.xlsx ; 'Gap Analysis Report 2023': https://www.mdek12.org/sites/default/files/Offices/MDE/OEA/OPR/2023/gap_analysis_report_2023.xlsx,XLSX,"yes (media file: results by district/school; gap analysis: district x subgroup, grades pooled)",yes,"gap report only, grades pooled","gap report only, grades pooled","gap report only, grades pooled","SBE item Nov 7, 2024 (2023-24 Gap Analysis): gaps 'calculated using student achievement at proficient and above for both the state and district level', disaggregated for major racial and ethnic groups; district tables are by subject (Mathematics, ELA) with no grade or course split, so Algebra I and English II are pooled with grades 3-8. Media file layout not viewed (mdek12.org rejects non-browser requests); no HS subgroup file listed",MAAP Levels 1-5: Minimal / Basic / Passing / Proficient / Advanced,Level 4 + Level 5 (proficient and above),Gap analysis: '*n counts < 10 are suppressed'; media file not checked,MAAP Algebra I EOC,MAAP English II EOC,course-based EOC,none found,https://mdek12.org/wp-content/uploads/sites/29/2024/11/Tab-02-ODSP-MAAP-Achievement-Gap-Results.pdf ; https://mdek12.org/publicreporting/2023-24/,no (no HS-specific district x race file; gap analysis pools grades),"Mississippi Succeeds Report Card (https://msrc.mdek12.org) shows per-entity subgroup results (interactive, not checked for export)."
MS,2023-24,2024,https://mdek12.org/publicreporting/2023-24/,'2023-24 MAAP English Language Arts and Mathematics Results': https://www.mdek12.org/sites/default/files/Offices/MDE/OEA/OPR/2024/2024_maap_media_files_ela_math_8.22.24_81.xlsx ; 'Gap Analysis Report 2024': https://mdek12.org/wp-content/uploads/sites/33/2024/11/gap_analysis_report_2024.xlsx,XLSX,"yes (media file: results by district/school; gap analysis: district x subgroup, grades pooled)",yes,"gap report only, grades pooled","gap report only, grades pooled","gap report only, grades pooled","SBE item Nov 7, 2024 (2023-24 Gap Analysis): gaps 'calculated using student achievement at proficient and above for both the state and district level', disaggregated for major racial and ethnic groups; district tables are by subject (Mathematics, ELA) with no grade or course split, so Algebra I and English II are pooled with grades 3-8. Media file layout not viewed (mdek12.org rejects non-browser requests); no HS subgroup file listed",MAAP Levels 1-5: Minimal / Basic / Passing / Proficient / Advanced,Level 4 + Level 5 (proficient and above),Gap analysis: '*n counts < 10 are suppressed'; media file not checked,MAAP Algebra I EOC,MAAP English II EOC,course-based EOC,none found,https://mdek12.org/wp-content/uploads/sites/29/2024/11/Tab-02-ODSP-MAAP-Achievement-Gap-Results.pdf ; https://mdek12.org/publicreporting/2023-24/,no (no HS-specific district x race file; gap analysis pools grades),"Mississippi Succeeds Report Card (https://msrc.mdek12.org) shows per-entity subgroup results (interactive, not checked for export)."
MS,2024-25,2025,https://mdek12.org/publicreporting/2024-25/,'2024-25 MAAP English Language Arts and Mathematics Results': https://mdek12.org/wp-content/uploads/sites/33/2025/08/2025_maap_mediafile_ELA_MATH.xlsx ; 'Gap Analysis Report 2025': https://mdek12.org/wp-content/uploads/sites/33/2025/11/gap_analysis_report_2025.xlsx,XLSX,"yes (media file: results by district/school; gap analysis: district x subgroup, grades pooled)",yes,"gap report only, grades pooled","gap report only, grades pooled","gap report only, grades pooled","SBE item Nov 7, 2024 (2023-24 Gap Analysis): gaps 'calculated using student achievement at proficient and above for both the state and district level', disaggregated for major racial and ethnic groups; district tables are by subject (Mathematics, ELA) with no grade or course split, so Algebra I and English II are pooled with grades 3-8. Media file layout not viewed (mdek12.org rejects non-browser requests); no HS subgroup file listed",MAAP Levels 1-5: Minimal / Basic / Passing / Proficient / Advanced,Level 4 + Level 5 (proficient and above),Gap analysis: '*n counts < 10 are suppressed'; media file not checked,MAAP Algebra I EOC,MAAP English II EOC,course-based EOC,none found,https://mdek12.org/wp-content/uploads/sites/29/2024/11/Tab-02-ODSP-MAAP-Achievement-Gap-Results.pdf ; https://mdek12.org/publicreporting/2023-24/,no (no HS-specific district x race file; gap analysis pools grades),"Mississippi Succeeds Report Card (https://msrc.mdek12.org) shows per-entity subgroup results (interactive, not checked for export)."
MT,2021-22,2022,https://gems.opi.mt.gov/student-data,"No statewide downloadable file found. GEMS dashboard 'Math, ELA, and Science Assessments (High School)' (Power BI; guide https://gems.opi.mt.gov/uploads/attachments/cl8t4u98xhv83tebif4i0v8t0-actassessmenttutorial.pdf) filters by year, school location and Race/Ethnicity; no export described. OPI Data and Research page lists only GEMS, secure access and a data request form (https://montanaopi.sjc1.qualtrics.com/jfe/form/SV_aYkwxgOELWUOAaG)",Power BI dashboard (no file),no,yes (dashboard school location filter),dashboard filter only,dashboard filter only,dashboard filter only,"GEMS ACT tutorial: slicer menu 'filter by Race/Ethnicity, gender, SES, SPED, EL description, homeless status, and migrant status'",Novice / Nearing Proficient / Proficient / Advanced,Proficient + Advanced,"Dashboard: when race/ethnicity or other student-group slicers are selected, 'the data will be masked at counts of 10 or less' (GEMS ACT tutorial); OPI does not disclose groups of 5 or fewer",ACT Mathematics (ACT junior test),ACT English Language Arts (ACT with Writing),11,"none (ACT the grade 11 state test since 2015-16; MAST replaced Smarter Balanced in grades 3-8 only, 2024-25)",https://archive.legmt.gov/content/Committees/Interim/2025-2026/EDIC/Nov-2026/OPI-assessment-overview.pdf ('Highest level of ELA proficiency since ACT statewide use in 2015-16'; grade 11 rates 'Include both ACT and MSAA') ; https://news.mt.gov/Office-of-Public-Instruction/Superintendent-Arntzen-Releases-2023-2024-Student-Assessment-Scores-for-Math-and-Reading ; https://content.govdelivery.com/accounts/MTOPI/bulletins/3ea6b2f,no statewide file found,Grade 11 proficiency series in the OPI overview pools ACT and the MSAA alternate. Data request form is the route to district-by-race HS rates.
MT,2022-23,2023,https://gems.opi.mt.gov/student-data,"No statewide downloadable file found. GEMS dashboard 'Math, ELA, and Science Assessments (High School)' (Power BI; guide https://gems.opi.mt.gov/uploads/attachments/cl8t4u98xhv83tebif4i0v8t0-actassessmenttutorial.pdf) filters by year, school location and Race/Ethnicity; no export described. OPI Data and Research page lists only GEMS, secure access and a data request form (https://montanaopi.sjc1.qualtrics.com/jfe/form/SV_aYkwxgOELWUOAaG)",Power BI dashboard (no file),no,yes (dashboard school location filter),dashboard filter only,dashboard filter only,dashboard filter only,"GEMS ACT tutorial: slicer menu 'filter by Race/Ethnicity, gender, SES, SPED, EL description, homeless status, and migrant status'",Novice / Nearing Proficient / Proficient / Advanced,Proficient + Advanced,"Dashboard: when race/ethnicity or other student-group slicers are selected, 'the data will be masked at counts of 10 or less' (GEMS ACT tutorial); OPI does not disclose groups of 5 or fewer",ACT Mathematics (ACT junior test),ACT English Language Arts (ACT with Writing),11,"none (ACT the grade 11 state test since 2015-16; MAST replaced Smarter Balanced in grades 3-8 only, 2024-25)",https://archive.legmt.gov/content/Committees/Interim/2025-2026/EDIC/Nov-2026/OPI-assessment-overview.pdf ('Highest level of ELA proficiency since ACT statewide use in 2015-16'; grade 11 rates 'Include both ACT and MSAA') ; https://news.mt.gov/Office-of-Public-Instruction/Superintendent-Arntzen-Releases-2023-2024-Student-Assessment-Scores-for-Math-and-Reading ; https://content.govdelivery.com/accounts/MTOPI/bulletins/3ea6b2f,no statewide file found,Grade 11 proficiency series in the OPI overview pools ACT and the MSAA alternate. Data request form is the route to district-by-race HS rates.
MT,2023-24,2024,https://gems.opi.mt.gov/student-data,"No statewide downloadable file found. GEMS dashboard 'Math, ELA, and Science Assessments (High School)' (Power BI; guide https://gems.opi.mt.gov/uploads/attachments/cl8t4u98xhv83tebif4i0v8t0-actassessmenttutorial.pdf) filters by year, school location and Race/Ethnicity; no export described. OPI Data and Research page lists only GEMS, secure access and a data request form (https://montanaopi.sjc1.qualtrics.com/jfe/form/SV_aYkwxgOELWUOAaG)",Power BI dashboard (no file),no,yes (dashboard school location filter),dashboard filter only,dashboard filter only,dashboard filter only,"GEMS ACT tutorial: slicer menu 'filter by Race/Ethnicity, gender, SES, SPED, EL description, homeless status, and migrant status'",Novice / Nearing Proficient / Proficient / Advanced,Proficient + Advanced,"Dashboard: when race/ethnicity or other student-group slicers are selected, 'the data will be masked at counts of 10 or less' (GEMS ACT tutorial); OPI does not disclose groups of 5 or fewer",ACT Mathematics (ACT junior test),ACT English Language Arts (ACT with Writing),11,"none (ACT the grade 11 state test since 2015-16; MAST replaced Smarter Balanced in grades 3-8 only, 2024-25)",https://archive.legmt.gov/content/Committees/Interim/2025-2026/EDIC/Nov-2026/OPI-assessment-overview.pdf ('Highest level of ELA proficiency since ACT statewide use in 2015-16'; grade 11 rates 'Include both ACT and MSAA') ; https://news.mt.gov/Office-of-Public-Instruction/Superintendent-Arntzen-Releases-2023-2024-Student-Assessment-Scores-for-Math-and-Reading ; https://content.govdelivery.com/accounts/MTOPI/bulletins/3ea6b2f,no statewide file found,Grade 11 proficiency series in the OPI overview pools ACT and the MSAA alternate. Data request form is the route to district-by-race HS rates.
MT,2024-25,2025,https://gems.opi.mt.gov/student-data,"No statewide downloadable file found. GEMS dashboard 'Math, ELA, and Science Assessments (High School)' (Power BI; guide https://gems.opi.mt.gov/uploads/attachments/cl8t4u98xhv83tebif4i0v8t0-actassessmenttutorial.pdf) filters by year, school location and Race/Ethnicity; no export described. OPI Data and Research page lists only GEMS, secure access and a data request form (https://montanaopi.sjc1.qualtrics.com/jfe/form/SV_aYkwxgOELWUOAaG)",Power BI dashboard (no file),no,yes (dashboard school location filter),dashboard filter only,dashboard filter only,dashboard filter only,"GEMS ACT tutorial: slicer menu 'filter by Race/Ethnicity, gender, SES, SPED, EL description, homeless status, and migrant status'",Novice / Nearing Proficient / Proficient / Advanced,Proficient + Advanced,"Dashboard: when race/ethnicity or other student-group slicers are selected, 'the data will be masked at counts of 10 or less' (GEMS ACT tutorial); OPI does not disclose groups of 5 or fewer",ACT Mathematics (ACT junior test),ACT English Language Arts (ACT with Writing),11,"none found at state level; 2025: ACT moved to the enhanced ACT (shorter, online first; same 1-36 scale), not confirmed on an SEA page",https://archive.legmt.gov/content/Committees/Interim/2025-2026/EDIC/Nov-2026/OPI-assessment-overview.pdf ('Highest level of ELA proficiency since ACT statewide use in 2015-16'; grade 11 rates 'Include both ACT and MSAA') ; https://news.mt.gov/Office-of-Public-Instruction/Superintendent-Arntzen-Releases-2023-2024-Student-Assessment-Scores-for-Math-and-Reading ; https://content.govdelivery.com/accounts/MTOPI/bulletins/3ea6b2f,no statewide file found,Grade 11 proficiency series in the OPI overview pools ACT and the MSAA alternate. Data request form is the route to district-by-race HS rates.
NC,2021-22,2022,https://www.dpi.nc.gov/districts-schools/accountability-and-testing/school-accountability-and-reporting/accountability-data-sets-and-reports ; https://accrpt.tops.ncsu.edu/docs/disag_datasets/,"https://accrpt.tops.ncsu.edu/docs/disag_datasets/Disag_2021-22.zip (18,903,853 bytes; modified 2022-10-09)",ZIP of text files,yes,"yes (title 'Disaggregated State, School System (LEA) and School Performance Data')",expected,expected,expected,"Directory title 'Reports of Disaggregated State, School System (LEA) and School Performance Data'; NCDPI testing report Section 2 'Percent Proficient Disaggregated by Subgroup' covers American Indian, Asian, Black, Hispanic, Two or More Races, White. Record layout not found; file not opened","Not Proficient (Levels 1-2) / Level 3 / Level 4 / Level 5; GLP = Level 3 and above, CCR = Level 4 and above",Level 3 + 4 + 5 (Grade Level Proficient); Level 4 + 5 = College and Career Ready,NCDPI reports: percentages and counts not shown when above 95 (>95) or below 5 (<5); small-n threshold for the disag file not confirmed,NC Math 1 EOC (also NC Math 3),English II EOC,course-based EOC (English II usually grade 10),"none found for English II or NC Math 1 (NCPAT redesign 2023-24 to 2024-25 is grades 3-8 EOGs; new editions in 2024-25 are science: grades 5, 8 and Biology)",https://content.govdelivery.com/attachments/NCSBE/2024/07/17/file_attachments/2940482/Annual%20Testing%20Program%20Updates_071724.pdf ; https://www.ednc.org/wp-content/uploads/2024/09/2409_SLA-1_Student-Test-Performance-Results_Attach-1_409906n3k3ffeaideqlxjbajs3rqsl.pdf,yes (subgroup files at LEA level; confirm EOC subject codes and race codes),dpi.nc.gov PDFs reject non-browser requests; accrpt.tops.ncsu.edu directory read directly. New ELA standards (Jan 2026) take effect 2027-28.
NC,2022-23,2023,https://www.dpi.nc.gov/districts-schools/accountability-and-testing/school-accountability-and-reporting/accountability-data-sets-and-reports ; https://accrpt.tops.ncsu.edu/docs/disag_datasets/,"https://accrpt.tops.ncsu.edu/docs/disag_datasets/Disag_2022-23.zip (20,787,963 bytes; modified 2023-09-19)",ZIP of text files,yes,"yes (title 'Disaggregated State, School System (LEA) and School Performance Data')",expected,expected,expected,"Directory title 'Reports of Disaggregated State, School System (LEA) and School Performance Data'; NCDPI testing report Section 2 'Percent Proficient Disaggregated by Subgroup' covers American Indian, Asian, Black, Hispanic, Two or More Races, White. Record layout not found; file not opened","Not Proficient (Levels 1-2) / Level 3 / Level 4 / Level 5; GLP = Level 3 and above, CCR = Level 4 and above",Level 3 + 4 + 5 (Grade Level Proficient); Level 4 + 5 = College and Career Ready,NCDPI reports: percentages and counts not shown when above 95 (>95) or below 5 (<5); small-n threshold for the disag file not confirmed,NC Math 1 EOC (also NC Math 3),English II EOC,course-based EOC (English II usually grade 10),"none found for English II or NC Math 1 (NCPAT redesign 2023-24 to 2024-25 is grades 3-8 EOGs; new editions in 2024-25 are science: grades 5, 8 and Biology)",https://content.govdelivery.com/attachments/NCSBE/2024/07/17/file_attachments/2940482/Annual%20Testing%20Program%20Updates_071724.pdf ; https://www.ednc.org/wp-content/uploads/2024/09/2409_SLA-1_Student-Test-Performance-Results_Attach-1_409906n3k3ffeaideqlxjbajs3rqsl.pdf,yes (subgroup files at LEA level; confirm EOC subject codes and race codes),dpi.nc.gov PDFs reject non-browser requests; accrpt.tops.ncsu.edu directory read directly. New ELA standards (Jan 2026) take effect 2027-28.
NC,2023-24,2024,https://www.dpi.nc.gov/districts-schools/accountability-and-testing/school-accountability-and-reporting/accountability-data-sets-and-reports ; https://accrpt.tops.ncsu.edu/docs/disag_datasets/,"https://accrpt.tops.ncsu.edu/docs/disag_datasets/Disag_2023-24.zip (21,088,857 bytes; modified 2024-09-30)",ZIP of text files,yes,"yes (title 'Disaggregated State, School System (LEA) and School Performance Data')",expected,expected,expected,"Directory title 'Reports of Disaggregated State, School System (LEA) and School Performance Data'; NCDPI testing report Section 2 'Percent Proficient Disaggregated by Subgroup' covers American Indian, Asian, Black, Hispanic, Two or More Races, White. Record layout not found; file not opened","Not Proficient (Levels 1-2) / Level 3 / Level 4 / Level 5; GLP = Level 3 and above, CCR = Level 4 and above",Level 3 + 4 + 5 (Grade Level Proficient); Level 4 + 5 = College and Career Ready,NCDPI reports: percentages and counts not shown when above 95 (>95) or below 5 (<5); small-n threshold for the disag file not confirmed,NC Math 1 EOC (also NC Math 3),English II EOC,course-based EOC (English II usually grade 10),"none found for English II or NC Math 1 (NCPAT redesign 2023-24 to 2024-25 is grades 3-8 EOGs; new editions in 2024-25 are science: grades 5, 8 and Biology)",https://content.govdelivery.com/attachments/NCSBE/2024/07/17/file_attachments/2940482/Annual%20Testing%20Program%20Updates_071724.pdf ; https://www.ednc.org/wp-content/uploads/2024/09/2409_SLA-1_Student-Test-Performance-Results_Attach-1_409906n3k3ffeaideqlxjbajs3rqsl.pdf,yes (subgroup files at LEA level; confirm EOC subject codes and race codes),dpi.nc.gov PDFs reject non-browser requests; accrpt.tops.ncsu.edu directory read directly. New ELA standards (Jan 2026) take effect 2027-28.
NC,2024-25,2025,https://www.dpi.nc.gov/districts-schools/accountability-and-testing/school-accountability-and-reporting/accountability-data-sets-and-reports ; https://accrpt.tops.ncsu.edu/docs/disag_datasets/,"https://accrpt.tops.ncsu.edu/docs/disag_datasets/Disag_2024-25.zip (21,140,473 bytes; modified 2025-09-17)",ZIP of text files,yes,"yes (title 'Disaggregated State, School System (LEA) and School Performance Data')",expected,expected,expected,"Directory title 'Reports of Disaggregated State, School System (LEA) and School Performance Data'; NCDPI testing report Section 2 'Percent Proficient Disaggregated by Subgroup' covers American Indian, Asian, Black, Hispanic, Two or More Races, White. Record layout not found; file not opened","Not Proficient (Levels 1-2) / Level 3 / Level 4 / Level 5; GLP = Level 3 and above, CCR = Level 4 and above",Level 3 + 4 + 5 (Grade Level Proficient); Level 4 + 5 = College and Career Ready,NCDPI reports: percentages and counts not shown when above 95 (>95) or below 5 (<5); small-n threshold for the disag file not confirmed,NC Math 1 EOC (also NC Math 3),English II EOC,course-based EOC (English II usually grade 10),"none found for English II or NC Math 1 (NCPAT redesign 2023-24 to 2024-25 is grades 3-8 EOGs; new editions in 2024-25 are science: grades 5, 8 and Biology)",https://content.govdelivery.com/attachments/NCSBE/2024/07/17/file_attachments/2940482/Annual%20Testing%20Program%20Updates_071724.pdf ; https://www.ednc.org/wp-content/uploads/2024/09/2409_SLA-1_Student-Test-Performance-Results_Attach-1_409906n3k3ffeaideqlxjbajs3rqsl.pdf,yes (subgroup files at LEA level; confirm EOC subject codes and race codes),dpi.nc.gov PDFs reject non-browser requests; accrpt.tops.ncsu.edu directory read directly. New ELA standards (Jan 2026) take effect 2027-28.
ND,2021-22,2022,https://insights.nd.gov/Data,Insights Data > 'Assessment Performance - 2021-2022' > CSV https://insights.nd.gov/ShowFile?f=10006_6_csv_2021-2022,CSV (JSON and Excel versions also listed),yes,"expected (InstitutionName/InstitutionID; Insights covers state, district and school)",expected,expected,expected,"Dataset 'Assessment Performance' data dictionary: AcademicYear, InstitutionName, InstitutionID, Grade, Subject, AssessmentType, Accomodations, Subgroup, NoviceRangeLow/High, PartiallyRangeLow/High, ProficientRangeLow/High, AdvancedRangeLow/High. Subgroup values not seen; file not opened",Novice / Partially Proficient / Proficient / Advanced,Proficient + Advanced,"Insights: potentially identifiable data 'removed, or converted to a range of values'; ranges in low/high columns; suppressed cells shown as '*' or empty",NDSA Mathematics grade 10 (ACT allowed as a locally selected alternative),NDSA ELA grade 10,10,none,https://www.nd.gov/dpi/districtsschools/assessment/nd-plus ; https://statetestscoreresults.substack.com/p/north-dakota-2025-assessment-results ; https://www.nd.gov/dpi/districtsschools/assessment/assessment-archive,probable (range-coded proficiency; confirm race subgroup values and HS grade rows),"Proficiency given as low-high ranges, not point values, so a midpoint rule would be needed. AssessmentType separates NDSA, NDAA and ACT."
ND,2022-23,2023,https://insights.nd.gov/Data,Insights Data > 'Assessment Performance - 2022-2023' > CSV https://insights.nd.gov/ShowFile?f=10006_6_csv_2022-2023,CSV (JSON and Excel versions also listed),yes,"expected (InstitutionName/InstitutionID; Insights covers state, district and school)",expected,expected,expected,"Dataset 'Assessment Performance' data dictionary: AcademicYear, InstitutionName, InstitutionID, Grade, Subject, AssessmentType, Accomodations, Subgroup, NoviceRangeLow/High, PartiallyRangeLow/High, ProficientRangeLow/High, AdvancedRangeLow/High. Subgroup values not seen; file not opened",Novice / Partially Proficient / Proficient / Advanced,Proficient + Advanced,"Insights: potentially identifiable data 'removed, or converted to a range of values'; ranges in low/high columns; suppressed cells shown as '*' or empty",NDSA Mathematics grade 10 (ACT allowed as a locally selected alternative),NDSA ELA grade 10,10,none,https://www.nd.gov/dpi/districtsschools/assessment/nd-plus ; https://statetestscoreresults.substack.com/p/north-dakota-2025-assessment-results ; https://www.nd.gov/dpi/districtsschools/assessment/assessment-archive,probable (range-coded proficiency; confirm race subgroup values and HS grade rows),"Proficiency given as low-high ranges, not point values, so a midpoint rule would be needed. AssessmentType separates NDSA, NDAA and ACT."
ND,2023-24,2024,https://insights.nd.gov/Data,Insights Data > 'Assessment Performance - 2023-2024' > CSV https://insights.nd.gov/ShowFile?f=10006_6_csv_2023-2024,CSV (JSON and Excel versions also listed),yes,"expected (InstitutionName/InstitutionID; Insights covers state, district and school)",expected,expected,expected,"Dataset 'Assessment Performance' data dictionary: AcademicYear, InstitutionName, InstitutionID, Grade, Subject, AssessmentType, Accomodations, Subgroup, NoviceRangeLow/High, PartiallyRangeLow/High, ProficientRangeLow/High, AdvancedRangeLow/High. Subgroup values not seen; file not opened",Novice / Partially Proficient / Proficient / Advanced,Proficient + Advanced,"Insights: potentially identifiable data 'removed, or converted to a range of values'; ranges in low/high columns; suppressed cells shown as '*' or empty",NDSA Mathematics grade 10 (ACT allowed as a locally selected alternative),NDSA ELA grade 10,10,none,https://www.nd.gov/dpi/districtsschools/assessment/nd-plus ; https://statetestscoreresults.substack.com/p/north-dakota-2025-assessment-results ; https://www.nd.gov/dpi/districtsschools/assessment/assessment-archive,probable (range-coded proficiency; confirm race subgroup values and HS grade rows),"Proficiency given as low-high ranges, not point values, so a midpoint rule would be needed. AssessmentType separates NDSA, NDAA and ACT."
ND,2024-25,2025,https://insights.nd.gov/Data,Insights Data > 'Assessment Performance - 2024-2025' > CSV https://insights.nd.gov/ShowFile?f=10006_6_csv_2024-2025,CSV (JSON and Excel versions also listed),yes,"expected (InstitutionName/InstitutionID; Insights covers state, district and school)",expected,expected,expected,"Dataset 'Assessment Performance' data dictionary: AcademicYear, InstitutionName, InstitutionID, Grade, Subject, AssessmentType, Accomodations, Subgroup, NoviceRangeLow/High, PartiallyRangeLow/High, ProficientRangeLow/High, AdvancedRangeLow/High. Subgroup values not seen; file not opened",Novice / Partially Proficient / Proficient / Advanced,Proficient + Advanced,"Insights: potentially identifiable data 'removed, or converted to a range of values'; ranges in low/high columns; suppressed cells shown as '*' or empty",ND A+ Summative Mathematics grade 10,ND A+ Summative ELA grade 10,10,"2025: ND A+ Summative (new vendor and platform, new item bank, aligned to the 2023 ND standards, new cut scores) replaced the NDSA; 2025 results not comparable with earlier years",https://www.nd.gov/dpi/districtsschools/assessment/nd-plus ; https://statetestscoreresults.substack.com/p/north-dakota-2025-assessment-results ; https://www.nd.gov/dpi/districtsschools/assessment/assessment-archive,probable (range-coded proficiency; confirm race subgroup values and HS grade rows),"Proficiency given as low-high ranges, not point values, so a midpoint rule would be needed. AssessmentType separates NDSA, NDAA and ACT. ND A+ level names and whether the 2024-25 Insights file carries them under the same columns were not checked."
NE,2021-22,2022,https://nep.education.ne.gov/#/data-downloads,"NEP > Data Downloads > 'Download File Description (2021-2022)' > 'ACT Assessments Data All Subjects' (ACT_AllSubjects_20212022.csv, ~4,667 KB, modified 5/14/23)",CSV,yes,"expected (NEP data covers state, districts and schools)",unverified,unverified,unverified,"Not seen. ACT 'All Subjects' files are 4.7-19.8 MB against 42-43 KB for the state composite file, which suggests entity x subject x student-group rows; NEP profiles report by student group, but the ACT file layout was not found. File not opened","ACT state performance levels: Developing / On Track / ACT Benchmark (NDE Summative Assessment Administration and Reporting Plan, Dec 2025)",On Track + ACT Benchmark ('identified as meeting expectations'),NDE masks cells with fewer than 10 individuals or 100% of individuals (NDE Data Access and Use Policy); NEP: 'This website masks or hides some student data',ACT Mathematics,"ACT English Language Arts (Reading, English, Writing)",11 (third-year high school cohort),none (ACT the HS state test since 2017-18; the 2023 NSCAS ELA/math redesign and 2024 cut scores are grades 3-8),https://www.nebraskalegislature.gov/FloorDocs/109/PDF/Agencies/Education__Department_of/167_20251205-112832.pdf ; https://nebraskapublicmedia.org/en/news/news-articles/nebraska-turns-to-college-assessment-exams-to-measure-high-school-academics/ ; https://esu10.org/news/latest-news/2025/nebraska-assessment-and-accountability-update ; https://www.education.ne.gov/wp-content/uploads/2017/07/Nebraska_Data_Access_and_Use_Policy_and_Procedures.pdf,probable (open one ACT All Subjects file to confirm district x race rows and levels),Download buttons call the NEP API (https://nepdata.education.ne.gov/api/v1/data/downloads/data-file with dataYear and fileName); no static file URL. NSCAS_ELA/Math_Proficient files cover grades 3-8 only. File name for this year inferred from the 2024 and 2025 pattern (API listing read for 2024-2025 and 2023-2024; the page shows the display name and size).
NE,2022-23,2023,https://nep.education.ne.gov/#/data-downloads,"NEP > Data Downloads > 'Download File Description (2022-2023)' > 'ACT Assessments Data All Subjects' (ACT_AllSubjects_20222023.csv, ~4,673 KB, modified 11/21/23)",CSV,yes,"expected (NEP data covers state, districts and schools)",unverified,unverified,unverified,"Not seen. ACT 'All Subjects' files are 4.7-19.8 MB against 42-43 KB for the state composite file, which suggests entity x subject x student-group rows; NEP profiles report by student group, but the ACT file layout was not found. File not opened","ACT state performance levels: Developing / On Track / ACT Benchmark (NDE Summative Assessment Administration and Reporting Plan, Dec 2025)",On Track + ACT Benchmark ('identified as meeting expectations'),NDE masks cells with fewer than 10 individuals or 100% of individuals (NDE Data Access and Use Policy); NEP: 'This website masks or hides some student data',ACT Mathematics,"ACT English Language Arts (Reading, English, Writing)",11 (third-year high school cohort),none (ACT the HS state test since 2017-18; the 2023 NSCAS ELA/math redesign and 2024 cut scores are grades 3-8),https://www.nebraskalegislature.gov/FloorDocs/109/PDF/Agencies/Education__Department_of/167_20251205-112832.pdf ; https://nebraskapublicmedia.org/en/news/news-articles/nebraska-turns-to-college-assessment-exams-to-measure-high-school-academics/ ; https://esu10.org/news/latest-news/2025/nebraska-assessment-and-accountability-update ; https://www.education.ne.gov/wp-content/uploads/2017/07/Nebraska_Data_Access_and_Use_Policy_and_Procedures.pdf,probable (open one ACT All Subjects file to confirm district x race rows and levels),Download buttons call the NEP API (https://nepdata.education.ne.gov/api/v1/data/downloads/data-file with dataYear and fileName); no static file URL. NSCAS_ELA/Math_Proficient files cover grades 3-8 only. File name for this year inferred from the 2024 and 2025 pattern (API listing read for 2024-2025 and 2023-2024; the page shows the display name and size).
NE,2023-24,2024,https://nep.education.ne.gov/#/data-downloads,"NEP > Data Downloads > 'Download File Description (2023-2024)' > 'ACT Assessments Data All Subjects' (ACT_AllSubjects_20232024.csv, ~14,608 KB, modified 8/7/25)",CSV,yes,"expected (NEP data covers state, districts and schools)",unverified,unverified,unverified,"Not seen. ACT 'All Subjects' files are 4.7-19.8 MB against 42-43 KB for the state composite file, which suggests entity x subject x student-group rows; NEP profiles report by student group, but the ACT file layout was not found. File not opened","ACT state performance levels: Developing / On Track / ACT Benchmark (NDE Summative Assessment Administration and Reporting Plan, Dec 2025)",On Track + ACT Benchmark ('identified as meeting expectations'),NDE masks cells with fewer than 10 individuals or 100% of individuals (NDE Data Access and Use Policy); NEP: 'This website masks or hides some student data',ACT Mathematics,"ACT English Language Arts (Reading, English, Writing)",11 (third-year high school cohort),none (ACT the HS state test since 2017-18; the 2023 NSCAS ELA/math redesign and 2024 cut scores are grades 3-8),https://www.nebraskalegislature.gov/FloorDocs/109/PDF/Agencies/Education__Department_of/167_20251205-112832.pdf ; https://nebraskapublicmedia.org/en/news/news-articles/nebraska-turns-to-college-assessment-exams-to-measure-high-school-academics/ ; https://esu10.org/news/latest-news/2025/nebraska-assessment-and-accountability-update ; https://www.education.ne.gov/wp-content/uploads/2017/07/Nebraska_Data_Access_and_Use_Policy_and_Procedures.pdf,probable (open one ACT All Subjects file to confirm district x race rows and levels),Download buttons call the NEP API (https://nepdata.education.ne.gov/api/v1/data/downloads/data-file with dataYear and fileName); no static file URL. NSCAS_ELA/Math_Proficient files cover grades 3-8 only.
NE,2024-25,2025,https://nep.education.ne.gov/#/data-downloads,"NEP > Data Downloads > 'Download File Description (2024-2025)' > 'ACT Assessments Data All Subjects' (ACT_AllSubjects_20242025.csv, ~19,792 KB, modified 12/12/25)",CSV,yes,"expected (NEP data covers state, districts and schools)",unverified,unverified,unverified,"Not seen. ACT 'All Subjects' files are 4.7-19.8 MB against 42-43 KB for the state composite file, which suggests entity x subject x student-group rows; NEP profiles report by student group, but the ACT file layout was not found. File not opened","ACT state performance levels: Developing / On Track / ACT Benchmark (NDE Summative Assessment Administration and Reporting Plan, Dec 2025)",On Track + ACT Benchmark ('identified as meeting expectations'),NDE masks cells with fewer than 10 individuals or 100% of individuals (NDE Data Access and Use Policy); NEP: 'This website masks or hides some student data',ACT Mathematics,"ACT English Language Arts (Reading, English, Writing)",11 (third-year high school cohort),"none found at state level; 2025: ACT moved to the enhanced ACT (shorter, online first; same 1-36 scale), not confirmed on an SEA page",https://www.nebraskalegislature.gov/FloorDocs/109/PDF/Agencies/Education__Department_of/167_20251205-112832.pdf ; https://nebraskapublicmedia.org/en/news/news-articles/nebraska-turns-to-college-assessment-exams-to-measure-high-school-academics/ ; https://esu10.org/news/latest-news/2025/nebraska-assessment-and-accountability-update ; https://www.education.ne.gov/wp-content/uploads/2017/07/Nebraska_Data_Access_and_Use_Policy_and_Procedures.pdf,probable (open one ACT All Subjects file to confirm district x race rows and levels),Download buttons call the NEP API (https://nepdata.education.ne.gov/api/v1/data/downloads/data-file with dataYear and fileName); no static file URL. NSCAS_ELA/Math_Proficient files cover grades 3-8 only.
NH,2021-22,2022,https://www.education.nh.gov/who-we-are/division-of-educator-and-analytic-resources/bureau-of-education-statistics/assessment-data,'2021-22 Disaggregated Data' > CSV https://www.education.nh.gov/sites/g/files/ehbemt326/files/inline-documents/sonh/assessment22.csv ; XLSX .../sonh/assessment22.xlsx,CSV and XLSX (same data),yes,"yes (state, district and school levels per NHED release)",expected,expected,expected,"Page: 'The disaggregated files provide the percent of students who scored at each level ... for each group of students'. NHED Oct 2023 release: data set 'provides information at the state, district and school levels' and can be sorted 'by content area, grade level and student sub-group'. Whether grade 11 SAT rows are in the file, and the race categories, not seen; file not opened",Level 1 Below Proficient / Level 2 Approaching / Level 3 Proficient / Level 4 Above Proficient,Level 3 + Level 4,"Minimum n = 11 for public reporting (NHED Federal Accountability System); page: 'the data is suppressed when considering small numbers of students'; top/bottom coding (e.g. '<10%', '>90%') reported by secondary sources",SAT School Day Math,SAT School Day Reading and Writing,11,none (SAT School Day the grade 11 state test for ELA/math; NH SAS is grades 3-8 and science),https://www.education.nh.gov/news/new-hampshire-assessment-results-reveal-academic-gains ; https://www.education.nh.gov/news-and-media/statewide-assessment-data-released ; https://www.education.nh.gov/who-we-are/division-of-education-and-analytic-resources/bureau-assessment-and-accountability/office-assessment/new-hampshire-statewide-assessment ; https://www.education.nh.gov/sites/g/files/ehbemt326/files/inline-documents/sonh/ta_federal-accountability-system-in-new-hampshire.pdf,probable (confirm SAT grade 11 and race rows at district level in one file),education.nh.gov rejects non-browser requests (403); links read in Chrome. Each year also has an 'Aggregated Data by Town of Responsibility' workbook. 'Regular denominator' = students tested. URLs for this year from the browser tool's element search (2024-25 and 2025-26 hrefs confirmed in the accessibility tree).
NH,2022-23,2023,https://www.education.nh.gov/who-we-are/division-of-educator-and-analytic-resources/bureau-of-education-statistics/assessment-data,'2022-23 Disaggregated Data' > CSV https://www.education.nh.gov/sites/g/files/ehbemt326/files/inline-documents/sonh/disaggregateddata2023.csv ; XLSX .../sonh/disaggregateddata2023.xlsx,CSV and XLSX (same data),yes,"yes (state, district and school levels per NHED release)",expected,expected,expected,"Page: 'The disaggregated files provide the percent of students who scored at each level ... for each group of students'. NHED Oct 2023 release: data set 'provides information at the state, district and school levels' and can be sorted 'by content area, grade level and student sub-group'. Whether grade 11 SAT rows are in the file, and the race categories, not seen; file not opened",Level 1 Below Proficient / Level 2 Approaching / Level 3 Proficient / Level 4 Above Proficient,Level 3 + Level 4,"Minimum n = 11 for public reporting (NHED Federal Accountability System); page: 'the data is suppressed when considering small numbers of students'; top/bottom coding (e.g. '<10%', '>90%') reported by secondary sources",SAT School Day Math,SAT School Day Reading and Writing,11,none (SAT School Day the grade 11 state test for ELA/math; NH SAS is grades 3-8 and science),https://www.education.nh.gov/news/new-hampshire-assessment-results-reveal-academic-gains ; https://www.education.nh.gov/news-and-media/statewide-assessment-data-released ; https://www.education.nh.gov/who-we-are/division-of-education-and-analytic-resources/bureau-assessment-and-accountability/office-assessment/new-hampshire-statewide-assessment ; https://www.education.nh.gov/sites/g/files/ehbemt326/files/inline-documents/sonh/ta_federal-accountability-system-in-new-hampshire.pdf,probable (confirm SAT grade 11 and race rows at district level in one file),education.nh.gov rejects non-browser requests (403); links read in Chrome. Each year also has an 'Aggregated Data by Town of Responsibility' workbook. 'Regular denominator' = students tested. URLs for this year from the browser tool's element search (2024-25 and 2025-26 hrefs confirmed in the accessibility tree).
NH,2023-24,2024,https://www.education.nh.gov/who-we-are/division-of-educator-and-analytic-resources/bureau-of-education-statistics/assessment-data,'2023-24 Disaggregated Data' > CSV https://www.education.nh.gov/sites/g/files/ehbemt326/files/inline-documents/sonh/disaggdata2024-1_0.csv ; XLSX .../sonh/disagdata2024.xlsx,CSV and XLSX (same data),yes,"yes (state, district and school levels per NHED release)",expected,expected,expected,"Page: 'The disaggregated files provide the percent of students who scored at each level ... for each group of students'. NHED Oct 2023 release: data set 'provides information at the state, district and school levels' and can be sorted 'by content area, grade level and student sub-group'. Whether grade 11 SAT rows are in the file, and the race categories, not seen; file not opened",Level 1 Below Proficient / Level 2 Approaching / Level 3 Proficient / Level 4 Above Proficient,Level 3 + Level 4,"Minimum n = 11 for public reporting (NHED Federal Accountability System); page: 'the data is suppressed when considering small numbers of students'; top/bottom coding (e.g. '<10%', '>90%') reported by secondary sources",SAT School Day Math,SAT School Day Reading and Writing,11,2024: College Board moved the SAT School Day to the digital adaptive format (not confirmed on an SEA page),https://www.education.nh.gov/news/new-hampshire-assessment-results-reveal-academic-gains ; https://www.education.nh.gov/news-and-media/statewide-assessment-data-released ; https://www.education.nh.gov/who-we-are/division-of-education-and-analytic-resources/bureau-assessment-and-accountability/office-assessment/new-hampshire-statewide-assessment ; https://www.education.nh.gov/sites/g/files/ehbemt326/files/inline-documents/sonh/ta_federal-accountability-system-in-new-hampshire.pdf,probable (confirm SAT grade 11 and race rows at district level in one file),education.nh.gov rejects non-browser requests (403); links read in Chrome. Each year also has an 'Aggregated Data by Town of Responsibility' workbook. 'Regular denominator' = students tested. URLs for this year from the browser tool's element search (2024-25 and 2025-26 hrefs confirmed in the accessibility tree).
NH,2024-25,2025,https://www.education.nh.gov/who-we-are/division-of-educator-and-analytic-resources/bureau-of-education-statistics/assessment-data,'2024-25 Disaggregated Data' > CSV https://www.education.nh.gov/sites/g/files/ehbemt326/files/inline-documents/sonh/publicdatadisaggregated1_0.csv ; XLSX .../sonh/publicdatadisaggregated.xlsx,CSV and XLSX (same data),yes,"yes (state, district and school levels per NHED release)",expected,expected,expected,"Page: 'The disaggregated files provide the percent of students who scored at each level ... for each group of students'. NHED Oct 2023 release: data set 'provides information at the state, district and school levels' and can be sorted 'by content area, grade level and student sub-group'. Whether grade 11 SAT rows are in the file, and the race categories, not seen; file not opened",Level 1 Below Proficient / Level 2 Approaching / Level 3 Proficient / Level 4 Above Proficient,Level 3 + Level 4,"Minimum n = 11 for public reporting (NHED Federal Accountability System); page: 'the data is suppressed when considering small numbers of students'; top/bottom coding (e.g. '<10%', '>90%') reported by secondary sources",SAT School Day Math,SAT School Day Reading and Writing,11,none (SAT School Day the grade 11 state test for ELA/math; NH SAS is grades 3-8 and science),https://www.education.nh.gov/news/new-hampshire-assessment-results-reveal-academic-gains ; https://www.education.nh.gov/news-and-media/statewide-assessment-data-released ; https://www.education.nh.gov/who-we-are/division-of-education-and-analytic-resources/bureau-assessment-and-accountability/office-assessment/new-hampshire-statewide-assessment ; https://www.education.nh.gov/sites/g/files/ehbemt326/files/inline-documents/sonh/ta_federal-accountability-system-in-new-hampshire.pdf,probable (confirm SAT grade 11 and race rows at district level in one file),education.nh.gov rejects non-browser requests (403); links read in Chrome. Each year also has an 'Aggregated Data by Town of Responsibility' workbook. 'Regular denominator' = students tested.
NJ,2021-22,2022,https://www.nj.gov/education/assessment/results/reports/2122/index.shtml,"https://www.nj.gov/education/assessment/results/reports/2122/spring/ELA09_NJSLA_DATA_2021-22.xlsx ; https://www.nj.gov/education/assessment/results/reports/2122/spring/ALG01_NJSLA_DATA_2021-22.xlsx ; NJGPA: https://www.nj.gov/education/assessment/results/reports/2122/dlm/ELAGP%20NJGPA DATA 2021-22.xlsx, https://www.nj.gov/education/assessment/results/reports/2122/spring/MATGP_NJGPA_DATA_2021-22.xlsx",XLSX (one workbook per test),yes,expected (NJDOE 'statewide district- and school-level data'),probable,probable,probable,"NJDOE Sept 2024 memo: 'the NJDOE plans to publicly release statewide district- and school-level data and school-level participation and performance data disaggregated by student subgroup'. HEAD sizes: ELA09 811-837 KB, ALG01 1.56-1.62 MB per year, consistent with subgroup rows. Layout not seen; file not opened",Level 1 Not Yet Meeting / 2 Partially Meeting / 3 Approaching / 4 Meeting / 5 Exceeding Expectations,Level 4 + Level 5 (Met/Exceeded Expectations),Minimum n = 10 for reporting per NJDOE suppression rules (Sept 2024 memo); file-level symbols not seen,"NJSLA Algebra I (also Geometry, Algebra II files)",NJSLA ELA grade 9,9 (ELA); math course-based. NJGPA grade 11 ELA/math files also posted (graduation assessment),none for NJSLA ELA 9 or Algebra I (computer-adaptive NJSLA-A and NJGPA-A with new cut scores start spring 2026; NJGPA first operational for the Class of 2023),https://www.nj.gov/education/assessment/adaptive/faq.shtml ('Spring 2026 marked the transition to the new computer-adaptive versions of the NJSLA and NJGPA') ; https://www.nj.gov/education/broadcasts/2024/sept/18/Spring2024NewJerseyStudentLearningAssessmentsandDynamicLearningMapsStatewideAssessmentResults.pdf ; https://www.nj.gov/education/assessment/requirements/2023_2025.shtml,probable (district x race rows to confirm),No ELA10 file after 2021; ELA 9 is the only HS NJSLA ELA test. Pages marked 'Revised 9/2/25'.
NJ,2022-23,2023,https://www.nj.gov/education/assessment/results/reports/2223/index.shtml,"https://www.nj.gov/education/assessment/results/reports/2223/spring/ELA09_NJSLA_DATA_2022-23.xlsx ; https://www.nj.gov/education/assessment/results/reports/2223/spring/ALG01_NJSLA_DATA_2022-23.xlsx ; NJGPA: https://www.nj.gov/education/assessment/results/reports/2223/njgpa/ELAGP_NJGPA_DATA_2022-23.xlsx, https://www.nj.gov/education/assessment/results/reports/2223/njgpa/MATGP_NJGPA_DATA_2022-23.xlsx",XLSX (one workbook per test),yes,expected (NJDOE 'statewide district- and school-level data'),probable,probable,probable,"NJDOE Sept 2024 memo: 'the NJDOE plans to publicly release statewide district- and school-level data and school-level participation and performance data disaggregated by student subgroup'. HEAD sizes: ELA09 811-837 KB, ALG01 1.56-1.62 MB per year, consistent with subgroup rows. Layout not seen; file not opened",Level 1 Not Yet Meeting / 2 Partially Meeting / 3 Approaching / 4 Meeting / 5 Exceeding Expectations,Level 4 + Level 5 (Met/Exceeded Expectations),Minimum n = 10 for reporting per NJDOE suppression rules (Sept 2024 memo); file-level symbols not seen,"NJSLA Algebra I (also Geometry, Algebra II files)",NJSLA ELA grade 9,9 (ELA); math course-based. NJGPA grade 11 ELA/math files also posted (graduation assessment),none for NJSLA ELA 9 or Algebra I (computer-adaptive NJSLA-A and NJGPA-A with new cut scores start spring 2026; NJGPA first operational for the Class of 2023),https://www.nj.gov/education/assessment/adaptive/faq.shtml ('Spring 2026 marked the transition to the new computer-adaptive versions of the NJSLA and NJGPA') ; https://www.nj.gov/education/broadcasts/2024/sept/18/Spring2024NewJerseyStudentLearningAssessmentsandDynamicLearningMapsStatewideAssessmentResults.pdf ; https://www.nj.gov/education/assessment/requirements/2023_2025.shtml,probable (district x race rows to confirm),No ELA10 file after 2021; ELA 9 is the only HS NJSLA ELA test. Pages marked 'Revised 9/2/25'.
NJ,2023-24,2024,https://www.nj.gov/education/assessment/results/reports/2324/index.shtml,"https://www.nj.gov/education/assessment/results/reports/2324/spring/ELA09_NJSLA_DATA_2023-24.xlsx ; https://www.nj.gov/education/assessment/results/reports/2324/spring/ALG01_NJSLA_DATA_2023-24.xlsx ; NJGPA: https://www.nj.gov/education/assessment/results/reports/2324/njgpa/ELAGP_NJGPA_DATA_2023-24.xlsx, https://www.nj.gov/education/assessment/results/reports/2324/njgpa/MATGP_NJGPA_DATA_2023-24.xlsx",XLSX (one workbook per test),yes,expected (NJDOE 'statewide district- and school-level data'),probable,probable,probable,"NJDOE Sept 2024 memo: 'the NJDOE plans to publicly release statewide district- and school-level data and school-level participation and performance data disaggregated by student subgroup'. HEAD sizes: ELA09 811-837 KB, ALG01 1.56-1.62 MB per year, consistent with subgroup rows. Layout not seen; file not opened",Level 1 Not Yet Meeting / 2 Partially Meeting / 3 Approaching / 4 Meeting / 5 Exceeding Expectations,Level 4 + Level 5 (Met/Exceeded Expectations),Minimum n = 10 for reporting per NJDOE suppression rules (Sept 2024 memo); file-level symbols not seen,"NJSLA Algebra I (also Geometry, Algebra II files)",NJSLA ELA grade 9,9 (ELA); math course-based. NJGPA grade 11 ELA/math files also posted (graduation assessment),none for NJSLA ELA 9 or Algebra I (computer-adaptive NJSLA-A and NJGPA-A with new cut scores start spring 2026; NJGPA first operational for the Class of 2023),https://www.nj.gov/education/assessment/adaptive/faq.shtml ('Spring 2026 marked the transition to the new computer-adaptive versions of the NJSLA and NJGPA') ; https://www.nj.gov/education/broadcasts/2024/sept/18/Spring2024NewJerseyStudentLearningAssessmentsandDynamicLearningMapsStatewideAssessmentResults.pdf ; https://www.nj.gov/education/assessment/requirements/2023_2025.shtml,probable (district x race rows to confirm),No ELA10 file after 2021; ELA 9 is the only HS NJSLA ELA test. Pages marked 'Revised 9/2/25'.
NJ,2024-25,2025,https://www.nj.gov/education/assessment/results/reports/2425/index.shtml,"https://www.nj.gov/education/assessment/results/reports/2425/spring/ELA09%20NJSLA%20DATA%202024-25.xlsx ; https://www.nj.gov/education/assessment/results/reports/2425/spring/ALG01%20NJSLA%20DATA%202024-25.xlsx ; NJGPA: https://www.nj.gov/education/assessment/results/reports/2425/njgpa/ELAGP%20NJGPA%20DATA%202024-25.xlsx, https://www.nj.gov/education/assessment/results/reports/2425/njgpa/MATGP%20NJGPA%20DATA%202024-25.xlsx",XLSX (one workbook per test),yes,expected (NJDOE 'statewide district- and school-level data'),probable,probable,probable,"NJDOE Sept 2024 memo: 'the NJDOE plans to publicly release statewide district- and school-level data and school-level participation and performance data disaggregated by student subgroup'. HEAD sizes: ELA09 811-837 KB, ALG01 1.56-1.62 MB per year, consistent with subgroup rows. Layout not seen; file not opened",Level 1 Not Yet Meeting / 2 Partially Meeting / 3 Approaching / 4 Meeting / 5 Exceeding Expectations,Level 4 + Level 5 (Met/Exceeded Expectations),Minimum n = 10 for reporting per NJDOE suppression rules (Sept 2024 memo); file-level symbols not seen,"NJSLA Algebra I (also Geometry, Algebra II files)",NJSLA ELA grade 9,9 (ELA); math course-based. NJGPA grade 11 ELA/math files also posted (graduation assessment),none for NJSLA ELA 9 or Algebra I (computer-adaptive NJSLA-A and NJGPA-A with new cut scores start spring 2026; NJGPA first operational for the Class of 2023),https://www.nj.gov/education/assessment/adaptive/faq.shtml ('Spring 2026 marked the transition to the new computer-adaptive versions of the NJSLA and NJGPA') ; https://www.nj.gov/education/broadcasts/2024/sept/18/Spring2024NewJerseyStudentLearningAssessmentsandDynamicLearningMapsStatewideAssessmentResults.pdf ; https://www.nj.gov/education/assessment/requirements/2023_2025.shtml,probable (district x race rows to confirm),No ELA10 file after 2021; ELA 9 is the only HS NJSLA ELA test. Pages marked 'Revised 9/2/25'.
NM,2021-22,2022,https://web.ped.nm.gov/bureaus/accountability/achievement-data-by-year/,https://web.ped.nm.gov/wp-content/uploads/2026/04/Language-Arts-Proficiency-By-Assessment-SY-2021-2022-Masked.csv ; https://web.ped.nm.gov/wp-content/uploads/2026/04/MATH-Proficiency-By-Assessment-SY-2021-2022-Masked.csv ; also https://web.ped.nm.gov/wp-content/uploads/2024/12/AVT-Proficiency-SY-2021-22-Masked.xlsx,CSV (by-assessment files); XLSX/CSV (attenuated and AVT files),yes,expected (entity-level files),expected,expected,expected,"Page titles 'All Valid Proficiencies by Entity and Student Group' (2021-22, 2022-23) and, for 2020-21, 'SAT Proficiencies by Entity and Student Group'; 'Proficiency By Assessment' CSVs are 6-9 MB per subject-year, consistent with entity x group x assessment rows. Columns not seen; files not opened","SAT School Day NM levels: 1 Well Below / 2 Below / 3 At / 4 Above State Expectations (RW: At 480-620, Above 630-800; Math: At 530-640, Above 650-800)",Level 3 + Level 4,"Masked for groups under 10; also when the group is 30 or fewer and the proficient count is 6 or fewer; percentages shown as ranges (e.g. <=20% / >=80% for small groups, <=5% / >=95% for larger) (NMPED accountability masking rules); files labelled 'Masked'",SAT School Day Math,SAT School Day Reading and Writing,11,none (SAT replaced the prior HS reading/math tests in 2020-21),https://web.ped.nm.gov/wp-content/uploads/2025/06/SAT-School-Day-State-Achievement-Levels.pdf ; https://web.ped.nm.gov/wp-content/uploads/2025/01/SAT-Fact-Sheet-24-25.pdf ; https://web.ped.nm.gov/wp-content/uploads/2025/01/NM-01-SPP-PART-B-FFY-2021-22-Final-6.23.23.pdf ; https://web.ped.nm.gov/wp-content/uploads/2025/01/2022-23-NMPED-Accountability-Technical-Manual.pdf,probable (confirm SAT rows by district and race in the By Assessment file),"'Attenuated' files are ESSA-aligned pooled proficiencies (all tests), not SAT-specific. HEAD sizes: LA By Assessment 8.60 / 8.51 / 8.87 / 7.78 MB; Math By Assessment 6.06 / 5.98 / 8.71 / 7.67 MB (2022-2025)."
NM,2022-23,2023,https://web.ped.nm.gov/bureaus/accountability/achievement-data-by-year/,https://web.ped.nm.gov/wp-content/uploads/2026/04/Language-Arts-Proficiency-By-Assessment-SY-2022-2023-Masked.csv ; https://web.ped.nm.gov/wp-content/uploads/2026/04/MATH-Proficiency-By-Assessment-SY-2022-2023-Masked.csv ; also https://web.ped.nm.gov/wp-content/uploads/2024/12/AVT-Proficiency-SY-2022-23-Masked.xlsx,CSV (by-assessment files); XLSX/CSV (attenuated and AVT files),yes,expected (entity-level files),expected,expected,expected,"Page titles 'All Valid Proficiencies by Entity and Student Group' (2021-22, 2022-23) and, for 2020-21, 'SAT Proficiencies by Entity and Student Group'; 'Proficiency By Assessment' CSVs are 6-9 MB per subject-year, consistent with entity x group x assessment rows. Columns not seen; files not opened","SAT School Day NM levels: 1 Well Below / 2 Below / 3 At / 4 Above State Expectations (RW: At 480-620, Above 630-800; Math: At 530-640, Above 650-800)",Level 3 + Level 4,"Masked for groups under 10; also when the group is 30 or fewer and the proficient count is 6 or fewer; percentages shown as ranges (e.g. <=20% / >=80% for small groups, <=5% / >=95% for larger) (NMPED accountability masking rules); files labelled 'Masked'",SAT School Day Math,SAT School Day Reading and Writing,11,none (SAT replaced the prior HS reading/math tests in 2020-21),https://web.ped.nm.gov/wp-content/uploads/2025/06/SAT-School-Day-State-Achievement-Levels.pdf ; https://web.ped.nm.gov/wp-content/uploads/2025/01/SAT-Fact-Sheet-24-25.pdf ; https://web.ped.nm.gov/wp-content/uploads/2025/01/NM-01-SPP-PART-B-FFY-2021-22-Final-6.23.23.pdf ; https://web.ped.nm.gov/wp-content/uploads/2025/01/2022-23-NMPED-Accountability-Technical-Manual.pdf,probable (confirm SAT rows by district and race in the By Assessment file),"'Attenuated' files are ESSA-aligned pooled proficiencies (all tests), not SAT-specific. HEAD sizes: LA By Assessment 8.60 / 8.51 / 8.87 / 7.78 MB; Math By Assessment 6.06 / 5.98 / 8.71 / 7.67 MB (2022-2025)."
NM,2023-24,2024,https://web.ped.nm.gov/bureaus/accountability/achievement-data-by-year/,https://web.ped.nm.gov/wp-content/uploads/2026/04/Language-Arts-Proficiency-By-Assessment-SY-2023-2024-Masked.csv ; https://web.ped.nm.gov/wp-content/uploads/2026/04/MATH-Proficiency-By-Assessment-SY-2023-2024-Masked.csv,CSV (by-assessment files); XLSX/CSV (attenuated and AVT files),yes,expected (entity-level files),expected,expected,expected,"Page titles 'All Valid Proficiencies by Entity and Student Group' (2021-22, 2022-23) and, for 2020-21, 'SAT Proficiencies by Entity and Student Group'; 'Proficiency By Assessment' CSVs are 6-9 MB per subject-year, consistent with entity x group x assessment rows. Columns not seen; files not opened","SAT School Day NM levels: 1 Well Below / 2 Below / 3 At / 4 Above State Expectations (RW: At 480-620, Above 630-800; Math: At 530-640, Above 650-800)",Level 3 + Level 4,"Masked for groups under 10; also when the group is 30 or fewer and the proficient count is 6 or fewer; percentages shown as ranges (e.g. <=20% / >=80% for small groups, <=5% / >=95% for larger) (NMPED accountability masking rules); files labelled 'Masked'",SAT School Day Math,SAT School Day Reading and Writing,11,2024: College Board moved the SAT School Day to the digital adaptive format (not confirmed on an SEA page),https://web.ped.nm.gov/wp-content/uploads/2025/06/SAT-School-Day-State-Achievement-Levels.pdf ; https://web.ped.nm.gov/wp-content/uploads/2025/01/SAT-Fact-Sheet-24-25.pdf ; https://web.ped.nm.gov/wp-content/uploads/2025/01/NM-01-SPP-PART-B-FFY-2021-22-Final-6.23.23.pdf ; https://web.ped.nm.gov/wp-content/uploads/2025/01/2022-23-NMPED-Accountability-Technical-Manual.pdf,probable (confirm SAT rows by district and race in the By Assessment file),"'Attenuated' files are ESSA-aligned pooled proficiencies (all tests), not SAT-specific. HEAD sizes: LA By Assessment 8.60 / 8.51 / 8.87 / 7.78 MB; Math By Assessment 6.06 / 5.98 / 8.71 / 7.67 MB (2022-2025)."
NM,2024-25,2025,https://web.ped.nm.gov/bureaus/accountability/achievement-data-by-year/,https://web.ped.nm.gov/wp-content/uploads/2026/04/Language-Arts-Proficiency-By-Assessment-SY-2024-2025-Masked.csv ; https://web.ped.nm.gov/wp-content/uploads/2026/04/MATH-Proficiency-By-Assessment-SY-2024-2025-Masked.csv,CSV (by-assessment files); XLSX/CSV (attenuated and AVT files),yes,expected (entity-level files),expected,expected,expected,"Page titles 'All Valid Proficiencies by Entity and Student Group' (2021-22, 2022-23) and, for 2020-21, 'SAT Proficiencies by Entity and Student Group'; 'Proficiency By Assessment' CSVs are 6-9 MB per subject-year, consistent with entity x group x assessment rows. Columns not seen; files not opened","SAT School Day NM levels: 1 Well Below / 2 Below / 3 At / 4 Above State Expectations (RW: At 480-620, Above 630-800; Math: At 530-640, Above 650-800)",Level 3 + Level 4,"Masked for groups under 10; also when the group is 30 or fewer and the proficient count is 6 or fewer; percentages shown as ranges (e.g. <=20% / >=80% for small groups, <=5% / >=95% for larger) (NMPED accountability masking rules); files labelled 'Masked'",SAT School Day Math,SAT School Day Reading and Writing,11,none (SAT replaced the prior HS reading/math tests in 2020-21),https://web.ped.nm.gov/wp-content/uploads/2025/06/SAT-School-Day-State-Achievement-Levels.pdf ; https://web.ped.nm.gov/wp-content/uploads/2025/01/SAT-Fact-Sheet-24-25.pdf ; https://web.ped.nm.gov/wp-content/uploads/2025/01/NM-01-SPP-PART-B-FFY-2021-22-Final-6.23.23.pdf ; https://web.ped.nm.gov/wp-content/uploads/2025/01/2022-23-NMPED-Accountability-Technical-Manual.pdf,probable (confirm SAT rows by district and race in the By Assessment file),"'Attenuated' files are ESSA-aligned pooled proficiencies (all tests), not SAT-specific. HEAD sizes: LA By Assessment 8.60 / 8.51 / 8.87 / 7.78 MB; Math By Assessment 6.06 / 5.98 / 8.71 / 7.67 MB (2022-2025)."
NV,2021-22,2022,https://nevadareportcard.nv.gov/di/main/assessment,No pre-built statewide file. Data Interaction > Assessment > 'Group Summary Report' > Exam 'CCR (Grade 11 High School ELA/Math)' > Year > move all districts (or schools) to Selected > Get Report > Disaggregate 'Race/Ethnicity' > Update > Download (CSV),CSV export from report tool,no (export can include every district in one report),yes,yes (Race/Ethnicity disaggregation),yes (Race/Ethnicity disaggregation),yes (Race/Ethnicity disaggregation),"Report tool 'Disaggregate' menu: Gender, Race/Ethnicity, IEP, EL, FRL, Migrant, Grade, Homeless, Foster, Military Connected ...; portal help guide names the 7 race/ethnicity groups incl. Black/African American, Hispanic/Latino, White. 2024-25 state report viewed; export not run","Performance levels ED / AS / MS / ES (Emergent-Developing, Approaches Standard, Meets Standard, Exceeds Standard) with '% Proficient'","MS + ES (state 2024-25 math: % proficient 21.0; levels ED 31.8, AS 47.0, MS 14.0, ES 7.0)",Groups fewer than 10 not presented ('-'); percentages below 5 and above 95 shown as '<5' / '>95' (seen on the state report),Nevada CCR (College and Career Readiness) Mathematics assessment,Nevada CCR ELA assessment,11,none found (portal lists CCR grade 11 ELA/math for 2017-18 through 2025-26),https://nevadareportcard.nv.gov/di/main/assessment (exam and year menus) ; https://webapp-strapi-paas-prod-nde-001.azurewebsites.net/uploads/nevada_accountability_portal_help_guide_9f991f9500.pdf,yes via report export (one export per year; confirm district x race cells in the CSV),"The CCR test's vendor and scale were not documented on an NDE page found. EOC (Math I/II, ELA I/II) tests are the pre-2018 HS program."
NV,2022-23,2023,https://nevadareportcard.nv.gov/di/main/assessment,No pre-built statewide file. Data Interaction > Assessment > 'Group Summary Report' > Exam 'CCR (Grade 11 High School ELA/Math)' > Year > move all districts (or schools) to Selected > Get Report > Disaggregate 'Race/Ethnicity' > Update > Download (CSV),CSV export from report tool,no (export can include every district in one report),yes,yes (Race/Ethnicity disaggregation),yes (Race/Ethnicity disaggregation),yes (Race/Ethnicity disaggregation),"Report tool 'Disaggregate' menu: Gender, Race/Ethnicity, IEP, EL, FRL, Migrant, Grade, Homeless, Foster, Military Connected ...; portal help guide names the 7 race/ethnicity groups incl. Black/African American, Hispanic/Latino, White. 2024-25 state report viewed; export not run","Performance levels ED / AS / MS / ES (Emergent-Developing, Approaches Standard, Meets Standard, Exceeds Standard) with '% Proficient'","MS + ES (state 2024-25 math: % proficient 21.0; levels ED 31.8, AS 47.0, MS 14.0, ES 7.0)",Groups fewer than 10 not presented ('-'); percentages below 5 and above 95 shown as '<5' / '>95' (seen on the state report),Nevada CCR (College and Career Readiness) Mathematics assessment,Nevada CCR ELA assessment,11,none found (portal lists CCR grade 11 ELA/math for 2017-18 through 2025-26),https://nevadareportcard.nv.gov/di/main/assessment (exam and year menus) ; https://webapp-strapi-paas-prod-nde-001.azurewebsites.net/uploads/nevada_accountability_portal_help_guide_9f991f9500.pdf,yes via report export (one export per year; confirm district x race cells in the CSV),"The CCR test's vendor and scale were not documented on an NDE page found. EOC (Math I/II, ELA I/II) tests are the pre-2018 HS program."
NV,2023-24,2024,https://nevadareportcard.nv.gov/di/main/assessment,No pre-built statewide file. Data Interaction > Assessment > 'Group Summary Report' > Exam 'CCR (Grade 11 High School ELA/Math)' > Year > move all districts (or schools) to Selected > Get Report > Disaggregate 'Race/Ethnicity' > Update > Download (CSV),CSV export from report tool,no (export can include every district in one report),yes,yes (Race/Ethnicity disaggregation),yes (Race/Ethnicity disaggregation),yes (Race/Ethnicity disaggregation),"Report tool 'Disaggregate' menu: Gender, Race/Ethnicity, IEP, EL, FRL, Migrant, Grade, Homeless, Foster, Military Connected ...; portal help guide names the 7 race/ethnicity groups incl. Black/African American, Hispanic/Latino, White. 2024-25 state report viewed; export not run","Performance levels ED / AS / MS / ES (Emergent-Developing, Approaches Standard, Meets Standard, Exceeds Standard) with '% Proficient'","MS + ES (state 2024-25 math: % proficient 21.0; levels ED 31.8, AS 47.0, MS 14.0, ES 7.0)",Groups fewer than 10 not presented ('-'); percentages below 5 and above 95 shown as '<5' / '>95' (seen on the state report),Nevada CCR (College and Career Readiness) Mathematics assessment,Nevada CCR ELA assessment,11,none found (portal lists CCR grade 11 ELA/math for 2017-18 through 2025-26),https://nevadareportcard.nv.gov/di/main/assessment (exam and year menus) ; https://webapp-strapi-paas-prod-nde-001.azurewebsites.net/uploads/nevada_accountability_portal_help_guide_9f991f9500.pdf,yes via report export (one export per year; confirm district x race cells in the CSV),"The CCR test's vendor and scale were not documented on an NDE page found. EOC (Math I/II, ELA I/II) tests are the pre-2018 HS program."
NV,2024-25,2025,https://nevadareportcard.nv.gov/di/main/assessment,No pre-built statewide file. Data Interaction > Assessment > 'Group Summary Report' > Exam 'CCR (Grade 11 High School ELA/Math)' > Year > move all districts (or schools) to Selected > Get Report > Disaggregate 'Race/Ethnicity' > Update > Download (CSV),CSV export from report tool,no (export can include every district in one report),yes,yes (Race/Ethnicity disaggregation),yes (Race/Ethnicity disaggregation),yes (Race/Ethnicity disaggregation),"Report tool 'Disaggregate' menu: Gender, Race/Ethnicity, IEP, EL, FRL, Migrant, Grade, Homeless, Foster, Military Connected ...; portal help guide names the 7 race/ethnicity groups incl. Black/African American, Hispanic/Latino, White. 2024-25 state report viewed; export not run","Performance levels ED / AS / MS / ES (Emergent-Developing, Approaches Standard, Meets Standard, Exceeds Standard) with '% Proficient'","MS + ES (state 2024-25 math: % proficient 21.0; levels ED 31.8, AS 47.0, MS 14.0, ES 7.0)",Groups fewer than 10 not presented ('-'); percentages below 5 and above 95 shown as '<5' / '>95' (seen on the state report),Nevada CCR (College and Career Readiness) Mathematics assessment,Nevada CCR ELA assessment,11,none found (portal lists CCR grade 11 ELA/math for 2017-18 through 2025-26),https://nevadareportcard.nv.gov/di/main/assessment (exam and year menus) ; https://webapp-strapi-paas-prod-nde-001.azurewebsites.net/uploads/nevada_accountability_portal_help_guide_9f991f9500.pdf,yes via report export (one export per year; confirm district x race cells in the CSV),"The CCR test's vendor and scale were not documented on an NDE page found. EOC (Math I/II, ELA I/II) tests are the pre-2018 HS program."
NY,2021-22,2022,https://data.nysed.gov/downloads.php,"https://data.nysed.gov/files/essa/21-22/SRC2022.zip (307.24 MB), Annual Regents table",ZIP of Microsoft Access database,yes,"yes (state, districts, public and charter schools, county, Need/Resource Capacity group)",expected,expected,expected,"Download description: 'assessment results (... Annual Regents; Total Cohort Regents ...) for the state, districts, public and charter schools'. 2023-24 Report Card Glossary 'Annual Assessment Subgroups Defined' lists Black or African American, Hispanic or Latino, White. Tables not opened",Regents Levels 1-5; 'Proficient (Levels 3 & Above)',Level 3 + Level 4 + Level 5,"Subgroups with fewer than five tested students suppressed, together with the next smallest group; shown as a dash (2023-24 glossary)",Regents Examination in Algebra I,Regents Examination in English Language Arts (Common Core),"any grade (Annual Regents = all August, January and June administrations in the reporting year; Total Cohort Regents = 4-year cohort)",none (Algebra I Next Generation exam starts June 2024; ELA Next Generation exam 2025-26),"https://www.nysed.gov/sites/default/files/programs/state-assessment/memo-implementation-schedule-new-regents-exams.pdf (Algebra I: new exam June 2024, last old exam January 2024; ELA listed for 2025-26) ; https://data.nysed.gov/files/essa/23-24/glossary.pdf",yes (Access tables; Annual Regents is not grade-specific),Annual Regents reports a student's best result per title within the year. Total Cohort Regents gives the cohort-based alternative.
NY,2022-23,2023,https://data.nysed.gov/downloads.php,"https://data.nysed.gov/files/essa/22-23/SRC2023.zip (332.61 MB), Annual Regents table",ZIP of Microsoft Access database,yes,"yes (state, districts, public and charter schools, county, Need/Resource Capacity group)",expected,expected,expected,"Download description: 'assessment results (... Annual Regents; Total Cohort Regents ...) for the state, districts, public and charter schools'. 2023-24 Report Card Glossary 'Annual Assessment Subgroups Defined' lists Black or African American, Hispanic or Latino, White. Tables not opened",Regents Levels 1-5; 'Proficient (Levels 3 & Above)',Level 3 + Level 4 + Level 5,"Subgroups with fewer than five tested students suppressed, together with the next smallest group; shown as a dash (2023-24 glossary)",Regents Examination in Algebra I,Regents Examination in English Language Arts (Common Core),"any grade (Annual Regents = all August, January and June administrations in the reporting year; Total Cohort Regents = 4-year cohort)",none (Algebra I Next Generation exam starts June 2024; ELA Next Generation exam 2025-26),"https://www.nysed.gov/sites/default/files/programs/state-assessment/memo-implementation-schedule-new-regents-exams.pdf (Algebra I: new exam June 2024, last old exam January 2024; ELA listed for 2025-26) ; https://data.nysed.gov/files/essa/23-24/glossary.pdf",yes (Access tables; Annual Regents is not grade-specific),Annual Regents reports a student's best result per title within the year. Total Cohort Regents gives the cohort-based alternative.
NY,2023-24,2024,https://data.nysed.gov/downloads.php,"https://data.nysed.gov/files/essa/23-24/SRC2024.zip (337.74 MB), Annual Regents table",ZIP of Microsoft Access database,yes,"yes (state, districts, public and charter schools, county, Need/Resource Capacity group)",expected,expected,expected,"Download description: 'assessment results (... Annual Regents; Total Cohort Regents ...) for the state, districts, public and charter schools'. 2023-24 Report Card Glossary 'Annual Assessment Subgroups Defined' lists Black or African American, Hispanic or Latino, White. Tables not opened",Regents Levels 1-5; 'Proficient (Levels 3 & Above)',Level 3 + Level 4 + Level 5,"Subgroups with fewer than five tested students suppressed, together with the next smallest group; shown as a dash (2023-24 glossary)",Regents Algebra I (Common Core through Jan 2024; Next Generation from June 2024),Regents Examination in English Language Arts (Common Core),"any grade (Annual Regents = all August, January and June administrations in the reporting year; Total Cohort Regents = 4-year cohort)","2024: Regents Algebra I aligned to the Next Generation Mathematics Learning Standards first given June 2024 (old exam last given January 2024); the 2023-24 Annual Regents year mixes old (Aug 2023, Jan 2024) and new (June 2024) Algebra I results","https://www.nysed.gov/sites/default/files/programs/state-assessment/memo-implementation-schedule-new-regents-exams.pdf (Algebra I: new exam June 2024, last old exam January 2024; ELA listed for 2025-26) ; https://data.nysed.gov/files/essa/23-24/glossary.pdf",yes (Access tables; Annual Regents is not grade-specific),Annual Regents reports a student's best result per title within the year. Total Cohort Regents gives the cohort-based alternative.
NY,2024-25,2025,https://data.nysed.gov/downloads.php,"https://data.nysed.gov/files/essa/24-25/SRC2025.zip (372.37 MB), Annual Regents table",ZIP of Microsoft Access database,yes,"yes (state, districts, public and charter schools, county, Need/Resource Capacity group)",expected,expected,expected,"Download description: 'assessment results (... Annual Regents; Total Cohort Regents ...) for the state, districts, public and charter schools'. 2023-24 Report Card Glossary 'Annual Assessment Subgroups Defined' lists Black or African American, Hispanic or Latino, White. Tables not opened",Regents Levels 1-5; 'Proficient (Levels 3 & Above)',Level 3 + Level 4 + Level 5,"Subgroups with fewer than five tested students suppressed, together with the next smallest group; shown as a dash (2023-24 glossary)",Regents Algebra I (Next Generation),Regents Examination in English Language Arts (Common Core),"any grade (Annual Regents = all August, January and June administrations in the reporting year; Total Cohort Regents = 4-year cohort)",none (Next Generation Algebra I in its first full year; Geometry Next Generation June 2025),"https://www.nysed.gov/sites/default/files/programs/state-assessment/memo-implementation-schedule-new-regents-exams.pdf (Algebra I: new exam June 2024, last old exam January 2024; ELA listed for 2025-26) ; https://data.nysed.gov/files/essa/23-24/glossary.pdf",yes (Access tables; Annual Regents is not grade-specific),Annual Regents reports a student's best result per title within the year. Total Cohort Regents gives the cohort-based alternative.
OH,2021-22,2022,https://reportcard.education.ohio.gov/download,Download Data > year 2021-2022 > 'District Disaggregated Race/Ethnicity 2021-2022': https://reportcardstorage.education.ohio.gov/data-download-2022/2122_DIST_RACE_DIS.xlsx,XLSX,yes (one workbook for all districts),yes,expected,expected,expected,"File title 'District Disaggregated Race/Ethnicity' (the page's file list, read from https://edu-prd-reportcard-datarefresh-api.azurewebsites.net/api/v2/CategoriesFileTypes/2025/0/0). Test-level columns (Algebra I, ELA II) not seen; file not opened. HEAD requests to the storage host return 404 for every file, so sizes were not checked",Limited / Basic / Proficient / Accelerated / Advanced,Proficient + Accelerated + Advanced,Data not reported for groups of fewer than 10 students (Ohio report cards),Ohio State Test Algebra I EOC,Ohio State Test English Language Arts II EOC,course-based EOC (ELA II usually grade 10),none found,https://education.ohio.gov/getattachment/Topics/Data/Report-Card-Resources/Traditional-Report-Cards/2024-2025-Report-Card-Guide.pdf.aspx?lang=en-US (not readable by the tools) ; https://oh-ost.portal.cambiumast.com/content/contentresources/en/Understanding_State_Tests_Reports_2024-2025%20%20%2010%2017%202024.pdf,probable (confirm HS test columns by race in the district race file),Building-level race file also posted (BUILDING_ETHNIC_<yy><yy>.xlsx). District Achievement Ratings files carry all-students test results.
OH,2022-23,2023,https://reportcard.education.ohio.gov/download,Download Data > year 2022-2023 > 'District Disaggregated Race/Ethnicity 2022-2023': https://reportcardstorage.education.ohio.gov/data-download-2023/2223_DIST_RACE_DIS.xlsx,XLSX,yes (one workbook for all districts),yes,expected,expected,expected,"File title 'District Disaggregated Race/Ethnicity' (the page's file list, read from https://edu-prd-reportcard-datarefresh-api.azurewebsites.net/api/v2/CategoriesFileTypes/2025/0/0). Test-level columns (Algebra I, ELA II) not seen; file not opened. HEAD requests to the storage host return 404 for every file, so sizes were not checked",Limited / Basic / Proficient / Accelerated / Advanced,Proficient + Accelerated + Advanced,Data not reported for groups of fewer than 10 students (Ohio report cards),Ohio State Test Algebra I EOC,Ohio State Test English Language Arts II EOC,course-based EOC (ELA II usually grade 10),none found,https://education.ohio.gov/getattachment/Topics/Data/Report-Card-Resources/Traditional-Report-Cards/2024-2025-Report-Card-Guide.pdf.aspx?lang=en-US (not readable by the tools) ; https://oh-ost.portal.cambiumast.com/content/contentresources/en/Understanding_State_Tests_Reports_2024-2025%20%20%2010%2017%202024.pdf,probable (confirm HS test columns by race in the district race file),Building-level race file also posted (BUILDING_ETHNIC_<yy><yy>.xlsx). District Achievement Ratings files carry all-students test results.
OH,2023-24,2024,https://reportcard.education.ohio.gov/download,Download Data > year 2023-2024 > 'District Disaggregated Race/Ethnicity 2023-2024': https://reportcardstorage.education.ohio.gov/data-download-2024/2324_DIST_RACE_DIS.xlsx,XLSX,yes (one workbook for all districts),yes,expected,expected,expected,"File title 'District Disaggregated Race/Ethnicity' (the page's file list, read from https://edu-prd-reportcard-datarefresh-api.azurewebsites.net/api/v2/CategoriesFileTypes/2025/0/0). Test-level columns (Algebra I, ELA II) not seen; file not opened. HEAD requests to the storage host return 404 for every file, so sizes were not checked",Limited / Basic / Proficient / Accelerated / Advanced,Proficient + Accelerated + Advanced,Data not reported for groups of fewer than 10 students (Ohio report cards),Ohio State Test Algebra I EOC,Ohio State Test English Language Arts II EOC,course-based EOC (ELA II usually grade 10),none found,https://education.ohio.gov/getattachment/Topics/Data/Report-Card-Resources/Traditional-Report-Cards/2024-2025-Report-Card-Guide.pdf.aspx?lang=en-US (not readable by the tools) ; https://oh-ost.portal.cambiumast.com/content/contentresources/en/Understanding_State_Tests_Reports_2024-2025%20%20%2010%2017%202024.pdf,probable (confirm HS test columns by race in the district race file),Building-level race file also posted (BUILDING_ETHNIC_<yy><yy>.xlsx). District Achievement Ratings files carry all-students test results.
OH,2024-25,2025,https://reportcard.education.ohio.gov/download,Download Data > year 2024-2025 > 'District Disaggregated Race/Ethnicity 2024-2025': https://eduprdreportcardstorage1.blob.core.windows.net/data-download-2025/2425_DIST_RACE_DIS.xlsx,XLSX,yes (one workbook for all districts),yes,expected,expected,expected,"File title 'District Disaggregated Race/Ethnicity' (the page's file list, read from https://edu-prd-reportcard-datarefresh-api.azurewebsites.net/api/v2/CategoriesFileTypes/2025/0/0). Test-level columns (Algebra I, ELA II) not seen; file not opened. HEAD requests to the storage host return 404 for every file, so sizes were not checked",Limited / Basic / Proficient / Accelerated / Advanced,Proficient + Accelerated + Advanced,Data not reported for groups of fewer than 10 students (Ohio report cards),Ohio State Test Algebra I EOC,Ohio State Test English Language Arts II EOC,course-based EOC (ELA II usually grade 10),none found,https://education.ohio.gov/getattachment/Topics/Data/Report-Card-Resources/Traditional-Report-Cards/2024-2025-Report-Card-Guide.pdf.aspx?lang=en-US (not readable by the tools) ; https://oh-ost.portal.cambiumast.com/content/contentresources/en/Understanding_State_Tests_Reports_2024-2025%20%20%2010%2017%202024.pdf,probable (confirm HS test columns by race in the district race file),Building-level race file also posted (BUILDING_ETHNIC_<yy><yy>.xlsx). District Achievement Ratings files carry all-students test results.
OK,2021-22,2022,https://oklahoma.gov/education/services/assessments/state-testing-resources.html,"Only https://oklahoma.gov/content/dam/ok/en/osde/documents/services/assessments/state-testing-resources/2021-2022-OKMediaRedacted.xlsx ('State, County, District, & School Summaries'; HS content = CCRA science/U.S. history)",XLSX / CSV (grade 11 files are science and U.S. history only),no (no HS ELA/math file),n/a,n/a,n/a,n/a,Grade 11 files posted cover the CCRA Science and U.S. History parts only; HS ELA/math come from the ACT part of the CCRA and no state file for them was found (last was a 2018-19 state-level CCRA PDF),not verified for ACT-based ELA/math (OSTP levels Below Basic / Basic / Proficient / Advanced),not verified,files are 'Media Redacted'; rules not read,ACT Mathematics (CCRA part 1; district-administered),ACT English/Reading with Writing (CCRA part 1),11,none found (CCRA part 1 is the ACT with Writing; earlier guidance allowed ACT or SAT),https://oklahoma.gov/education/services/assessments/college-and-career-readiness-assessments.html ; https://oklahoma.gov/content/dam/ok/en/osde/documents/services/assessments/college-and-career-readiness-assessments/CCRA.pdf,no (no statewide HS ELA/math file),Public School Report Card (oklahoma.report) may show HS ELA/math by group per district; not checked. A state-level 'ACT 2026 State Scores.xlsx' is posted for 2025-26.
OK,2022-23,2023,https://oklahoma.gov/education/services/assessments/state-testing-resources.html,"Only https://oklahoma.gov/content/dam/ok/en/osde/documents/services/assessments/state-testing-resources/2022-23-OKCCRA-Grade-11-MediaRedacted.xlsx ('Grade 11 CCRA State, District & School (Science/US History)')",XLSX / CSV (grade 11 files are science and U.S. history only),no (no HS ELA/math file),n/a,n/a,n/a,n/a,Grade 11 files posted cover the CCRA Science and U.S. History parts only; HS ELA/math come from the ACT part of the CCRA and no state file for them was found (last was a 2018-19 state-level CCRA PDF),not verified for ACT-based ELA/math (OSTP levels Below Basic / Basic / Proficient / Advanced),not verified,files are 'Media Redacted'; rules not read,ACT Mathematics (CCRA part 1; district-administered),ACT English/Reading with Writing (CCRA part 1),11,none found (CCRA part 1 is the ACT with Writing; earlier guidance allowed ACT or SAT),https://oklahoma.gov/education/services/assessments/college-and-career-readiness-assessments.html ; https://oklahoma.gov/content/dam/ok/en/osde/documents/services/assessments/college-and-career-readiness-assessments/CCRA.pdf,no (no statewide HS ELA/math file),Public School Report Card (oklahoma.report) may show HS ELA/math by group per district; not checked. A state-level 'ACT 2026 State Scores.xlsx' is posted for 2025-26.
OK,2023-24,2024,https://oklahoma.gov/education/services/assessments/state-testing-resources.html,Only https://oklahoma.gov/content/dam/ok/en/osde/documents/services/assessments/state-testing-resources/2023-2024-Grade11%20OKCCRAMediaRedacted.xlsx ('Grade 11 CCRA District & School (Science/US History)'),XLSX / CSV (grade 11 files are science and U.S. history only),no (no HS ELA/math file),n/a,n/a,n/a,n/a,Grade 11 files posted cover the CCRA Science and U.S. History parts only; HS ELA/math come from the ACT part of the CCRA and no state file for them was found (last was a 2018-19 state-level CCRA PDF),not verified for ACT-based ELA/math (OSTP levels Below Basic / Basic / Proficient / Advanced),not verified,files are 'Media Redacted'; rules not read,ACT Mathematics (CCRA part 1; district-administered),ACT English/Reading with Writing (CCRA part 1),11,none found (CCRA part 1 is the ACT with Writing; earlier guidance allowed ACT or SAT),https://oklahoma.gov/education/services/assessments/college-and-career-readiness-assessments.html ; https://oklahoma.gov/content/dam/ok/en/osde/documents/services/assessments/college-and-career-readiness-assessments/CCRA.pdf,no (no statewide HS ELA/math file),Public School Report Card (oklahoma.report) may show HS ELA/math by group per district; not checked. A state-level 'ACT 2026 State Scores.xlsx' is posted for 2025-26.
OK,2024-25,2025,https://oklahoma.gov/education/services/assessments/state-testing-resources.html,Only https://oklahoma.gov/content/dam/ok/en/osde/documents/services/assessments/state-testing-resources/2025-state-testing-resources/2425OKCCRAMediaRedacted.csv (CCRA; science/U.S. history per earlier labels),XLSX / CSV (grade 11 files are science and U.S. history only),no (no HS ELA/math file),n/a,n/a,n/a,n/a,Grade 11 files posted cover the CCRA Science and U.S. History parts only; HS ELA/math come from the ACT part of the CCRA and no state file for them was found (last was a 2018-19 state-level CCRA PDF),not verified for ACT-based ELA/math (OSTP levels Below Basic / Basic / Proficient / Advanced),not verified,files are 'Media Redacted'; rules not read,ACT Mathematics (CCRA part 1; district-administered),ACT English/Reading with Writing (CCRA part 1),11,"none found at state level; 2025: ACT moved to the enhanced ACT (shorter, online first; same 1-36 scale), not confirmed on an SEA page",https://oklahoma.gov/education/services/assessments/college-and-career-readiness-assessments.html ; https://oklahoma.gov/content/dam/ok/en/osde/documents/services/assessments/college-and-career-readiness-assessments/CCRA.pdf,no (no statewide HS ELA/math file),Public School Report Card (oklahoma.report) may show HS ELA/math by group per district; not checked. A state-level 'ACT 2026 State Scores.xlsx' is posted for 2025-26.
OR,2021-22,2022,https://www.oregon.gov/ode/educator-resources/assessment/Pages/Assessment-Group-Reports.aspx,"https://www.oregon.gov/ode/educator-resources/assessment/Documents/TestResults2122/pagr_Districts_ELA_2122.xlsx (1,961,649 bytes) ; https://www.oregon.gov/ode/educator-resources/assessment/Documents/TestResults2122/pagr_Districts_MATH_2122.xlsx",XLSX (one workbook per subject),yes,"yes ('District Level, All Grades, All Student Groups')",expected,expected,expected,"Link text 'District Level, All Grades, All Student Groups'; page: 'These files show the performance percent at each level, as well as the participation rate, for the grade levels and student groups listed'. School-level race file titled 'Grades 3-8 & HS, Race/Ethnicity'. File not opened",Smarter Balanced Levels 1-4,Level 3 + Level 4,ODE rules: denominators of 0-5 suppressed ('*'); percentages above 95 / below 5 shown as >95% / <5% (ODE suppression rules documents; not confirmed for these files),Smarter Balanced Mathematics (OSAS) grade 11,Smarter Balanced ELA (OSAS) grade 11,11,none found,https://www.oregon.gov/ode/educator-resources/assessment/pages/statewide-assessments.aspx ; https://www.oregon.gov/ode/schools-and-districts/reportcards/SpEdReportCards/Documents/SuppressionRulesAtAGlanceProfiles.pdf,yes,Low grade 11 participation in Oregon (opt-outs) matters for a 95% participation rule.
OR,2022-23,2023,https://www.oregon.gov/ode/educator-resources/assessment/Pages/Assessment-Group-Reports.aspx,"https://www.oregon.gov/ode/educator-resources/assessment/Documents/TestResults2223/pagr_Districts_ELA_2223.xlsx (1,963,023 bytes) ; https://www.oregon.gov/ode/educator-resources/assessment/Documents/TestResults2223/pagr_Districts_MATH_2223.xlsx",XLSX (one workbook per subject),yes,"yes ('District Level, All Grades, All Student Groups')",expected,expected,expected,"Link text 'District Level, All Grades, All Student Groups'; page: 'These files show the performance percent at each level, as well as the participation rate, for the grade levels and student groups listed'. School-level race file titled 'Grades 3-8 & HS, Race/Ethnicity'. File not opened",Smarter Balanced Levels 1-4,Level 3 + Level 4,ODE rules: denominators of 0-5 suppressed ('*'); percentages above 95 / below 5 shown as >95% / <5% (ODE suppression rules documents; not confirmed for these files),Smarter Balanced Mathematics (OSAS) grade 11,Smarter Balanced ELA (OSAS) grade 11,11,none found,https://www.oregon.gov/ode/educator-resources/assessment/pages/statewide-assessments.aspx ; https://www.oregon.gov/ode/schools-and-districts/reportcards/SpEdReportCards/Documents/SuppressionRulesAtAGlanceProfiles.pdf,yes,Low grade 11 participation in Oregon (opt-outs) matters for a 95% participation rule.
OR,2023-24,2024,https://www.oregon.gov/ode/educator-resources/assessment/Pages/Assessment-Group-Reports.aspx,"https://www.oregon.gov/ode/educator-resources/assessment/Documents/TestResults2324/pagr_Districts_ELA_2324.xlsx (3,442,479 bytes) ; https://www.oregon.gov/ode/educator-resources/assessment/Documents/TestResults2324/pagr_Districts_MATH_2324.xlsx",XLSX (one workbook per subject),yes,"yes ('District Level, All Grades, All Student Groups')",expected,expected,expected,"Link text 'District Level, All Grades, All Student Groups'; page: 'These files show the performance percent at each level, as well as the participation rate, for the grade levels and student groups listed'. School-level race file titled 'Grades 3-8 & HS, Race/Ethnicity'. File not opened",Smarter Balanced Levels 1-4,Level 3 + Level 4,ODE rules: denominators of 0-5 suppressed ('*'); percentages above 95 / below 5 shown as >95% / <5% (ODE suppression rules documents; not confirmed for these files),Smarter Balanced Mathematics (OSAS) grade 11,Smarter Balanced ELA (OSAS) grade 11,11,none found,https://www.oregon.gov/ode/educator-resources/assessment/pages/statewide-assessments.aspx ; https://www.oregon.gov/ode/schools-and-districts/reportcards/SpEdReportCards/Documents/SuppressionRulesAtAGlanceProfiles.pdf,yes,Low grade 11 participation in Oregon (opt-outs) matters for a 95% participation rule.
OR,2024-25,2025,https://www.oregon.gov/ode/educator-resources/assessment/Pages/Assessment-Group-Reports.aspx,"https://www.oregon.gov/ode/educator-resources/assessment/Documents/TestResults2425/pagr_Districts_ELA_2425.xlsx (3,465,774 bytes) ; https://www.oregon.gov/ode/educator-resources/assessment/Documents/TestResults2425/pagr_Districts_MATH_2425.xlsx",XLSX (one workbook per subject),yes,"yes ('District Level, All Grades, All Student Groups')",expected,expected,expected,"Link text 'District Level, All Grades, All Student Groups'; page: 'These files show the performance percent at each level, as well as the participation rate, for the grade levels and student groups listed'. School-level race file titled 'Grades 3-8 & HS, Race/Ethnicity'. File not opened",Smarter Balanced Levels 1-4,Level 3 + Level 4,ODE rules: denominators of 0-5 suppressed ('*'); percentages above 95 / below 5 shown as >95% / <5% (ODE suppression rules documents; not confirmed for these files),Smarter Balanced Mathematics (OSAS) grade 11,Smarter Balanced ELA (OSAS) grade 11,11,none found,https://www.oregon.gov/ode/educator-resources/assessment/pages/statewide-assessments.aspx ; https://www.oregon.gov/ode/schools-and-districts/reportcards/SpEdReportCards/Documents/SuppressionRulesAtAGlanceProfiles.pdf,yes,Low grade 11 participation in Oregon (opt-outs) matters for a 95% participation rule.
PA,2021-22,2022,https://www.pa.gov/agencies/education/data-and-reporting/assessment-reporting,"https://www.pa.gov/content/dam/copapwp-pagov/en/education/documents/data-and-reporting/keystones/2022%20keystone%20district%20data.xlsx (908,022 bytes)",XLSX,yes,yes (district-level file; state and school files also posted),probable,probable,probable,"Not seen. District files are 0.91-1.25 MB against 14-15 KB for the state file (HEAD), consistent with student-group rows for about 500 districts; a district equity dashboard (wsdweb.org) reports PDE Keystone grade 11 results for Asian, Black, Hispanic, Multi-Racial and White students. File not opened",Advanced / Proficient / Basic / Below Basic,Advanced + Proficient,Not documented on the assessment reporting page; not seen in a file,Keystone Algebra I,Keystone Literature,11 (page: 'All results displayed are for Grade 11 students'; Keystone results are reported by the end of grade 11),none found,"https://www.pa.gov/agencies/education/data-and-reporting/assessment-reporting ('The Keystone Exams are end-of-course assessments designed to assess proficiency in the subject areas of Algebra I, Literature, Biology')",probable (open one district file to confirm race rows),The page labels files by spring year (2022 = 2021-22). Keystone Biology is in the same files.
PA,2022-23,2023,https://www.pa.gov/agencies/education/data-and-reporting/assessment-reporting,"https://www.pa.gov/content/dam/copapwp-pagov/en/education/documents/data-and-reporting/keystones/2023%20keystone%20district%20level%20data.xlsx (920,290 bytes)",XLSX,yes,yes (district-level file; state and school files also posted),probable,probable,probable,"Not seen. District files are 0.91-1.25 MB against 14-15 KB for the state file (HEAD), consistent with student-group rows for about 500 districts; a district equity dashboard (wsdweb.org) reports PDE Keystone grade 11 results for Asian, Black, Hispanic, Multi-Racial and White students. File not opened",Advanced / Proficient / Basic / Below Basic,Advanced + Proficient,Not documented on the assessment reporting page; not seen in a file,Keystone Algebra I,Keystone Literature,11 (page: 'All results displayed are for Grade 11 students'; Keystone results are reported by the end of grade 11),none found,"https://www.pa.gov/agencies/education/data-and-reporting/assessment-reporting ('The Keystone Exams are end-of-course assessments designed to assess proficiency in the subject areas of Algebra I, Literature, Biology')",probable (open one district file to confirm race rows),The page labels files by spring year (2022 = 2021-22). Keystone Biology is in the same files.
PA,2023-24,2024,https://www.pa.gov/agencies/education/data-and-reporting/assessment-reporting,"https://www.pa.gov/content/dam/copapwp-pagov/en/education/documents/data-and-reporting/keystones/2024-keystone-exams-district-grade-11-data.xlsx (1,248,461 bytes)",XLSX,yes,yes (district-level file; state and school files also posted),probable,probable,probable,"Not seen. District files are 0.91-1.25 MB against 14-15 KB for the state file (HEAD), consistent with student-group rows for about 500 districts; a district equity dashboard (wsdweb.org) reports PDE Keystone grade 11 results for Asian, Black, Hispanic, Multi-Racial and White students. File not opened",Advanced / Proficient / Basic / Below Basic,Advanced + Proficient,Not documented on the assessment reporting page; not seen in a file,Keystone Algebra I,Keystone Literature,11 (page: 'All results displayed are for Grade 11 students'; Keystone results are reported by the end of grade 11),none found,"https://www.pa.gov/agencies/education/data-and-reporting/assessment-reporting ('The Keystone Exams are end-of-course assessments designed to assess proficiency in the subject areas of Algebra I, Literature, Biology')",probable (open one district file to confirm race rows),The page labels files by spring year (2022 = 2021-22). Keystone Biology is in the same files.
PA,2024-25,2025,https://www.pa.gov/agencies/education/data-and-reporting/assessment-reporting,"https://www.pa.gov/content/dam/copapwp-pagov/en/education/documents/data-and-reporting/keystones/2025-keystone-exams-district-level-data.xlsx (999,563 bytes)",XLSX,yes,yes (district-level file; state and school files also posted),probable,probable,probable,"Not seen. District files are 0.91-1.25 MB against 14-15 KB for the state file (HEAD), consistent with student-group rows for about 500 districts; a district equity dashboard (wsdweb.org) reports PDE Keystone grade 11 results for Asian, Black, Hispanic, Multi-Racial and White students. File not opened",Advanced / Proficient / Basic / Below Basic,Advanced + Proficient,Not documented on the assessment reporting page; not seen in a file,Keystone Algebra I,Keystone Literature,11 (page: 'All results displayed are for Grade 11 students'; Keystone results are reported by the end of grade 11),none found,"https://www.pa.gov/agencies/education/data-and-reporting/assessment-reporting ('The Keystone Exams are end-of-course assessments designed to assess proficiency in the subject areas of Algebra I, Literature, Biology')",probable (open one district file to confirm race rows),The page labels files by spring year (2022 = 2021-22). Keystone Biology is in the same files.
RI,2021-22,2022,https://www3.ride.ri.gov/ADP,"No pre-built statewide file. Assessment Data Portal > Subject 'SAT - Mathematics' (and 'SAT - English Language Arts/Literacy') > School Year 2021-22 > District 'Statewide' > Compare Results: By Student Group 'Race/Ethnicity', With Other Districts (multi-select all districts) > Export (spreadsheet)",spreadsheet export from the portal,no (one export can hold every district),yes,yes (seen),yes (seen),yes (seen),"Seen in the portal 2026-09-15: SAT Mathematics rows '<year> : Providence : All Schools : All Grades : Black or African American / Hispanic or Latino / White' for 2021-22 through 2024-25, with students tested, % tested, level percentages, Meeting or Exceeding Expectations and average scale score. Race list: American Indian or Alaska Native, Asian, Black or African American, Hispanic or Latino, Native Hawaiian or Other Pacific Islander, Two or More Races, White. Export not run",1-Not Meeting / 2-Partially Meeting / 3-Meeting / 4-Exceeding Expectations,Level 3 + Level 4 ('Meeting or Exceeding Expectations' column),Portal footnotes: '*' minimum reporting size (10 students) not met; '**' greater than 95% did not meet expectations; '***' greater than 95% met or exceeded; flags for % tested below 85% and large year-over-year changes in test takers,SAT School Day Math (portal: 'SAT - Mathematics'),SAT School Day Reading and Writing (portal: 'SAT - English Language Arts/Literacy'),11 (portal grade filter: 11),none found,https://www3.ride.ri.gov/ADP (SAT page note) ; https://ride.ri.gov/instruction-assessment/assessment/assessment-results,yes via portal export (one export per subject-year),PSAT 10 (grade 10) is also in the portal. The portal also offers school-level comparisons.
RI,2022-23,2023,https://www3.ride.ri.gov/ADP,"No pre-built statewide file. Assessment Data Portal > Subject 'SAT - Mathematics' (and 'SAT - English Language Arts/Literacy') > School Year 2022-23 > District 'Statewide' > Compare Results: By Student Group 'Race/Ethnicity', With Other Districts (multi-select all districts) > Export (spreadsheet)",spreadsheet export from the portal,no (one export can hold every district),yes,yes (seen),yes (seen),yes (seen),"Seen in the portal 2026-09-15: SAT Mathematics rows '<year> : Providence : All Schools : All Grades : Black or African American / Hispanic or Latino / White' for 2021-22 through 2024-25, with students tested, % tested, level percentages, Meeting or Exceeding Expectations and average scale score. Race list: American Indian or Alaska Native, Asian, Black or African American, Hispanic or Latino, Native Hawaiian or Other Pacific Islander, Two or More Races, White. Export not run",1-Not Meeting / 2-Partially Meeting / 3-Meeting / 4-Exceeding Expectations,Level 3 + Level 4 ('Meeting or Exceeding Expectations' column),Portal footnotes: '*' minimum reporting size (10 students) not met; '**' greater than 95% did not meet expectations; '***' greater than 95% met or exceeded; flags for % tested below 85% and large year-over-year changes in test takers,SAT School Day Math (portal: 'SAT - Mathematics'),SAT School Day Reading and Writing (portal: 'SAT - English Language Arts/Literacy'),11 (portal grade filter: 11),none found,https://www3.ride.ri.gov/ADP (SAT page note) ; https://ride.ri.gov/instruction-assessment/assessment/assessment-results,yes via portal export (one export per subject-year),PSAT 10 (grade 10) is also in the portal. The portal also offers school-level comparisons.
RI,2023-24,2024,https://www3.ride.ri.gov/ADP,"No pre-built statewide file. Assessment Data Portal > Subject 'SAT - Mathematics' (and 'SAT - English Language Arts/Literacy') > School Year 2023-24 > District 'Statewide' > Compare Results: By Student Group 'Race/Ethnicity', With Other Districts (multi-select all districts) > Export (spreadsheet)",spreadsheet export from the portal,no (one export can hold every district),yes,yes (seen),yes (seen),yes (seen),"Seen in the portal 2026-09-15: SAT Mathematics rows '<year> : Providence : All Schools : All Grades : Black or African American / Hispanic or Latino / White' for 2021-22 through 2024-25, with students tested, % tested, level percentages, Meeting or Exceeding Expectations and average scale score. Race list: American Indian or Alaska Native, Asian, Black or African American, Hispanic or Latino, Native Hawaiian or Other Pacific Islander, Two or More Races, White. Export not run",1-Not Meeting / 2-Partially Meeting / 3-Meeting / 4-Exceeding Expectations,Level 3 + Level 4 ('Meeting or Exceeding Expectations' column),Portal footnotes: '*' minimum reporting size (10 students) not met; '**' greater than 95% did not meet expectations; '***' greater than 95% met or exceeded; flags for % tested below 85% and large year-over-year changes in test takers,SAT School Day Math (portal: 'SAT - Mathematics'),SAT School Day Reading and Writing (portal: 'SAT - English Language Arts/Literacy'),11 (portal grade filter: 11),"2024: SAT and PSAT test design changed (digital SAT); portal note 'Due to changes in the test design of the PSAT and SAT in 2023-24, comparisons to previous scores should be interpreted with caution'",https://www3.ride.ri.gov/ADP (SAT page note) ; https://ride.ri.gov/instruction-assessment/assessment/assessment-results,yes via portal export (one export per subject-year),PSAT 10 (grade 10) is also in the portal. The portal also offers school-level comparisons.
RI,2024-25,2025,https://www3.ride.ri.gov/ADP,"No pre-built statewide file. Assessment Data Portal > Subject 'SAT - Mathematics' (and 'SAT - English Language Arts/Literacy') > School Year 2024-25 > District 'Statewide' > Compare Results: By Student Group 'Race/Ethnicity', With Other Districts (multi-select all districts) > Export (spreadsheet)",spreadsheet export from the portal,no (one export can hold every district),yes,yes (seen),yes (seen),yes (seen),"Seen in the portal 2026-09-15: SAT Mathematics rows '<year> : Providence : All Schools : All Grades : Black or African American / Hispanic or Latino / White' for 2021-22 through 2024-25, with students tested, % tested, level percentages, Meeting or Exceeding Expectations and average scale score. Race list: American Indian or Alaska Native, Asian, Black or African American, Hispanic or Latino, Native Hawaiian or Other Pacific Islander, Two or More Races, White. Export not run",1-Not Meeting / 2-Partially Meeting / 3-Meeting / 4-Exceeding Expectations,Level 3 + Level 4 ('Meeting or Exceeding Expectations' column),Portal footnotes: '*' minimum reporting size (10 students) not met; '**' greater than 95% did not meet expectations; '***' greater than 95% met or exceeded; flags for % tested below 85% and large year-over-year changes in test takers,SAT School Day Math (portal: 'SAT - Mathematics'),SAT School Day Reading and Writing (portal: 'SAT - English Language Arts/Literacy'),11 (portal grade filter: 11),none found (second year of the 2023-24 SAT design),https://www3.ride.ri.gov/ADP (SAT page note) ; https://ride.ri.gov/instruction-assessment/assessment/assessment-results,yes via portal export (one export per subject-year),PSAT 10 (grade 10) is also in the portal. The portal also offers school-level comparisons.
SC,2021-22,2022,https://ed.sc.gov/data/test-scores/state-assessments/end-of-course-examination-program-eocep/,"https://ed.sc.gov/data/test-scores/state-assessments/end-of-course-examination-program-eocep/eocep-data-files/2022-eocep-data-file/ (served as 'EOCEP2021-22-WEBFILE 922.xlsx', 2,079,648 bytes)",XLSX,yes,"expected (web reports give district rows, schoolCode=999)",file unverified; yes in web reports,file unverified; yes in web reports,file unverified; yes in web reports,"District web report 'EOCEP Demographic Scores' (Charleston 1001, 2025: https://ed.sc.gov/data/test-scores/state-assessments/end-of-course-examination-program-eocep/2025//eocep-demographic-scores/?districtCode=1001&schoolCode=999) lists Hispanic or Latino, American Indian or Alaska Native, Asian, Black or African American, Native Hawaiian or Other Pacific Islander, White, Two or more races with Number Tested, % F/D/C/B/A, mean and SD for Algebra, Biology, English 2 and U.S. History. Workbook columns not seen; data file not opened",Letter grades A (90-100) / B (80-89) / C (70-79) / D (60-69) / F (0-59),"A + B + C ('passing rate (A-C)', SCDE 2024 release)","Web reports: 'If the number tested is less than 20, no other statistics appear.' File suppression not seen",EOCEP Algebra 1,EOCEP English 2,course-based (any grade; middle school students taking the course for high school credit included),none found (2025 SC College- and Career-Ready Mathematics Standards assessed from 2025-26),https://ed.sc.gov/instruction/standards/mathematics/standards/ ; https://ed.sc.gov/newsroom/news-releases/scde-releases-2024-end-of-course-and-career-readiness-assessment-results,probable (confirm district x race rows in the workbook; web reports confirm them district by district),Web reports note that summer scores are not yet included. The data file URLs serve the workbook directly (inline). EOCEP scores count 20% of the course grade.
SC,2022-23,2023,https://ed.sc.gov/data/test-scores/state-assessments/end-of-course-examination-program-eocep/,"https://ed.sc.gov/data/test-scores/state-assessments/end-of-course-examination-program-eocep/eocep-data-files/2023-eocep-data-file/ (served as 'EOCEP2022-23-WEBFILE 923.xlsx', 2,107,569 bytes)",XLSX,yes,"expected (web reports give district rows, schoolCode=999)",file unverified; yes in web reports,file unverified; yes in web reports,file unverified; yes in web reports,"District web report 'EOCEP Demographic Scores' (Charleston 1001, 2025: https://ed.sc.gov/data/test-scores/state-assessments/end-of-course-examination-program-eocep/2025//eocep-demographic-scores/?districtCode=1001&schoolCode=999) lists Hispanic or Latino, American Indian or Alaska Native, Asian, Black or African American, Native Hawaiian or Other Pacific Islander, White, Two or more races with Number Tested, % F/D/C/B/A, mean and SD for Algebra, Biology, English 2 and U.S. History. Workbook columns not seen; data file not opened",Letter grades A (90-100) / B (80-89) / C (70-79) / D (60-69) / F (0-59),"A + B + C ('passing rate (A-C)', SCDE 2024 release)","Web reports: 'If the number tested is less than 20, no other statistics appear.' File suppression not seen",EOCEP Algebra 1,EOCEP English 2,course-based (any grade; middle school students taking the course for high school credit included),none found (2025 SC College- and Career-Ready Mathematics Standards assessed from 2025-26),https://ed.sc.gov/instruction/standards/mathematics/standards/ ; https://ed.sc.gov/newsroom/news-releases/scde-releases-2024-end-of-course-and-career-readiness-assessment-results,probable (confirm district x race rows in the workbook; web reports confirm them district by district),Web reports note that summer scores are not yet included. The data file URLs serve the workbook directly (inline). EOCEP scores count 20% of the course grade.
SC,2023-24,2024,https://ed.sc.gov/data/test-scores/state-assessments/end-of-course-examination-program-eocep/,"https://ed.sc.gov/data/test-scores/state-assessments/end-of-course-examination-program-eocep/eocep-data-files/2024-eocep-data-file/ (served as 'EOCEP2023-24-WEBFILE 824 (1).xlsx', 2,027,410 bytes)",XLSX,yes,"expected (web reports give district rows, schoolCode=999)",file unverified; yes in web reports,file unverified; yes in web reports,file unverified; yes in web reports,"District web report 'EOCEP Demographic Scores' (Charleston 1001, 2025: https://ed.sc.gov/data/test-scores/state-assessments/end-of-course-examination-program-eocep/2025//eocep-demographic-scores/?districtCode=1001&schoolCode=999) lists Hispanic or Latino, American Indian or Alaska Native, Asian, Black or African American, Native Hawaiian or Other Pacific Islander, White, Two or more races with Number Tested, % F/D/C/B/A, mean and SD for Algebra, Biology, English 2 and U.S. History. Workbook columns not seen; data file not opened",Letter grades A (90-100) / B (80-89) / C (70-79) / D (60-69) / F (0-59),"A + B + C ('passing rate (A-C)', SCDE 2024 release)","Web reports: 'If the number tested is less than 20, no other statistics appear.' File suppression not seen",EOCEP Algebra 1,EOCEP English 2,course-based (any grade; middle school students taking the course for high school credit included),none found (2025 SC College- and Career-Ready Mathematics Standards assessed from 2025-26),https://ed.sc.gov/instruction/standards/mathematics/standards/ ; https://ed.sc.gov/newsroom/news-releases/scde-releases-2024-end-of-course-and-career-readiness-assessment-results,probable (confirm district x race rows in the workbook; web reports confirm them district by district),Web reports note that summer scores are not yet included. The data file URLs serve the workbook directly (inline). EOCEP scores count 20% of the course grade.
SC,2024-25,2025,https://ed.sc.gov/data/test-scores/state-assessments/end-of-course-examination-program-eocep/,"https://ed.sc.gov/data/test-scores/state-assessments/end-of-course-examination-program-eocep/eocep-data-files/2025-eocep-data-file/ (served as 'EOCEP2024-25-WEBFILE 820.xlsx', 2,028,714 bytes)",XLSX,yes,"expected (web reports give district rows, schoolCode=999)",file unverified; yes in web reports,file unverified; yes in web reports,file unverified; yes in web reports,"District web report 'EOCEP Demographic Scores' (Charleston 1001, 2025: https://ed.sc.gov/data/test-scores/state-assessments/end-of-course-examination-program-eocep/2025//eocep-demographic-scores/?districtCode=1001&schoolCode=999) lists Hispanic or Latino, American Indian or Alaska Native, Asian, Black or African American, Native Hawaiian or Other Pacific Islander, White, Two or more races with Number Tested, % F/D/C/B/A, mean and SD for Algebra, Biology, English 2 and U.S. History. Workbook columns not seen; data file not opened",Letter grades A (90-100) / B (80-89) / C (70-79) / D (60-69) / F (0-59),"A + B + C ('passing rate (A-C)', SCDE 2024 release)","Web reports: 'If the number tested is less than 20, no other statistics appear.' File suppression not seen",EOCEP Algebra 1,EOCEP English 2,course-based (any grade; middle school students taking the course for high school credit included),none found (2025 SC College- and Career-Ready Mathematics Standards assessed from 2025-26),https://ed.sc.gov/instruction/standards/mathematics/standards/ ; https://ed.sc.gov/newsroom/news-releases/scde-releases-2024-end-of-course-and-career-readiness-assessment-results,probable (confirm district x race rows in the workbook; web reports confirm them district by district),Web reports note that summer scores are not yet included. The data file URLs serve the workbook directly (inline). EOCEP scores count 20% of the course grade. This URL was fetched once by mistake (the fetch tool saved a copy to the session tool-results folder); the copy was not opened or used.
SD,2021-22,2022,"https://sdschools.sd.gov/ (Data Download, top menu)","https://sdschoolreportcard.sd.gov/MicroStrategy/servlet/mstrWeb?evt=2048001&src=mstrWeb.2048001&documentID=919F9ED9428AF91F8B9613869168454C&currentViewMedia=1&visMode=0&Server=ESPR10445&Project=SD_ARC_PUBLIC_2122&Port=0&ru=1&share=1&ConnMode=8&hiddenSections=header,footer,path,dockTop,dockLeft,dockBottom&valuePromptAnswers=99999%5E2021 (URL template and project names from https://sdschools.sd.gov/assets/config/config.json). Steps: open the DATA DOWNLOAD document; in the unlabeled report selector choose 'State Assessment Results: All Students' (or 'Full Academic Year Students'); set ACADEMIC YEAR to 2021-22, GRADE LEVELS to 11 or All, SUBGROUP to (All); EXPORT. Seen: the 2021-22 project opens, its ACADEMIC YEAR filter lists 2019-2020, 2020-2021, 2021-2022, and its SUBGROUP filter lists Black/African American, Hispanic/Latino, White/Caucasian.",Export from a MicroStrategy dashboard (EXPORT button); export format not checked (not clicked),"yes (one statewide table, all districts and schools)",yes (district rows carry School = 'All Schools'; state rows 'All Districts'),yes (SUBGROUP filter: Black/African American),yes (SUBGROUP filter: Hispanic/Latino),yes (SUBGROUP filter: White/Caucasian),"Seen on the rendered dashboard (filters and column headers only; nothing exported). Test Taken splits Regular Assessment / Alternate Assessment / Regular and Alternate; subjects ELA, Mathematics, Science.",Level 1 / Level 2 / Level 3 / Level 4; columns '<subgroup> - Level k - Number of Students / Percentage' and '<subgroup> - Level 3 or Level 4 - Percentage',Level 3 + Level 4,"'*' = 'Data are not shown in order to prevent student identification OR when data are not available' (dashboard footnote); N-size under 10 suppressed for All Students and each subgroup (ARSD 24:55:07:05); rates under 7% (and the inverse) suppressed with other elements on the same indicator (2024-25 Accountability Technical Manual, https://doe.sd.gov/reportcard/documents/25-Accountability-TM.pdf); some count cells shown blank beside a percentage in the dashboard",SD-MATH (Smarter Balanced Mathematics),SD-ELA (Smarter Balanced English Language Arts),"11 (grades 3-8 and 11; the GRADE LEVELS filter also lists 12, for grade 12 students who did not test in grade 11, which the manual counts in proficiency rates)",none found (Smarter Balanced grade 11 through 2024-25; ACT from 2025-26 is outside the window),"https://doe.sd.gov/Assessment/documents/OverYears.pdf (Smarter Balanced every year 2020-21 to 2023-24, 'same test as the one administered in 2018-19'); https://doe.sd.gov/assessment/ACT-assessments.aspx (ACT replaces it for grade 11 in spring 2026)",probable (export one year to confirm format and that race x district rows survive suppression),No static file: DOE's static district Excel files (doe.sd.gov/reportcard/) stop at 2017-18. The DATA DOWNLOAD session is per project; opening two projects at once gave an 'Error page'. Choose Regular and Alternate or Regular Assessment to match the EDFacts definition.
SD,2022-23,2023,"https://sdschools.sd.gov/ (Data Download, top menu)","https://sdschoolreportcard.sd.gov/MicroStrategy/servlet/mstrWeb?evt=2048001&src=mstrWeb.2048001&documentID=919F9ED9428AF91F8B9613869168454C&currentViewMedia=1&visMode=0&Server=ESPR10445&Project=SD_ARC_PUBLIC_2425&Port=0&ru=1&share=1&ConnMode=8&hiddenSections=header,footer,path,dockTop,dockLeft,dockBottom&valuePromptAnswers=99999%5E2024 (URL template and project names from https://sdschools.sd.gov/assets/config/config.json). Steps: open the DATA DOWNLOAD document; in the unlabeled report selector choose 'State Assessment Results: All Students' (or 'Full Academic Year Students'); set ACADEMIC YEAR to 2022-23, GRADE LEVELS to 11 or All, SUBGROUP to (All); EXPORT. 2022-23 is also on the 2024-25 project's ACADEMIC YEAR filter (2022-2023, 2023-2024, 2024-2025); project SD_ARC_PUBLIC_2223 exists in the config, not opened.",Export from a MicroStrategy dashboard (EXPORT button); export format not checked (not clicked),"yes (one statewide table, all districts and schools)",yes (district rows carry School = 'All Schools'; state rows 'All Districts'),yes (SUBGROUP filter: Black/African American),yes (SUBGROUP filter: Hispanic/Latino),yes (SUBGROUP filter: White/Caucasian),"Seen on the rendered dashboard (filters and column headers only; nothing exported). Test Taken splits Regular Assessment / Alternate Assessment / Regular and Alternate; subjects ELA, Mathematics, Science.",Level 1 / Level 2 / Level 3 / Level 4; columns '<subgroup> - Level k - Number of Students / Percentage' and '<subgroup> - Level 3 or Level 4 - Percentage',Level 3 + Level 4,"'*' = 'Data are not shown in order to prevent student identification OR when data are not available' (dashboard footnote); N-size under 10 suppressed for All Students and each subgroup (ARSD 24:55:07:05); rates under 7% (and the inverse) suppressed with other elements on the same indicator (2024-25 Accountability Technical Manual, https://doe.sd.gov/reportcard/documents/25-Accountability-TM.pdf); some count cells shown blank beside a percentage in the dashboard",SD-MATH (Smarter Balanced Mathematics),SD-ELA (Smarter Balanced English Language Arts),"11 (grades 3-8 and 11; the GRADE LEVELS filter also lists 12, for grade 12 students who did not test in grade 11, which the manual counts in proficiency rates)",none found (Smarter Balanced grade 11 through 2024-25; ACT from 2025-26 is outside the window),"https://doe.sd.gov/Assessment/documents/OverYears.pdf (Smarter Balanced every year 2020-21 to 2023-24, 'same test as the one administered in 2018-19'); https://doe.sd.gov/assessment/ACT-assessments.aspx (ACT replaces it for grade 11 in spring 2026)",probable (export one year to confirm format and that race x district rows survive suppression),No static file: DOE's static district Excel files (doe.sd.gov/reportcard/) stop at 2017-18. The DATA DOWNLOAD session is per project; opening two projects at once gave an 'Error page'. Choose Regular and Alternate or Regular Assessment to match the EDFacts definition.
SD,2023-24,2024,"https://sdschools.sd.gov/ (Data Download, top menu)","https://sdschoolreportcard.sd.gov/MicroStrategy/servlet/mstrWeb?evt=2048001&src=mstrWeb.2048001&documentID=919F9ED9428AF91F8B9613869168454C&currentViewMedia=1&visMode=0&Server=ESPR10445&Project=SD_ARC_PUBLIC_2425&Port=0&ru=1&share=1&ConnMode=8&hiddenSections=header,footer,path,dockTop,dockLeft,dockBottom&valuePromptAnswers=99999%5E2024 (URL template and project names from https://sdschools.sd.gov/assets/config/config.json). Steps: open the DATA DOWNLOAD document; in the unlabeled report selector choose 'State Assessment Results: All Students' (or 'Full Academic Year Students'); set ACADEMIC YEAR to 2023-24, GRADE LEVELS to 11 or All, SUBGROUP to (All); EXPORT. Same document as 2024-25 (ACADEMIC YEAR filter lists 2023-2024); project SD_ARC_PUBLIC_2324 exists in the config, not opened.",Export from a MicroStrategy dashboard (EXPORT button); export format not checked (not clicked),"yes (one statewide table, all districts and schools)",yes (district rows carry School = 'All Schools'; state rows 'All Districts'),yes (SUBGROUP filter: Black/African American),yes (SUBGROUP filter: Hispanic/Latino),yes (SUBGROUP filter: White/Caucasian),"Seen on the rendered dashboard (filters and column headers only; nothing exported). Test Taken splits Regular Assessment / Alternate Assessment / Regular and Alternate; subjects ELA, Mathematics, Science.",Level 1 / Level 2 / Level 3 / Level 4; columns '<subgroup> - Level k - Number of Students / Percentage' and '<subgroup> - Level 3 or Level 4 - Percentage',Level 3 + Level 4,"'*' = 'Data are not shown in order to prevent student identification OR when data are not available' (dashboard footnote); N-size under 10 suppressed for All Students and each subgroup (ARSD 24:55:07:05); rates under 7% (and the inverse) suppressed with other elements on the same indicator (2024-25 Accountability Technical Manual, https://doe.sd.gov/reportcard/documents/25-Accountability-TM.pdf); some count cells shown blank beside a percentage in the dashboard",SD-MATH (Smarter Balanced Mathematics),SD-ELA (Smarter Balanced English Language Arts),"11 (grades 3-8 and 11; the GRADE LEVELS filter also lists 12, for grade 12 students who did not test in grade 11, which the manual counts in proficiency rates)",none found (Smarter Balanced grade 11 through 2024-25; ACT from 2025-26 is outside the window),"https://doe.sd.gov/Assessment/documents/OverYears.pdf (Smarter Balanced every year 2020-21 to 2023-24, 'same test as the one administered in 2018-19'); https://doe.sd.gov/assessment/ACT-assessments.aspx (ACT replaces it for grade 11 in spring 2026)",probable (export one year to confirm format and that race x district rows survive suppression),No static file: DOE's static district Excel files (doe.sd.gov/reportcard/) stop at 2017-18. The DATA DOWNLOAD session is per project; opening two projects at once gave an 'Error page'. Choose Regular and Alternate or Regular Assessment to match the EDFacts definition.
SD,2024-25,2025,"https://sdschools.sd.gov/ (Data Download, top menu)","https://sdschoolreportcard.sd.gov/MicroStrategy/servlet/mstrWeb?evt=2048001&src=mstrWeb.2048001&documentID=919F9ED9428AF91F8B9613869168454C&currentViewMedia=1&visMode=0&Server=ESPR10445&Project=SD_ARC_PUBLIC_2425&Port=0&ru=1&share=1&ConnMode=8&hiddenSections=header,footer,path,dockTop,dockLeft,dockBottom&valuePromptAnswers=99999%5E2024 (URL template and project names from https://sdschools.sd.gov/assets/config/config.json). Steps: open the DATA DOWNLOAD document; in the unlabeled report selector choose 'State Assessment Results: All Students' (or 'Full Academic Year Students'); set ACADEMIC YEAR to 2024-25, GRADE LEVELS to 11 or All, SUBGROUP to (All); EXPORT. Seen: 2024-25 project; report list, grade and subgroup filters and column headers read.",Export from a MicroStrategy dashboard (EXPORT button); export format not checked (not clicked),"yes (one statewide table, all districts and schools)",yes (district rows carry School = 'All Schools'; state rows 'All Districts'),yes (SUBGROUP filter: Black/African American),yes (SUBGROUP filter: Hispanic/Latino),yes (SUBGROUP filter: White/Caucasian),"Seen on the rendered dashboard (filters and column headers only; nothing exported). Test Taken splits Regular Assessment / Alternate Assessment / Regular and Alternate; subjects ELA, Mathematics, Science.",Level 1 / Level 2 / Level 3 / Level 4; columns '<subgroup> - Level k - Number of Students / Percentage' and '<subgroup> - Level 3 or Level 4 - Percentage',Level 3 + Level 4,"'*' = 'Data are not shown in order to prevent student identification OR when data are not available' (dashboard footnote); N-size under 10 suppressed for All Students and each subgroup (ARSD 24:55:07:05); rates under 7% (and the inverse) suppressed with other elements on the same indicator (2024-25 Accountability Technical Manual, https://doe.sd.gov/reportcard/documents/25-Accountability-TM.pdf); some count cells shown blank beside a percentage in the dashboard",SD-MATH (Smarter Balanced Mathematics),SD-ELA (Smarter Balanced English Language Arts),"11 (grades 3-8 and 11; the GRADE LEVELS filter also lists 12, for grade 12 students who did not test in grade 11, which the manual counts in proficiency rates)",none found (Smarter Balanced grade 11 through 2024-25; ACT from 2025-26 is outside the window),"https://doe.sd.gov/Assessment/documents/OverYears.pdf (Smarter Balanced every year 2020-21 to 2023-24, 'same test as the one administered in 2018-19'); https://doe.sd.gov/assessment/ACT-assessments.aspx (ACT replaces it for grade 11 in spring 2026)",probable (export one year to confirm format and that race x district rows survive suppression),No static file: DOE's static district Excel files (doe.sd.gov/reportcard/) stop at 2017-18. The DATA DOWNLOAD session is per project; opening two projects at once gave an 'Error page'. Choose Regular and Alternate or Regular Assessment to match the EDFacts definition.
TN,2021-22,2022,https://www.tn.gov/education/districts/federal-programs-and-oversight/data/data-downloads.html,"https://www.tn.gov/content/dam/tn/education/accountability/2022/district_assessment_file_suppressed_upd32323.xlsx (14,822,154 bytes; updated 2023-03-23)",XLSX,yes,yes (district assessment file; state and school files also posted),expected,expected,expected,"Page: files give 'participation rates, number of students tested, and proficiency-level percentages broken down by grade and student group'. District files are 12.6-15.7 MB (HEAD). Group labels not seen; file not opened",TCAP levels Below / Approaching / On Track / Mastered,On Track + Mastered,Page: '*' where fewer than 10 students; '**' where any proficiency level is below 1% or above 99% at state and district level (below 5% or above 95% at school level),"TCAP EOC Algebra I (also Geometry, Algebra II, Integrated Math I-III)",TCAP EOC English I and English II,course-based (any grade),none found,https://www.tn.gov/content/dam/tn/education/press-releases/TCAP%20State%20Assessment%20Results%20Summer2024.pdf ; https://www.tn.gov/education/news/2024/6/24/tdoe-releases-2023-24-state---district-----school-level-tcap-results.html ; https://tdepublicschools.ondemand.sas.com/district/00901/assessment,probable (confirm race group rows and EOC subject labels in one file),"Page links the 2020-21 Assessment File Interpretation Guide. From 2022, residential facility records count as enrolled but not tested for participation."
TN,2022-23,2023,https://www.tn.gov/education/districts/federal-programs-and-oversight/data/data-downloads.html,"https://www.tn.gov/content/dam/tn/education/accountability/2023/district_assessment_file_suppressed_2023.xlsx (15,680,650 bytes)",XLSX,yes,yes (district assessment file; state and school files also posted),expected,expected,expected,"Page: files give 'participation rates, number of students tested, and proficiency-level percentages broken down by grade and student group'. District files are 12.6-15.7 MB (HEAD). Group labels not seen; file not opened",TCAP levels Below / Approaching / On Track / Mastered,On Track + Mastered,Page: '*' where fewer than 10 students; '**' where any proficiency level is below 1% or above 99% at state and district level (below 5% or above 95% at school level),"TCAP EOC Algebra I (also Geometry, Algebra II, Integrated Math I-III)",TCAP EOC English I and English II,course-based (any grade),none found,https://www.tn.gov/content/dam/tn/education/press-releases/TCAP%20State%20Assessment%20Results%20Summer2024.pdf ; https://www.tn.gov/education/news/2024/6/24/tdoe-releases-2023-24-state---district-----school-level-tcap-results.html ; https://tdepublicschools.ondemand.sas.com/district/00901/assessment,probable (confirm race group rows and EOC subject labels in one file),"Page links the 2020-21 Assessment File Interpretation Guide. From 2022, residential facility records count as enrolled but not tested for participation."
TN,2023-24,2024,https://www.tn.gov/education/districts/federal-programs-and-oversight/data/data-downloads.html,"https://www.tn.gov/content/dam/tn/education/accountability/2024/district_assessment_file_suppressed_2024.xlsx (15,713,787 bytes; updated 2024-10-14 to add math EOC)",XLSX,yes,yes (district assessment file; state and school files also posted),expected,expected,expected,"Page: files give 'participation rates, number of students tested, and proficiency-level percentages broken down by grade and student group'. District files are 12.6-15.7 MB (HEAD). Group labels not seen; file not opened",TCAP levels Below / Approaching / On Track / Mastered,On Track + Mastered,Page: '*' where fewer than 10 students; '**' where any proficiency level is below 1% or above 99% at state and district level (below 5% or above 95% at school level),"TCAP EOC Algebra I (also Geometry, Algebra II, Integrated Math I-III)",TCAP EOC English I and English II,course-based (any grade),"2024: math EOC results withheld in June 2024 'pending the standards setting process' after substantive revisions of the high school math standards; standard setting July 16-19, 2024; math EOC added to the files 2024-10-14. TN report card: '2024 Math EOC ... results may differ from prior years due to standard setting'. English EOC: none found",https://www.tn.gov/content/dam/tn/education/press-releases/TCAP%20State%20Assessment%20Results%20Summer2024.pdf ; https://www.tn.gov/education/news/2024/6/24/tdoe-releases-2023-24-state---district-----school-level-tcap-results.html ; https://tdepublicschools.ondemand.sas.com/district/00901/assessment,probable (confirm race group rows and EOC subject labels in one file),"Page links the 2020-21 Assessment File Interpretation Guide. From 2022, residential facility records count as enrolled but not tested for participation."
TN,2024-25,2025,https://www.tn.gov/education/districts/federal-programs-and-oversight/data/data-downloads.html,"https://www.tn.gov/content/dam/tn/education/accountability/2025/district_assessment_file_suppressed_2025.xlsx (12,569,933 bytes)",XLSX,yes,yes (district assessment file; state and school files also posted),expected,expected,expected,"Page: files give 'participation rates, number of students tested, and proficiency-level percentages broken down by grade and student group'. District files are 12.6-15.7 MB (HEAD). Group labels not seen; file not opened",TCAP levels Below / Approaching / On Track / Mastered,On Track + Mastered,Page: '*' where fewer than 10 students; '**' where any proficiency level is below 1% or above 99% at state and district level (below 5% or above 95% at school level),"TCAP EOC Algebra I (also Geometry, Algebra II, Integrated Math I-III)",TCAP EOC English I and English II,course-based (any grade),none found,https://www.tn.gov/content/dam/tn/education/press-releases/TCAP%20State%20Assessment%20Results%20Summer2024.pdf ; https://www.tn.gov/education/news/2024/6/24/tdoe-releases-2023-24-state---district-----school-level-tcap-results.html ; https://tdepublicschools.ondemand.sas.com/district/00901/assessment,probable (confirm race group rows and EOC subject labels in one file),"Page links the 2020-21 Assessment File Interpretation Guide. From 2022, residential facility records count as enrolled but not tested for participation."
TX,2021-22,2022,https://rptsvr1.tea.texas.gov/perfreport/tapr/2022/download.html,"TAPR 2021-22 download page > 'Advanced TAPR Data (Numerators, Denominators & Rates)' (comma-delimited) or 'TAPR Data in Excel (Rates Only)' > all Districts > STAAR EOC table (district dictionary dstaar_eoc, e.g. https://rptsvr1.tea.texas.gov/perfreport/tapr/2022/xplore/dstaar_eoc.html)",CSV (comma-delimited); Excel or tab-delimited in the rates-only option,yes (all-districts download),yes,yes (data dictionary),yes (data dictionary),yes (data dictionary),"2022 TAPR data dictionary dstaar_eoc: district EOC rates for All Students, African American, American Indian, Asian, Hispanic, Pacific Islander, White, Two or More Races and program groups, by subject (Algebra I, Biology, English I, English II, U.S. History) and level; e.g. DDB00AA11222R = 'Meets Grade Level, African American, EOC Algebra I Rate'. Download not run","STAAR Did Not Meet / Approaches / Meets / Masters Grade Level; TAPR reports Approaches Grade Level or Above, Meets Grade Level or Above, Masters Grade Level",no single level: Approaches or above = passing standard; Meets or above = grade-level standard,TAPR masking: denominator 1-4 shown '*' on reports and stored as -1 in downloads; denominator 0 shown '-' and stored as a bullet (https://rptsvr1.tea.texas.gov/perfreport/tapr/2025/masking.html),STAAR Algebra I EOC,STAAR English I and English II EOC,course-based (any grade; TAPR STAAR rates use the accountability subset),none found,https://tea.texas.gov/student-assessment/assessment-initiatives/staar-redesign ; https://tea.texas.gov/about-tea/news-and-multimedia/news-releases/news-2023/tea-releases-results-for-2023-staar-3-8-assessments,yes (district x race EOC rates in the TAPR download),The STAAR Aggregate Data page (tea.texas.gov) returns Access Denied; TEA points to the Texas Assessment Research Portal as an alternative. The xplore dictionary returns 404 for 2024 and 2025; layout assumed unchanged.
TX,2022-23,2023,https://rptsvr1.tea.texas.gov/perfreport/tapr/2023/download.html,"TAPR 2022-23 download page > 'Advanced TAPR Data (Numerators, Denominators & Rates)' (comma-delimited) or 'TAPR Data in Excel (Rates Only)' > all Districts > STAAR EOC table (district dictionary dstaar_eoc, e.g. https://rptsvr1.tea.texas.gov/perfreport/tapr/2023/xplore/dstaar_eoc.html)",CSV (comma-delimited); Excel or tab-delimited in the rates-only option,yes (all-districts download),yes,yes (data dictionary),yes (data dictionary),yes (data dictionary),"2022 TAPR data dictionary dstaar_eoc: district EOC rates for All Students, African American, American Indian, Asian, Hispanic, Pacific Islander, White, Two or More Races and program groups, by subject (Algebra I, Biology, English I, English II, U.S. History) and level; e.g. DDB00AA11222R = 'Meets Grade Level, African American, EOC Algebra I Rate'. Download not run","STAAR Did Not Meet / Approaches / Meets / Masters Grade Level; TAPR reports Approaches Grade Level or Above, Meets Grade Level or Above, Masters Grade Level",no single level: Approaches or above = passing standard; Meets or above = grade-level standard,TAPR masking: denominator 1-4 shown '*' on reports and stored as -1 in downloads; denominator 0 shown '-' and stored as a bullet (https://rptsvr1.tea.texas.gov/perfreport/tapr/2025/masking.html),STAAR Algebra I EOC,STAAR English I and English II EOC,course-based (any grade; TAPR STAAR rates use the accountability subset),"2023: STAAR redesign - online, new non-multiple-choice items (75% cap on multiple choice), English I and II assess reading and writing with an extended constructed response; TEA: 'The redesign required standards and scales to be reset' (stated in the 2023 grades 3-8 release; EOC comparability not checked)",https://tea.texas.gov/student-assessment/assessment-initiatives/staar-redesign ; https://tea.texas.gov/about-tea/news-and-multimedia/news-releases/news-2023/tea-releases-results-for-2023-staar-3-8-assessments,yes (district x race EOC rates in the TAPR download),The STAAR Aggregate Data page (tea.texas.gov) returns Access Denied; TEA points to the Texas Assessment Research Portal as an alternative. The xplore dictionary returns 404 for 2024 and 2025; layout assumed unchanged.
TX,2023-24,2024,https://rptsvr1.tea.texas.gov/perfreport/tapr/2024/download.html,"TAPR 2023-24 download page > 'Advanced TAPR Data (Numerators, Denominators & Rates)' (comma-delimited) or 'TAPR Data in Excel (Rates Only)' > all Districts > STAAR EOC table (district dictionary dstaar_eoc, e.g. https://rptsvr1.tea.texas.gov/perfreport/tapr/2022/xplore/dstaar_eoc.html)",CSV (comma-delimited); Excel or tab-delimited in the rates-only option,yes (all-districts download),yes,yes (data dictionary),yes (data dictionary),yes (data dictionary),"2022 TAPR data dictionary dstaar_eoc: district EOC rates for All Students, African American, American Indian, Asian, Hispanic, Pacific Islander, White, Two or More Races and program groups, by subject (Algebra I, Biology, English I, English II, U.S. History) and level; e.g. DDB00AA11222R = 'Meets Grade Level, African American, EOC Algebra I Rate'. Download not run","STAAR Did Not Meet / Approaches / Meets / Masters Grade Level; TAPR reports Approaches Grade Level or Above, Meets Grade Level or Above, Masters Grade Level",no single level: Approaches or above = passing standard; Meets or above = grade-level standard,TAPR masking: denominator 1-4 shown '*' on reports and stored as -1 in downloads; denominator 0 shown '-' and stored as a bullet (https://rptsvr1.tea.texas.gov/perfreport/tapr/2025/masking.html),STAAR Algebra I EOC,STAAR English I and English II EOC,course-based (any grade; TAPR STAAR rates use the accountability subset),none found,https://tea.texas.gov/student-assessment/assessment-initiatives/staar-redesign ; https://tea.texas.gov/about-tea/news-and-multimedia/news-releases/news-2023/tea-releases-results-for-2023-staar-3-8-assessments,yes (district x race EOC rates in the TAPR download),The STAAR Aggregate Data page (tea.texas.gov) returns Access Denied; TEA points to the Texas Assessment Research Portal as an alternative. The xplore dictionary returns 404 for 2024 and 2025; layout assumed unchanged.
TX,2024-25,2025,https://rptsvr1.tea.texas.gov/perfreport/tapr/tapr_dd_download.html?year=2025,TAPR Data Download > School Year 2024-25 > Download All: type 'Districts' (dictionary as for 2022: https://rptsvr1.tea.texas.gov/perfreport/tapr/2022/xplore/dstaar_eoc.html),CSV (comma-delimited); Excel or tab-delimited in the rates-only option,yes (all-districts download),yes,yes (data dictionary),yes (data dictionary),yes (data dictionary),"2022 TAPR data dictionary dstaar_eoc: district EOC rates for All Students, African American, American Indian, Asian, Hispanic, Pacific Islander, White, Two or More Races and program groups, by subject (Algebra I, Biology, English I, English II, U.S. History) and level; e.g. DDB00AA11222R = 'Meets Grade Level, African American, EOC Algebra I Rate'. Download not run","STAAR Did Not Meet / Approaches / Meets / Masters Grade Level; TAPR reports Approaches Grade Level or Above, Meets Grade Level or Above, Masters Grade Level",no single level: Approaches or above = passing standard; Meets or above = grade-level standard,TAPR masking: denominator 1-4 shown '*' on reports and stored as -1 in downloads; denominator 0 shown '-' and stored as a bullet (https://rptsvr1.tea.texas.gov/perfreport/tapr/2025/masking.html),STAAR Algebra I EOC,STAAR English I and English II EOC,course-based (any grade; TAPR STAAR rates use the accountability subset),none found,https://tea.texas.gov/student-assessment/assessment-initiatives/staar-redesign ; https://tea.texas.gov/about-tea/news-and-multimedia/news-releases/news-2023/tea-releases-results-for-2023-staar-3-8-assessments,yes (district x race EOC rates in the TAPR download),The STAAR Aggregate Data page (tea.texas.gov) returns Access Denied; TEA points to the Texas Assessment Research Portal as an alternative. The xplore dictionary returns 404 for 2024 and 2025; layout assumed unchanged.
UT,2021-22,2022,https://schools.utah.gov/datastatistics/reports,"https://schools.utah.gov/datastatistics/_datastatisticsfiles_/_reports_/_assessments_/RISEAspireDemographics2022.xlsx (1,455,416 bytes) ; rates without demographics: https://schools.utah.gov/datastatistics/_datastatisticsfiles_/_reports_/_assessments_/RISEAspireProficiencyRates2022.xlsx",XLSX,yes,unverified,unverified,unverified,unverified,"Reports page heading 'Proficiency Rates by Demographics' (RISE/Utah Aspire Plus). Files are 1.38-1.46 MB against 0.85-0.92 MB for the 'Proficiency Rates' files (HEAD). Utah's accountability race groups include Black or African American, Hispanic or Latino and White (ESSA plan). Level (state/LEA/school) and columns not seen; files not opened; the Data Gateway could not be read with the browser tool",Below Proficient / Approaching Proficient / Proficient / Highly Proficient,Proficient + Highly Proficient,"USBE Data Gateway recodes groups of 10 or fewer as 'N<10' (search excerpt, not seen on a USBE page); file suppression not seen",Utah Aspire Plus Mathematics,"Utah Aspire Plus ELA (Reading, English)",9 and 10,none found (Utah Aspire Plus technical reports posted for 2023-24 and 2024-25),https://schools.utah.gov/assessment/assessments/utahaspireplus.php ('end-of-grade-level high school assessment for students in 9 and 10') ; https://schools.utah.gov/assessment/_assessment_/_resources_/_technical_reports_/24_UAPlus_TechnicalReport.pdf,probable (confirm LEA rows and race groups in the demographics file),RISE is grades 3-8. All files last modified 2026-09-09 (reposted). A 'Proficiency Levels' file per year is also listed.
UT,2022-23,2023,https://schools.utah.gov/datastatistics/reports,"https://schools.utah.gov/datastatistics/_datastatisticsfiles_/_reports_/_assessments_/RISEAspireDemographics2023.xlsx (1,384,868 bytes) ; rates without demographics: https://schools.utah.gov/datastatistics/_datastatisticsfiles_/_reports_/_assessments_/RISEAspireProficiencyRates2023.xlsx",XLSX,yes,unverified,unverified,unverified,unverified,"Reports page heading 'Proficiency Rates by Demographics' (RISE/Utah Aspire Plus). Files are 1.38-1.46 MB against 0.85-0.92 MB for the 'Proficiency Rates' files (HEAD). Utah's accountability race groups include Black or African American, Hispanic or Latino and White (ESSA plan). Level (state/LEA/school) and columns not seen; files not opened; the Data Gateway could not be read with the browser tool",Below Proficient / Approaching Proficient / Proficient / Highly Proficient,Proficient + Highly Proficient,"USBE Data Gateway recodes groups of 10 or fewer as 'N<10' (search excerpt, not seen on a USBE page); file suppression not seen",Utah Aspire Plus Mathematics,"Utah Aspire Plus ELA (Reading, English)",9 and 10,none found (Utah Aspire Plus technical reports posted for 2023-24 and 2024-25),https://schools.utah.gov/assessment/assessments/utahaspireplus.php ('end-of-grade-level high school assessment for students in 9 and 10') ; https://schools.utah.gov/assessment/_assessment_/_resources_/_technical_reports_/24_UAPlus_TechnicalReport.pdf,probable (confirm LEA rows and race groups in the demographics file),RISE is grades 3-8. All files last modified 2026-09-09 (reposted). A 'Proficiency Levels' file per year is also listed.
UT,2023-24,2024,https://schools.utah.gov/datastatistics/reports,"https://schools.utah.gov/datastatistics/_datastatisticsfiles_/_reports_/_assessments_/RISEAspireDemographics2024.xlsx (1,386,594 bytes) ; rates without demographics: https://schools.utah.gov/datastatistics/_datastatisticsfiles_/_reports_/_assessments_/RISEAspireProficiencyRates2024.xlsx",XLSX,yes,unverified,unverified,unverified,unverified,"Reports page heading 'Proficiency Rates by Demographics' (RISE/Utah Aspire Plus). Files are 1.38-1.46 MB against 0.85-0.92 MB for the 'Proficiency Rates' files (HEAD). Utah's accountability race groups include Black or African American, Hispanic or Latino and White (ESSA plan). Level (state/LEA/school) and columns not seen; files not opened; the Data Gateway could not be read with the browser tool",Below Proficient / Approaching Proficient / Proficient / Highly Proficient,Proficient + Highly Proficient,"USBE Data Gateway recodes groups of 10 or fewer as 'N<10' (search excerpt, not seen on a USBE page); file suppression not seen",Utah Aspire Plus Mathematics,"Utah Aspire Plus ELA (Reading, English)",9 and 10,none found (Utah Aspire Plus technical reports posted for 2023-24 and 2024-25),https://schools.utah.gov/assessment/assessments/utahaspireplus.php ('end-of-grade-level high school assessment for students in 9 and 10') ; https://schools.utah.gov/assessment/_assessment_/_resources_/_technical_reports_/24_UAPlus_TechnicalReport.pdf,probable (confirm LEA rows and race groups in the demographics file),RISE is grades 3-8. All files last modified 2026-09-09 (reposted). A 'Proficiency Levels' file per year is also listed.
UT,2024-25,2025,https://schools.utah.gov/datastatistics/reports,"https://schools.utah.gov/datastatistics/_datastatisticsfiles_/_reports_/_assessments_/RISEAspireDemographics2025.xlsx (1,394,799 bytes) ; rates without demographics: https://schools.utah.gov/datastatistics/_datastatisticsfiles_/_reports_/_assessments_/RISEAspireProficiencyRates2025.xlsx",XLSX,yes,unverified,unverified,unverified,unverified,"Reports page heading 'Proficiency Rates by Demographics' (RISE/Utah Aspire Plus). Files are 1.38-1.46 MB against 0.85-0.92 MB for the 'Proficiency Rates' files (HEAD). Utah's accountability race groups include Black or African American, Hispanic or Latino and White (ESSA plan). Level (state/LEA/school) and columns not seen; files not opened; the Data Gateway could not be read with the browser tool",Below Proficient / Approaching Proficient / Proficient / Highly Proficient,Proficient + Highly Proficient,"USBE Data Gateway recodes groups of 10 or fewer as 'N<10' (search excerpt, not seen on a USBE page); file suppression not seen",Utah Aspire Plus Mathematics,"Utah Aspire Plus ELA (Reading, English)",9 and 10,none found (Utah Aspire Plus technical reports posted for 2023-24 and 2024-25),https://schools.utah.gov/assessment/assessments/utahaspireplus.php ('end-of-grade-level high school assessment for students in 9 and 10') ; https://schools.utah.gov/assessment/_assessment_/_resources_/_technical_reports_/24_UAPlus_TechnicalReport.pdf,probable (confirm LEA rows and race groups in the demographics file),RISE is grades 3-8. All files last modified 2026-09-09 (reposted). A 'Proficiency Levels' file per year is also listed.
VA,2021-22,2022,https://www.doe.virginia.gov/data-policy-funding/data-reports/statistics-reports/sol-test-pass-rates-other-results,No statewide file with student groups. Division Test-by-Test (all students): https://www.doe.virginia.gov/home/showpublisheddocument/32598/638047216275870000 ; student groups only through Build-A-Table https://p1pe.doe.virginia.gov/apex/f?p=152:1 (opens with a CAPTCHA verification; not passed),"XLS (division test-by-test, no groups); Build-A-Table export",no (with student groups),yes (division),no in division files; Build-A-Table unverified,no in division files; Build-A-Table unverified,no in division files; Build-A-Table unverified,"Division Test-by-Test fields (data.virginia.gov dictionary for division_pass_rates_by_test_2022_2023.xlsx): LEVEL, Div Num, Div Name, Subject, Grade, Test, pass rate and advanced pass rate by year; no student-group field. Build-A-Table not reached","SOL EOC levels fail/does not meet, pass/proficient, pass/advanced",pass/proficient + pass/advanced ('pass rate'),Not found on the VDOE pages read,"SOL Algebra I (also Geometry, Algebra II)",SOL End-of-Course Reading,course-based (EOC Reading usually taken in grade 11),none found,"https://www.doe.virginia.gov/teaching-learning-assessment/student-assessment/cut-scores ; https://www.doe.virginia.gov/home/showpublisheddocument/65869/638943031894416818 (Explanation of Cut Scores, Sept 2025; read as a search excerpt)",no statewide file with student groups found,"VDOE file links serve through showpublisheddocument; HEAD requests from outside a browser return 403, so sizes and formats were not checked."
VA,2022-23,2023,https://www.doe.virginia.gov/data-policy-funding/data-reports/statistics-reports/sol-test-pass-rates-other-results,No statewide file with student groups. Division Test-by-Test (all students): https://www.doe.virginia.gov/home/showpublisheddocument/48904/638306336347830000 ; student groups only through Build-A-Table https://p1pe.doe.virginia.gov/apex/f?p=152:1 (opens with a CAPTCHA verification; not passed),"XLS (division test-by-test, no groups); Build-A-Table export",no (with student groups),yes (division),no in division files; Build-A-Table unverified,no in division files; Build-A-Table unverified,no in division files; Build-A-Table unverified,"Division Test-by-Test fields (data.virginia.gov dictionary for division_pass_rates_by_test_2022_2023.xlsx): LEVEL, Div Num, Div Name, Subject, Grade, Test, pass rate and advanced pass rate by year; no student-group field. Build-A-Table not reached","SOL EOC levels fail/does not meet, pass/proficient, pass/advanced",pass/proficient + pass/advanced ('pass rate'),Not found on the VDOE pages read,"SOL Algebra I (also Geometry, Algebra II)",SOL End-of-Course Reading,course-based (EOC Reading usually taken in grade 11),none found,"https://www.doe.virginia.gov/teaching-learning-assessment/student-assessment/cut-scores ; https://www.doe.virginia.gov/home/showpublisheddocument/65869/638943031894416818 (Explanation of Cut Scores, Sept 2025; read as a search excerpt)",no statewide file with student groups found,"VDOE file links serve through showpublisheddocument; HEAD requests from outside a browser return 403, so sizes and formats were not checked."
VA,2023-24,2024,https://www.doe.virginia.gov/data-policy-funding/data-reports/statistics-reports/sol-test-pass-rates-other-results,"'2023-2024, 2024-2025, and 2025-2026 pass rate results' full report https://www.doe.virginia.gov/home/showpublisheddocument/79050/639232464062570000 (page: 'Student Group results by State, Division, and School'); Division Test-by-Test (all students) https://www.doe.virginia.gov/home/showpublisheddocument/56488/638632944185430000 ; Build-A-Table https://p1pe.doe.virginia.gov/apex/f?p=152:1 (opens with a CAPTCHA verification; not passed)",full report format not determined; XLS (division test-by-test),possibly (full report),yes (division),unverified (full report),unverified (full report),unverified (full report),"Page text: 'A full report is available with the 2023-2024, 2024-2025, and 2025-2026 pass rate results by Subject and Test by State, Division, and School and Student Group results by State, Division, and School.' Race groups and layout not seen; report not opened","SOL EOC levels fail/does not meet, pass/proficient, pass/advanced",pass/proficient + pass/advanced ('pass rate'),Not found on the VDOE pages read,"SOL Algebra I (also Geometry, Algebra II)",SOL End-of-Course Reading,course-based (EOC Reading usually taken in grade 11),none found,"https://www.doe.virginia.gov/teaching-learning-assessment/student-assessment/cut-scores ; https://www.doe.virginia.gov/home/showpublisheddocument/65869/638943031894416818 (Explanation of Cut Scores, Sept 2025; read as a search excerpt)",possible (open the full report to check division x race x test rows),"VDOE file links serve through showpublisheddocument; HEAD requests from outside a browser return 403, so sizes and formats were not checked."
VA,2024-25,2025,https://www.doe.virginia.gov/data-policy-funding/data-reports/statistics-reports/sol-test-pass-rates-other-results,"'2023-2024, 2024-2025, and 2025-2026 pass rate results' full report https://www.doe.virginia.gov/home/showpublisheddocument/79050/639232464062570000 (page: 'Student Group results by State, Division, and School'); Division Test-by-Test (all students) https://www.doe.virginia.gov/home/showpublisheddocument/65225/638919009267630000 ; Build-A-Table https://p1pe.doe.virginia.gov/apex/f?p=152:1 (opens with a CAPTCHA verification; not passed)",full report format not determined; XLS (division test-by-test),possibly (full report),yes (division),unverified (full report),unverified (full report),unverified (full report),"Page text: 'A full report is available with the 2023-2024, 2024-2025, and 2025-2026 pass rate results by Subject and Test by State, Division, and School and Student Group results by State, Division, and School.' Race groups and layout not seen; report not opened","SOL EOC levels fail/does not meet, pass/proficient, pass/advanced",pass/proficient + pass/advanced ('pass rate'),Not found on the VDOE pages read,"SOL Algebra I (also Geometry, Algebra II)",SOL End-of-Course Reading,course-based (EOC Reading usually taken in grade 11),"2025: new SOL mathematics and reading tests fully aligned to the 2023 mathematics and 2024 English standards implemented in spring 2025 (VDOE Explanation of Cut Scores); the pass/proficient cut of 400 stays through 2025-26, and higher cuts phase in from 2026-27","https://www.doe.virginia.gov/teaching-learning-assessment/student-assessment/cut-scores ; https://www.doe.virginia.gov/home/showpublisheddocument/65869/638943031894416818 (Explanation of Cut Scores, Sept 2025; read as a search excerpt)",possible (open the full report to check division x race x test rows),"VDOE file links serve through showpublisheddocument; HEAD requests from outside a browser return 403, so sizes and formats were not checked."
VT,2021-22,2022,https://education.vermont.gov/data-and-reporting/vermont-education-dashboard/vermont-education-dashboard-assessment,https://education.vermont.gov/document/vermont-education-dashboard-2022-dataset-assessment > https://education.vermont.gov/sites/aoe/files/documents/Assessment%202022.zip (25.56 MB),ZIP (spreadsheet),yes,yes (SU/SD organization rows and a Value_W_SUSD column in the 2025 dataset),expected,expected,expected,"2025 dataset (data.vermont.gov c874-7tma, column list and distinct label values read through the Socrata API): AssessGroup 'Race/Ethnicity' with AssessLabel American Indian or Alaskan Native, Asian, Black, Hispanic, Native Hawaiian or Pacific Islander, White; OrgName includes SU and SD rows (e.g. 'ESSEX NORTH SU', 'CHAMPLAIN VALLEY SD'). 2022-2024 zip files not opened; same dashboard, layout expected to match",Smarter Balanced levels as labelled by AOE (2022 file not opened; 2025 labels: Substantially Below Proficient / Partially Proficient / Proficient / Proficient with Distinction),Proficient + Proficient with Distinction,"AOE suppresses cells under 11 students plus complementary suppression (https://education.vermont.gov/data-and-reporting/data-governance); '***' in Value_W (461,547 of 760,950 values in 2025)",Smarter Balanced Mathematics grade 9 (grade not confirmed for this file),Smarter Balanced ELA grade 9 (grade not confirmed for this file),9,none found,"https://statetestscoreresults.substack.com/p/vermont-2025-assessment-results ('Vermont administered the VTCAP for the first time in 2023, after transitioning away from the Smarter Balanced assessment') ; https://datacollection.education.vermont.gov/Assessments/Overview-of-Statewide-Assessments/ ; https://education.vermont.gov/learning/assessments/statewide-assessments/academic-proficiency (grades 3-9 ELA and math)",probable (open one zip to confirm race rows at SU/SD level),Dashboards are Power BI (app.powerbigov.us). Very heavy suppression: race results for Black and Hispanic students will be mostly '***' in small SUs.
VT,2022-23,2023,https://education.vermont.gov/data-and-reporting/vermont-education-dashboard/vermont-education-dashboard-assessment,https://education.vermont.gov/document/vermont-education-dashboard-2023-dataset-assessment > https://education.vermont.gov/sites/aoe/files/documents/Assessment%202023.zip (19.7 MB),ZIP (spreadsheet),yes,yes (SU/SD organization rows and a Value_W_SUSD column in the 2025 dataset),expected,expected,expected,"2025 dataset (data.vermont.gov c874-7tma, column list and distinct label values read through the Socrata API): AssessGroup 'Race/Ethnicity' with AssessLabel American Indian or Alaskan Native, Asian, Black, Hispanic, Native Hawaiian or Pacific Islander, White; OrgName includes SU and SD rows (e.g. 'ESSEX NORTH SU', 'CHAMPLAIN VALLEY SD'). 2022-2024 zip files not opened; same dashboard, layout expected to match","Substantially Below Proficient / Partially Proficient / Proficient / Proficient with Distinction (IndicatorLabel values, 2025); 'Total Proficient and Above'",Proficient + Proficient with Distinction,"AOE suppresses cells under 11 students plus complementary suppression (https://education.vermont.gov/data-and-reporting/data-governance); '***' in Value_W (461,547 of 760,950 values in 2025)",VTCAP Mathematics grade 9,VTCAP English Language Arts grade 9,9,2023: VTCAP replaced Smarter Balanced in ELA and mathematics (first administration spring 2023); results not comparable to earlier years,"https://statetestscoreresults.substack.com/p/vermont-2025-assessment-results ('Vermont administered the VTCAP for the first time in 2023, after transitioning away from the Smarter Balanced assessment') ; https://datacollection.education.vermont.gov/Assessments/Overview-of-Statewide-Assessments/ ; https://education.vermont.gov/learning/assessments/statewide-assessments/academic-proficiency (grades 3-9 ELA and math)",probable (open one zip to confirm race rows at SU/SD level),Dashboards are Power BI (app.powerbigov.us). Very heavy suppression: race results for Black and Hispanic students will be mostly '***' in small SUs.
VT,2023-24,2024,https://education.vermont.gov/data-and-reporting/vermont-education-dashboard/vermont-education-dashboard-assessment,https://education.vermont.gov/document/vermont-education-dashboard-2024-dataset-assessment > https://education.vermont.gov/sites/aoe/files/documents/Assessment%202024.zip (19.34 MB),ZIP (spreadsheet),yes,yes (SU/SD organization rows and a Value_W_SUSD column in the 2025 dataset),expected,expected,expected,"2025 dataset (data.vermont.gov c874-7tma, column list and distinct label values read through the Socrata API): AssessGroup 'Race/Ethnicity' with AssessLabel American Indian or Alaskan Native, Asian, Black, Hispanic, Native Hawaiian or Pacific Islander, White; OrgName includes SU and SD rows (e.g. 'ESSEX NORTH SU', 'CHAMPLAIN VALLEY SD'). 2022-2024 zip files not opened; same dashboard, layout expected to match","Substantially Below Proficient / Partially Proficient / Proficient / Proficient with Distinction (IndicatorLabel values, 2025); 'Total Proficient and Above'",Proficient + Proficient with Distinction,"AOE suppresses cells under 11 students plus complementary suppression (https://education.vermont.gov/data-and-reporting/data-governance); '***' in Value_W (461,547 of 760,950 values in 2025)",VTCAP Mathematics grade 9,VTCAP English Language Arts grade 9,9,none found,"https://statetestscoreresults.substack.com/p/vermont-2025-assessment-results ('Vermont administered the VTCAP for the first time in 2023, after transitioning away from the Smarter Balanced assessment') ; https://datacollection.education.vermont.gov/Assessments/Overview-of-Statewide-Assessments/ ; https://education.vermont.gov/learning/assessments/statewide-assessments/academic-proficiency (grades 3-9 ELA and math)",probable (open one zip to confirm race rows at SU/SD level),Dashboards are Power BI (app.powerbigov.us). Very heavy suppression: race results for Black and Hispanic students will be mostly '***' in small SUs.
VT,2024-25,2025,https://education.vermont.gov/data-and-reporting/vermont-education-dashboard/vermont-education-dashboard-assessment,"https://data.vermont.gov/Education/Vermont-Education-Dashboard-General-Assessment-202/c874-7tma ; CSV export https://data.vermont.gov/api/views/c874-7tma/rows.csv?accessType=DOWNLOAD (760,950 rows)",CSV (Socrata export),yes,yes (SU/SD organization rows and a Value_W_SUSD column in the 2025 dataset),yes (label present),yes (label present),yes (label present),"2025 dataset (data.vermont.gov c874-7tma, column list and distinct label values read through the Socrata API): AssessGroup 'Race/Ethnicity' with AssessLabel American Indian or Alaskan Native, Asian, Black, Hispanic, Native Hawaiian or Pacific Islander, White; OrgName includes SU and SD rows (e.g. 'ESSEX NORTH SU', 'CHAMPLAIN VALLEY SD'). 2022-2024 zip files not opened; same dashboard, layout expected to match","Substantially Below Proficient / Partially Proficient / Proficient / Proficient with Distinction (IndicatorLabel values, 2025); 'Total Proficient and Above'",Proficient + Proficient with Distinction,"AOE suppresses cells under 11 students plus complementary suppression (https://education.vermont.gov/data-and-reporting/data-governance); '***' in Value_W (461,547 of 760,950 values in 2025)",VTCAP Mathematics grade 9,VTCAP English Language Arts grade 9,9,none found,"https://statetestscoreresults.substack.com/p/vermont-2025-assessment-results ('Vermont administered the VTCAP for the first time in 2023, after transitioning away from the Smarter Balanced assessment') ; https://datacollection.education.vermont.gov/Assessments/Overview-of-Statewide-Assessments/ ; https://education.vermont.gov/learning/assessments/statewide-assessments/academic-proficiency (grades 3-9 ELA and math)",yes (district = SU/SD rows or Value_W_SUSD; values not checked),Dashboards are Power BI (app.powerbigov.us). Very heavy suppression: race results for Black and Hispanic students will be mostly '***' in small SUs.
WA,2021-22,2022,https://data.wa.gov/education/Report-Card-Assessment-Data-2021-22-School-Year/85v8-iyrc,https://data.wa.gov/api/views/85v8-iyrc/rows.csv?accessType=DOWNLOAD,CSV (Socrata export),yes,"yes (OrganizationLevel: state, district, school)",yes (label present),yes (label present),yes (label present),"Dataset description: 'disaggregated by school, district, and the state level ... race/ethnicity'. StudentGroupType 'Race' values (2024-25, read through the Socrata API): American Indian/ Alaskan Native, Asian, Black/ African American, Hispanic/ Latino of any race(s), Native Hawaiian/Pacific Islander, Two or More Races, White. Rows not downloaded",Level 1-4; 'Percent Consistent Grade Level Knowledge And Above' (Level 3+); 'Percent Foundational Grade-Level Knowledge And Above' (Level 2+),Level 3 + Level 4,"DAT column codes (2021-22 and 2024-25): 'N<10', 'Top/Bottom', 'Cross Group', 'Cross Grade', 'Cross Organization', 'No Students', 'None'",Smarter Balanced Mathematics (SBAC) grade 10,Smarter Balanced ELA (SBAC) grade 10,10 (SBAC grade levels 03-08 and 10 in the 2021-22 and 2024-25 datasets),none found,data.wa.gov TestAdministration and GradeLevel values (SBAC grade 10 in 2021-22 and 2024-25),yes,All four datasets reposted 2026-09-10: percentages now use students tested rather than students expected to test; count columns include previously passed students.
WA,2022-23,2023,https://data.wa.gov/education/Report-Card-Assessment-Data-2022-23-School-Year/yah4-nq3t,https://data.wa.gov/api/views/yah4-nq3t/rows.csv?accessType=DOWNLOAD,CSV (Socrata export),yes,"yes (OrganizationLevel: state, district, school)",yes (label present),yes (label present),yes (label present),"Dataset description: 'disaggregated by school, district, and the state level ... race/ethnicity'. StudentGroupType 'Race' values (2024-25, read through the Socrata API): American Indian/ Alaskan Native, Asian, Black/ African American, Hispanic/ Latino of any race(s), Native Hawaiian/Pacific Islander, Two or More Races, White. Rows not downloaded",Level 1-4; 'Percent Consistent Grade Level Knowledge And Above' (Level 3+); 'Percent Foundational Grade-Level Knowledge And Above' (Level 2+),Level 3 + Level 4,"DAT column codes (2021-22 and 2024-25): 'N<10', 'Top/Bottom', 'Cross Group', 'Cross Grade', 'Cross Organization', 'No Students', 'None'",Smarter Balanced Mathematics (SBAC) grade 10,Smarter Balanced ELA (SBAC) grade 10,10 (SBAC grade levels 03-08 and 10 in the 2021-22 and 2024-25 datasets),none found,data.wa.gov TestAdministration and GradeLevel values (SBAC grade 10 in 2021-22 and 2024-25),yes,All four datasets reposted 2026-09-10: percentages now use students tested rather than students expected to test; count columns include previously passed students.
WA,2023-24,2024,https://data.wa.gov/education/Report-Card-Assessment-Data-2023-24-School-Year/5i5h-c5pk,https://data.wa.gov/api/views/5i5h-c5pk/rows.csv?accessType=DOWNLOAD,CSV (Socrata export),yes,"yes (OrganizationLevel: state, district, school)",yes (label present),yes (label present),yes (label present),"Dataset description: 'disaggregated by school, district, and the state level ... race/ethnicity'. StudentGroupType 'Race' values (2024-25, read through the Socrata API): American Indian/ Alaskan Native, Asian, Black/ African American, Hispanic/ Latino of any race(s), Native Hawaiian/Pacific Islander, Two or More Races, White. Rows not downloaded",Level 1-4; 'Percent Consistent Grade Level Knowledge And Above' (Level 3+); 'Percent Foundational Grade-Level Knowledge And Above' (Level 2+),Level 3 + Level 4,"DAT column codes (2021-22 and 2024-25): 'N<10', 'Top/Bottom', 'Cross Group', 'Cross Grade', 'Cross Organization', 'No Students', 'None'",Smarter Balanced Mathematics (SBAC) grade 10,Smarter Balanced ELA (SBAC) grade 10,10 (SBAC grade levels 03-08 and 10 in the 2021-22 and 2024-25 datasets),none found,data.wa.gov TestAdministration and GradeLevel values (SBAC grade 10 in 2021-22 and 2024-25),yes,All four datasets reposted 2026-09-10: percentages now use students tested rather than students expected to test; count columns include previously passed students.
WA,2024-25,2025,https://data.wa.gov/education/Report-Card-Assessment-Data-2024-25-School-Year/qh4i-zmju,https://data.wa.gov/api/views/qh4i-zmju/rows.csv?accessType=DOWNLOAD,CSV (Socrata export),yes,"yes (OrganizationLevel: state, district, school)",yes (label present),yes (label present),yes (label present),"Dataset description: 'disaggregated by school, district, and the state level ... race/ethnicity'. StudentGroupType 'Race' values (2024-25, read through the Socrata API): American Indian/ Alaskan Native, Asian, Black/ African American, Hispanic/ Latino of any race(s), Native Hawaiian/Pacific Islander, Two or More Races, White. Rows not downloaded",Level 1-4; 'Percent Consistent Grade Level Knowledge And Above' (Level 3+); 'Percent Foundational Grade-Level Knowledge And Above' (Level 2+),Level 3 + Level 4,"DAT column codes (2021-22 and 2024-25): 'N<10', 'Top/Bottom', 'Cross Group', 'Cross Grade', 'Cross Organization', 'No Students', 'None'",Smarter Balanced Mathematics (SBAC) grade 10,Smarter Balanced ELA (SBAC) grade 10,10 (SBAC grade levels 03-08 and 10 in the 2021-22 and 2024-25 datasets),none found,data.wa.gov TestAdministration and GradeLevel values (SBAC grade 10 in 2021-22 and 2024-25),yes,"All four datasets reposted 2026-09-10: percentages now use students tested rather than students expected to test; count columns include previously passed students. An older 2024-25 dataset (h5d9-vgwi, updated 2025-09-10) uses the previous column set."
WI,2021-22,2022,https://dpi.wi.gov/wisedash/download-files,"https://dpi.wi.gov/sites/default/files/wise/downloads/act_statewide_certified_2021-22.zip (1,836,388 bytes)",ZIP (certified download file; CSV inside expected),yes,expected (WISEdash download files hold 'records ... for ALL public school districts and their schools'),expected,expected,expected,WISEdash Public groups data by race/ethnicity; DPI ACT data page lists subgroup reporting. ACT Statewide file layout not seen; file not opened,Below Basic / Basic / Proficient / Advanced,Proficient + Advanced,"WISEdash redacts small groups with '*' (https://dpi.wi.gov/wisedash/public/help/redaction); public report cards redact groups under 20 (search excerpt, not seen on a DPI page); download-file threshold not documented","ACT Mathematics (ACT with Writing, statewide administration)","ACT English Language Arts (English, Reading, Writing)",11 (DPI: 'All 11th grade students in Wisconsin' take the statewide ACT since 2014-15),none found for the grade 11 ACT,https://dpi.wi.gov/wisedash/about-data/act ; https://dpi.wi.gov/news/releases/2024/forward-exam-updates-standard-setting ; https://dpi.wi.gov/assessment/historical,probable (confirm district x race rows in one ACT Statewide file),Forward (grades 3-8; grade 10 social studies only) is not the high school ELA/math test. ACT Aspire grades 9-10 last given in 2021-22: https://dpi.wi.gov/sites/default/files/wise/downloads/aspire_statewide_certified_2021-22.zip (3 MB).
WI,2022-23,2023,https://dpi.wi.gov/wisedash/download-files,"https://dpi.wi.gov/sites/default/files/wise/downloads/act_statewide_certified_2022-23.zip (1,872,504 bytes)",ZIP (certified download file; CSV inside expected),yes,expected (WISEdash download files hold 'records ... for ALL public school districts and their schools'),expected,expected,expected,WISEdash Public groups data by race/ethnicity; DPI ACT data page lists subgroup reporting. ACT Statewide file layout not seen; file not opened,Below Basic / Basic / Proficient / Advanced,Proficient + Advanced,"WISEdash redacts small groups with '*' (https://dpi.wi.gov/wisedash/public/help/redaction); public report cards redact groups under 20 (search excerpt, not seen on a DPI page); download-file threshold not documented","ACT Mathematics (ACT with Writing, statewide administration)","ACT English Language Arts (English, Reading, Writing)",11 (DPI: 'All 11th grade students in Wisconsin' take the statewide ACT since 2014-15),none for the grade 11 ACT; PreACT Secure replaced ACT Aspire at grades 9-10 (first given 2022-23),https://dpi.wi.gov/wisedash/about-data/act ; https://dpi.wi.gov/news/releases/2024/forward-exam-updates-standard-setting ; https://dpi.wi.gov/assessment/historical,probable (confirm district x race rows in one ACT Statewide file),Forward (grades 3-8; grade 10 social studies only) is not the high school ELA/math test.
WI,2023-24,2024,https://dpi.wi.gov/wisedash/download-files,"https://dpi.wi.gov/sites/default/files/wise/downloads/act_statewide_certified_2023-24.zip (2,061,692 bytes)",ZIP (certified download file; CSV inside expected),yes,expected (WISEdash download files hold 'records ... for ALL public school districts and their schools'),expected,expected,expected,WISEdash Public groups data by race/ethnicity; DPI ACT data page lists subgroup reporting. ACT Statewide file layout not seen; file not opened,Developing / Approaching / Meeting / Advanced (new Wisconsin cut scores from 2023-24),Meeting + Advanced,"WISEdash redacts small groups with '*' (https://dpi.wi.gov/wisedash/public/help/redaction); public report cards redact groups under 20 (search excerpt, not seen on a DPI page); download-file threshold not documented","ACT Mathematics (ACT with Writing, statewide administration)","ACT English Language Arts (English, Reading, Writing)",11 (DPI: 'All 11th grade students in Wisconsin' take the statewide ACT since 2014-15),"2024: new Wisconsin performance levels and cut scores for the ACT (also Forward and PreACT Secure), first applied to 2023-24 results; same test (a cut-score change)",https://dpi.wi.gov/wisedash/about-data/act ; https://dpi.wi.gov/news/releases/2024/forward-exam-updates-standard-setting ; https://dpi.wi.gov/assessment/historical,probable (confirm district x race rows in one ACT Statewide file),Forward (grades 3-8; grade 10 social studies only) is not the high school ELA/math test.
WI,2024-25,2025,https://dpi.wi.gov/wisedash/download-files,"https://dpi.wi.gov/sites/default/files/wise/downloads/act_statewide_certified_2024-25.zip (2,049,564 bytes)",ZIP (certified download file; CSV inside expected),yes,expected (WISEdash download files hold 'records ... for ALL public school districts and their schools'),expected,expected,expected,WISEdash Public groups data by race/ethnicity; DPI ACT data page lists subgroup reporting. ACT Statewide file layout not seen; file not opened,Developing / Approaching / Meeting / Advanced,Meeting + Advanced,"WISEdash redacts small groups with '*' (https://dpi.wi.gov/wisedash/public/help/redaction); public report cards redact groups under 20 (search excerpt, not seen on a DPI page); download-file threshold not documented","ACT Mathematics (ACT with Writing, statewide administration)","ACT English Language Arts (English, Reading, Writing)",11 (DPI: 'All 11th grade students in Wisconsin' take the statewide ACT since 2014-15),none found for the grade 11 ACT,https://dpi.wi.gov/wisedash/about-data/act ; https://dpi.wi.gov/news/releases/2024/forward-exam-updates-standard-setting ; https://dpi.wi.gov/assessment/historical,probable (confirm district x race rows in one ACT Statewide file),Forward (grades 3-8; grade 10 social studies only) is not the high school ELA/math test.
WV,2021-22,2022,https://zoomwv.k12.wv.us/Dashboard/dashboard/7310,"No statewide downloadable file found. ZoomWV > State Assessment Results > State Assessment Summary / State Assessment Subgroups (PowerSchool dashboard; filters year, district, school, grade). The subgroup tab did not render in the browser tool and export was not checked. Other data through ZoomWV data requests: https://wvde.us/data-school-improvement/education-data/how-make-zoomwv-data-requests",dashboard (no file),no,yes (dashboard district filter),unverified,unverified,unverified,ZoomWV has a 'State Assessment Subgroups' tab; its groups were not seen. wvde.us Education Data page lists no downloadable assessment files,Does Not Meet / Partially Meets / Meets / Exceeds Standard (SAT School Day cut scores set summer 2018; search excerpt of the WVDE scale score page),Meets Standard + Exceeds Standard,Not found (ZoomWV: data 'aggregated to protect the privacy of students'),SAT School Day Math,SAT School Day Reading and Writing,11 (ZoomWV: 'The SAT School Day is administered in Grade 11'),2022: essay removed ('SY2021-2022: The essay was eliminated from the SAT School Day administration'); same test otherwise,https://zoomwv.k12.wv.us/Dashboard/dashboard/7310 (assessment notes) ; https://wvde.us/academics/assessment/scaled-scored-information/scale-score-sat-school-day,no statewide file found,WVGSA covers grades 3-8. ZoomWV pages load slowly and rendered unreliably in the browser tool.
WV,2022-23,2023,https://zoomwv.k12.wv.us/Dashboard/dashboard/7310,"No statewide downloadable file found. ZoomWV > State Assessment Results > State Assessment Summary / State Assessment Subgroups (PowerSchool dashboard; filters year, district, school, grade). The subgroup tab did not render in the browser tool and export was not checked. Other data through ZoomWV data requests: https://wvde.us/data-school-improvement/education-data/how-make-zoomwv-data-requests",dashboard (no file),no,yes (dashboard district filter),unverified,unverified,unverified,ZoomWV has a 'State Assessment Subgroups' tab; its groups were not seen. wvde.us Education Data page lists no downloadable assessment files,Does Not Meet / Partially Meets / Meets / Exceeds Standard (SAT School Day cut scores set summer 2018; search excerpt of the WVDE scale score page),Meets Standard + Exceeds Standard,Not found (ZoomWV: data 'aggregated to protect the privacy of students'),SAT School Day Math,SAT School Day Reading and Writing,11 (ZoomWV: 'The SAT School Day is administered in Grade 11'),none found,https://zoomwv.k12.wv.us/Dashboard/dashboard/7310 (assessment notes) ; https://wvde.us/academics/assessment/scaled-scored-information/scale-score-sat-school-day,no statewide file found,WVGSA covers grades 3-8. ZoomWV pages load slowly and rendered unreliably in the browser tool.
WV,2023-24,2024,https://zoomwv.k12.wv.us/Dashboard/dashboard/7310,"No statewide downloadable file found. ZoomWV > State Assessment Results > State Assessment Summary / State Assessment Subgroups (PowerSchool dashboard; filters year, district, school, grade). The subgroup tab did not render in the browser tool and export was not checked. Other data through ZoomWV data requests: https://wvde.us/data-school-improvement/education-data/how-make-zoomwv-data-requests",dashboard (no file),no,yes (dashboard district filter),unverified,unverified,unverified,ZoomWV has a 'State Assessment Subgroups' tab; its groups were not seen. wvde.us Education Data page lists no downloadable assessment files,Does Not Meet / Partially Meets / Meets / Exceeds Standard (SAT School Day cut scores set summer 2018; search excerpt of the WVDE scale score page),Meets Standard + Exceeds Standard,Not found (ZoomWV: data 'aggregated to protect the privacy of students'),SAT School Day Math,SAT School Day Reading and Writing,11 (ZoomWV: 'The SAT School Day is administered in Grade 11'),2024: 'SY2023-2024: The SAT School Day format changed to an online administration' (the digital SAT),https://zoomwv.k12.wv.us/Dashboard/dashboard/7310 (assessment notes) ; https://wvde.us/academics/assessment/scaled-scored-information/scale-score-sat-school-day,no statewide file found,WVGSA covers grades 3-8. ZoomWV pages load slowly and rendered unreliably in the browser tool.
WV,2024-25,2025,https://zoomwv.k12.wv.us/Dashboard/dashboard/7310,"No statewide downloadable file found. ZoomWV > State Assessment Results > State Assessment Summary / State Assessment Subgroups (PowerSchool dashboard; filters year, district, school, grade). The subgroup tab did not render in the browser tool and export was not checked. Other data through ZoomWV data requests: https://wvde.us/data-school-improvement/education-data/how-make-zoomwv-data-requests",dashboard (no file),no,yes (dashboard district filter),unverified,unverified,unverified,ZoomWV has a 'State Assessment Subgroups' tab; its groups were not seen. wvde.us Education Data page lists no downloadable assessment files,Does Not Meet / Partially Meets / Meets / Exceeds Standard (SAT School Day cut scores set summer 2018; search excerpt of the WVDE scale score page),Meets Standard + Exceeds Standard,Not found (ZoomWV: data 'aggregated to protect the privacy of students'),SAT School Day Math,SAT School Day Reading and Writing,11 (ZoomWV: 'The SAT School Day is administered in Grade 11'),none found,https://zoomwv.k12.wv.us/Dashboard/dashboard/7310 (assessment notes) ; https://wvde.us/academics/assessment/scaled-scored-information/scale-score-sat-school-day,no statewide file found,WVGSA covers grades 3-8. ZoomWV pages load slowly and rendered unreliably in the browser tool.
WY,2021-22,2022,https://edu.wyoming.gov/data/assessment-reports/,"https://reporting.edu.wyo.gov/ibi_apps/run.bip?BIP_REQUEST_TYPE=BIP_RUN&BIP_folder=IBFS%253A%252FWFC%252FRepository%252FPublic%252FAssessment%252FDisaggregated%252F&BIP_item=AssessPerformDistrictHTML.htm (page link: Grades 3-10 WY-TOPP/WY-ALT Performance Results > Disaggregated > District Level). Report form: School Year 2021-22; District Names All; Subjects ELA and Math; By Specific Grade 09 and 10; Subgroup Race / Ethnicity: Black, Hispanic, White (and All Students); Output Type CSV or Excel XLSX; RUN REPORT. Aggregated district report: same folder with Aggregated, BIP_item=DistrictLevelResultsNewHTML.htm.","CSV (COMT) or XLSX, generated on request (WebFOCUS report; HTML and Active Report also offered)",yes (District Names 'All' returns every district in one output),yes (district-level report),yes (Subgroup option 'Race / Ethnicity: Black'),yes (Subgroup option 'Race / Ethnicity: Hispanic'),yes (Subgroup option 'Race / Ethnicity: White'),"Seen on the report form: School Year lists 2013-14 to 2024-25 (no 2019-20); subgroups include the seven race/ethnicity groups; grade filter 03-11. Report not run, output layout not seen",Below Basic / Basic / Proficient / Advanced,Proficient + Advanced (WDE: 'proficient or advanced' rates),Not seen: report not run and no WDE suppression rule found; minimum n of 10 for reporting per a search excerpt of the ESSA plan (not seen on a WDE page),WY-TOPP Mathematics (grades 9 and 10; WY-ALT for alternate),WY-TOPP English Language Arts (grades 9 and 10; writing items in grade 9),"9 and 10 ('Students in grades 3-10 take the WY-TOPP and WY-ALT assessments for Math and English Language Arts'); grade 11 takes the ACT, reported separately","none found (new WY-TOPP tests on reduced standards first given spring 2026, with new cut scores: outside the window)",https://edu.wyoming.gov/transparency/assessment/ ; https://edu.wyoming.gov/transparency/assessment/wy-topp/ ; https://edu.wyoming.gov/sups-memo/06-02-2026-special-update-on-spring-2026-wy-topp-math-science-score-delays/ (search excerpt: spring 2026 first administration of the new tests),probable (run the report once as CSV to confirm race x district rows and suppression markers),"reporting.edu.wyo.gov output is built on request, so there is no fixed file URL. Grade 9 and 10 are both high school grades; choose one or pool them. edu.wyoming.gov blocks curl (Cloudflare); opened in a browser."
WY,2022-23,2023,https://edu.wyoming.gov/data/assessment-reports/,"https://reporting.edu.wyo.gov/ibi_apps/run.bip?BIP_REQUEST_TYPE=BIP_RUN&BIP_folder=IBFS%253A%252FWFC%252FRepository%252FPublic%252FAssessment%252FDisaggregated%252F&BIP_item=AssessPerformDistrictHTML.htm (page link: Grades 3-10 WY-TOPP/WY-ALT Performance Results > Disaggregated > District Level). Report form: School Year 2022-23; District Names All; Subjects ELA and Math; By Specific Grade 09 and 10; Subgroup Race / Ethnicity: Black, Hispanic, White (and All Students); Output Type CSV or Excel XLSX; RUN REPORT. Aggregated district report: same folder with Aggregated, BIP_item=DistrictLevelResultsNewHTML.htm.","CSV (COMT) or XLSX, generated on request (WebFOCUS report; HTML and Active Report also offered)",yes (District Names 'All' returns every district in one output),yes (district-level report),yes (Subgroup option 'Race / Ethnicity: Black'),yes (Subgroup option 'Race / Ethnicity: Hispanic'),yes (Subgroup option 'Race / Ethnicity: White'),"Seen on the report form: School Year lists 2013-14 to 2024-25 (no 2019-20); subgroups include the seven race/ethnicity groups; grade filter 03-11. Report not run, output layout not seen",Below Basic / Basic / Proficient / Advanced,Proficient + Advanced (WDE: 'proficient or advanced' rates),Not seen: report not run and no WDE suppression rule found; minimum n of 10 for reporting per a search excerpt of the ESSA plan (not seen on a WDE page),WY-TOPP Mathematics (grades 9 and 10; WY-ALT for alternate),WY-TOPP English Language Arts (grades 9 and 10; writing items in grade 9),"9 and 10 ('Students in grades 3-10 take the WY-TOPP and WY-ALT assessments for Math and English Language Arts'); grade 11 takes the ACT, reported separately","none found (new WY-TOPP tests on reduced standards first given spring 2026, with new cut scores: outside the window)",https://edu.wyoming.gov/transparency/assessment/ ; https://edu.wyoming.gov/transparency/assessment/wy-topp/ ; https://edu.wyoming.gov/sups-memo/06-02-2026-special-update-on-spring-2026-wy-topp-math-science-score-delays/ (search excerpt: spring 2026 first administration of the new tests),probable (run the report once as CSV to confirm race x district rows and suppression markers),"reporting.edu.wyo.gov output is built on request, so there is no fixed file URL. Grade 9 and 10 are both high school grades; choose one or pool them. edu.wyoming.gov blocks curl (Cloudflare); opened in a browser."
WY,2023-24,2024,https://edu.wyoming.gov/data/assessment-reports/,"https://reporting.edu.wyo.gov/ibi_apps/run.bip?BIP_REQUEST_TYPE=BIP_RUN&BIP_folder=IBFS%253A%252FWFC%252FRepository%252FPublic%252FAssessment%252FDisaggregated%252F&BIP_item=AssessPerformDistrictHTML.htm (page link: Grades 3-10 WY-TOPP/WY-ALT Performance Results > Disaggregated > District Level). Report form: School Year 2023-24; District Names All; Subjects ELA and Math; By Specific Grade 09 and 10; Subgroup Race / Ethnicity: Black, Hispanic, White (and All Students); Output Type CSV or Excel XLSX; RUN REPORT. Aggregated district report: same folder with Aggregated, BIP_item=DistrictLevelResultsNewHTML.htm.","CSV (COMT) or XLSX, generated on request (WebFOCUS report; HTML and Active Report also offered)",yes (District Names 'All' returns every district in one output),yes (district-level report),yes (Subgroup option 'Race / Ethnicity: Black'),yes (Subgroup option 'Race / Ethnicity: Hispanic'),yes (Subgroup option 'Race / Ethnicity: White'),"Seen on the report form: School Year lists 2013-14 to 2024-25 (no 2019-20); subgroups include the seven race/ethnicity groups; grade filter 03-11. Report not run, output layout not seen",Below Basic / Basic / Proficient / Advanced,Proficient + Advanced (WDE: 'proficient or advanced' rates),Not seen: report not run and no WDE suppression rule found; minimum n of 10 for reporting per a search excerpt of the ESSA plan (not seen on a WDE page),WY-TOPP Mathematics (grades 9 and 10; WY-ALT for alternate),WY-TOPP English Language Arts (grades 9 and 10; writing items in grade 9),"9 and 10 ('Students in grades 3-10 take the WY-TOPP and WY-ALT assessments for Math and English Language Arts'); grade 11 takes the ACT, reported separately","none found (new WY-TOPP tests on reduced standards first given spring 2026, with new cut scores: outside the window)",https://edu.wyoming.gov/transparency/assessment/ ; https://edu.wyoming.gov/transparency/assessment/wy-topp/ ; https://edu.wyoming.gov/sups-memo/06-02-2026-special-update-on-spring-2026-wy-topp-math-science-score-delays/ (search excerpt: spring 2026 first administration of the new tests),probable (run the report once as CSV to confirm race x district rows and suppression markers),"reporting.edu.wyo.gov output is built on request, so there is no fixed file URL. Grade 9 and 10 are both high school grades; choose one or pool them. edu.wyoming.gov blocks curl (Cloudflare); opened in a browser."
WY,2024-25,2025,https://edu.wyoming.gov/data/assessment-reports/,"https://reporting.edu.wyo.gov/ibi_apps/run.bip?BIP_REQUEST_TYPE=BIP_RUN&BIP_folder=IBFS%253A%252FWFC%252FRepository%252FPublic%252FAssessment%252FDisaggregated%252F&BIP_item=AssessPerformDistrictHTML.htm (page link: Grades 3-10 WY-TOPP/WY-ALT Performance Results > Disaggregated > District Level). Report form: School Year 2024-25; District Names All; Subjects ELA and Math; By Specific Grade 09 and 10; Subgroup Race / Ethnicity: Black, Hispanic, White (and All Students); Output Type CSV or Excel XLSX; RUN REPORT. Aggregated district report: same folder with Aggregated, BIP_item=DistrictLevelResultsNewHTML.htm.","CSV (COMT) or XLSX, generated on request (WebFOCUS report; HTML and Active Report also offered)",yes (District Names 'All' returns every district in one output),yes (district-level report),yes (Subgroup option 'Race / Ethnicity: Black'),yes (Subgroup option 'Race / Ethnicity: Hispanic'),yes (Subgroup option 'Race / Ethnicity: White'),"Seen on the report form: School Year lists 2013-14 to 2024-25 (no 2019-20); subgroups include the seven race/ethnicity groups; grade filter 03-11. Report not run, output layout not seen",Below Basic / Basic / Proficient / Advanced,Proficient + Advanced (WDE: 'proficient or advanced' rates),Not seen: report not run and no WDE suppression rule found; minimum n of 10 for reporting per a search excerpt of the ESSA plan (not seen on a WDE page),WY-TOPP Mathematics (grades 9 and 10; WY-ALT for alternate),WY-TOPP English Language Arts (grades 9 and 10; writing items in grade 9),"9 and 10 ('Students in grades 3-10 take the WY-TOPP and WY-ALT assessments for Math and English Language Arts'); grade 11 takes the ACT, reported separately","none found (new WY-TOPP tests on reduced standards first given spring 2026, with new cut scores: outside the window)",https://edu.wyoming.gov/transparency/assessment/ ; https://edu.wyoming.gov/transparency/assessment/wy-topp/ ; https://edu.wyoming.gov/sups-memo/06-02-2026-special-update-on-spring-2026-wy-topp-math-science-score-delays/ (search excerpt: spring 2026 first administration of the new tests),probable (run the report once as CSV to confirm race x district rows and suppression markers),"reporting.edu.wyo.gov output is built on request, so there is no fixed file URL. Grade 9 and 10 are both high school grades; choose one or pool them. edu.wyoming.gov blocks curl (Cloudflare); opened in a browser."
