state,sy_end,dataset,manifest_status,mapping_status,file_name,sheet_or_table,district_rows,district_id_col,subgroup_col,subgroup_black,subgroup_hispanic,subgroup_white,subject_col,subject_math,subject_rla,grade_col,hs_grade_or_course,tested_count_col,proficiency_rate_col,proficient_levels,suppression_symbols,notes
AL,2022,hs_reportcard_al_math; hs_reportcard_al_rla,hs_reportcard_al_math=archived; hs_reportcard_al_rla=archived,mapped,hs_reportcards/AL/RD_2023331_2021-2022-Math-Assessment_V1.0.xlsb | hs_reportcards/AL/2021-2022-ELA-Assessment.xlsb,sheet Participation and Proficiency; header row 5,School Code = 0000 (system level); Gender = All Gender; SubPopulation = All SubPopulation,System Code (ALSDE 3-digit system code),Race (with Ethnicity = All Ethnicity) for Black and White; Ethnicity (with Race = All Race) for Hispanic,Race = Black or African American,Ethnicity = Hispanic/Latino,Race = White,Subject (file),Math,ELA,Grade,"High School (grade 11 accountability test, ACT with Writing)",(none),Percent Proficient,Levels 3 + 4 (Percent Proficient as published),* (10 or fewer students),"No tested count: the Section 5 floor falls back to Alabama's minimum group size (the '*' rule, 10 or fewer). Race rows include Hispanic students of that race (Race and Ethnicity are separate fields). Participation Rate and Alternate Assessed Percent are printed."
AL,2023,hs_reportcard_al_math; hs_reportcard_al_rla,hs_reportcard_al_math=archived; hs_reportcard_al_rla=archived,mapped,hs_reportcards/AL/RD_SP_2023731_2022-2023-MATH-Participation-and-Proficiency_V1.0.xlsb | hs_reportcards/AL/RD_SP_2023731_2022-2023-ELA-Participation-and-Proficiency_V1.0.xlsb,sheet Participation and Proficiency; header row 5,School Code = 0000 (system level); Gender = All Gender; SubPopulation = All SubPopulation,System Code (ALSDE 3-digit system code),Race (with Ethnicity = All Ethnicity) for Black and White; Ethnicity (with Race = All Race) for Hispanic,Race = Black or African American,Ethnicity = Hispanic/Latino,Race = White,Subject (file),Math,ELA,Grade,11 (ACT with Writing),(none),Percent Proficient,Levels 3 + 4 (Percent Proficient as published),* (10 or fewer students),"No tested count: the Section 5 floor falls back to Alabama's minimum group size (the '*' rule, 10 or fewer). Race rows include Hispanic students of that race (Race and Ethnicity are separate fields). Participation Rate and Alternate Assessed Percent are printed."
AL,2024,hs_reportcard_al_math; hs_reportcard_al_rla,hs_reportcard_al_math=archived; hs_reportcard_al_rla=archived,mapped,hs_reportcards/AL/RD_SP_202488_2023-2024-Participation-and-Proficiency-Math_v1.0.xlsb | hs_reportcards/AL/RD_SP_202488_2023-2024-Participation-and-Proficiency-ELA_v1.0.xlsb,"sheets County, City and Charter (State is the state level); header row 5",School Code = 0000 (system level); Gender = All Gender; SubPopulation = All SubPopulation,System Code (ALSDE 3-digit system code),Race (with Ethnicity = All Ethnicity) for Black and White; Ethnicity (with Race = All Race) for Hispanic,Race = Black or African American,Ethnicity = Hispanic/Latino,Race = White,Subject (file),Math,ELA,Grade,11 (ACT with Writing),(none),Percent Proficient,Levels 3 + 4 (Percent Proficient as published),* (10 or fewer students),"No tested count: the Section 5 floor falls back to Alabama's minimum group size (the '*' rule, 10 or fewer). Race rows include Hispanic students of that race (Race and Ethnicity are separate fields). Participation Rate and Alternate Assessed Percent are printed."
AL,2025,hs_reportcard_al_math; hs_reportcard_al_rla,hs_reportcard_al_math=archived; hs_reportcard_al_rla=archived,mapped,hs_reportcards/AL/RD_SP_2025813_2024-2025ParticipationandProficiencyMath_v1.xlsx | hs_reportcards/AL/RD_SP_2025813_2024-2025ParticipationandProficiencyELA_v1.xlsx,"sheets County, City and Charter; header row 6 (sheet title in row 1)",School Code = 0000 (system level); Gender = All Gender; SubPopulation = All SubPopulation,System Code (ALSDE 3-digit system code),Race (with Ethnicity = All Ethnicity) for Black and White; Ethnicity (with Race = All Race) for Hispanic,Race = Black or African American,Ethnicity = Hispanic/Latino,Race = White,Subject (file),Math,ELA,Grade,11 (ACT with Writing),(none),Percent Proficient,Levels 3 + 4 (Percent Proficient as published),* (10 or fewer students),"No tested count: the Section 5 floor falls back to Alabama's minimum group size (the '*' rule, 10 or fewer). Race rows include Hispanic students of that race (Race and Ethnicity are separate fields). Participation Rate and Alternate Assessed Percent are printed."
AR,2022,hs_reportcard_ar,hs_reportcard_ar=archived,unavailable,hs_reportcards/AR/2021-2022_ACT_Aspire_Preliminary_Scores_Added_Sheets_LS.xlsx,,,,,,,,,,,,ACT Aspire grade 10 (test_replacement.csv),,,,,"Excluded (docs/deviations_run2.md, 2026-09-16): race appears only at the state level (Demographics sheet); the Districts sheet is district by grade for all students. Archived as the record of the check."
AZ,2022,hs_reportcard_az,hs_reportcard_az=archived,mapped,hs_reportcards/AZ/math_ela_assessments_2022_redacted.xlsx,sheet District,every row of sheet District; FAY Status = All,District Entity ID (ADE entity id); District CTDS (DistrictCTDS from 2024),Subgroup,Black or African American,Hispanic or Latino,White,Subject (with Test Level),Mathematics / Test Level Math Grade 11,English Language Arts / Test Level ELA Grade 11,Test Level,"Grade 11 (Math Grade 11, ELA Grade 11: the ACT); Alt Math/ELA Grade 11 is the alternate assessment",Number Tested,Percent Passing,Proficiency Level 3 + Level 4 (Percent Passing),* ; <2 ; >98,"Number Tested is '*' in almost every district row (redacted file), so the Section 5 floor falls back to Arizona's minimum group size. No grade 9 (ACT Aspire) test level is in the files; the high school rows are grade 11. Regular and alternate rows are separate and cannot be pooled without counts."
AZ,2023,hs_reportcard_az,hs_reportcard_az=archived,mapped,hs_reportcards/AZ/math_ela_assessments_2023_publish[1].xlsx,sheet District,every row of sheet District; FAY Status = All,District Entity ID (ADE entity id); District CTDS (DistrictCTDS from 2024),Subgroup,Black or African American,Hispanic or Latino,White,Subject (with Test Level),Mathematics / Test Level Math Grade 11,English Language Arts / Test Level ELA Grade 11,Test Level,"Grade 11 (Math Grade 11, ELA Grade 11: the ACT); Alt Math/ELA Grade 11 is the alternate assessment",Number Tested,Percent Passing,Proficiency Level 3 + Level 4 (Percent Passing),* ; <2 ; >98,"Number Tested is '*' in almost every district row (redacted file), so the Section 5 floor falls back to Arizona's minimum group size. No grade 9 (ACT Aspire) test level is in the files; the high school rows are grade 11. Regular and alternate rows are separate and cannot be pooled without counts."
AZ,2024,hs_reportcard_az,hs_reportcard_az=archived,mapped,hs_reportcards/AZ/math_ela_assessmentsfy24.xlsx,sheet District,every row of sheet District; FAY Status = All,District Entity ID (ADE entity id); District CTDS (DistrictCTDS from 2024),Subgroup,Black or African American,Hispanic or Latino,White,Subject (with Test Level),Mathematics / Test Level Math Grade 11,English Language Arts / Test Level ELA Grade 11,Test Level,"Grade 11 (Math Grade 11, ELA Grade 11: the ACT); Alt Math/ELA Grade 11 is the alternate assessment",Number Tested,Percent Passing,Proficiency Level 3 + Level 4 (Percent Passing),* ; <2 ; >98,"Number Tested is '*' in almost every district row (redacted file), so the Section 5 floor falls back to Arizona's minimum group size. No grade 9 (ACT Aspire) test level is in the files; the high school rows are grade 11. Regular and alternate rows are separate and cannot be pooled without counts."
AZ,2025,hs_reportcard_az,hs_reportcard_az=archived,mapped,hs_reportcards/AZ/math_ela_assessmentsfy25.xlsx,sheet District,every row of sheet District; FAY Status = All,District Entity ID (ADE entity id); District CTDS (DistrictCTDS from 2024),Subgroup,Black or African American,Hispanic or Latino,White,Subject (with Test Level),Mathematics / Test Level Math Grade 11,English Language Arts / Test Level ELA Grade 11,Test Level,"Grade 11 (Math Grade 11, ELA Grade 11: the ACT); Alt Math/ELA Grade 11 is the alternate assessment",Number Tested,Percent Passing,Proficiency Level 3 + Level 4 (Percent Passing),* ; <2 ; >98,"Number Tested is '*' in almost every district row (redacted file), so the Section 5 floor falls back to Arizona's minimum group size. No grade 9 (ACT Aspire) test level is in the files; the high school rows are grade 11. Regular and alternate rows are separate and cannot be pooled without counts."
CA,2022,hs_reportcard_ca; hs_reportcard_ca_entities,hs_reportcard_ca=archived; hs_reportcard_ca_entities=archived,mapped,hs_reportcards/CA/sb_ca2022_all_csv_v1.zip | hs_reportcards/CA/sb_ca2022entities_csv.zip,caret-delimited text in the zip (sb_caYYYY_all_csv_v1.txt); entity names in the separate entities zip,"School Code = 0000000 and Type ID = 6 (district); Type ID 5 is county, 4 state",County Code + District Code (CDS 2 + 5 digits),Student Group ID,74,78,80,Test ID,2,1,Grade,11 (Smarter Balanced; Test Type B),Students with Scores,Percentage Standard Met and Above,Standard Met + Standard Exceeded,* ; blank,"Two manifest datasets per year (hs_reportcard_ca, hs_reportcard_ca_entities). The 2024 and 2025 layouts add District Name, School Name and count columns; student group codes are the CAASPP research-file codes."
CA,2023,hs_reportcard_ca; hs_reportcard_ca_entities,hs_reportcard_ca=archived; hs_reportcard_ca_entities=archived,mapped,hs_reportcards/CA/sb_ca2023_all_csv_v1.zip | hs_reportcards/CA/sb_ca2023entities_csv.zip,caret-delimited text in the zip (sb_caYYYY_all_csv_v1.txt); entity names in the separate entities zip,"School Code = 0000000 and Type ID = 6 (district); Type ID 5 is county, 4 state",County Code + District Code (CDS 2 + 5 digits),Student Group ID,74,78,80,Test ID,2,1,Grade,11 (Smarter Balanced; Test Type B),Students with Scores,Percentage Standard Met and Above,Standard Met + Standard Exceeded,* ; blank,"Two manifest datasets per year (hs_reportcard_ca, hs_reportcard_ca_entities). The 2024 and 2025 layouts add District Name, School Name and count columns; student group codes are the CAASPP research-file codes."
CA,2024,hs_reportcard_ca; hs_reportcard_ca_entities,hs_reportcard_ca=archived; hs_reportcard_ca_entities=archived,mapped,hs_reportcards/CA/sb_ca2024_all_csv_v1.zip | hs_reportcards/CA/sb_ca2024entities_csv.zip,caret-delimited text in the zip (sb_caYYYY_all_csv_v1.txt); entity names in the separate entities zip,"School Code = 0000000 and Type ID = 6 (district); Type ID 5 is county, 4 state",County Code + District Code (CDS 2 + 5 digits),Student Group ID,74,78,80,Test ID,2,1,Grade,11 (Smarter Balanced; Test Type B),Total Students Tested with Scores,Percentage Standard Met and Above,Standard Met + Standard Exceeded,* ; blank,"Two manifest datasets per year (hs_reportcard_ca, hs_reportcard_ca_entities). The 2024 and 2025 layouts add District Name, School Name and count columns; student group codes are the CAASPP research-file codes."
CA,2025,hs_reportcard_ca; hs_reportcard_ca_entities,hs_reportcard_ca=archived; hs_reportcard_ca_entities=archived,mapped,hs_reportcards/CA/sb_ca2025_all_csv_v1.zip | hs_reportcards/CA/sb_ca2025entities_csv.zip,caret-delimited text in the zip (sb_caYYYY_all_csv_v1.txt); entity names in the separate entities zip,"School Code = 0000000 and Type ID = 6 (district); Type ID 5 is county, 4 state",County Code + District Code (CDS 2 + 5 digits),Student Group ID,74,78,80,Test ID,2,1,Grade,11 (Smarter Balanced; Test Type B),Total Students Tested with Scores,Percentage Standard Met and Above,Standard Met + Standard Exceeded,* ; blank,"Two manifest datasets per year (hs_reportcard_ca, hs_reportcard_ca_entities). The 2024 and 2025 layouts add District Name, School Name and count columns; student group codes are the CAASPP research-file codes."
CO,2022,hs_reportcard_co_math; hs_reportcard_co_rla,hs_reportcard_co_math=archived; hs_reportcard_co_rla=archived,mapped,hs_reportcards/CO/2022PSAT-SATMathSchoolandDistrictAchievementResults-DisaggregatedbyGroup.xlsx | hs_reportcards/CO/2022PSAT-SATERWSchoolandDistrictAchievementResults-DisaggregatedbyGroup.xlsx,"sheet Race Ethnicity; header row is the row whose first cell is 'Level' (row 12 in 2024, 17 in 2025)","Level = District (School Code 0000, School Name All Schools)",District Code (CDE 4-digit district code),Race/Ethnicity,Black,Hispanic,White,(file: Math / ERW or RW),2022PSAT-SATMath...xlsx,2022PSAT-SATERW...xlsx (Evidence-Based Reading and Writing),Grade,"SAT Grade 11, PSAT Grade 10, PSAT Grade 9 (pooled as in test_replacement.csv: PSAT grades 9-10 and SAT grade 11)",Number of Valid Scores,Percent Met or Exceeded Expectations (Number Met or Exceeded Expectations for pooling),Met + Exceeded Expectations (Colorado-specific performance levels),- - ; < 16,Counts print with thousands separators. The single-grade rows are pooled with Number Met or Exceeded / Number of Valid Scores; SAT Grade 11 alone is the grade-11-only alternative.
CO,2023,hs_reportcard_co_math; hs_reportcard_co_rla,hs_reportcard_co_math=archived; hs_reportcard_co_rla=archived,mapped,hs_reportcards/CO/2023PSATandSATMathDistrictandSchoolDisaggregatedAchievementResults_0.xlsx | hs_reportcards/CO/2023PSATandSATEvidence-BasedReadingandWritingDistrictandSchoolDisaggregatedAchievementResults.xlsx,"sheet Race Ethnicity; header row is the row whose first cell is 'Level' (row 12 in 2024, 17 in 2025)","Level = District (School Code 0000, School Name All Schools)",District Code (CDE 4-digit district code),Race/Ethnicity,Black,Hispanic,White,(file: Math / ERW or RW),2023PSATandSATMath...xlsx,2023PSATandSATEvidence-BasedReadingandWriting...xlsx,Grade,"SAT Grade 11, PSAT Grade 10, PSAT Grade 9 (pooled as in test_replacement.csv: PSAT grades 9-10 and SAT grade 11)",Number of Valid Scores,Percent Met or Exceeded Expectations (Number Met or Exceeded Expectations for pooling),Met + Exceeded Expectations (Colorado-specific performance levels),- - ; < 16,Counts print with thousands separators. The single-grade rows are pooled with Number Met or Exceeded / Number of Valid Scores; SAT Grade 11 alone is the grade-11-only alternative.
CO,2024,hs_reportcard_co_math; hs_reportcard_co_rla,hs_reportcard_co_math=archived; hs_reportcard_co_rla=archived,mapped,hs_reportcards/CO/2024PSAT_SATMathDisaggregatedResults.xlsx | hs_reportcards/CO/2024PSAT_SATReadingandWritingDisaggregatedResults.xlsx,"sheet Race Ethnicity; header row is the row whose first cell is 'Level' (row 12 in 2024, 17 in 2025)","Level = District (School Code 0000, School Name All Schools)",District Code (CDE 4-digit district code),Race/Ethnicity,Black,Hispanic,White,(file: Math / ERW or RW),2024PSAT_SATMath...xlsx,2024PSAT_SATReadingandWriting...xlsx (digital SAT Suite Reading and Writing),Grade,"SAT Grade 11, PSAT Grade 10, PSAT Grade 9 (pooled as in test_replacement.csv: PSAT grades 9-10 and SAT grade 11)",Number of Valid Scores,Percent Met or Exceeded Expectations (Number Met or Exceeded Expectations for pooling),Met + Exceeded Expectations (Colorado-specific performance levels),- - ; < 16,Counts print with thousands separators. The single-grade rows are pooled with Number Met or Exceeded / Number of Valid Scores; SAT Grade 11 alone is the grade-11-only alternative.
CO,2025,hs_reportcard_co_math; hs_reportcard_co_rla,hs_reportcard_co_math=archived; hs_reportcard_co_rla=archived,mapped,hs_reportcards/CO/2025PSATSATMathDisaggregatedDistrictandSchoolAchievementResults.xlsx | hs_reportcards/CO/2025PSATSATRWDisaggregatedDistrictandSchoolAchievementResults.xlsx,"sheet Race Ethnicity; header row is the row whose first cell is 'Level' (row 12 in 2024, 17 in 2025)","Level = District (School Code 0000, School Name All Schools)",District Code (CDE 4-digit district code),Race/Ethnicity,Black,Hispanic,White,(file: Math / ERW or RW),2025PSATSATMath...xlsx,2025PSATSATRW...xlsx,Grade,"SAT Grade 11, PSAT Grade 10, PSAT Grade 9 (pooled as in test_replacement.csv: PSAT grades 9-10 and SAT grade 11)",Number of Valid Scores,Percent Met or Exceeded Expectations (Number Met or Exceeded Expectations for pooling),Met + Exceeded Expectations (Colorado-specific performance levels),- - ; < 16,2025 adds an All Grades row per district and group; the grade 9 test is the digital PSAT 8/9. Counts print with thousands separators. The single-grade rows are pooled with Number Met or Exceeded / Number of Valid Scores; SAT Grade 11 alone is the grade-11-only alternative.
CT,2022,hs_reportcard_ct,hs_reportcard_ct=archived; hs_reportcard_ct=archived,mapped,hs_reportcards/CT/hs_CT_2022_math.csv | hs_reportcards/CT/hs_CT_2022_ela.csv,"csv export (EdSight, one file per subject); header rows 4-5",every row is a district; District and District Code are printed on the first row of each district only (fill down),"District Code (CSDE 7-digit district code, printed as =""2850013"")",Race/Ethnicity,Black or African American,Hispanic/Latino of any race,White,(file: _math / _ela),hs_CT_2022_math.csv,hs_CT_2022_ela.csv,(none; file title 'CT School Day SAT'),Grade 11 (Connecticut SAT School Day),Total Number with Scored Tests (also Total Number Tested),Level 3&4 Met or Exceeded: %,Level 3 Met + Level 4 Exceeded,* ; N/A,
CT,2023,hs_reportcard_ct,hs_reportcard_ct=archived; hs_reportcard_ct=archived,mapped,hs_reportcards/CT/hs_CT_2023_math.csv | hs_reportcards/CT/hs_CT_2023_ela.csv,"csv export (EdSight, one file per subject); header rows 4-5",every row is a district; District and District Code are printed on the first row of each district only (fill down),"District Code (CSDE 7-digit district code, printed as =""2850013"")",Race/Ethnicity,Black or African American,Hispanic/Latino of any race,White,(file: _math / _ela),hs_CT_2023_math.csv,hs_CT_2023_ela.csv,(none; file title 'CT School Day SAT'),Grade 11 (Connecticut SAT School Day),Total Number with Scored Tests (also Total Number Tested),Level 3&4 Met or Exceeded: %,Level 3 Met + Level 4 Exceeded,* ; N/A,
CT,2024,hs_reportcard_ct,hs_reportcard_ct=archived; hs_reportcard_ct=archived,mapped,hs_reportcards/CT/hs_CT_2024_math.csv | hs_reportcards/CT/hs_CT_2024_ela.csv,"csv export (EdSight, one file per subject); header rows 4-5",every row is a district; District and District Code are printed on the first row of each district only (fill down),"District Code (CSDE 7-digit district code, printed as =""2850013"")",Race/Ethnicity,Black or African American,Hispanic/Latino of any race,White,(file: _math / _ela),hs_CT_2024_math.csv,hs_CT_2024_ela.csv,(none; file title 'CT School Day SAT'),Grade 11 (Connecticut SAT School Day),Total Number with Scored Tests (also Total Number Tested),Level 3&4 Met or Exceeded: %,Level 3 Met + Level 4 Exceeded,* ; N/A,
CT,2025,hs_reportcard_ct,hs_reportcard_ct=archived; hs_reportcard_ct=archived,mapped,hs_reportcards/CT/hs_CT_2025_math.csv | hs_reportcards/CT/hs_CT_2025_ela.csv,"csv export (EdSight, one file per subject); header rows 4-5",every row is a district; District and District Code are printed on the first row of each district only (fill down),"District Code (CSDE 7-digit district code, printed as =""2850013"")",Race/Ethnicity,Black or African American,Hispanic/Latino of any race,White,(file: _math / _ela),hs_CT_2025_math.csv,hs_CT_2025_ela.csv,(none; file title 'CT School Day SAT'),Grade 11 (Connecticut SAT School Day),Total Number with Scored Tests (also Total Number Tested),Level 3&4 Met or Exceeded: %,Level 3 Met + Level 4 Exceeded,* ; N/A,
DC,2022,hs_reportcard_dc,hs_reportcard_dc=archived,mapped,hs_reportcards/DC/2021-22 LEA Level PARCC and MSAA Data.xlsx,sheet prof,Aggregation Level = LEA (every row); Assessment Name = All; Grade of Enrollment = All,LEA Code (OSSE 3-digit LEA code),Subgroup Value (Student group = Race/Ethnicity),Black/African American,Hispanic/Latino,White/Caucasian,Subject,Math,ELA,Tested Grade/Subject,"Algebra I, Geometry, Algebra II (mathematics, pooled with Count and Total Count); English II (English I also printed)",Total Count,Percent (Count = meeting or exceeding),Meeting (Level 4) + Exceeding (Level 5) Expectations,n<10 ; DS,Districts are OSSE LEAs (DCPS and charter LEAs).
DC,2023,hs_reportcard_dc,hs_reportcard_dc=archived,mapped,hs_reportcards/DC/2022-23 LEA Level PARCC and MSAA Data_9_5.xlsx,"sheet Meeting, Exceeding",Aggregation Level = LEA (every row); Assessment Name = All (regular plus MSAA pooled); Grade of Enrollment = All; School Framework = All,LEA Code (OSSE 3-digit LEA code),Student Group Value (Student Group = Race/Ethnicity),Black/African American,Hispanic/Latino of any race,White,Subject,Math,ELA,Tested Grade/Subject,"Algebra I, Geometry, Algebra II (mathematics, pooled with Count and Total Count); English II (English I also printed)",Total Count,Percent (Count = meeting or exceeding),Meeting (Level 4) + Exceeding (Level 5) Expectations,n<10 ; DS ; <1% ; <5% ; <=10% ; >=90% ; >95%,Districts are OSSE LEAs (DCPS and charter LEAs).
DC,2024,hs_reportcard_dc,hs_reportcard_dc=archived,mapped,hs_reportcards/DC/2023-24 LEA Level DCCAPE and MSAA Data 1.15.2025.xlsx,"sheet Meeting, Exceeding",Aggregation Level = LEA (every row); Assessment Name = All (regular plus MSAA pooled); Grade of Enrollment = All; School Framework = All,LEA Code (OSSE 3-digit LEA code),Student Group Value (Student Group = Race/Ethnicity),Black/African American,Hispanic/Latino of any race,White,Subject,Math,ELA,Tested Grade/Subject,"Algebra I, Geometry, Algebra II (mathematics, pooled with Count and Total Count); English II (English I also printed)",Total Count,Percent (Count = meeting or exceeding),Meeting (Level 4) + Exceeding (Level 5) Expectations,n<10 ; DS ; <1% ; <5% ; <=10% ; >=90% ; >95%,"DC CAPE (renamed PARCC, same blueprints). Districts are OSSE LEAs (DCPS and charter LEAs)."
DC,2025,hs_reportcard_dc,hs_reportcard_dc=archived,mapped,hs_reportcards/DC/2024-25 Public File LEA Level DCCAPE and MSAA Data 1.xlsx,"sheet Meeting, Exceeding",Aggregation Level = LEA (every row); Assessment Name = All (only value),LEA Code (OSSE 3-digit LEA code),Student Group Value (Student Group = Race/Ethnicity),Black/African American,Hispanic/Latino of any race,White,Subject,Math,ELA,Enrolled Grade or Course,"HS-Algebra I, HS-Geometry, HS-Algebra II (mathematics, pooled); HS-English II (HS-English I also printed)",Total Count,Percent (Count = meeting or exceeding),Meeting (Level 4) + Exceeding (Level 5) Expectations,n<10 ; DS ; <1% ; <5% ; <=10% ; >=90% ; >95%,DC 2025 is a conditional state-year under design_extension Section 4; the file carries LEA-by-race rows. Districts are OSSE LEAs (DCPS and charter LEAs).
DE,2022,hs_reportcard_de,hs_reportcard_de=archived,mapped,hs_reportcards/DE/Student_Assessment_Performance_SAT_School-Day_2022.csv,csv (long format),schoolcode = 0; gender = All Students; specialdemo = All Students; geography = All Students; assessmentname = SAT School-Day (Spring),districtcode (Delaware district code),race,African American,Hispanic/Latino,White,contentarea,MATH,"ELA (ESSAY rows are the separate essay score, not used)",grade,11th Grade (SAT School Day),tested,pctproficient,proficient as published (SAT School Day Delaware performance levels 3 and 4),"rowstatus = REDACTED with tested, proficient, pctproficient blank","grade also has 9th, 10th, 12th Grade and All Students rows in 2022; use 11th Grade."
DE,2023,hs_reportcard_de,hs_reportcard_de=archived,mapped,hs_reportcards/DE/Student_Assessment_Performance_SAT_School-Day_2023.csv,csv (long format),schoolcode = 0; gender = All Students; specialdemo = All Students; geography = All Students; assessmentname = SAT School-Day (Spring),districtcode (Delaware district code),race,African American,Hispanic/Latino,White,contentarea,MATH,"ELA (ESSAY rows are the separate essay score, not used)",grade,11th Grade (SAT School Day),tested,pctproficient,proficient as published (SAT School Day Delaware performance levels 3 and 4),"rowstatus = REDACTED with tested, proficient, pctproficient blank",
DE,2024,hs_reportcard_de,hs_reportcard_de=archived,mapped,hs_reportcards/DE/Student_Assessment_Performance_SAT_School-Day_2024.csv,csv (long format),schoolcode = 0; gender = All Students; specialdemo = All Students; geography = All Students; assessmentname = SAT School-Day (Spring),districtcode (Delaware district code),race,African American,Hispanic/Latino,White,contentarea,MATH,"ELA (ESSAY rows are the separate essay score, not used)",grade,11th Grade (SAT School Day),tested,pctproficient,proficient as published (SAT School Day Delaware performance levels 3 and 4),"rowstatus = REDACTED with tested, proficient, pctproficient blank",one contentarea value is printed 'Math' (1 row) besides MATH.
DE,2025,hs_reportcard_de,hs_reportcard_de=archived,mapped,hs_reportcards/DE/Student_Assessment_Performance_SAT_School-Day_2025.csv,csv (long format),schoolcode = 0; gender = All Students; specialdemo = All Students; geography = All Students; assessmentname = SAT School-Day (Spring),districtcode (Delaware district code),race,African American,Hispanic/Latino,White,contentarea,MATH,"ELA (ESSAY rows are the separate essay score, not used)",grade,11th Grade (SAT School Day),tested,pctproficient,proficient as published (SAT School Day Delaware performance levels 3 and 4),"rowstatus = REDACTED with tested, proficient, pctproficient blank",
GA,2022,hs_reportcard_ga,hs_reportcard_ga=archived,mapped,hs_reportcards/GA/EOC_2022_Dec08_2022.csv,"csv (Georgia Milestones EOC, GOSA/GaDOE aggregate)",INSTN_NUMBER = ALL (district total); SCHOOL_DISTRCT_CD = ALL is the state row,SCHOOL_DISTRCT_CD (GaDOE 3-digit system code),SUBGROUP_NAME,Black or African American,Hispanic,White,TEST_CMPNT_TYP_NM,Algebra I + Coordinate Algebra (pooled),American Literature and Composition,(none; course-based),"End-of-course, any grade: Algebra I pooled with Coordinate Algebra, American Literature and Composition",NUM_TESTED_CNT,PROFICIENT_PCT + DISTINGUISHED_PCT for a single test; pooled tests: (PROFICIENT_CNT + DISTINGUISHED_CNT) / NUM_TESTED_CNT summed over the tests,Proficient Learner + Distinguished Learner,TFS (too few students),"How a pooled share is formed when a component's counts are TFS is not decided here. Author decision 2026-09-16 (docs/deviations_run2.md, Section 4): Coordinate Algebra is pooled with Algebra I where present (2022-2024), with the counts."
GA,2023,hs_reportcard_ga,hs_reportcard_ga=archived,mapped,hs_reportcards/GA/EOC_2022-23__GA_TST_AGGR_2023-12-15_18_54_21.csv,"csv (Georgia Milestones EOC, GOSA/GaDOE aggregate)",INSTN_NUMBER = ALL (district total); SCHOOL_DISTRCT_CD = ALL is the state row,SCHOOL_DISTRCT_CD (GaDOE 3-digit system code),SUBGROUP_NAME,Black or African American,Hispanic,White,TEST_CMPNT_TYP_NM,Algebra I + Coordinate Algebra (pooled),American Literature and Composition,(none; course-based),"End-of-course, any grade: Algebra I pooled with Coordinate Algebra, American Literature and Composition",NUM_TESTED_CNT,PROFICIENT_PCT + DISTINGUISHED_PCT for a single test; pooled tests: (PROFICIENT_CNT + DISTINGUISHED_CNT) / NUM_TESTED_CNT summed over the tests,Proficient Learner + Distinguished Learner,TFS (too few students),"How a pooled share is formed when a component's counts are TFS is not decided here. Author decision 2026-09-16 (docs/deviations_run2.md, Section 4): Coordinate Algebra is pooled with Algebra I where present (2022-2024), with the counts."
GA,2024,hs_reportcard_ga,hs_reportcard_ga=archived,mapped,hs_reportcards/GA/EOC_2023-24__GA_TST_AGGR_2025-01-14_16_19_30.csv,"csv (Georgia Milestones EOC, GOSA/GaDOE aggregate)",INSTN_NUMBER = ALL (district total); SCHOOL_DISTRCT_CD = ALL is the state row,SCHOOL_DISTRCT_CD (GaDOE 3-digit system code),SUBGROUP_NAME,Black or African American,Hispanic,White,TEST_CMPNT_TYP_NM,Algebra: Concepts and Connections + Algebra I + Coordinate Algebra (pooled),American Literature and Composition,(none; course-based),"End-of-course, any grade: Algebra: Concepts and Connections pooled with the Algebra I and Coordinate Algebra rows of the year's earlier administrations, American Literature and Composition",NUM_TESTED_CNT,pooled: (PROFICIENT_CNT + DISTINGUISHED_CNT) / NUM_TESTED_CNT summed over Algebra: Concepts and Connections and the Algebra I / Coordinate Algebra rows kept by the 2024 rule,Proficient Learner + Distinguished Learner,TFS (too few students),"ACDMC_LVL = ALL GRADES. The year carries both Algebra: Concepts and Connections and Algebra I / Coordinate Algebra rows (test_replacement.csv: MIXED). Author decision 2026-09-16 (docs/deviations_run2.md, Section 4): in 2024 Coordinate Algebra is pooled with Algebra I only where both tested counts are reported; where one is suppressed (TFS) the single reported course is used; where both are suppressed the district-group mathematics cell is missing. Author decision 2026-09-16 (docs/deviations_run2.md, Section 4): Coordinate Algebra is pooled with Algebra I where present (2022-2024), with the counts."
GA,2025,hs_reportcard_ga,hs_reportcard_ga=archived,mapped,hs_reportcards/GA/EOC_2024-25__GA_TST_AGGR_2026-02-19_00_31_27.csv,"csv (Georgia Milestones EOC, GOSA/GaDOE aggregate)",INSTN_NUMBER = ALL (district total); SCHOOL_DISTRCT_CD = ALL is the state row,SCHOOL_DISTRCT_CD (GaDOE 3-digit system code),SUBGROUP_NAME,Black or African American,Hispanic,White,TEST_CMPNT_TYP_NM,Algebra: Concepts and Connections,American Literature and Composition,(none; course-based),"End-of-course, any grade: Algebra: Concepts and Connections, American Literature and Composition",NUM_TESTED_CNT,PROFICIENT_PCT + DISTINGUISHED_PCT,Proficient Learner + Distinguished Learner,TFS (too few students),"ACDMC_LVL = ALL GRADES. Author decision 2026-09-16 (docs/deviations_run2.md, Section 4): Coordinate Algebra is pooled with Algebra I where present (2022-2024), with the counts."
IA,2022,hs_reportcard_ia,hs_reportcard_ia=archived,unavailable,hs_reportcards/IA/2021-2022 ISASP Proficiency Rates by District and Grade.xlsx,,,,,,,,,,,,ISASP grades 10-11 (test_replacement.csv),,,,,"Excluded (docs/deviations_run2.md, 2026-09-16): the ISASP proficiency workbooks carry no race or ethnicity group (district by grade, all students; sheets ELA, Math, Science). Archived as the record of the check."
IA,2023,hs_reportcard_ia,hs_reportcard_ia=archived,unavailable,hs_reportcards/IA/2022-2023 ISASP Proficiency Rates by District and Grade.xlsx,,,,,,,,,,,,ISASP grades 10-11 (test_replacement.csv),,,,,"Excluded (docs/deviations_run2.md, 2026-09-16): the ISASP proficiency workbooks carry no race or ethnicity group (district by grade, all students; sheets ELA, Math, Science). Archived as the record of the check."
IA,2024,hs_reportcard_ia,hs_reportcard_ia=archived,unavailable,hs_reportcards/IA/2023-2024 ISASP-DLM Proficiency Rates by District and Grade.xlsx,,,,,,,,,,,,ISASP grades 10-11 (test_replacement.csv),,,,,"Excluded (docs/deviations_run2.md, 2026-09-16): the ISASP proficiency workbooks carry no race or ethnicity group (district by grade, all students; sheets ELA, Math, Science). Archived as the record of the check."
IA,2025,hs_reportcard_ia,hs_reportcard_ia=archived,unavailable,hs_reportcards/IA/2024-25 ISASP-DLM Proficiency Rates by District and Grade.xlsx,,,,,,,,,,,,ISASP grades 10-11 (test_replacement.csv),,,,,"Excluded (docs/deviations_run2.md, 2026-09-16): the ISASP proficiency workbooks carry no race or ethnicity group (district by grade, all students; sheets ELA, Math, Science). Archived as the record of the check."
ID,2022,hs_reportcard_id_sde,hs_reportcard_id=unavailable; hs_reportcard_id_sde=archived,mapped,hs_reportcards/ID/2022-ISAT-Results.xlsx,sheet Districts; header row 3,,District Id (SDE 3-digit district number),Population,Black / African American,Hispanic or Latino,White,Subject Name,Math,ELA,Grade,High School (ISAT; no grade number printed),(none),Advanced Rate + Proficient Rate,Advanced + Proficient,NSIZE ; N/A ; <n and >n (redacted bounds),"Enters from the legacy SDE workbooks by author decision (docs/deviations_run2.md, 2026-09-16); the Idaho Report Card export rows hs_reportcard_id 2022-2024 are unavailable. Where the rate is a bound (<n, >n) the Section 5 midpoint rule applies only if the implied range is 10 points or less."
ID,2023,hs_reportcard_id_sde,hs_reportcard_id=unavailable; hs_reportcard_id_sde=archived,mapped,hs_reportcards/ID/2022-2023-ALL-STUDENTS-ISAT-By-Level-Aggregates.xlsx,sheet Districts (LEAs); header row 2,,DistrictId (SDE 3-digit district number),Population,Black / African American,Hispanic or Latino,White,SubjectName,Math,ELA,Grade,High School (ISAT; no grade number printed),ProficiencyDenominator,AdvancedRate + ProficientRate,Advanced + Proficient,NSIZE ; N/A ; <n and >n (redacted bounds),"Enters from the legacy SDE workbooks by author decision (docs/deviations_run2.md, 2026-09-16); the Idaho Report Card export rows hs_reportcard_id 2022-2024 are unavailable. Where the rate is a bound (<n, >n) the Section 5 midpoint rule applies only if the implied range is 10 points or less."
ID,2024,hs_reportcard_id_sde,hs_reportcard_id=unavailable; hs_reportcard_id_sde=archived,mapped,hs_reportcards/ID/2023-2024-ISAT-Assessment-Aggregates-All-Students-REDACTED.xlsx,sheet Districts; header row 1,,DistrictId (SDE 3-digit district number),Population,Black / African American,Hispanic or Latino,White,SubjectName,Math,ELA,Grade,High School (ISAT; no grade number printed),ProficiencyDenominator,AdvancedRate + ProficientRate,Advanced + Proficient,NSIZE ; N/A ; <n and >n (redacted bounds),"Enters from the legacy SDE workbooks by author decision (docs/deviations_run2.md, 2026-09-16); the Idaho Report Card export rows hs_reportcard_id 2022-2024 are unavailable. Where the rate is a bound (<n, >n) the Section 5 midpoint rule applies only if the implied range is 10 points or less."
ID,2025,hs_reportcard_id,hs_reportcard_id=unavailable,unavailable,,,,,,,,,,,,,High School (ISAT; no grade number printed),,,,,"Manifest row hs_reportcard_id 2025 is unavailable (docs/deviations_run2.md, 2026-09-16): no 2024-25 Idaho file crosses race with grade."
IL,2022,hs_reportcard_il,hs_reportcard_il=archived,mapped,hs_reportcards/IL/2022-Report-Card-Public-Data-Set.xlsx,"sheet SAT (wide: one row per school or district, one column per measure and group)",Type = District,RCDTS (ISBE region-county-district-type-school code; district rows end 0000),(column name),Black or African American,Hispanic or Latino,White,(column name),SAT Math,SAT Reading / SAT ELA,(none),Grade 11 (SAT School Day),# SAT Math Participation - <group>; # SAT ELA Participation - <group>,SAT Math Total <group> Students Level 3 % + Level 4 %; SAT Reading Total <group> Students Level 3 % + Level 4 %,Level 3 + Level 4 (ISBE SAT performance levels),blank,Counts exist in 2022 and 2023 only; in 2024 and 2025 the Section 5 floor falls back to Illinois's minimum group size.
IL,2023,hs_reportcard_il,hs_reportcard_il=archived,mapped,hs_reportcards/IL/23-RC-Pub-Data-Set.xlsx,"sheet SAT (wide: one row per school or district, one column per measure and group)",Type = District,RCDTS (ISBE region-county-district-type-school code; district rows end 0000),(column name),Black or African American,Hispanic or Latino,White,(column name),SAT Math,SAT Reading / SAT ELA,(none),Grade 11 (SAT School Day),# SAT Math Participation - <group>; # SAT ELA Participation - <group>,SAT Math Total <group> Students Level 3 % + Level 4 %; SAT Reading Total <group> Students Level 3 % + Level 4 %,Level 3 + Level 4 (ISBE SAT performance levels),blank,Counts exist in 2022 and 2023 only; in 2024 and 2025 the Section 5 floor falls back to Illinois's minimum group size.
IL,2024,hs_reportcard_il,hs_reportcard_il=archived,mapped,hs_reportcards/IL/24-RC-Pub-Data-Set.xlsx,"sheet SAT (wide: one row per school or district, one column per measure and group)",Type = District,RCDTS (ISBE region-county-district-type-school code; district rows end 0000),(column name),Black or African American,Hispanic or Latino,White,(column name),SAT Math,SAT Reading / SAT ELA,(none),Grade 11 (SAT School Day),(none; only % SAT Math/ELA Participation - <group>),SAT Math Proficiency Rate - <group>; SAT ELA Proficiency Rate - <group> (Level 3 % and Level 4 % columns also printed),Level 3 + Level 4 (ISBE SAT performance levels),*,Digital SAT. Counts exist in 2022 and 2023 only; in 2024 and 2025 the Section 5 floor falls back to Illinois's minimum group size.
IL,2025,hs_reportcard_il,hs_reportcard_il=archived,mapped,hs_reportcards/IL/2025-Report-Card-Public-Data-Set.xlsx,sheet ACT,Level = District,RCDTS,(column name),Black or African American,Hispanic or Latino,White,(column name),ACT Math,ACT ELA,(none),Grade 11 (ACT); PreACT 9 Secure and PreACT Secure grade 10 columns and a pooled 'HS Assessment' column are also printed,(none; only ACT Math/ELA Participation Rate Grade 11 - <group>),ACT Math Proficiency Rate Grade 11 - <group>; ACT ELA Proficiency Rate Grade 11 - <group>,proficient as published (ISBE ACT performance levels),*,ACT replaced the SAT as the grade 11 test (test_replacement.csv IL 2025 = 1). Counts exist in 2022 and 2023 only; in 2024 and 2025 the Section 5 floor falls back to Illinois's minimum group size.
IN,2022,hs_reportcard_in,hs_reportcard_in=archived,mapped,hs_reportcards/IN/SAT-2022-Grade11-Final-Corporation-v2.xlsx,sheets Math Demographics and EBRW Demographics; group header row 4 (5 in later files) above the measure header row,every row is a corporation (district),Corp ID (IDOE 4-digit corporation number),(column block under the group header row),Black,Hispanic,White,(sheet),Math Demographics,EBRW Demographics,(none; file title Grade 11),Grade 11 (SAT; junior cohort),Total Tested (in the group block),"Benchmark % (proportion, 0-1; At Benchmark / Total Tested)",At Benchmark,*** (fewer than 10 students),
IN,2023,hs_reportcard_in,hs_reportcard_in=archived,mapped,hs_reportcards/IN/SAT-2023-Grade11-Final-Corporation.xlsx,sheets Math Demographics and EBRW Demographics; group header row 4 (5 in later files) above the measure header row,every row is a corporation (district),Corp ID (IDOE 4-digit corporation number),(column block under the group header row),Black,Hispanic,White,(sheet),Math Demographics,EBRW Demographics,(none; file title Grade 11),Grade 11 (SAT; junior cohort),Total Tested (in the group block),"Benchmark % (proportion, 0-1; At Benchmark / Total Tested)",At Benchmark,*** (fewer than 10 students),
IN,2024,hs_reportcard_in,hs_reportcard_in=archived,mapped,hs_reportcards/IN/SAT-2024-Grade11-Corporation.xlsx,sheets Math Demographics and EBRW Demographics; group header row 4 (5 in later files) above the measure header row,every row is a corporation (district),Corp ID (IDOE 4-digit corporation number),(column block under the group header row),Black,Hispanic,White,(sheet),Math Demographics,EBRW Demographics,(none; file title Grade 11),Grade 11 (SAT; junior cohort),Total Tested (in the group block),"Benchmark % (proportion, 0-1; At Benchmark / Total Tested)",At Benchmark,*** (fewer than 10 students),Digital SAT.
IN,2025,hs_reportcard_in,hs_reportcard_in=archived,mapped,hs_reportcards/IN/SAT-2025-Grade11-Corporation_a.xlsx,sheets Math Demographics and EBRW Demographics; group header row 4 (5 in later files) above the measure header row,every row is a corporation (district),Corp ID (IDOE 4-digit corporation number),(column block under the group header row),Black,Hispanic,White,(sheet),Math Demographics,EBRW Demographics,(none; file title Grade 11),Grade 11 (SAT; junior cohort),Total Tested (in the group block),"Benchmark % (proportion, 0-1; At Benchmark / Total Tested)",At Benchmark,*** (fewer than 10 students),
KS,2022,hs_reportcard_ks,hs_reportcard_ks=archived,mapped,hs_reportcards/KS/2021_2022_Assessment_Full_File.xlsx,sheet 2022,Bldg. No. = 0 and Org. No. starting D0 (Organization/Building/State Name printed as 'D0xxx - name'),"Org. No. (KSDE USD number, D0xxx)",Group,African-American Students,Hispanic,White,Subject,Math,ELA,Grade,10th Grade (KAP),(none),Pct. Level 3 + Pct. Level 4,Level 3 + Level 4,none printed; small cells are withheld (row absent),No tested count in any year: the Section 5 floor falls back to Kansas's minimum group size. Pct. Not Tested is 0 throughout.
KS,2023,hs_reportcard_ks,hs_reportcard_ks=archived,mapped,hs_reportcards/KS/2022_2023_Assessment_Full_File.xlsx,sheet 2023,Building = *** District Totals ***,"Org. No. (KSDE USD number, D0xxx)",Student Subgroup,African-American Students,Hispanic,White,Subject,Math,ELA,Grade,10th Grade (KAP),(none),Pct. Level 3 + Pct. Level 4,Level 3 + Level 4,none printed; small cells are withheld (row absent),No tested count in any year: the Section 5 floor falls back to Kansas's minimum group size. Pct. Not Tested is 0 throughout.
KS,2024,hs_reportcard_ks,hs_reportcard_ks=archived,mapped,hs_reportcards/KS/2023_2024_Assessment_Full_File.xlsx,sheet 2024,Building = *** District Totals ***,"Org. No. (KSDE USD number, D0xxx)",Student Subgroup,African-American Students,Hispanic,White,Subject,Math,ELA,Grade,10th Grade (KAP),(none),Pct. Level 3 + Pct. Level 4,Level 3 + Level 4,none printed; small cells are withheld (row absent),No tested count in any year: the Section 5 floor falls back to Kansas's minimum group size. Pct. Not Tested is 0 throughout.
KS,2025,hs_reportcard_ks,hs_reportcard_ks=archived,mapped,hs_reportcards/KS/2024_2025_Assessment_Full_File.xlsx,sheet 2025,Building = *** District Totals ***,"Org. No. (KSDE USD number, D0xxx)",Student Subgroup,African-American Students,Hispanic,White,Subject,Math,ELA,Grade,10th Grade (KAP),(none),Pct. Level 3 + Pct. Level 4,Level 3 + Level 4,none printed; small cells are withheld (row absent),2025 is the revised KAP with new cut scores. No tested count in any year: the Section 5 floor falls back to Kansas's minimum group size. Pct. Not Tested is 0 throughout.
KY,2022,hs_reportcard_ky,hs_reportcard_ky=archived,mapped,hs_reportcards/KY/asmt_performance_by_grade_2022.csv,csv (KDE School Report Card assessment performance by grade),SCHOOL NAME = ---District Total---,DISTRICT NUMBER (KDE 3-digit district number),DEMOGRAPHIC,African American,Hispanic or Latino,White (non-Hispanic),SUBJECT,MA,RD,GRADE = 10,Grade 10 (Kentucky Summative Assessments),(none),PROFICIENT/DISTINGUISHED,Proficient + Distinguished,* (SUPPRESSED = Y); N/A,No tested count: the Section 5 floor falls back to Kentucky's minimum group size. The rows include students who took the alternate assessment (a separate 'Alternate Assessment' demographic is also printed).
KY,2023,hs_reportcard_ky,hs_reportcard_ky=archived,mapped,hs_reportcards/KY/asmt_performance_by_grade_2023.csv,csv (KDE School Report Card assessment performance by grade),SCHOOL NAME = ---District Total---,DISTRICT NUMBER (KDE 3-digit district number),DEMOGRAPHIC,African American,Hispanic or Latino,White (non-Hispanic),SUBJECT,MA,RD,GRADE = 10,Grade 10 (Kentucky Summative Assessments),(none),PROFICIENT/DISTINGUISHED,Proficient + Distinguished,* (SUPPRESSED = Y); N/A,754 rows carry SCHOOL YEAR 20022023 (a typo for 20222023). No tested count: the Section 5 floor falls back to Kentucky's minimum group size. The rows include students who took the alternate assessment (a separate 'Alternate Assessment' demographic is also printed).
KY,2024,hs_reportcard_ky,hs_reportcard_ky=archived,mapped,hs_reportcards/KY/KYRC24_ASMT_Kentucky_Summative_Assessment.csv,csv (KDE School Report Card assessment performance by grade),School Name = All Schools (School Type blank),District Number (KDE 3-digit district number),Demographic,African American,Hispanic or Latino,White (non-Hispanic),Subject,Mathematics,Reading,Grade = Grade 10,Grade 10 (Kentucky Summative Assessments),(none),Proficient / Distinguished,Proficient + Distinguished,* (Suppressed = Y); N/A,No tested count: the Section 5 floor falls back to Kentucky's minimum group size. The rows include students who took the alternate assessment (a separate 'Alternate Assessment' demographic is also printed).
KY,2025,hs_reportcard_ky,hs_reportcard_ky=archived,mapped,hs_reportcards/KY/KYRC25_ASMT_Kentucky_Summative_Assessment.csv,csv (KDE School Report Card assessment performance by grade),School Name = All Schools (School Type blank),District Number (KDE 3-digit district number),Demographic,African American,Hispanic or Latino,White (non-Hispanic),Subject,Mathematics,Reading,Grade = 10th,Grade 10 (Kentucky Summative Assessments),(none),Proficient / Distinguished,Proficient + Distinguished,* (Suppressed = Y); N/A,No tested count: the Section 5 floor falls back to Kentucky's minimum group size. The rows include students who took the alternate assessment (a separate 'Alternate Assessment' demographic is also printed).
LA,2022,hs_reportcard_la,hs_reportcard_la=archived,mapped,hs_reportcards/LA/2022-state-lea-school-leap-high-school-achievement-level-summary-with-subgroups.xlsx,sheet LEAP HS; header rows 4 (test) and 5 (measure); one column block per test,Summary Level = School System,School System Code (LDOE code),Subgroup,Black or African American,Hispanic/Latino,White,(column block under header row 4),Algebra I,English II,(none; course-based),"LEAP 2025 end-of-course Algebra I and English II, any grade",(none),% Advanced + % Mastery,Advanced + Mastery,NR ; < 5 ; > 95,A block level printed '< 5' or '> 95' makes the Advanced + Mastery sum a range; the midpoint rule applies to the summed range. English I and Geometry blocks are also printed.
LA,2023,hs_reportcard_la,hs_reportcard_la=archived,mapped,hs_reportcards/LA/2023-state-lea-leap-school--high-school-achievement-level-summary-with-subgroups.xlsx,sheet LEAP HS; header rows 4 (test) and 5 (measure); one column block per test,Summary Level = School System,School System Code (LDOE code),Subgroup,Black or African American,Hispanic/Latino,White,(column block under header row 4),Algebra I,English II,(none; course-based),"LEAP 2025 end-of-course Algebra I and English II, any grade",(none),% Advanced + % Mastery,Advanced + Mastery,NR ; < 5 ; > 95,A block level printed '< 5' or '> 95' makes the Advanced + Mastery sum a range; the midpoint rule applies to the summed range. English I and Geometry blocks are also printed.
LA,2025,hs_reportcard_la,hs_reportcard_la=archived,mapped,hs_reportcards/LA/2025-state-lea-school-leap-high-school-achievement-level-summary-with-subgroups.xlsx,sheet LEAP HS; header rows 4 (test) and 5 (measure); one column block per test,Summary Level = School System,School System Code (LDOE code),Subgroup,Black or African American,Hispanic/Latino,White,(column block under header row 4),Algebra I,English II,(none; course-based),"LEAP 2025 end-of-course Algebra I and English II, any grade","(none; # Expected to Participate is printed per test, with % Participation Rate)",% Advanced + % Mastery,Advanced + Mastery,NR ; < 5 ; > 95,A block level printed '< 5' or '> 95' makes the Advanced + Mastery sum a range; the midpoint rule applies to the summed range. English I and Geometry blocks are also printed.
MA,2022,hs_reportcard_ma,hs_reportcard_ma=archived,mapped,hs_reportcards/MA/i9w6-niyt_sy2022.csv,"csv (DESE MCAS district results, Socrata i9w6-niyt, one year)",every row is a district (org_type = Public School District),dist_code (DESE 8-digit organization code),stu_grp,Black or African American,Hispanic or Latino,White,subject_code,MATH,ELA,test_grade,10 (Next-Generation MCAS),stu_cnt,"m_plus_e_pct (proportion, 0-1)",Meeting + Exceeding Expectations,none printed; groups below DESE's reporting minimum are absent,
MA,2023,hs_reportcard_ma,hs_reportcard_ma=archived,mapped,hs_reportcards/MA/i9w6-niyt_sy2023.csv,"csv (DESE MCAS district results, Socrata i9w6-niyt, one year)",every row is a district (org_type = Public School District),dist_code (DESE 8-digit organization code),stu_grp,Black or African American,Hispanic or Latino,White,subject_code,MATH,ELA,test_grade,10 (Next-Generation MCAS),stu_cnt,"m_plus_e_pct (proportion, 0-1)",Meeting + Exceeding Expectations,none printed; groups below DESE's reporting minimum are absent,
MA,2024,hs_reportcard_ma,hs_reportcard_ma=archived,mapped,hs_reportcards/MA/i9w6-niyt_sy2024.csv,"csv (DESE MCAS district results, Socrata i9w6-niyt, one year)",every row is a district (org_type = Public School District),dist_code (DESE 8-digit organization code),stu_grp,Black or African American,Hispanic or Latino,White,subject_code,MATH,ELA,test_grade,10 (Next-Generation MCAS),stu_cnt,"m_plus_e_pct (proportion, 0-1)",Meeting + Exceeding Expectations,none printed; groups below DESE's reporting minimum are absent,
MA,2025,hs_reportcard_ma,hs_reportcard_ma=archived,mapped,hs_reportcards/MA/i9w6-niyt_sy2025.csv,"csv (DESE MCAS district results, Socrata i9w6-niyt, one year)",every row is a district (org_type = Public School District),dist_code (DESE 8-digit organization code),stu_grp,Black or African American,Hispanic or Latino,White,subject_code,MATH,ELA,test_grade,10 (Next-Generation MCAS),stu_cnt,"m_plus_e_pct (proportion, 0-1)",Meeting + Exceeding Expectations,none printed; groups below DESE's reporting minimum are absent,
MI,2022,hs_reportcard_mi; hs_reportcard_mi_math; hs_reportcard_mi_rla,hs_reportcard_mi=archived; hs_reportcard_mi_math=archived; hs_reportcard_mi_rla=archived,unavailable,hs_reportcards/MI/hs_MI_2022_all.csv | hs_reportcards/MI/hs_MI_2022_math.csv | hs_reportcards/MI/hs_MI_2022_ela.csv,,,,,,,,,,,,SAT grade 11 (test_replacement.csv),,,,,"Unavailable (docs/deviations_run2.md, 2026-09-16): the High School Assessments file holds only MI-Access for grade-11 ELA and mathematics; the SAT cross-tabulated files give race only crossed with sex, English learner status or disability, with no race-alone row, no all-students row and no tested count. All twelve files are archived as the record of the check."
MI,2023,hs_reportcard_mi; hs_reportcard_mi_math; hs_reportcard_mi_rla,hs_reportcard_mi=archived; hs_reportcard_mi_math=archived; hs_reportcard_mi_rla=archived,unavailable,hs_reportcards/MI/hs_MI_2023_all.csv | hs_reportcards/MI/hs_MI_2023_math.csv | hs_reportcards/MI/hs_MI_2023_ela.csv,,,,,,,,,,,,SAT grade 11 (test_replacement.csv),,,,,"Unavailable (docs/deviations_run2.md, 2026-09-16): the High School Assessments file holds only MI-Access for grade-11 ELA and mathematics; the SAT cross-tabulated files give race only crossed with sex, English learner status or disability, with no race-alone row, no all-students row and no tested count. All twelve files are archived as the record of the check."
MI,2024,hs_reportcard_mi; hs_reportcard_mi_math; hs_reportcard_mi_rla,hs_reportcard_mi=archived; hs_reportcard_mi_math=archived; hs_reportcard_mi_rla=archived,unavailable,hs_reportcards/MI/hs_MI_2024_all.csv | hs_reportcards/MI/hs_MI_2024_math.csv | hs_reportcards/MI/hs_MI_2024_ela.csv,,,,,,,,,,,,SAT grade 11 (test_replacement.csv),,,,,"Unavailable (docs/deviations_run2.md, 2026-09-16): the High School Assessments file holds only MI-Access for grade-11 ELA and mathematics; the SAT cross-tabulated files give race only crossed with sex, English learner status or disability, with no race-alone row, no all-students row and no tested count. All twelve files are archived as the record of the check."
MI,2025,hs_reportcard_mi; hs_reportcard_mi_math; hs_reportcard_mi_rla,hs_reportcard_mi=archived; hs_reportcard_mi_math=archived; hs_reportcard_mi_rla=archived,unavailable,hs_reportcards/MI/hs_MI_2025_all.csv | hs_reportcards/MI/hs_MI_2025_math.csv | hs_reportcards/MI/hs_MI_2025_ela.csv,,,,,,,,,,,,SAT grade 11 (test_replacement.csv),,,,,"Unavailable (docs/deviations_run2.md, 2026-09-16): the High School Assessments file holds only MI-Access for grade-11 ELA and mathematics; the SAT cross-tabulated files give race only crossed with sex, English learner status or disability, with no race-alone row, no all-students row and no tested count. All twelve files are archived as the record of the check."
MN,2022,hs_reportcard_mn_math; hs_reportcard_mn_rla,hs_reportcard_mn_math=archived; hs_reportcard_mn_rla=archived,mapped,hs_reportcards/MN/2022PublicMCAMTASMath.xlsx | hs_reportcards/MN/2022PublicMCAMTASReading.xlsx,sheet District (one workbook per subject),every row of sheet District,District Number + District Type (MDE district number and type),Student Group (Group Category = Federal Race/Ethnicity),Black or African American students,Hispanic or Latino students,White students,Subject (file),MATH (Math in 2025),Reading,Grade,Mathematics grade 11; Reading grade 10 (MCA-III with MTAS),Total Tested (Count Valid Scores MCA + Count Valid Scores MTAS),"Percent Proficient (proportion, 0-1)",Meets (M) + Exceeds (E),Filter All = Y with count and percent cells 'no data' (2022-2023) or blank (2024-2025),"2022 carries both a Federal and a State Race/Ethnicity category; Black, Hispanic and White rows are under Federal Race/Ethnicity. From 2023 only State Race/Ethnicity is printed, where American Indian students of any ethnicity are counted as American Indian, so the Black, Hispanic and White groups are defined slightly differently from 2023. MCA and MTAS are pooled in Total Tested and Percent Proficient, as EDFacts pools regular and alternate results."
MN,2023,hs_reportcard_mn_math; hs_reportcard_mn_rla,hs_reportcard_mn_math=archived; hs_reportcard_mn_rla=archived,mapped,hs_reportcards/MN/PublicMCAMTASMath2023.xlsx | hs_reportcards/MN/PublicMCAMTASReading2023.xlsx,sheet District (one workbook per subject),every row of sheet District,District Number + District Type (MDE district number and type),Student Group (Group Category = State Race/Ethnicity),Black or African American students,Hispanic or Latino students,White students,Subject (file),MATH (Math in 2025),Reading,Grade,Mathematics grade 11; Reading grade 10 (MCA-III with MTAS),Total Tested (Count Valid Scores MCA + Count Valid Scores MTAS),"Percent Proficient (proportion, 0-1)",Meets (M) + Exceeds (E),Filter All = Y with count and percent cells 'no data' (2022-2023) or blank (2024-2025),"MCA and MTAS are pooled in Total Tested and Percent Proficient, as EDFacts pools regular and alternate results."
MN,2024,hs_reportcard_mn_math; hs_reportcard_mn_rla,hs_reportcard_mn_math=archived; hs_reportcard_mn_rla=archived,mapped,hs_reportcards/MN/PublicMCAMTASMath2024.xlsx | hs_reportcards/MN/PublicMCAMTASReading2024.xlsx,sheet District (one workbook per subject),every row of sheet District,District Number + District Type (MDE district number and type),Student Group (Group Category = State Race/Ethnicity),Black or African American students,Hispanic or Latino students,White students,Subject (file),MATH (Math in 2025),Reading,Grade,Mathematics grade 11; Reading grade 10 (MCA-III with MTAS),Total Tested (Count Valid Scores MCA + Count Valid Scores MTAS),"Percent Proficient (proportion, 0-1)",Meets (M) + Exceeds (E),Filter All = Y with count and percent cells 'no data' (2022-2023) or blank (2024-2025),"MCA and MTAS are pooled in Total Tested and Percent Proficient, as EDFacts pools regular and alternate results."
MN,2025,hs_reportcard_mn_math; hs_reportcard_mn_rla,hs_reportcard_mn_math=archived; hs_reportcard_mn_rla=archived,mapped,hs_reportcards/MN/MCAMTAS_Math_Public_Oct2025.xlsx | hs_reportcards/MN/MCAMTAS_Reading_Public_Oct2025.xlsx,sheet District (one workbook per subject),every row of sheet District,District Number + District Type (MDE district number and type),Student Group (Group Category = State Race/Ethnicity),Black or African American students,Hispanic or Latino students,White students,Subject (file),MATH (Math in 2025),Reading,Grade,Mathematics grade 11; Reading grade 10 (MCA-III with MTAS),Total Tested (Count Valid Scores MCA + Count Valid Scores MTAS),"Percent Proficient (proportion, 0-1)",Meets (M) + Exceeds (E),Filter All = Y with count and percent cells 'no data' (2022-2023) or blank (2024-2025),"Test Name reads 'All Standards-Based (MCA/MTAS/ALTMCA)'. MCA and MTAS are pooled in Total Tested and Percent Proficient, as EDFacts pools regular and alternate results."
MO,2022,hs_reportcard_mo,hs_reportcard_mo=archived,mapped,hs_reportcards/MO/District -- content area and grade all and disag 2022.xlsx,sheet Sheet1 (DESE MCDS district file),SUMMARY_LEVEL = District (every row; SCHOOL_CODE 0),COUNTY_DISTRICT (DESE 6-digit county-district code; printed without the leading zero from 2022 except 2023),TYPE (CATEGORY = Race/Ethnicity),Black (not Hispanic),Hispanic,White (not Hispanic),CONTENT_AREA,Mathematics,Eng. Language Arts,GRADE_LEVEL,"A1 (Algebra I end-of-course) and E2 (English II end-of-course), any grade",REPORTABLE (ACCOUNTABLE also printed),PROFICIENT_PCT + ADVANCED_PCT,Proficient + Advanced,*,2022 names the not-determined columns NON-PARTICIPANT(LND). A '*' in PROFICIENT_PCT or ADVANCED_PCT (a small cell) leaves the sum unknown even when the other is printed; PROFICIENT + ADVANCED counts over REPORTABLE give the same rate when both counts are printed.
MO,2023,hs_reportcard_mo,hs_reportcard_mo=archived,mapped,hs_reportcards/MO/2023 District_content area and grade all and disag.xlsx,sheet Sheet1 (DESE MCDS district file),SUMMARY_LEVEL = District (every row; SCHOOL_CODE 0),COUNTY_DISTRICT (DESE 6-digit county-district code; printed without the leading zero from 2022 except 2023),TYPE (CATEGORY = Race/Ethnicity),Black (not Hispanic),Hispanic,White (not Hispanic),CONTENT_AREA,Mathematics,Eng. Language Arts,GRADE_LEVEL,"A1 (Algebra I end-of-course) and E2 (English II end-of-course), any grade",REPORTABLE (ACCOUNTABLE also printed),PROFICIENT_PCT + ADVANCED_PCT,Proficient + Advanced,*,A '*' in PROFICIENT_PCT or ADVANCED_PCT (a small cell) leaves the sum unknown even when the other is printed; PROFICIENT + ADVANCED counts over REPORTABLE give the same rate when both counts are printed.
MO,2024,hs_reportcard_mo,hs_reportcard_mo=archived,mapped,hs_reportcards/MO/2024 District_content area and grade all and disag.xlsx,sheet Sheet1 (DESE MCDS district file),SUMMARY_LEVEL = District (every row; SCHOOL_CODE 0),COUNTY_DISTRICT (DESE 6-digit county-district code; printed without the leading zero from 2022 except 2023),TYPE (CATEGORY = Race/Ethnicity),Black (not Hispanic),Hispanic,White (not Hispanic),CONTENT_AREA,Mathematics,Eng. Language Arts,GRADE_LEVEL,"A1 (Algebra I end-of-course) and E2 (English II end-of-course), any grade",REPORTABLE (ACCOUNTABLE also printed),PROFICIENT_PCT + ADVANCED_PCT,Proficient + Advanced,*,A '*' in PROFICIENT_PCT or ADVANCED_PCT (a small cell) leaves the sum unknown even when the other is printed; PROFICIENT + ADVANCED counts over REPORTABLE give the same rate when both counts are printed.
MO,2025,hs_reportcard_mo,hs_reportcard_mo=archived,mapped,hs_reportcards/MO/2025 District_content area and grade all and disag.xlsx,sheet Sheet1 (DESE MCDS district file),SUMMARY_LEVEL = District (every row; SCHOOL_CODE 0),COUNTY_DISTRICT (DESE 6-digit county-district code; printed without the leading zero from 2022 except 2023),TYPE (CATEGORY = Race/Ethnicity),Black (not Hispanic),Hispanic,White (not Hispanic),CONTENT_AREA,Mathematics,Eng. Language Arts,GRADE_LEVEL,"A1 (Algebra I end-of-course) and E2 (English II end-of-course), any grade",REPORTABLE (ACCOUNTABLE also printed),PROFICIENT_PCT + ADVANCED_PCT,Proficient + Advanced,*,A '*' in PROFICIENT_PCT or ADVANCED_PCT (a small cell) leaves the sum unknown even when the other is printed; PROFICIENT + ADVANCED counts over REPORTABLE give the same rate when both counts are printed.
NC,2022,hs_reportcard_nc_disag,hs_reportcard_nc_disag=archived,mapped,hs_reportcards/NC/Disag_2021-22.zip,tab-delimited Disag_YYYY-YY_Data.txt in the zip (layout in the Description pdf),school_code ending LEA (e.g. 010LEA); charter schools are separate school codes,school_code (NCDPI 3-digit LEA code + 'LEA'),subgroup,BLCK,HISP,WHTE,subject,M1 (NC Math 1; M3 also printed),E2 (English II),grade,"EOC (end-of-course NC Math 1 and English II, any grade); type = ALL (regular RG plus NCEXTEND1 X1)",num_tested,pct_glp,Levels 3-5 (Grade Level Proficient); pct_ccr (Levels 4-5) is printed but not used,<5 ; >95 ; groups under 10 omitted,"Author decision 2026-09-16 (docs/deviations_run2.md, Section 4): proficiency is Level 3 and up (pct_glp)."
NC,2023,hs_reportcard_nc_disag,hs_reportcard_nc_disag=archived,mapped,hs_reportcards/NC/Disag_2022-23.zip,tab-delimited Disag_YYYY-YY_Data.txt in the zip (layout in the Description pdf),school_code ending LEA (e.g. 010LEA); charter schools are separate school codes,school_code (NCDPI 3-digit LEA code + 'LEA'),subgroup,BLCK,HISP,WHTE,subject,M1 (NC Math 1; M3 also printed),E2 (English II),grade,"EOC (end-of-course NC Math 1 and English II, any grade); type = ALL (regular RG plus NCEXTEND1 X1)",num_tested,pct_glp,Levels 3-5 (Grade Level Proficient); pct_ccr (Levels 4-5) is printed but not used,<5 ; >95 ; groups under 10 omitted,"Author decision 2026-09-16 (docs/deviations_run2.md, Section 4): proficiency is Level 3 and up (pct_glp)."
NC,2024,hs_reportcard_nc_disag,hs_reportcard_nc_disag=archived,mapped,hs_reportcards/NC/Disag_2023-24.zip,tab-delimited Disag_YYYY-YY_Data.txt in the zip (layout in the Description pdf),school_code ending LEA (e.g. 010LEA); charter schools are separate school codes,school_code (NCDPI 3-digit LEA code + 'LEA'),subgroup,BLCK,HISP,WHTE,subject,M1 (NC Math 1; M3 also printed),E2 (English II),grade,"EOC (end-of-course NC Math 1 and English II, any grade); type = ALL (regular RG plus NCEXTEND1 X1)",num_tested,pct_glp,Levels 3-5 (Grade Level Proficient); pct_ccr (Levels 4-5) is printed but not used,<5 ; >95 ; groups under 10 omitted,"Author decision 2026-09-16 (docs/deviations_run2.md, Section 4): proficiency is Level 3 and up (pct_glp)."
NC,2025,hs_reportcard_nc_disag,hs_reportcard_nc_disag=archived,mapped,hs_reportcards/NC/Disag_2024-25.zip,tab-delimited Disag_YYYY-YY_Data.txt in the zip (layout in the Description pdf),school_code ending LEA (e.g. 010LEA); charter schools are separate school codes,school_code (NCDPI 3-digit LEA code + 'LEA'),subgroup,BLCK,HISP,WHTE,subject,M1 (NC Math 1; M3 also printed),E2 (English II),grade,"EOC (end-of-course NC Math 1 and English II, any grade); type = ALL (regular RG plus NCEXTEND1 X1)",num_tested,pct_glp,Levels 3-5 (Grade Level Proficient); pct_ccr (Levels 4-5) is printed but not used,<5 ; >95 ; groups under 10 omitted,"Author decision 2026-09-16 (docs/deviations_run2.md, Section 4): proficiency is Level 3 and up (pct_glp)."
ND,2022,hs_reportcard_nd_assessment,hs_reportcard_nd_assessment=archived,mapped,hs_reportcards/ND/10006_6_csv_2021-2022.csv,"csv (NDDPI Insights assessment export); the 2022-2024 files open with an HTML download stub, the header row follows it","InstitutionID of 5 digits (county 2 + district 3, e.g. 08001); 10-digit ids are schools",InstitutionID (NDDPI county-district code),Subgroup,Black,Hispanic,White,Subject,Math,Reading,Grade,"10 (NDSA; AssessmentType = Comp, regular plus alternate; Accomodations = All)",(none),ProficientRangeLow + AdvancedRangeLow .. ProficientRangeHigh + AdvancedRangeHigh (proportions; the summed range),Proficient + Advanced,"every level is published as a range (RangeLow, RangeHigh): exact where low = high, otherwise bands of 5 or 10 points","Grade 11 rows are the districts that used the ACT locally (test_replacement.csv: MIXED). Author decision 2026-09-16 (docs/deviations_run2.md, Section 4): the ranged proficiency levels follow the Run 1 range rule: the proficiency share is the range from the sum of the two lower endpoints to the sum of the two upper endpoints, with width and midpoint taken from those printed endpoints; it enters at the midpoint when the width is 10 points or less and is missing otherwise; an exact level (low = high) has width 0. No tested count."
ND,2023,hs_reportcard_nd_assessment,hs_reportcard_nd_assessment=archived,mapped,hs_reportcards/ND/10006_6_csv_2022-2023.csv,"csv (NDDPI Insights assessment export); the 2022-2024 files open with an HTML download stub, the header row follows it","InstitutionID of 5 digits (county 2 + district 3, e.g. 08001); 10-digit ids are schools",InstitutionID (NDDPI county-district code),Subgroup,Black,Hispanic,White,Subject,Math,Reading,Grade,"10 (NDSA; AssessmentType = Comp, regular plus alternate; Accomodations = All)",(none),ProficientRangeLow + AdvancedRangeLow .. ProficientRangeHigh + AdvancedRangeHigh (proportions; the summed range),Proficient + Advanced,"every level is published as a range (RangeLow, RangeHigh): exact where low = high, otherwise bands of 5 or 10 points","Grade 11 rows are the districts that used the ACT locally (test_replacement.csv: MIXED). Author decision 2026-09-16 (docs/deviations_run2.md, Section 4): the ranged proficiency levels follow the Run 1 range rule: the proficiency share is the range from the sum of the two lower endpoints to the sum of the two upper endpoints, with width and midpoint taken from those printed endpoints; it enters at the midpoint when the width is 10 points or less and is missing otherwise; an exact level (low = high) has width 0. No tested count."
ND,2024,hs_reportcard_nd_assessment,hs_reportcard_nd_assessment=archived,mapped,hs_reportcards/ND/10006_6_csv_2023-2024.csv,"csv (NDDPI Insights assessment export); the 2022-2024 files open with an HTML download stub, the header row follows it","InstitutionID of 5 digits (county 2 + district 3, e.g. 08001); 10-digit ids are schools",InstitutionID (NDDPI county-district code),Subgroup,Black,Hispanic,White,Subject,Math,Reading,Grade,"10 (NDSA; AssessmentType = Comp, regular plus alternate; Accomodations = All)",(none),ProficientRangeLow + AdvancedRangeLow .. ProficientRangeHigh + AdvancedRangeHigh (proportions; the summed range),Proficient + Advanced,"every level is published as a range (RangeLow, RangeHigh): exact where low = high, otherwise bands of 5 or 10 points","Grade 11 rows are the districts that used the ACT locally (test_replacement.csv: MIXED). Author decision 2026-09-16 (docs/deviations_run2.md, Section 4): the ranged proficiency levels follow the Run 1 range rule: the proficiency share is the range from the sum of the two lower endpoints to the sum of the two upper endpoints, with width and midpoint taken from those printed endpoints; it enters at the midpoint when the width is 10 points or less and is missing otherwise; an exact level (low = high) has width 0. No tested count."
ND,2025,hs_reportcard_nd_assessment,hs_reportcard_nd_assessment=archived,mapped,hs_reportcards/ND/hs_ND_2025_all.csv,"csv (NDDPI Insights assessment export); the 2022-2024 files open with an HTML download stub, the header row follows it","InstitutionID of 5 digits (county 2 + district 3, e.g. 08001); 10-digit ids are schools",InstitutionID (NDDPI county-district code),Subgroup,Black,Hispanic,White,Subject,Math,Reading,Grade,10 (ND A+ Summative; AssessmentType = Comp),(none),ProficientRangeLow + AdvancedRangeLow .. ProficientRangeHigh + AdvancedRangeHigh (proportions; the summed range),Proficient + Advanced,"every level is published as a range (RangeLow, RangeHigh): exact where low = high, otherwise bands of 5 or 10 points","No grade 11 rows: the locally selected ACT option ended after 2023-24. Author decision 2026-09-16 (docs/deviations_run2.md, Section 4): the ranged proficiency levels follow the Run 1 range rule: the proficiency share is the range from the sum of the two lower endpoints to the sum of the two upper endpoints, with width and midpoint taken from those printed endpoints; it enters at the midpoint when the width is 10 points or less and is missing otherwise; an exact level (low = high) has width 0. No tested count."
NE,2022,hs_reportcard_ne_math; hs_reportcard_ne_rla,hs_reportcard_ne_math=archived; hs_reportcard_ne_rla=archived,mapped,hs_reportcards/NE/hs_NE_2022_math.csv | hs_reportcards/NE/hs_NE_2022_ela.csv,"csv (NDE export, one file per subject)",Level = DI (every row),COUNTY + DISTRICT,SUBGROUP_DESCRIPTION,Black or African American,Hispanic,White,SUBJECT (file),MATHEMATICS,ENGLISH LANGUAGE ARTS,(none),"Grade 11 (ACT, third-year cohort)",TESTED_COUNT,ON_TRACK_PERCENT + ACT_BENCHMARK_PERCENT (proportions),On Track + ACT Benchmark (NDE proficient; checked against the statewide rates),-1 (masked count or percent),A masked On Track or Benchmark cell leaves the sum unknown; 100 minus DevelopingPercent gives the same share when Developing is printed.
NE,2023,hs_reportcard_ne_math; hs_reportcard_ne_rla,hs_reportcard_ne_math=archived; hs_reportcard_ne_rla=archived,mapped,hs_reportcards/NE/hs_NE_2023_math.csv | hs_reportcards/NE/hs_NE_2023_ela.csv,"csv (NDE export, one file per subject)",Level = DI (every row),COUNTY + DISTRICT,SUBGROUP_DESCRIPTION,Black or African American,Hispanic,White,SUBJECT (file),MATHEMATICS,ENGLISH LANGUAGE ARTS,(none),"Grade 11 (ACT, third-year cohort)",TESTED_COUNT,ON_TRACK_PERCENT + ACT_BENCHMARK_PERCENT (proportions),On Track + ACT Benchmark (NDE proficient; checked against the statewide rates),-1 (masked count or percent),A masked On Track or Benchmark cell leaves the sum unknown; 100 minus DevelopingPercent gives the same share when Developing is printed.
NE,2024,hs_reportcard_ne_math; hs_reportcard_ne_rla,hs_reportcard_ne_math=archived; hs_reportcard_ne_rla=archived,mapped,hs_reportcards/NE/hs_NE_2024_math.csv | hs_reportcards/NE/hs_NE_2024_ela.csv,"csv (NDE export, one file per subject)",Level = DI (every row),County + District (NDE 2-digit county + 4-digit district),SubgroupDescription,Black or African American,Hispanic,White,Subject (file),Mathematics,English Language Arts,Grade (ALL),"Grade 11 (ACT, third-year cohort)",TestedCount,OnTrackPercent + ACTBenchmarkPercent,On Track + ACT Benchmark (NDE proficient; checked against the statewide rates),* ; NA,A masked On Track or Benchmark cell leaves the sum unknown; 100 minus DevelopingPercent gives the same share when Developing is printed.
NE,2025,hs_reportcard_ne_math; hs_reportcard_ne_rla,hs_reportcard_ne_math=archived; hs_reportcard_ne_rla=archived,mapped,hs_reportcards/NE/hs_NE_2025_math.csv | hs_reportcards/NE/hs_NE_2025_ela.csv,"csv (NDE export, one file per subject)",Level = DI (every row),County + District (NDE 2-digit county + 4-digit district),SubgroupDescription,Black or African American,Hispanic,White,Subject (file),Mathematics,English Language Arts,Grade (ALL),"Grade 11 (ACT, third-year cohort)",TestedCount,OnTrackPercent + AdvancedPercent,On Track + Advanced (the 2025 file renames ACT Benchmark as Advanced),* ; NA,A masked On Track or Benchmark cell leaves the sum unknown; 100 minus DevelopingPercent gives the same share when Developing is printed.
NH,2022,hs_reportcard_nh_disaggregated,hs_reportcard_nh_disaggregated=archived,mapped,hs_reportcards/NH/assessment22.csv,csv (NH DOE iPlatform disaggregated assessment file),Level of Data = District Level; DenominatorType = Regular,District (name only; no district code is printed),Subgroup,Black,Hispanic,White,Subject,mat,rea,Grade,11 (SAT School Day in mathematics and reading),"Total FAY Students (printed as a 5-student band, e.g. '30 - 35'; the 30 floor is applied to the band's lower bound)",Above prof% (lvl 3&4),Level 3 + Level 4,* n < 11 ; * n< 11 ; < 10 % ; > 90 % ; Not available,"Author decision 2026-09-16 (docs/deviations_run2.md, Section 4): the banded tested count passes the 30-student floor on the band's lower bound. Districts must be matched to NCES ids by name."
NH,2023,hs_reportcard_nh_disaggregated,hs_reportcard_nh_disaggregated=archived,mapped,hs_reportcards/NH/disaggregateddata2023.csv,csv (NH DOE iPlatform disaggregated assessment file),Level of Data = District Level; DenominatorType = Regular,District (name only; no district code is printed),Subgroup,Black,Hispanic,White,Subject,mat,rea,Grade,11 (SAT School Day in mathematics and reading),"Total FAY Students (printed as a 5-student band, e.g. '30 - 35'; the 30 floor is applied to the band's lower bound)",Above prof% (lvl 3&4),Level 3 + Level 4,* n < 11 ; * n< 11 ; < 10 % ; > 90 % ; Not available,"Author decision 2026-09-16 (docs/deviations_run2.md, Section 4): the banded tested count passes the 30-student floor on the band's lower bound. Districts must be matched to NCES ids by name."
NH,2024,hs_reportcard_nh_disaggregated,hs_reportcard_nh_disaggregated=archived,mapped,hs_reportcards/NH/disaggdata2024-1_0.csv,csv (NH DOE iPlatform disaggregated assessment file),Level of Data = District Level; DenominatorType = Regular,District (name only; no district code is printed),Subgroup,Black,Hispanic,White,Subject,mat,rea,Grade,11 (SAT School Day in mathematics and reading),"Total FAY Students (printed as a 5-student band, e.g. '30 - 35'; the 30 floor is applied to the band's lower bound)",Above prof% (lvl 3&4),Level 3 + Level 4,* n < 11 ; * n< 11 ; < 10 % ; > 90 % ; Not available,"Grade printed with a leading zero for grades 3-8 (11 unchanged). Digital SAT. Author decision 2026-09-16 (docs/deviations_run2.md, Section 4): the banded tested count passes the 30-student floor on the band's lower bound. Districts must be matched to NCES ids by name."
NH,2025,hs_reportcard_nh_disaggregated,hs_reportcard_nh_disaggregated=archived,mapped,hs_reportcards/NH/publicdatadisaggregated1_0.csv,csv (NH DOE iPlatform disaggregated assessment file),Level of Data = District Level; DenominatorType = Regular,District (name only; no district code is printed),Subgroup,Black,Hispanic,White,Subject,mat,rea,Grade,11 (SAT School Day in mathematics and reading),"Total FAY Students (printed as a 5-student band, e.g. '30 - 35'; the 30 floor is applied to the band's lower bound)",Above prof% (lvl 3&4),Level 3 + Level 4,* n < 11 ; * n< 11 ; < 10 % ; > 90 % ; Not available,"Subgroup values carry trailing spaces. Author decision 2026-09-16 (docs/deviations_run2.md, Section 4): the banded tested count passes the 30-student floor on the band's lower bound. Districts must be matched to NCES ids by name."
NJ,2022,"hs_reportcard_nj_njsla_alg01; hs_reportcard_nj_njsla_ela09 (hs_reportcard_nj_njgpa_math, hs_reportcard_nj_njgpa_ela not used)",hs_reportcard_nj_njgpa_ela=archived; hs_reportcard_nj_njgpa_math=archived; hs_reportcard_nj_njsla_alg01=archived; hs_reportcard_nj_njsla_ela09=archived,mapped,hs_reportcards/NJ/ALG01_NJSLA_DATA_2021-22.xlsx | hs_reportcards/NJ/ELA09_NJSLA_DATA_2021-22.xlsx,sheet ALG01 (Algebra I workbook) and sheet ELA09 (ELA grade 9 workbook); header row 3,School Name = District Total (School Code blank),County Code + District Code (NJDOE 2 + 4 digits),Subgroup Type (Subgroup = Race/Ethnicity),African American,Hispanic,White,(workbook),ALG01 NJSLA (Algebra I),ELA09 NJSLA (ELA grade 9),(none; Subgroup = Grade rows give grade of enrollment),NJSLA Algebra I (any grade) and NJSLA ELA grade 9; the NJGPA grade 11 workbooks are not used,Valid Scores,L4 Percent + L5 Percent,Level 4 (Met Expectations) + Level 5 (Exceeded Expectations),*,"Author decision 2026-09-16 (docs/deviations_run2.md, Section 4): reading/language arts is the grade 9 NJSLA (ELA09), not the NJGPA. Four manifest datasets per year; the NJGPA files (graduation proficiency test, grade 11) are archived but are not the NJSLA result named in test_replacement.csv."
NJ,2023,"hs_reportcard_nj_njsla_alg01; hs_reportcard_nj_njsla_ela09 (hs_reportcard_nj_njgpa_math, hs_reportcard_nj_njgpa_ela not used)",hs_reportcard_nj_njgpa_ela=archived; hs_reportcard_nj_njgpa_math=archived; hs_reportcard_nj_njsla_alg01=archived; hs_reportcard_nj_njsla_ela09=archived,mapped,hs_reportcards/NJ/ALG01_NJSLA_DATA_2022-23.xlsx | hs_reportcards/NJ/ELA09_NJSLA_DATA_2022-23.xlsx,sheet ALG01 (Algebra I workbook) and sheet ELA09 (ELA grade 9 workbook); header row 3,School Name = District Total (School Code blank),County Code + District Code (NJDOE 2 + 4 digits),Subgroup Type (Subgroup = Race/Ethnicity),African American,Hispanic,White,(workbook),ALG01 NJSLA (Algebra I),ELA09 NJSLA (ELA grade 9),(none; Subgroup = Grade rows give grade of enrollment),NJSLA Algebra I (any grade) and NJSLA ELA grade 9; the NJGPA grade 11 workbooks are not used,Valid Scores,L4 Percent + L5 Percent,Level 4 (Met Expectations) + Level 5 (Exceeded Expectations),*,"Author decision 2026-09-16 (docs/deviations_run2.md, Section 4): reading/language arts is the grade 9 NJSLA (ELA09), not the NJGPA. Four manifest datasets per year; the NJGPA files (graduation proficiency test, grade 11) are archived but are not the NJSLA result named in test_replacement.csv."
NJ,2024,"hs_reportcard_nj_njsla_alg01; hs_reportcard_nj_njsla_ela09 (hs_reportcard_nj_njgpa_math, hs_reportcard_nj_njgpa_ela not used)",hs_reportcard_nj_njgpa_ela=archived; hs_reportcard_nj_njgpa_math=archived; hs_reportcard_nj_njsla_alg01=archived; hs_reportcard_nj_njsla_ela09=archived,mapped,hs_reportcards/NJ/ALG01_NJSLA_DATA_2023-24.xlsx | hs_reportcards/NJ/ELA09_NJSLA_DATA_2023-24.xlsx,sheet ALG01 (Algebra I workbook) and sheet ELA09 (ELA grade 9 workbook); header row 3,School Name = District Total (School Code blank),County Code + District Code (NJDOE 2 + 4 digits),Subgroup Type (Subgroup = Race/Ethnicity),African American,Hispanic,White,(workbook),ALG01 NJSLA (Algebra I),ELA09 NJSLA (ELA grade 9),(none; Subgroup = Grade rows give grade of enrollment),NJSLA Algebra I (any grade) and NJSLA ELA grade 9; the NJGPA grade 11 workbooks are not used,Valid Scores,L4 Percent + L5 Percent,Level 4 (Met Expectations) + Level 5 (Exceeded Expectations),*,"Author decision 2026-09-16 (docs/deviations_run2.md, Section 4): reading/language arts is the grade 9 NJSLA (ELA09), not the NJGPA. Four manifest datasets per year; the NJGPA files (graduation proficiency test, grade 11) are archived but are not the NJSLA result named in test_replacement.csv."
NJ,2025,"hs_reportcard_nj_njsla_alg01; hs_reportcard_nj_njsla_ela09 (hs_reportcard_nj_njgpa_math, hs_reportcard_nj_njgpa_ela not used)",hs_reportcard_nj_njgpa_ela=archived; hs_reportcard_nj_njgpa_math=archived; hs_reportcard_nj_njsla_alg01=archived; hs_reportcard_nj_njsla_ela09=archived,mapped,hs_reportcards/NJ/ALG01 NJSLA DATA 2024-25.xlsx | hs_reportcards/NJ/ELA09 NJSLA DATA 2024-25.xlsx,sheet ALG01 (Algebra I workbook) and sheet ELA09 (ELA grade 9 workbook); header row 3,School Name = District Total (School Code blank),County Code + District Code (NJDOE 2 + 4 digits),Subgroup Type (Subgroup = Race/Ethnicity),Black or African American,Hispanic,White,(workbook),ALG01 NJSLA (Algebra I),ELA09 NJSLA (ELA grade 9),(none; Subgroup = Grade rows give grade of enrollment),NJSLA Algebra I (any grade) and NJSLA ELA grade 9; the NJGPA grade 11 workbooks are not used,Valid Scores,L4 Percent + L5 Percent,Level 4 (Met Expectations) + Level 5 (Exceeded Expectations),*,"Author decision 2026-09-16 (docs/deviations_run2.md, Section 4): reading/language arts is the grade 9 NJSLA (ELA09), not the NJGPA. Four manifest datasets per year; the NJGPA files (graduation proficiency test, grade 11) are archived but are not the NJSLA result named in test_replacement.csv."
NM,2022,hs_reportcard_nm_math; hs_reportcard_nm_rla,hs_reportcard_nm_math=archived; hs_reportcard_nm_rla=archived,mapped,hs_reportcards/NM/MATH-Proficiency-By-Assessment-SY-2021-2022-Masked.csv | hs_reportcards/NM/Language-Arts-Proficiency-By-Assessment-SY-2021-2022-Masked.csv,"csv (NMPED proficiency by assessment, masked; one file per subject)",Level = District,DistrictCode (NMPED district code),Demographic,Black,Hispanic,White,SubTest (file),MATH,ELA (LA from 2024),Grade (with Test),"Grade 11, Test = SAT (SAT School Day); DLM grade 11 rows are the alternate assessment",StudentTotal_Masked,ProficiencyRate_Masked (ProficientN_Masked / StudentTotal_Masked),Performance levels 3 + 4 (NMPED SAT School Day achievement levels),* ; ^ ; ≤ 5% ; ≤ 10% ; ≤ 20% ; ≥ 80% ; ≥ 90% ; ≥ 95%,"SAT and DLM grade 11 rows are separate; pooling them as EDFacts does needs both counts, which are often masked. Rates like '≤ 20%' are one-sided ranges wider than 10 points and are missing under Section 5."
NM,2023,hs_reportcard_nm_math; hs_reportcard_nm_rla,hs_reportcard_nm_math=archived; hs_reportcard_nm_rla=archived,mapped,hs_reportcards/NM/MATH-Proficiency-By-Assessment-SY-2022-2023-Masked.csv | hs_reportcards/NM/Language-Arts-Proficiency-By-Assessment-SY-2022-2023-Masked.csv,"csv (NMPED proficiency by assessment, masked; one file per subject)",Level = District,DistrictCode (NMPED district code),Demographic,Black,Hispanic,White,SubTest (file),MATH,ELA (LA from 2024),Grade (with Test),"Grade 11, Test = SAT (SAT School Day); DLM grade 11 rows are the alternate assessment",StudentTotal_Masked,ProficiencyRate_Masked (ProficientN_Masked / StudentTotal_Masked),Performance levels 3 + 4 (NMPED SAT School Day achievement levels),* ; ^ ; ≤ 5% ; ≤ 10% ; ≤ 20% ; ≥ 80% ; ≥ 90% ; ≥ 95%,"SAT and DLM grade 11 rows are separate; pooling them as EDFacts does needs both counts, which are often masked. Rates like '≤ 20%' are one-sided ranges wider than 10 points and are missing under Section 5."
NM,2024,hs_reportcard_nm_math; hs_reportcard_nm_rla,hs_reportcard_nm_math=archived; hs_reportcard_nm_rla=archived,mapped,hs_reportcards/NM/MATH-Proficiency-By-Assessment-SY-2023-2024-Masked.csv | hs_reportcards/NM/Language-Arts-Proficiency-By-Assessment-SY-2023-2024-Masked.csv,"csv (NMPED proficiency by assessment, masked; one file per subject)",Level = District,DistrictCode (NMPED district code),Demographic,Black,Hispanic,White,SubTest (file),MATH,ELA (LA from 2024),Grade (with Test),"Grade 11, Test = SAT (SAT School Day); DLM grade 11 rows are the alternate assessment",StudentTotal_Masked,ProficiencyRate_Masked (ProficientN_Masked / StudentTotal_Masked),Performance levels 3 + 4 (NMPED SAT School Day achievement levels),* ; ^ ; ≤ 5% ; ≤ 10% ; ≤ 20% ; ≥ 80% ; ≥ 90% ; ≥ 95%,"SAT and DLM grade 11 rows are separate; pooling them as EDFacts does needs both counts, which are often masked. Rates like '≤ 20%' are one-sided ranges wider than 10 points and are missing under Section 5."
NM,2025,hs_reportcard_nm_math; hs_reportcard_nm_rla,hs_reportcard_nm_math=archived; hs_reportcard_nm_rla=archived,mapped,hs_reportcards/NM/MATH-Proficiency-By-Assessment-SY-2024-2025-Masked.csv | hs_reportcards/NM/Language-Arts-Proficiency-By-Assessment-SY-2024-2025-Masked.csv,"csv (NMPED proficiency by assessment, masked; one file per subject)",Level = District,DistrictCode (NMPED district code),Demographic,Black,Hispanic,White,SubTest (file),MATH,ELA (LA from 2024),Grade (with Test),"Grade 11, Test = SAT (SAT School Day); DLM grade 11 rows are the alternate assessment",StudentTotal_Masked,ProficiencyRate_Masked (ProficientN_Masked / StudentTotal_Masked),Performance levels 3 + 4 (NMPED SAT School Day achievement levels),* ; ^ ; ≤ 5% ; ≤ 10% ; ≤ 20% ; ≥ 80% ; ≥ 90% ; ≥ 95%,"SAT and DLM grade 11 rows are separate; pooling them as EDFacts does needs both counts, which are often masked. Rates like '≤ 20%' are one-sided ranges wider than 10 points and are missing under Section 5."
NV,2022,hs_reportcard_nv_ccr_group_summary,hs_reportcard_nv_ccr_group_summary=archived; hs_reportcard_nv_ccr_group_summary=archived,mapped,hs_reportcards/NV/hs_NV_2022_math.csv | hs_reportcards/NV/hs_NV_2022_ela.csv,"csv (Nevada Report Card Group Summary Report, CCR Grade 11 High School ELA/Math, one file per subject); header row 4","Organization Code 01-17 (county districts) and 18-20 (State Charters, University, Correctional); 00 is the state. The first row of each organization carries its name in Group (all students); the race rows follow",Organization Code (NDE 2-digit district code),Group,Black,Hispanic,White,(file: _math / _ela),hs_NV_2022_math.csv,hs_NV_2022_ela.csv,(none; report title),Grade 11 (CCR high school assessment),Mathematics - Number Tested / ELA - Number Tested,Mathematics - % Proficient / ELA - % Proficient,Meets Standard + Exceeds Standard (published % Proficient),- ; -- ; <5 ; >95,
NV,2023,hs_reportcard_nv_ccr_group_summary,hs_reportcard_nv_ccr_group_summary=archived; hs_reportcard_nv_ccr_group_summary=archived,mapped,hs_reportcards/NV/hs_NV_2023_math.csv | hs_reportcards/NV/hs_NV_2023_ela.csv,"csv (Nevada Report Card Group Summary Report, CCR Grade 11 High School ELA/Math, one file per subject); header row 4","Organization Code 01-17 (county districts) and 18-20 (State Charters, University, Correctional); 00 is the state. The first row of each organization carries its name in Group (all students); the race rows follow",Organization Code (NDE 2-digit district code),Group,Black,Hispanic,White,(file: _math / _ela),hs_NV_2023_math.csv,hs_NV_2023_ela.csv,(none; report title),Grade 11 (CCR high school assessment),Mathematics - Number Tested / ELA - Number Tested,Mathematics - % Proficient / ELA - % Proficient,Meets Standard + Exceeds Standard (published % Proficient),- ; -- ; <5 ; >95,
NV,2024,hs_reportcard_nv_ccr_group_summary,hs_reportcard_nv_ccr_group_summary=archived; hs_reportcard_nv_ccr_group_summary=archived,mapped,hs_reportcards/NV/hs_NV_2024_math.csv | hs_reportcards/NV/hs_NV_2024_ela.csv,"csv (Nevada Report Card Group Summary Report, CCR Grade 11 High School ELA/Math, one file per subject); header row 4","Organization Code 01-17 (county districts) and 18-20 (State Charters, University, Correctional); 00 is the state. The first row of each organization carries its name in Group (all students); the race rows follow",Organization Code (NDE 2-digit district code),Group,Black,Hispanic,White,(file: _math / _ela),hs_NV_2024_math.csv,hs_NV_2024_ela.csv,(none; report title),Grade 11 (CCR high school assessment),Mathematics - Number Tested / ELA - Number Tested,Mathematics - % Proficient / ELA - % Proficient,Meets Standard + Exceeds Standard (published % Proficient),- ; -- ; <5 ; >95,
NV,2025,hs_reportcard_nv_ccr_group_summary,hs_reportcard_nv_ccr_group_summary=archived; hs_reportcard_nv_ccr_group_summary=archived,mapped,hs_reportcards/NV/hs_NV_2025_math.csv | hs_reportcards/NV/hs_NV_2025_ela.csv,"csv (Nevada Report Card Group Summary Report, CCR Grade 11 High School ELA/Math, one file per subject); header row 4","Organization Code 01-17 (county districts) and 18-20 (State Charters, University, Correctional); 00 is the state. The first row of each organization carries its name in Group (all students); the race rows follow",Organization Code (NDE 2-digit district code),Group,Black,Hispanic,White,(file: _math / _ela),hs_NV_2025_math.csv,hs_NV_2025_ela.csv,(none; report title),Grade 11 (CCR high school assessment),Mathematics - Number Tested / ELA - Number Tested,Mathematics - % Proficient / ELA - % Proficient,Meets Standard + Exceeds Standard (published % Proficient),- ; -- ; <5 ; >95,
NY,2022,hs_reportcard_ny_src,hs_reportcard_ny_src=archived,mapped,hs_reportcards/NY/SRC2022.zip (SRC2022_GroupIV.mdb),"Access database in the zip (SRCyyyy .mdb/.accdb), table [Annual Regents Exams]; the table carries the prior year too",ENTITY_CD ending 0000 with a district name (county rows 0000xx000000 and the state are excluded); YEAR = end year,ENTITY_CD (NYSED 12-digit BEDS code); INSTITUTION_ID also printed,SUBGROUP_NAME,Black or African American,Hispanic or Latino,White,SUBJECT,Regents Common Core Algebra I,Regents Common Core English Language Art,"(none; all administrations in the year, any grade)","Regents Examination in Algebra I and in English Language Arts (annual: August, January and June administrations)",TESTED,PER_PROF (NUM_PROF / TESTED),Levels 3-5,s,Layout checked in the database: YEAR 2021 and 2022 rows; extra exemption columns (TOTAL_EXEMPT ... ASSMNT_FLAG). Read with the Jet OLE DB provider (32-bit). The annual Regents rows count every administration in the year; the Total Cohort Regents table is the accountability-cohort alternative.
NY,2023,hs_reportcard_ny_src,hs_reportcard_ny_src=archived,mapped,hs_reportcards/NY/SRC2023.zip (SRC2023_Group5.mdb),"Access database in the zip (SRCyyyy .mdb/.accdb), table [Annual Regents Exams]; the table carries the prior year too",ENTITY_CD ending 0000 with a district name (county rows 0000xx000000 and the state are excluded); YEAR = end year,ENTITY_CD (NYSED 12-digit BEDS code); INSTITUTION_ID also printed,SUBGROUP_NAME,Black or African American,Hispanic or Latino,White,SUBJECT,Regents Common Core Algebra I,Regents Common Core English Language Art,"(none; all administrations in the year, any grade)","Regents Examination in Algebra I and in English Language Arts (annual: August, January and June administrations)",TESTED,PER_PROF (NUM_PROF / TESTED),Levels 3-5,s,Table and column layout not opened for this year; the manifest notes confirm the district rows and subgroup names. Read with the Jet OLE DB provider (32-bit). The annual Regents rows count every administration in the year; the Total Cohort Regents table is the accountability-cohort alternative.
NY,2024,hs_reportcard_ny_src,hs_reportcard_ny_src=archived,mapped,hs_reportcards/NY/SRC2024.zip (SRC2024_Group5.mdb),"Access database in the zip (SRCyyyy .mdb/.accdb), table [Annual Regents Exams]; the table carries the prior year too",ENTITY_CD ending 0000 with a district name (county rows 0000xx000000 and the state are excluded); YEAR = end year,ENTITY_CD (NYSED 12-digit BEDS code); INSTITUTION_ID also printed,SUBGROUP_NAME,Black or African American,Hispanic or Latino,White,SUBJECT,"Regents Common Core Algebra I and Regents Algebra I (Next Generation, from June 2024)",Regents Common Core English Language Art,"(none; all administrations in the year, any grade)","Regents Examination in Algebra I and in English Language Arts (annual: August, January and June administrations)",TESTED,PER_PROF (NUM_PROF / TESTED),Levels 3-5,s,Table and column layout not opened for this year (the 2025 database's YEAR 2024 rows carry both Algebra I subjects); test_replacement.csv NY 2024 math is MIXED. Read with the Jet OLE DB provider (32-bit). The annual Regents rows count every administration in the year; the Total Cohort Regents table is the accountability-cohort alternative.
NY,2025,hs_reportcard_ny_src,hs_reportcard_ny_src=archived,mapped,hs_reportcards/NY/SRC2025.zip (SRC2025_Group4.mdb),"Access database in the zip (SRCyyyy .mdb/.accdb), table [Annual Regents Exams]; the table carries the prior year too",ENTITY_CD ending 0000 with a district name (county rows 0000xx000000 and the state are excluded); YEAR = end year,ENTITY_CD (NYSED 12-digit BEDS code); INSTITUTION_ID also printed,SUBGROUP_NAME,Black or African American,Hispanic or Latino,White,SUBJECT,Regents Algebra I (Next Generation); Regents Common Core Algebra I rows also printed,Regents Common Core English Language Art,"(none; all administrations in the year, any grade)","Regents Examination in Algebra I and in English Language Arts (annual: August, January and June administrations)",TESTED,PER_PROF (NUM_PROF / TESTED),Levels 3-5,s,Layout checked in the database: YEAR 2024 and 2025 rows. Read with the Jet OLE DB provider (32-bit). The annual Regents rows count every administration in the year; the Total Cohort Regents table is the accountability-cohort alternative.
OH,2022,hs_reportcard_oh_dist_race_dis,hs_reportcard_oh_dist_race_dis=archived,mapped,hs_reportcards/OH/2122_DIST_RACE_DIS.xlsx,"sheet RACE (wide: one row per district and race group, one column per test); the workbook's stored dimension is wrong, read without it (openpyxl reset_dimensions)",every row of sheet RACE,District IRN (ODEW 6-digit IRN),Student Group,"BLACK, NON-HISPANIC",HISPANIC,"WHITE, NON-HISPANIC",(column name),High School Algebra I <year> Percent Proficient or above,High School English II <year> Percent Proficient or above,(none; course-based),"Ohio's State Tests end-of-course Algebra I and English II, any grade (Math I, Math II and Geometry columns also printed)",(none),High School Algebra I / English II <year> Percent Proficient or above,Proficient + Accomplished + Advanced,NC ; <10 ; <5.0 ; >95.0,"No tested count (only Enrollment, printed as <10 when small): the Section 5 floor falls back to Ohio's minimum group size. Integrated Math I rows cannot be pooled with Algebra I without counts."
OH,2023,hs_reportcard_oh_dist_race_dis,hs_reportcard_oh_dist_race_dis=archived,mapped,hs_reportcards/OH/2223_DIST_RACE_DIS.xlsx,"sheet RACE (wide: one row per district and race group, one column per test); the workbook's stored dimension is wrong, read without it (openpyxl reset_dimensions)",every row of sheet RACE,District IRN (ODEW 6-digit IRN),Student Group,"BLACK, NON-HISPANIC",HISPANIC,"WHITE, NON-HISPANIC",(column name),High School Algebra I <year> Percent Proficient or above,High School English II <year> Percent Proficient or above,(none; course-based),"Ohio's State Tests end-of-course Algebra I and English II, any grade (Math I, Math II and Geometry columns also printed)",(none),High School Algebra I / English II <year> Percent Proficient or above,Proficient + Accomplished + Advanced,NC ; <10 ; <5.0 ; >95.0,"No tested count (only Enrollment, printed as <10 when small): the Section 5 floor falls back to Ohio's minimum group size. Integrated Math I rows cannot be pooled with Algebra I without counts."
OH,2024,hs_reportcard_oh_dist_race_dis,hs_reportcard_oh_dist_race_dis=archived,mapped,hs_reportcards/OH/2324_DIST_RACE_DIS.xlsx,"sheet RACE (wide: one row per district and race group, one column per test); the workbook's stored dimension is wrong, read without it (openpyxl reset_dimensions)",every row of sheet RACE,District IRN (ODEW 6-digit IRN),Student Group,"BLACK, NON-HISPANIC",HISPANIC,"WHITE, NON-HISPANIC",(column name),High School Algebra I <year> Percent Proficient or above,High School English II <year> Percent Proficient or above,(none; course-based),"Ohio's State Tests end-of-course Algebra I and English II, any grade (Math I, Math II and Geometry columns also printed)",(none),High School Algebra I / English II <year> Percent Proficient or above,Proficient + Accomplished + Advanced,NC ; <10 ; <5.0 ; >95.0,"No tested count (only Enrollment, printed as <10 when small): the Section 5 floor falls back to Ohio's minimum group size. Integrated Math I rows cannot be pooled with Algebra I without counts."
OH,2025,hs_reportcard_oh_dist_race_dis,hs_reportcard_oh_dist_race_dis=archived,mapped,hs_reportcards/OH/2425_DIST_RACE_DIS.xlsx,"sheet RACE (wide: one row per district and race group, one column per test); the workbook's stored dimension is wrong, read without it (openpyxl reset_dimensions)",every row of sheet RACE,District IRN (ODEW 6-digit IRN),Student Group,"BLACK, NON-HISPANIC",HISPANIC,"WHITE, NON-HISPANIC",(column name),High School Algebra I Percent Proficient or above,High School English II Percent Proficient or above,(none; course-based),"Ohio's State Tests end-of-course Algebra I and English II, any grade (Math I, Math II and Geometry columns also printed)",(none),High School Algebra I / English II <year> Percent Proficient or above,Proficient + Accomplished + Advanced,NC ; <10 ; <5.0 ; >95.0,"The 2025 column names drop the year. No tested count (only Enrollment, printed as <10 when small): the Section 5 floor falls back to Ohio's minimum group size. Integrated Math I rows cannot be pooled with Algebra I without counts."
OR,2022,hs_reportcard_or_ela; hs_reportcard_or_math,hs_reportcard_or_ela=archived; hs_reportcard_or_math=archived,mapped,hs_reportcards/OR/pagr_Districts_MATH_2122.xlsx | hs_reportcards/OR/pagr_Districts_ELA_2122.xlsx,sheet Districts_<SUBJ>_<yy><yy> (one workbook per subject); suppression key on sheet Definitions,every row (district file),District ID (ODE institution id),Student Group,Black/African American,Hispanic/Latino,White,Subject (file),Mathematics,English Language Arts,Grade Level,"Grade HS (11) (Smarter Balanced, with the Extended Assessment)",Number of Participants,Percent Proficient (Level 3 or 4),Level 3 + Level 4,* (fewer than 10) ; -- (none tested) ; - ; < 5.0% ; > 95.0%,
OR,2023,hs_reportcard_or_ela; hs_reportcard_or_math,hs_reportcard_or_ela=archived; hs_reportcard_or_math=archived,mapped,hs_reportcards/OR/pagr_Districts_MATH_2223.xlsx | hs_reportcards/OR/pagr_Districts_ELA_2223.xlsx,sheet Districts_<SUBJ>_<yy><yy> (one workbook per subject); suppression key on sheet Definitions,every row (district file),District ID (ODE institution id),Student Group,Black/African American,Hispanic/Latino,White,Subject (file),Mathematics,English Language Arts,Grade Level,"Grade HS (11) (Smarter Balanced, with the Extended Assessment)",Number of Participants,Percent Proficient (Level 3 or 4),Level 3 + Level 4,* (fewer than 10) ; -- (none tested) ; - ; < 5.0% ; > 95.0%,
OR,2024,hs_reportcard_or_ela; hs_reportcard_or_math,hs_reportcard_or_ela=archived; hs_reportcard_or_math=archived,mapped,hs_reportcards/OR/pagr_Districts_MATH_2324.xlsx | hs_reportcards/OR/pagr_Districts_ELA_2324.xlsx,sheet Districts_<SUBJ>_<yy><yy> (one workbook per subject); suppression key on sheet Definitions,every row (district file),District ID (ODE institution id),Student Group,Black/African American,Hispanic/Latino,White,Subject (file),Mathematics,English Language Arts,Grade Level,"Grade HS (11) (Smarter Balanced, with the Extended Assessment)",Number of Participants,Percent Proficient (Level 3 or 4),Level 3 + Level 4,* (fewer than 10) ; -- (none tested) ; - ; < 5.0% ; > 95.0%,
OR,2025,hs_reportcard_or_ela; hs_reportcard_or_math,hs_reportcard_or_ela=archived; hs_reportcard_or_math=archived,mapped,hs_reportcards/OR/pagr_Districts_MATH_2425.xlsx | hs_reportcards/OR/pagr_Districts_ELA_2425.xlsx,sheet Districts_<SUBJ>_<yy><yy> (one workbook per subject); suppression key on sheet Definitions,every row (district file),District ID (ODE institution id),Student Group,Black/African American,Hispanic/Latino,White,Subject (file),Mathematics,English Language Arts,Grade Level,"Grade HS (11) (Smarter Balanced, with the Extended Assessment)",Number of Participants,Percent Proficient (Level 3 or 4),Level 3 + Level 4,* (fewer than 10) ; -- (none tested) ; - ; < 5.0% ; > 95.0%,
PA,2022,hs_reportcard_pa,hs_reportcard_pa=archived,mapped,hs_reportcards/PA/2022 keystone district data.xlsx,"sheet Sheet1 (Keystone in 2025); header row 5 in 2022, 4 from 2023",every row (district file),AUN (PDE 9-digit administrative unit number),Group,Black or African American (not Hispanic),Hispanic (any race),White (not Hispanic),Subject,Algebra I,Literature,Grade,"11 (Keystone Exams, best score by the end of grade 11)",Number Scored,Percent Proficient and above,Proficient + Advanced,none printed; small groups are omitted,
PA,2023,hs_reportcard_pa,hs_reportcard_pa=archived,mapped,hs_reportcards/PA/2023 keystone district level data.xlsx,"sheet Sheet1 (Keystone in 2025); header row 5 in 2022, 4 from 2023",every row (district file),AUN (PDE 9-digit administrative unit number),Group,Black or African American (not Hispanic),Hispanic (any race),White (not Hispanic),Subject,Algebra I,Literature,Grade,"11 (Keystone Exams, best score by the end of grade 11)",Number Scored,% Advanced/Proficient,Proficient + Advanced,none printed; small groups are omitted,
PA,2024,hs_reportcard_pa,hs_reportcard_pa=archived,mapped,hs_reportcards/PA/2024-keystone-exams-district-grade-11-data.xlsx,"sheet Sheet1 (Keystone in 2025); header row 5 in 2022, 4 from 2023",every row (district file),AUN (PDE 9-digit administrative unit number),Group,Black or African American (not Hispanic),Hispanic (any race),White (not Hispanic),Subject,Algebra I,Literature,Grade,"11 (Keystone Exams, best score by the end of grade 11)",Number Scored,Percent Proficient and above,Proficient + Advanced,none printed; small groups are omitted,
PA,2025,hs_reportcard_pa,hs_reportcard_pa=archived,mapped,hs_reportcards/PA/2025-keystone-exams-district-level-data.xlsx,sheet Keystone; header row 4,every row (district file),AUN (PDE 9-digit administrative unit number),Group,Black or African American (not Hispanic),Hispanic (any race),White (not Hispanic),Subject,Algebra I,Literature,Grade,"11 (Keystone Exams, best score by the end of grade 11)",Number Scored,Percent Proficient and above,Proficient + Advanced,none printed; small groups are omitted,
RI,2022,hs_reportcard_ri,hs_reportcard_ri=archived; hs_reportcard_ri=archived,mapped,hs_reportcards/RI/hs_RI_2022_math.csv | hs_reportcards/RI/hs_RI_2022_ela.csv,"csv (RIDE assessment portal export, one file per subject)",School = All Schools and District not 'Statewide',District (name only; no code printed),Group,Black or African American,Hispanic or Latino,White,Subject,SAT_Math,SAT_ELA,Grade,Grade: 11 (SAT); PSAT 10 is not in the export and is not used,Number_of_Students_Tested,Percent_Meeting_or_Exceeding_Expectations,Meeting + Exceeding Expectations,*,"Author decision 2026-09-16 (docs/deviations_run2.md, Section 4): Rhode Island enters with the grade 11 SAT alone; the source change from Run 1's SAT plus PSAT 10 is flagged in test_replacement.csv as RI 2022 = 1 in both subjects. Only race groups are exported (no all-students row). Districts must be matched to NCES ids by name."
RI,2023,hs_reportcard_ri,hs_reportcard_ri=archived; hs_reportcard_ri=archived,mapped,hs_reportcards/RI/hs_RI_2023_math.csv | hs_reportcards/RI/hs_RI_2023_ela.csv,"csv (RIDE assessment portal export, one file per subject)",School = All Schools and District not 'Statewide',District (name only; no code printed),Group,Black or African American,Hispanic or Latino,White,Subject,SAT_Math,SAT_ELA,Grade,Grade: 11 (SAT); PSAT 10 is not in the export and is not used,Number_of_Students_Tested,Percent_Meeting_or_Exceeding_Expectations,Meeting + Exceeding Expectations,*,"Author decision 2026-09-16 (docs/deviations_run2.md, Section 4): Rhode Island enters with the grade 11 SAT alone; the source change from Run 1's SAT plus PSAT 10 is flagged in test_replacement.csv as RI 2022 = 1 in both subjects. Only race groups are exported (no all-students row). Districts must be matched to NCES ids by name."
RI,2024,hs_reportcard_ri,hs_reportcard_ri=archived; hs_reportcard_ri=archived,mapped,hs_reportcards/RI/hs_RI_2024_math.csv | hs_reportcards/RI/hs_RI_2024_ela.csv,"csv (RIDE assessment portal export, one file per subject)",School = All Schools and District not 'Statewide',District (name only; no code printed),Group,Black or African American,Hispanic or Latino,White,Subject,SAT_Math,SAT_ELA,Grade,Grade: 11 (SAT); PSAT 10 is not in the export and is not used,Number_of_Students_Tested,Percent_Meeting_or_Exceeding_Expectations,Meeting + Exceeding Expectations,*,"Author decision 2026-09-16 (docs/deviations_run2.md, Section 4): Rhode Island enters with the grade 11 SAT alone; the source change from Run 1's SAT plus PSAT 10 is flagged in test_replacement.csv as RI 2022 = 1 in both subjects. Only race groups are exported (no all-students row). Districts must be matched to NCES ids by name."
RI,2025,hs_reportcard_ri,hs_reportcard_ri=archived; hs_reportcard_ri=archived,mapped,hs_reportcards/RI/hs_RI_2025_math.csv | hs_reportcards/RI/hs_RI_2025_ela.csv,"csv (RIDE assessment portal export, one file per subject)",School = All Schools and District not 'Statewide',District (name only; no code printed),Group,Black or African American,Hispanic or Latino,White,Subject,SAT_Math,SAT_ELA,Grade,Grade: 11 (SAT); PSAT 10 is not in the export and is not used,Number_of_Students_Tested,Percent_Meeting_or_Exceeding_Expectations,Meeting + Exceeding Expectations,*,"Author decision 2026-09-16 (docs/deviations_run2.md, Section 4): Rhode Island enters with the grade 11 SAT alone; the source change from Run 1's SAT plus PSAT 10 is flagged in test_replacement.csv as RI 2022 = 1 in both subjects. Only race groups are exported (no all-students row). Districts must be matched to NCES ids by name."
SC,2022,hs_reportcard_sc,hs_reportcard_sc=archived,mapped,hs_reportcards/SC/EOCEP2021-22-WEBFILE 922.xlsx,sheet EOCEP_<yyyy>_<yy>_DISTRICT (codes on sheet TestID and DemoID Details),every row of the DISTRICT sheet,distcode (SCDE 4-digit district code),demoid,7 (Black or African American),4 (Hispanic or Latino),9 (White),testid,1 (Algebra 1),3 (English 2),(none; course-based),"End-of-Course Examination Program Algebra 1 and English 2, any grade (middle-school course takers included)",numbertested,pcta + pctb + pctc,"grades A, B and C (C or better; scale score 70 and above)",blank (values not reported for small groups),"Author decision 2026-09-16 (docs/deviations_run2.md, Section 4): proficiency is C or better (pcta + pctb + pctc)."
SC,2023,hs_reportcard_sc,hs_reportcard_sc=archived,mapped,hs_reportcards/SC/EOCEP2022-23-WEBFILE 923.xlsx,sheet EOCEP_<yyyy>_<yy>_DISTRICT (codes on sheet TestID and DemoID Details),every row of the DISTRICT sheet,distcode (SCDE 4-digit district code),demoid,7 (Black or African American),4 (Hispanic or Latino),9 (White),testid,1 (Algebra 1),3 (English 2),(none; course-based),"End-of-Course Examination Program Algebra 1 and English 2, any grade (middle-school course takers included)",numbertested,pcta + pctb + pctc,"grades A, B and C (C or better; scale score 70 and above)",blank (values not reported for small groups),"Author decision 2026-09-16 (docs/deviations_run2.md, Section 4): proficiency is C or better (pcta + pctb + pctc)."
SC,2024,hs_reportcard_sc,hs_reportcard_sc=archived,mapped,hs_reportcards/SC/EOCEP2023-24-WEBFILE 824 (1).xlsx,sheet EOCEP_<yyyy>_<yy>_DISTRICT (codes on sheet TestID and DemoID Details),every row of the DISTRICT sheet,distcode (SCDE 4-digit district code),demoid,7 (Black or African American),4 (Hispanic or Latino),9 (White),testid,1 (Algebra 1),3 (English 2),(none; course-based),"End-of-Course Examination Program Algebra 1 and English 2, any grade (middle-school course takers included)",numbertested,pcta + pctb + pctc,"grades A, B and C (C or better; scale score 70 and above)",blank (values not reported for small groups),"Author decision 2026-09-16 (docs/deviations_run2.md, Section 4): proficiency is C or better (pcta + pctb + pctc)."
SC,2025,hs_reportcard_sc,hs_reportcard_sc=archived,mapped,hs_reportcards/SC/EOCEP2024-25-WEBFILE 820.xlsx,sheet EOCEP_<yyyy>_<yy>_DISTRICT (codes on sheet TestID and DemoID Details),every row of the DISTRICT sheet,distcode (SCDE 4-digit district code),demoid,7 (Black or African American),4 (Hispanic or Latino),9 (White),testid,1 (Algebra 1),3 (English 2),(none; course-based),"End-of-Course Examination Program Algebra 1 and English 2, any grade (middle-school course takers included)",numbertested,pcta + pctb + pctc,"grades A, B and C (C or better; scale score 70 and above)",blank (values not reported for small groups),"Author decision 2026-09-16 (docs/deviations_run2.md, Section 4): proficiency is C or better (pcta + pctb + pctc)."
SD,2022,hs_reportcard_sd,hs_reportcard_sd=archived,mapped,hs_reportcards/SD/hs_SD_2022_all.csv,"UTF-16 csv crosstab (SD-STARS export): header row 1 names the group block, header row 2 the metric; every block's metric labels read 'All Students - ...', so the block is identified by row 1",School = All Schools and District not 'All Districts',"third column (unlabelled; SD DOE 5-digit district code, e.g. 06001)",(column block under header row 1),Black/African American,Hispanic/Latino,White/Caucasian,Subject,Mathematics,English Language Arts,Grade Levels,11 (Smarter Balanced); Test Taken = Regular and Alternate; Accommodations = With and Without Accommodations,<group> - Tested - Number of Students,<group> - Level 3 or Level 4 - Percentage,Level 3 + Level 4,* ; counts printed with thousands separators and percentages with %,"Grade 12 rows (students who did not test in grade 11) are printed separately; the SD manual counts them in its proficiency rates, the grade 11 rows alone are used here."
SD,2023,hs_reportcard_sd,hs_reportcard_sd=archived,mapped,hs_reportcards/SD/hs_SD_2023_all.csv,"UTF-16 csv crosstab (SD-STARS export): header row 1 names the group block, header row 2 the metric; every block's metric labels read 'All Students - ...', so the block is identified by row 1",School = All Schools and District not 'All Districts',"third column (unlabelled; SD DOE 5-digit district code, e.g. 06001)",(column block under header row 1),Black/African American,Hispanic/Latino,White/Caucasian,Subject,Mathematics,English Language Arts,Grade Levels,11 (Smarter Balanced); Test Taken = Regular and Alternate; Accommodations = With and Without Accommodations,<group> - Tested - Number of Students,<group> - Level 3 or Level 4 - Percentage,Level 3 + Level 4,* ; counts printed with thousands separators and percentages with %,"Grade 12 rows (students who did not test in grade 11) are printed separately; the SD manual counts them in its proficiency rates, the grade 11 rows alone are used here."
SD,2024,hs_reportcard_sd,hs_reportcard_sd=archived,mapped,hs_reportcards/SD/hs_SD_2024_all.csv,"UTF-16 csv crosstab (SD-STARS export): header row 1 names the group block, header row 2 the metric; every block's metric labels read 'All Students - ...', so the block is identified by row 1",School = All Schools and District not 'All Districts',"third column (unlabelled; SD DOE 5-digit district code, e.g. 06001)",(column block under header row 1),Black/African American,Hispanic/Latino,White/Caucasian,Subject,Mathematics,English Language Arts,Grade Levels,11 (Smarter Balanced); Test Taken = Regular and Alternate; Accommodations = With and Without Accommodations,<group> - Tested - Number of Students,<group> - Level 3 or Level 4 - Percentage,Level 3 + Level 4,* ; counts printed with thousands separators and percentages with %,"Grade 12 rows (students who did not test in grade 11) are printed separately; the SD manual counts them in its proficiency rates, the grade 11 rows alone are used here."
SD,2025,hs_reportcard_sd,hs_reportcard_sd=archived,mapped,hs_reportcards/SD/hs_SD_2025_all.csv,"UTF-16 csv crosstab (SD-STARS export): header row 1 names the group block, header row 2 the metric; every block's metric labels read 'All Students - ...', so the block is identified by row 1",School = All Schools and District not 'All Districts',"third column (unlabelled; SD DOE 5-digit district code, e.g. 06001)",(column block under header row 1),Black/African American,Hispanic/Latino,White/Caucasian,Subject,Mathematics,English Language Arts,Grade Levels,11 (Smarter Balanced); Test Taken = Regular and Alternate; Accommodations = With and Without Accommodations,<group> - Tested - Number of Students,<group> - Level 3 or Level 4 - Percentage,Level 3 + Level 4,* ; counts printed with thousands separators and percentages with %,"Grade 12 rows (students who did not test in grade 11) are printed separately; the SD manual counts them in its proficiency rates, the grade 11 rows alone are used here."
TN,2022,hs_reportcard_tn,hs_reportcard_tn=archived,mapped,hs_reportcards/TN/district_assessment_file_suppressed_upd32323.xlsx,sheet Sheet1,every row (district file),system (TDOE district number),student_group,Black or African American,Hispanic,White,subject (test = EOC),Algebra I,English II,grade,"End-of-course Algebra I and English II, grade = All Grades (TCAP EOC, any grade)",valid_tests,pct_met_exceeded,Met Expectations + Exceeded Expectations,* ; ** (2022-2024),Integrated Math I rows are separate and small; English I is also printed.
TN,2023,hs_reportcard_tn,hs_reportcard_tn=archived,mapped,hs_reportcards/TN/district_assessment_file_suppressed_2023.xlsx,"sheet Sheet 1 (Sheet1 in the 2022 file); the 2025 workbook's stored dimension is wrong, read without it",every row (district file),system (TDOE district number),student_group,Black or African American,Hispanic,White,subject (test = EOC),Algebra I,English II,grade,"End-of-course Algebra I and English II, grade = All Grades (TCAP EOC, any grade)",valid_tests,pct_met_exceeded,Met Expectations + Exceeded Expectations,* ; ** (2022-2024),Integrated Math I rows are separate and small; English I is also printed.
TN,2024,hs_reportcard_tn,hs_reportcard_tn=archived,mapped,hs_reportcards/TN/district_assessment_file_suppressed_2024.xlsx,"sheet Sheet 1 (Sheet1 in the 2022 file); the 2025 workbook's stored dimension is wrong, read without it",every row (district file),system (TDOE district number),student_group,Black or African American,Hispanic,White,subject (test = EOC),Algebra I,English II,grade,"End-of-course Algebra I and English II, grade = All Grades (TCAP EOC, any grade)",valid_tests,pct_met_exceeded,Met Expectations + Exceeded Expectations,* ; ** (2022-2024),Math EOC results follow the July 2024 standard setting on the revised mathematics standards (test_replacement.csv TN 2024 math = 1). Integrated Math I rows are separate and small; English I is also printed.
TN,2025,hs_reportcard_tn,hs_reportcard_tn=archived,mapped,hs_reportcards/TN/district_assessment_file_suppressed_2025.xlsx,"sheet Sheet 1 (Sheet1 in the 2022 file); the 2025 workbook's stored dimension is wrong, read without it",every row (district file),system (TDOE district number),student_group,Black or African American,Hispanic,White,subject (test = EOC),Algebra I,English II,grade,"End-of-course Algebra I and English II, grade = All Grades (TCAP EOC, any grade)",valid_tests,pct_met_exceeded,Met Expectations + Exceeded Expectations,<10 students ; <1% ; >99%,Integrated Math I rows are separate and small; English I is also printed.
TX,2022,hs_reportcard_tx,hs_reportcard_tx=archived; hs_reportcard_tx=archived,mapped,hs_reportcards/TX/hs_TX_2022_math.csv | hs_reportcards/TX/hs_TX_2022_ela.csv,csv cut from the TAPR 'Advanced TAPR Data' district STAAR2 export (one file per subject); one header row of TAPR variable codes (labelled headers in 2024 and 2025 over the same codes),every row (district file),DISTRICT (TEA 6-digit county-district number; leading apostrophe in 2022 and 2023),(variable code character 3),B (African American),H (Hispanic),W (White),(file; variable code test characters),hs_TX_2022_math.csv (EOC Algebra I),hs_TX_2022_ela.csv (EOC English II),(none; end-of-course),"STAAR end-of-course Algebra I and English II, any grade (STAAR, STAAR with accommodations and STAAR Alternate 2 pooled)","performance-level character 0, suffix D (number of tests)","performance-level character 2 (Meets Grade Level), suffix R (numerator suffix N)",Meets Grade Level or above (Texas federal accountability definition); Approaches (S) and Masters (3) also printed,-1 ; -3 (masked) ; . (no base),"TAPR STAAR performance is the state accountability subset (students in the district on the October snapshot and test dates), narrower than all testers. Variable codes read [level][domain][group][00A][test][performance level][yy][N/D/R]; see the manifest notes."
TX,2023,hs_reportcard_tx,hs_reportcard_tx=archived; hs_reportcard_tx=archived,mapped,hs_reportcards/TX/hs_TX_2023_math.csv | hs_reportcards/TX/hs_TX_2023_ela.csv,csv cut from the TAPR 'Advanced TAPR Data' district STAAR2 export (one file per subject); one header row of TAPR variable codes (labelled headers in 2024 and 2025 over the same codes),every row (district file),DISTRICT (TEA 6-digit county-district number; leading apostrophe in 2022 and 2023),(variable code character 3),B (African American),H (Hispanic),W (White),(file; variable code test characters),hs_TX_2023_math.csv (EOC Algebra I),hs_TX_2023_ela.csv (EOC English II),(none; end-of-course),"STAAR end-of-course Algebra I and English II, any grade (STAAR, STAAR with accommodations and STAAR Alternate 2 pooled)","performance-level character 0, suffix D (number of tests)","performance-level character 2 (Meets Grade Level), suffix R (numerator suffix N)",Meets Grade Level or above (Texas federal accountability definition); Approaches (S) and Masters (3) also printed,-1 ; -3 (masked) ; . (no base),"TAPR STAAR performance is the state accountability subset (students in the district on the October snapshot and test dates), narrower than all testers. Variable codes read [level][domain][group][00A][test][performance level][yy][N/D/R]; see the manifest notes."
TX,2024,hs_reportcard_tx,hs_reportcard_tx=archived; hs_reportcard_tx=archived,mapped,hs_reportcards/TX/hs_TX_2024_math.csv | hs_reportcards/TX/hs_TX_2024_ela.csv,csv cut from the TAPR 'Advanced TAPR Data' district STAAR2 export (one file per subject); one header row of TAPR variable codes (labelled headers in 2024 and 2025 over the same codes),every row (district file),DISTRICT (TEA 6-digit county-district number; leading apostrophe in 2022 and 2023),(variable code character 3),B (African American),H (Hispanic),W (White),(file; variable code test characters),hs_TX_2024_math.csv (EOC Algebra I),hs_TX_2024_ela.csv (EOC English II),(none; end-of-course),"STAAR end-of-course Algebra I and English II, any grade (STAAR, STAAR with accommodations and STAAR Alternate 2 pooled)","performance-level character 0, suffix D (number of tests)","performance-level character 2 (Meets Grade Level), suffix R (numerator suffix N)",Meets Grade Level or above (Texas federal accountability definition); Approaches (S) and Masters (3) also printed,-1 ; -3 (masked) ; . (no base),"TAPR STAAR performance is the state accountability subset (students in the district on the October snapshot and test dates), narrower than all testers. Variable codes read [level][domain][group][00A][test][performance level][yy][N/D/R]; see the manifest notes."
TX,2025,hs_reportcard_tx,hs_reportcard_tx=archived; hs_reportcard_tx=archived,mapped,hs_reportcards/TX/hs_TX_2025_math.csv | hs_reportcards/TX/hs_TX_2025_ela.csv,csv cut from the TAPR 'Advanced TAPR Data' district STAAR2 export (one file per subject); one header row of TAPR variable codes (labelled headers in 2024 and 2025 over the same codes),every row (district file),DISTRICT (TEA 6-digit county-district number; leading apostrophe in 2022 and 2023),(variable code character 3),B (African American),H (Hispanic),W (White),(file; variable code test characters),hs_TX_2025_math.csv (EOC Algebra I),hs_TX_2025_ela.csv (EOC English II),(none; end-of-course),"STAAR end-of-course Algebra I and English II, any grade (STAAR, STAAR with accommodations and STAAR Alternate 2 pooled)","performance-level character 0, suffix D (number of tests)","performance-level character 2 (Meets Grade Level), suffix R (numerator suffix N)",Meets Grade Level or above (Texas federal accountability definition); Approaches (S) and Masters (3) also printed,-1 ; -3 (masked) ; . (no base),"TAPR STAAR performance is the state accountability subset (students in the district on the October snapshot and test dates), narrower than all testers. Variable codes read [level][domain][group][00A][test][performance level][yy][N/D/R]; see the manifest notes."
UT,2022,hs_reportcard_ut,hs_reportcard_ut=archived,mapped,hs_reportcards/UT/RISEAspireDemographics2022.xlsx,sheet LEA by Subject (wide: one column per group); LEA by Test gives single grades,every row with Assessment Type = Utah Aspire Plus (Grades 9-10),LEA Name (name only; no code printed),(column name),AfAm/Black,Hispanic/Latino,White,Subject Area,Mathematics,English Language Arts (used as the reading measure),Assessment Type,"Grades 9-10 (Utah Aspire Plus), pooled on sheet LEA by Subject",(none),group column (proportion 0-1 when exact; a 10-point band such as '20-29%' otherwise),proficient as published (Levels 3 and 4),n<10 ; 10-point bands (e.g. 20-29%) ; <2% ; <5% ; <10% ; <20% ; >=80% ; >=90% ; >=95% ; blank,"Author decision 2026-09-16 (docs/deviations_run2.md, Section 4): the reading measure is the published English Language Arts result in every year; the files print no separate reading component, so 2022-2024 may include the English test, removed from spring 2025. No counts: per the Notes sheet, groups under 40 are given as 10-point bands (width 9 on the printed endpoints, inside the Section 5 limit) and groups under 10 as n<10; the Section 5 floor falls back to Utah's minimum group size. Districts must be matched to NCES ids by name."
UT,2023,hs_reportcard_ut,hs_reportcard_ut=archived,mapped,hs_reportcards/UT/RISEAspireDemographics2023.xlsx,sheet LEA by Subject (wide: one column per group); LEA by Test gives single grades,every row with Assessment Type = Utah Aspire Plus (Grades 9-10),LEA Name (name only; no code printed),(column name),AfAm/Black,Hispanic/Latino,White,Subject Area,Mathematics,English Language Arts (used as the reading measure),Assessment Type,"Grades 9-10 (Utah Aspire Plus), pooled on sheet LEA by Subject",(none),group column (proportion 0-1 when exact; a 10-point band such as '20-29%' otherwise),proficient as published (Levels 3 and 4),n<10 ; 10-point bands (e.g. 20-29%) ; <2% ; <5% ; <10% ; <20% ; >=80% ; >=90% ; >=95% ; blank,"Author decision 2026-09-16 (docs/deviations_run2.md, Section 4): the reading measure is the published English Language Arts result in every year; the files print no separate reading component, so 2022-2024 may include the English test, removed from spring 2025. No counts: per the Notes sheet, groups under 40 are given as 10-point bands (width 9 on the printed endpoints, inside the Section 5 limit) and groups under 10 as n<10; the Section 5 floor falls back to Utah's minimum group size. Districts must be matched to NCES ids by name."
UT,2024,hs_reportcard_ut,hs_reportcard_ut=archived,mapped,hs_reportcards/UT/RISEAspireDemographics2024.xlsx,sheet LEA by Subject (wide: one column per group); LEA by Test gives single grades,every row with Assessment Type = Utah Aspire Plus (Grades 9-10),LEA Name (name only; no code printed),(column name),AfAm/Black,Hispanic/Latino,White,Subject Area,Mathematics,English Language Arts (used as the reading measure),Assessment Type,"Grades 9-10 (Utah Aspire Plus), pooled on sheet LEA by Subject",(none),group column (proportion 0-1 when exact; a 10-point band such as '20-29%' otherwise),proficient as published (Levels 3 and 4),n<10 ; 10-point bands (e.g. 20-29%) ; <2% ; <5% ; <10% ; <20% ; >=80% ; >=90% ; >=95% ; blank,"Author decision 2026-09-16 (docs/deviations_run2.md, Section 4): the reading measure is the published English Language Arts result in every year; the files print no separate reading component, so 2022-2024 may include the English test, removed from spring 2025. No counts: per the Notes sheet, groups under 40 are given as 10-point bands (width 9 on the printed endpoints, inside the Section 5 limit) and groups under 10 as n<10; the Section 5 floor falls back to Utah's minimum group size. Districts must be matched to NCES ids by name."
UT,2025,hs_reportcard_ut,hs_reportcard_ut=archived,mapped,hs_reportcards/UT/RISEAspireDemographics2025.xlsx,sheet LEA by Subject (wide: one column per group); LEA by Test gives single grades,every row with Assessment Type = Utah Aspire Plus (Grades 9-10),LEA Name (name only; no code printed),(column name),AfAm/Black,Hispanic/Latino,White,Subject Area,Mathematics,English Language Arts (used as the reading measure),Assessment Type,"Grades 9-10 (Utah Aspire Plus), pooled on sheet LEA by Subject",(none),group column (proportion 0-1 when exact; a 10-point band such as '20-29%' otherwise),proficient as published (Levels 3 and 4),n<10 ; 10-point bands (e.g. 20-29%) ; <2% ; <5% ; <10% ; <20% ; >=80% ; >=90% ; >=95% ; blank,"The English subtest was removed from Utah Aspire Plus in spring 2025 (USBE technical report 2024-25), so the English Language Arts result rests on reading alone (test_replacement.csv UT 2025 rla = 1). Author decision 2026-09-16 (docs/deviations_run2.md, Section 4): the reading measure is the published English Language Arts result in every year; the files print no separate reading component, so 2022-2024 may include the English test, removed from spring 2025. No counts: per the Notes sheet, groups under 40 are given as 10-point bands (width 9 on the printed endpoints, inside the Section 5 limit) and groups under 10 as n<10; the Section 5 floor falls back to Utah's minimum group size. Districts must be matched to NCES ids by name."
VA,2024,hs_reportcard_va,hs_reportcard_va=archived,mapped,hs_reportcards/VA/2025-2026 Annual Pass Rates.xlsx,sheet Division by Student Group (one workbook for three years: a four-column block per year after Student Group),Level = DIV,Division Number (VDOE division number),Student Group,Black,Hispanic,White,Subject or Test,Algebra I,EOC Reading,(none; end-of-course),"SOL end-of-course Algebra I and EOC Reading, any grade",(none),2023-2024 block: Pct Passed Adv and Proficient (third column of the block),Pass Advanced + Pass Proficient (pass rate),< ; -,Conditional state under design_extension Section 4; the file carries division-by-race rows. One archived file serves 2024 and 2025. No tested count: the Section 5 floor falls back to Virginia's minimum group size.
VA,2025,hs_reportcard_va,hs_reportcard_va=archived,mapped,hs_reportcards/VA/2025-2026 Annual Pass Rates.xlsx,sheet Division by Student Group (one workbook for three years: a four-column block per year after Student Group),Level = DIV,Division Number (VDOE division number),Student Group,Black,Hispanic,White,Subject or Test,Algebra I,EOC Reading,(none; end-of-course),"SOL end-of-course Algebra I and EOC Reading, any grade",(none),2024-2025 block: Pct Passed Adv and Proficient (third column of the block),Pass Advanced + Pass Proficient (pass rate),< ; -,"New SOL mathematics and reading tests on the 2023 and 2024 standards (test_replacement.csv VA 2025 = 1, both subjects). Conditional state under design_extension Section 4; the file carries division-by-race rows. One archived file serves 2024 and 2025. No tested count: the Section 5 floor falls back to Virginia's minimum group size."
VT,2022,hs_reportcard_vt,hs_reportcard_vt=archived,mapped,hs_reportcards/VT/Assessment 2022.zip,"xlsx member Math_ELA_General_Assessment_<year>.xlsx in the zip, first sheet (stored dimension wrong, read without it); long format with one row per indicator","SchoolIdentifier starting SU (supervisory union / district rows), value in SupervisoryUnionValue","SchoolIdentifier (AOE SU/SD id, e.g. SU065)",AssessLabel (AssessGroup = Race/Ethnicity),Black,Hispanic,White,TestName,SB Math Grade 09,SB English Language Arts Grade 09,TestName,Grade 9 (Smarter Balanced),IndicatorLabel = Number of Students Tested,"IndicatorLabel = Total Proficient and Above (proportion 0-1), column SupervisoryUnionValue",Proficient + Proficient with Distinction,***,"The zips also carry the alternate-assessment workbook (Math_ELA_Alternate_Assessment), separate from the general results. test_replacement.csv's Run 1 rows name grade 11; the files report grade 9, the high school grade since 2017-18."
VT,2023,hs_reportcard_vt,hs_reportcard_vt=archived,mapped,hs_reportcards/VT/Assessment 2023.zip,"xlsx member Math_ELA_General_Assessment_<year>.xlsx in the zip, first sheet (stored dimension wrong, read without it); long format with one row per indicator","SchoolIdentifier starting SU (supervisory union / district rows), value in SupervisoryUnionValue","SchoolIdentifier (AOE SU/SD id, e.g. SU065)",AssessLabel (AssessGroup = Race/Ethnicity),Black,Hispanic,White,TestName,Math Grade 09,English Language Arts Grade 09,TestName,Grade 9 (VTCAP),IndicatorLabel = Number of Students Tested,"IndicatorLabel = Total Proficient and Above (proportion 0-1), column SupervisoryUnionValue",Proficient + Proficient with Distinction,***,"TestName labels not opened for 2023; 2024 and 2025 read 'Math Grade 09' and 'English Language Arts Grade 09'. The zips also carry the alternate-assessment workbook (Math_ELA_Alternate_Assessment), separate from the general results. test_replacement.csv's Run 1 rows name grade 11; the files report grade 9, the high school grade since 2017-18."
VT,2024,hs_reportcard_vt,hs_reportcard_vt=archived,mapped,hs_reportcards/VT/Assessment 2024.zip,"xlsx member Math_ELA_General_Assessment_<year>.xlsx in the zip, first sheet (stored dimension wrong, read without it); long format with one row per indicator","SchoolIdentifier starting SU (supervisory union / district rows), value in SupervisoryUnionValue","SchoolIdentifier (AOE SU/SD id, e.g. SU065)",AssessLabel (AssessGroup = Race/Ethnicity),Black,Hispanic,White,TestName,Math Grade 09,English Language Arts Grade 09,TestName,Grade 9 (VTCAP),IndicatorLabel = Number of Students Tested,"IndicatorLabel = Total Proficient and Above (proportion 0-1), column SupervisoryUnionValue",Proficient + Proficient with Distinction,***,"The zips also carry the alternate-assessment workbook (Math_ELA_Alternate_Assessment), separate from the general results. test_replacement.csv's Run 1 rows name grade 11; the files report grade 9, the high school grade since 2017-18."
VT,2025,hs_reportcard_vt,hs_reportcard_vt=archived,mapped,hs_reportcards/VT/Vermont_Education_Dashboard__General_Assessment_2025.csv,"csv (dashboard export, same long layout)","SchoolIdentifier starting SU, value in Value_W_SUSD","SchoolIdentifier (AOE SU/SD id, e.g. SU065)",AssessLabel (AssessGroup = Race/Ethnicity),Black,Hispanic,White,TestName,Math Grade 09,English Language Arts Grade 09,TestName,Grade 9 (VTCAP),IndicatorLabel = Number of Students Tested,"IndicatorLabel = Total Proficient and Above, column Value_W_SUSD",Proficient + Proficient with Distinction,***,"The zips also carry the alternate-assessment workbook (Math_ELA_Alternate_Assessment), separate from the general results. test_replacement.csv's Run 1 rows name grade 11; the files report grade 9, the high school grade since 2017-18."
WA,2022,hs_reportcard_wa,hs_reportcard_wa=archived,mapped,hs_reportcards/WA/Report_Card_Assessment_Data_2021-22_School_Year.csv,"csv (OSPI Report Card Assessment Data, data.wa.gov)",OrganizationLevel = District,DistrictCode (OSPI 5-digit county-district code); DistrictOrganizationId also printed,StudentGroup (StudentGroupType = Race),Black/ African American,Hispanic/ Latino of any race(s),White,TestSubject,Math,ELA,GradeLevel,10 (TestAdministration = SBAC; AIM is the alternate),Count of Students Tested (including previously passed),Percent Consistent Grade Level Knowledge And Above,Level 3 + Level 4,"DAT column: N<10, Cross Group, Top/Bottom, No Students, Cross Organization, Cross Grade (None = not suppressed)",
WA,2023,hs_reportcard_wa,hs_reportcard_wa=archived,mapped,hs_reportcards/WA/Report_Card_Assessment_Data_2022-23_School_Year.csv,"csv (OSPI Report Card Assessment Data, data.wa.gov)",OrganizationLevel = District,DistrictCode (OSPI 5-digit county-district code); DistrictOrganizationId also printed,StudentGroup (StudentGroupType = Race),Black/ African American,Hispanic/ Latino of any race(s),White,TestSubject,Math,ELA,GradeLevel,10 (TestAdministration = SBAC; AIM is the alternate),Count of Students Tested (including previously passed),Percent Consistent Grade Level Knowledge And Above,Level 3 + Level 4,"DAT column: N<10, Cross Group, Top/Bottom, No Students, Cross Organization, Cross Grade (None = not suppressed)",
WA,2024,hs_reportcard_wa,hs_reportcard_wa=archived,mapped,hs_reportcards/WA/Report_Card_Assessment_Data_2023-24_School_Year.csv,"csv (OSPI Report Card Assessment Data, data.wa.gov)",OrganizationLevel = District,DistrictCode (OSPI 5-digit county-district code); DistrictOrganizationId also printed,StudentGroup (StudentGroupType = Race),Black/ African American,Hispanic/ Latino of any race(s),White,TestSubject,Math,ELA,GradeLevel,10 (TestAdministration = SBAC; AIM is the alternate),Count of Students Tested (including previously passed),Percent Consistent Grade Level Knowledge And Above,Level 3 + Level 4,"DAT column: N<10, Cross Group, Top/Bottom, No Students, Cross Organization, Cross Grade (None = not suppressed)",
WA,2025,hs_reportcard_wa,hs_reportcard_wa=archived,mapped,hs_reportcards/WA/Report_Card_Assessment_Data_2024-25_School_Year.csv,"csv (OSPI Report Card Assessment Data, data.wa.gov)",OrganizationLevel = District,DistrictCode (OSPI 5-digit county-district code); DistrictOrganizationId also printed,StudentGroup (StudentGroupType = Race),Black/ African American,Hispanic/ Latino of any race(s),White,TestSubject,Math,ELA,GradeLevel,10 (TestAdministration = SBAC; AIM is the alternate),Count of Students Tested (including previously passed),Percent Consistent Grade Level Knowledge And Above,Level 3 + Level 4,"DAT column: N<10, Cross Group, Top/Bottom, No Students, Cross Organization, Cross Grade (None = not suppressed)",
WI,2022,hs_reportcard_wi,hs_reportcard_wi=archived,mapped,hs_reportcards/WI/act_statewide_certified_2021-22.zip,csv in the zip (act_statewide_certified_<year>.csv; layout csv alongside); one row per result level,SCHOOL_NAME = [Districtwide],DISTRICT_CODE (DPI 4-digit district code),GROUP_BY_VALUE (GROUP_BY = Race/Ethnicity),Black,Hispanic,White,TEST_SUBJECT (TEST_GROUP = ACT),Mathematics,ELA,(none; grade 11 statewide ACT),Grade 11 (ACT); TEST_GROUP DLM is the alternate,GROUP_COUNT,sum of STUDENT_COUNT over the proficient TEST_RESULT rows / GROUP_COUNT,"Proficient + Advanced (TEST_RESULT_CODE 3, 4)",* ; [Data Suppressed],Not Benchmarked and No Test rows are not in the denominator of a proficiency share.
WI,2023,hs_reportcard_wi,hs_reportcard_wi=archived,mapped,hs_reportcards/WI/act_statewide_certified_2022-23.zip,csv in the zip (act_statewide_certified_<year>.csv; layout csv alongside); one row per result level,SCHOOL_NAME = [Districtwide],DISTRICT_CODE (DPI 4-digit district code),GROUP_BY_VALUE (GROUP_BY = Race/Ethnicity),Black,Hispanic,White,TEST_SUBJECT (TEST_GROUP = ACT),Mathematics,ELA,(none; grade 11 statewide ACT),Grade 11 (ACT); TEST_GROUP DLM is the alternate,GROUP_COUNT,sum of STUDENT_COUNT over the proficient TEST_RESULT rows / GROUP_COUNT,"Proficient + Advanced (TEST_RESULT_CODE 3, 4)",* ; [Data Suppressed],Not Benchmarked and No Test rows are not in the denominator of a proficiency share.
WI,2024,hs_reportcard_wi,hs_reportcard_wi=archived,mapped,hs_reportcards/WI/act_statewide_certified_2023-24.zip,csv in the zip (act_statewide_certified_<year>.csv; layout csv alongside); one row per result level,SCHOOL_NAME = [Districtwide],DISTRICT_CODE (DPI 4-digit district code),GROUP_BY_VALUE (GROUP_BY = Race/Ethnicity),Black,Hispanic,White,TEST_SUBJECT (TEST_GROUP = ACT),Mathematics,ELA,(none; grade 11 statewide ACT),Grade 11 (ACT); TEST_GROUP DLM is the alternate,GROUP_COUNT,sum of STUDENT_COUNT over the proficient TEST_RESULT rows / GROUP_COUNT,"Meeting + Advanced (TEST_RESULT_CODE 3, 4; new DPI performance levels and cut scores from 2023-24)",* ; [Data Suppressed],Not Benchmarked and No Test rows are not in the denominator of a proficiency share.
WI,2025,hs_reportcard_wi,hs_reportcard_wi=archived,mapped,hs_reportcards/WI/act_statewide_certified_2024-25.zip,csv in the zip (act_statewide_certified_<year>.csv; layout csv alongside); one row per result level,SCHOOL_NAME = [Districtwide],DISTRICT_CODE (DPI 4-digit district code),GROUP_BY_VALUE (GROUP_BY = Race/Ethnicity),Black,Hispanic,White,TEST_SUBJECT (TEST_GROUP = ACT),Mathematics,ELA,(none; grade 11 statewide ACT),Grade 11 (ACT); TEST_GROUP DLM is the alternate,GROUP_COUNT,sum of STUDENT_COUNT over the proficient TEST_RESULT rows / GROUP_COUNT,"Meeting + Advanced (TEST_RESULT_CODE 3, 4)",* ; [Data Suppressed],Not Benchmarked and No Test rows are not in the denominator of a proficiency share.
WY,2022,hs_reportcard_wy,hs_reportcard_wy=archived; hs_reportcard_wy=archived,mapped,hs_reportcards/WY/hs_WY_2022_math.csv | hs_reportcards/WY/hs_WY_2022_ela.csv,csv exported from the WDE WebFOCUS report (one file per subject); header cells contain commas inside quotes,every row (district report),"District Name (WDE name only, e.g. Albany #1)",Subgroup,Race / Ethnicity: Black,Race / Ethnicity: Hispanic,Race / Ethnicity: White,Subject (file),Math,English Language Arts (ELA),Specific Grade,10 (WY-TOPP with WY-ALT pooled),"No. of Students Tested (printed as a band, e.g. 270 - 279; the 30 floor is applied to the band's lower bound)",Percent Proficient & Advanced,Proficient + Advanced,blank ; <= 5% ; <= 10% ; <= 20% ; >= 80% ; >= 90%,"Author decision 2026-09-16 (docs/deviations_run2.md, Section 4): the banded tested count passes the 30-student floor on the band's lower bound. Districts must be matched to NCES ids by name."
WY,2023,hs_reportcard_wy,hs_reportcard_wy=archived; hs_reportcard_wy=archived,mapped,hs_reportcards/WY/hs_WY_2023_math.csv | hs_reportcards/WY/hs_WY_2023_ela.csv,csv exported from the WDE WebFOCUS report (one file per subject); header cells contain commas inside quotes,every row (district report),"District Name (WDE name only, e.g. Albany #1)",Subgroup,Race / Ethnicity: Black,Race / Ethnicity: Hispanic,Race / Ethnicity: White,Subject (file),Math,English Language Arts (ELA),Specific Grade,10 (WY-TOPP with WY-ALT pooled),"No. of Students Tested (printed as a band, e.g. 270 - 279; the 30 floor is applied to the band's lower bound)",Percent Proficient & Advanced,Proficient + Advanced,blank ; <= 5% ; <= 10% ; <= 20% ; >= 80% ; >= 90%,"Author decision 2026-09-16 (docs/deviations_run2.md, Section 4): the banded tested count passes the 30-student floor on the band's lower bound. Districts must be matched to NCES ids by name."
WY,2024,hs_reportcard_wy,hs_reportcard_wy=archived; hs_reportcard_wy=archived,mapped,hs_reportcards/WY/hs_WY_2024_math.csv | hs_reportcards/WY/hs_WY_2024_ela.csv,csv exported from the WDE WebFOCUS report (one file per subject); header cells contain commas inside quotes,every row (district report),"District Name (WDE name only, e.g. Albany #1)",Subgroup,Race / Ethnicity: Black,Race / Ethnicity: Hispanic,Race / Ethnicity: White,Subject (file),Math,English Language Arts (ELA),Specific Grade,10 (WY-TOPP with WY-ALT pooled),"No. of Students Tested (printed as a band, e.g. 270 - 279; the 30 floor is applied to the band's lower bound)",Percent Proficient & Advanced,Proficient + Advanced,blank ; <= 5% ; <= 10% ; <= 20% ; >= 80% ; >= 90%,"Author decision 2026-09-16 (docs/deviations_run2.md, Section 4): the banded tested count passes the 30-student floor on the band's lower bound. Districts must be matched to NCES ids by name."
WY,2025,hs_reportcard_wy,hs_reportcard_wy=archived; hs_reportcard_wy=archived,mapped,hs_reportcards/WY/hs_WY_2025_math.csv | hs_reportcards/WY/hs_WY_2025_ela.csv,csv exported from the WDE WebFOCUS report (one file per subject); header cells contain commas inside quotes,every row (district report),"District Name (WDE name only, e.g. Albany #1)",Subgroup,Race / Ethnicity: Black,Race / Ethnicity: Hispanic,Race / Ethnicity: White,Subject (file),Math,English Language Arts (ELA),Specific Grade,10 (WY-TOPP with WY-ALT pooled),"No. of Students Tested (printed as a band, e.g. 270 - 279; the 30 floor is applied to the band's lower bound)",Percent Proficient & Advanced,Proficient + Advanced,blank ; <= 5% ; <= 10% ; <= 20% ; >= 80% ; >= 90%,"Author decision 2026-09-16 (docs/deviations_run2.md, Section 4): the banded tested count passes the 30-student floor on the band's lower bound. Districts must be matched to NCES ids by name."
