state,st_id,name,leaid,method,ccd_st_leaid,ccd_name,ccd_sy_end,author_check
AL,001,Autauga County,0100240,st_leaid,001,Autauga County,2024,
AL,002,Baldwin County,0100270,st_leaid,002,Baldwin County,2024,
AL,003,Barbour County,0100300,st_leaid,003,Barbour County,2024,
AL,004,Bibb County,0100360,st_leaid,004,Bibb County,2024,
AL,005,Blount County,0100420,st_leaid,005,Blount County,2024,
AL,006,Bullock County,0100480,st_leaid,006,Bullock County,2024,
AL,007,Butler County,0100510,st_leaid,007,Butler County,2024,
AL,008,Calhoun County,0100540,st_leaid,008,Calhoun County,2024,
AL,009,Chambers County,0100600,st_leaid,009,Chambers County,2024,
AL,010,Cherokee County,0100630,st_leaid,010,Cherokee County,2024,
AL,011,Chilton County,0100660,st_leaid,011,Chilton County,2024,
AL,012,Choctaw County,0100690,st_leaid,012,Choctaw County,2024,
AL,013,Clarke County,0100720,st_leaid,013,Clarke County,2024,
AL,014,Clay County,0100750,st_leaid,014,Clay County,2024,
AL,015,Cleburne County,0100780,st_leaid,015,Cleburne County,2024,
AL,016,Coffee County,0100810,st_leaid,016,Coffee County,2024,
AL,017,Colbert County,0100840,st_leaid,017,Colbert County,2024,
AL,018,Conecuh County,0100870,st_leaid,018,Conecuh County,2024,
AL,019,Coosa County,0100900,st_leaid,019,Coosa County,2024,
AL,020,Covington County,0100930,st_leaid,020,Covington County,2024,
AL,021,Crenshaw County,0100960,st_leaid,021,Crenshaw County,2024,
AL,022,Cullman County,0101020,st_leaid,022,Cullman County,2024,
AL,023,Dale County,0101050,st_leaid,023,Dale County,2024,
AL,024,Dallas County,0101110,st_leaid,024,Dallas County,2024,
AL,025,DeKalb County,0101140,st_leaid,025,DeKalb County,2024,
AL,026,Elmore County,0101290,st_leaid,026,Elmore County,2024,
AL,027,Escambia County,0101350,st_leaid,027,Escambia County,2024,
AL,028,Etowah County,0101380,st_leaid,028,Etowah County,2024,
AL,029,Fayette County,0101470,st_leaid,029,Fayette County,2024,
AL,030,Franklin County,0101590,st_leaid,030,Franklin County,2024,
AL,031,Geneva County,0101660,st_leaid,031,Geneva County,2024,
AL,032,Greene County,0101680,st_leaid,032,Greene County,2024,
AL,033,Hale County,0101710,st_leaid,033,Hale County,2024,
AL,034,Henry County,0101740,st_leaid,034,Henry County,2024,
AL,035,Houston County,0101770,st_leaid,035,Houston County,2024,
AL,036,Jackson County,0101830,st_leaid,036,Jackson County,2024,
AL,037,Jefferson County,0101920,st_leaid,037,Jefferson County,2024,
AL,038,Lamar County,0101950,st_leaid,038,Lamar County,2024,
AL,039,Lauderdale County,0102010,st_leaid,039,Lauderdale County,2024,
AL,040,Lawrence County,0102040,st_leaid,040,Lawrence County,2024,
AL,041,Lee County,0102070,st_leaid,041,Lee County,2024,
AL,042,Limestone County,0102100,st_leaid,042,Limestone County,2024,
AL,043,Lowndes County,0102160,st_leaid,043,Lowndes County,2024,
AL,044,Macon County,0102190,st_leaid,044,Macon County,2024,
AL,045,Madison County,0102220,st_leaid,045,Madison County,2024,
AL,046,Marengo County,0102250,st_leaid,046,Marengo County,2024,
AL,047,Marion County,0102310,st_leaid,047,Marion County,2024,
AL,048,Marshall County,0100006,st_leaid,048,Marshall County,2024,
AL,049,Mobile County,0102370,st_leaid,049,Mobile County,2024,
AL,050,Monroe County,0102400,st_leaid,050,Monroe County,2024,
AL,051,Montgomery County,0102430,st_leaid,051,Montgomery County,2024,
AL,052,Morgan County,0102480,st_leaid,052,Morgan County,2024,
AL,053,Perry County,0102670,st_leaid,053,Perry County,2024,
AL,054,Pickens County,0102730,st_leaid,054,Pickens County,2024,
AL,055,Pike County,0102790,st_leaid,055,Pike County,2024,
AL,056,Randolph County,0102820,st_leaid,056,Randolph County,2024,
AL,057,Russell County,0102880,st_leaid,057,Russell County,2024,
AL,058,St Clair County,0103062,st_leaid,058,St Clair County,2024,
AL,059,Shelby County,0103030,st_leaid,059,Shelby County,2024,
AL,060,Sumter County,0103090,st_leaid,060,Sumter County,2024,
AL,061,Talladega County,0103180,st_leaid,061,Talladega County,2024,
AL,062,Tallapoosa County,0103210,st_leaid,062,Tallapoosa County,2024,
AL,063,Tuscaloosa County,0103390,st_leaid,063,Tuscaloosa County,2024,
AL,064,Walker County,0103450,st_leaid,064,Walker County,2024,
AL,065,Washington County,0103480,st_leaid,065,Washington County,2024,
AL,066,Wilcox County,0103510,st_leaid,066,Wilcox County,2024,
AL,067,Winston County,0103580,st_leaid,067,Winston County,2024,
AL,101,Albertville City,0100005,st_leaid,101,Albertville City,2024,
AL,102,Alexander City,0100030,st_leaid,102,Alexander City,2024,
AL,103,Alabaster City,0100190,st_leaid,103,Alabaster City,2024,
AL,104,Andalusia City,0100060,st_leaid,104,Andalusia City,2024,
AL,105,Anniston City,0100090,st_leaid,105,Anniston City,2024,
AL,106,Arab City,0100100,st_leaid,106,Arab City,2024,
AL,107,Athens City,0100120,st_leaid,107,Athens City,2024,
AL,109,Attalla City,0100180,st_leaid,109,Attalla City,2024,
AL,110,Auburn City,0100210,st_leaid,110,Auburn City,2024,
AL,113,Bessemer City,0100330,st_leaid,113,Bessemer City,2024,
AL,114,Birmingham City,0100390,st_leaid,114,Birmingham City,2024,
AL,115,Boaz City,0100012,st_leaid,115,Boaz City,2024,
AL,116,Brewton City,0100450,st_leaid,116,Brewton City,2024,
AL,121,Chickasaw City,0100188,st_leaid,121,Chickasaw City,2024,
AL,125,Cullman City,0100990,st_leaid,125,Cullman City,2024,
AL,126,Daleville City,0101080,st_leaid,126,Daleville City,2024,
AL,127,Decatur City,0101170,st_leaid,127,Decatur City,2024,
AL,128,Demopolis City,0101200,st_leaid,128,Demopolis City,2024,
AL,130,Dothan City,0101230,st_leaid,130,Dothan City,2024,
AL,131,Elba City,0101260,st_leaid,131,Elba City,2024,
AL,132,Enterprise City,0101320,st_leaid,132,Enterprise City,2024,
AL,133,Eufaula City,0101410,st_leaid,133,Eufaula City,2024,
AL,137,Fairfield City,0101440,st_leaid,137,Fairfield City,2024,
AL,141,Florence City,0101530,st_leaid,141,Florence City,2024,
AL,143,Fort Payne City,0101560,st_leaid,143,Fort Payne City,2024,
AL,144,Gadsden City,0101620,st_leaid,144,Gadsden City,2024,
AL,146,Geneva City,0101640,st_leaid,146,Geneva City,2024,
AL,152,Gulf Shores City,0100202,st_leaid,152,Gulf Shores City,2024,
AL,154,Guntersville City,0101690,st_leaid,154,Guntersville City,2024,
AL,155,Haleyville City,0101720,st_leaid,155,Haleyville City,2024,
AL,156,Hartselle City,0101730,st_leaid,156,Hartselle City,2024,
AL,157,Homewood City,0101760,st_leaid,157,Homewood City,2024,
AL,158,Hoover City,0100007,st_leaid,158,Hoover City,2024,
AL,159,Huntsville City,0101800,st_leaid,159,Huntsville City,2024,
AL,162,Jacksonville City,0101860,st_leaid,162,Jacksonville City,2024,
AL,163,Jasper City,0101890,st_leaid,163,Jasper City,2024,
AL,165,Lanett City,0101980,st_leaid,165,Lanett City,2024,
AL,167,Leeds City,0100011,st_leaid,167,Leeds City,2024,
AL,168,Linden City,0102130,st_leaid,168,Linden City,2024,
AL,169,Madison City,0100008,st_leaid,169,Madison City,2024,
AL,171,Midfield City,0102350,st_leaid,171,Midfield City,2024,
AL,174,Orange Beach City,0103581,st_leaid,174,Orange Beach City,2024,
AL,175,Mountain Brook City,0102490,st_leaid,175,Mountain Brook City,2024,
AL,176,Muscle Shoals City,0102520,st_leaid,176,Muscle Shoals City,2024,
AL,177,Pelham City,0100194,st_leaid,177,Pelham City,2024,
AL,178,Oneonta City,0102550,st_leaid,178,Oneonta City,2024,
AL,179,Opelika City,0102580,st_leaid,179,Opelika City,2024,
AL,180,Opp City,0102610,st_leaid,180,Opp City,2024,
AL,181,Oxford City,0102635,st_leaid,181,Oxford City,2024,
AL,182,Ozark City,0102640,st_leaid,182,Ozark City,2024,
AL,183,Pell City,0102650,st_leaid,183,Pell City,2024,
AL,184,Phenix City,0102700,st_leaid,184,Phenix City,2024,
AL,185,Piedmont City,0102760,st_leaid,185,Piedmont City,2024,
AL,186,Pike Road City,0100195,st_leaid,186,Pike Road City,2024,
AL,187,Saraland City,0100185,st_leaid,187,Saraland City,2024,
AL,188,Roanoke City,0102850,st_leaid,188,Roanoke City,2024,
AL,189,Russellville City,0102910,st_leaid,189,Russellville City,2024,
AL,190,Scottsboro City,0102940,st_leaid,190,Scottsboro City,2024,
AL,191,Selma City,0102970,st_leaid,191,Selma City,2024,
AL,192,Sheffield City,0103000,st_leaid,192,Sheffield City,2024,
AL,193,Sylacauga City,0103120,st_leaid,193,Sylacauga City,2024,
AL,194,Talladega City,0103150,st_leaid,194,Talladega City,2024,
AL,195,Tallassee City,0103240,st_leaid,195,Tallassee City,2024,
AL,196,Satsuma City,0100189,st_leaid,196,Satsuma City,2024,
AL,197,Tarrant City,0103270,st_leaid,197,Tarrant City,2024,
AL,198,Thomasville City,0103300,st_leaid,198,Thomasville City,2024,
AL,199,Troy City,0103330,st_leaid,199,Troy City,2024,
AL,200,Tuscaloosa City,0103360,st_leaid,200,Tuscaloosa City,2024,
AL,201,Tuscumbia City,0103420,st_leaid,201,Tuscumbia City,2024,
AL,202,Vestavia Hills City,0103430,st_leaid,202,Vestavia Hills City,2024,
AL,204,Winfield City,0103540,st_leaid,204,Winfield City,2024,
AL,205,Trussville City,0100013,st_leaid,205,Trussville City,2024,
AL,800,MAEF Public Charter Schools,0100197,st_leaid,800,MAEF Public Charter Schools,2024,
AL,801,University Charter School,0100199,st_leaid,801,University Charter School,2024,
AL,808,Breakthrough Charter School,0100208,st_leaid,808,Breakthrough Charter School,2024,
AL,810,Magic City Acceptance Academy,0100211,st_leaid,810,Magic City Acceptance Academy,2024,
AL,812,Alabama Aerospace and Aviation,0100213,st_leaid,812,Alabama Aerospace and Aviation,2024,
AL,816,Floretta P. Carson Visual and Performing Arts,0103586,st_leaid,816,Floretta P Carson Visual and Performing Arts,2024,
AZ,1000165,"New Horizon High School, Inc.",0400993,st_leaid,1000165,New Horizon High School Inc. (1000165),2024,
AZ,1000166,A+ Charter Schools,0400998,st_leaid,1000166,A+ Charter Schools (1000166),2024,
AZ,1000291,"Valor Preparatory Academy, LLC",0400988,st_leaid,1000291,Valor Preparatory Academy LLC (1000291),2024,
AZ,1000979,Freedom Preparatory Academy,0400999,st_leaid,1000979,Freedom Preparatory Academy (1000979),2024,
AZ,1001346,American Charter Schools Foundation dba Ridgeview College Preparatory High School,0401005,st_leaid,1001346,American Charter Schools Foundation dba Ridgeview  (1001346),2024,
AZ,1001521,Madison Highland Prep Phoenix,0401011,st_leaid,1001521,Madison Highland Prep Phoenix (1001521),2024,
AZ,1001669,"Co-Learn Club, Inc.",0401012,st_leaid,1001669,Colearn Academy Arizona (1001669),2024,
AZ,1001671,Copper State Academy,0401014,st_leaid,1001671,Copper State Academy (1001671),2024,
AZ,1001687,Cochise County Accommodation School District,0401015,st_leaid,1001687,Cochise County Accommodation School District (1001687),2024,
AZ,1001719,Online School of Arizona,0401013,st_leaid,1001719,Online School of Arizona (1001719),2024,
AZ,1001917,Desert Sage School,0409735,st_leaid,1001917,Desert Sage School (1001917),2024,
AZ,1002013,"Paul Revere Academy, Inc.",0409743,st_leaid,1002013,Paul Revere Academy Inc. (1002013),2024,
AZ,1002029,Premier Prep Online Academy,0409744,st_leaid,1002029,Premier Prep Online Academy (1002029),2024,
AZ,1002080,"Heritage Academy Maricopa, Inc.",0409746,st_leaid,1002080,Heritage Academy Maricopa Inc. (1002080),2024,
AZ,1002101,"Heritage Academy Pointe, Inc.",0409747,st_leaid,1002101,Heritage Academy Pointe Inc. (1002101),2024,
AZ,10386,Coconino County Accommodation School District,0400163,st_leaid,10386,Coconino County Accommodation School District (10386),2024,
AZ,10879,"Mountain Rose Academy, Inc.",0400204,st_leaid,10879,Mountain Rose Academy Inc. (10879),2024,
AZ,10965,Mary Ellen Halvorson Educational Foundation. dba: Tri-City Prep High School,0400211,st_leaid,10965,Mary Ellen Halvorson Educational Foundation. dba:  (10965),2024,
AZ,10970,"Park View School, Inc.",0400209,st_leaid,10970,Park View School Inc. (10970),2024,
AZ,134379,Arizona Agribusiness & Equine Center INC.,0400969,st_leaid,134379,Arizona Agribusiness & Equine Center INC. (134379),2024,
AZ,346763,ASU Preparatory Academy,0400946,st_leaid,346763,ASU Preparatory Academy (346763),2024,
AZ,4153,St Johns Unified District,0408080,st_leaid,4153,St Johns Unified District (4153),2024,
AZ,4154,Window Rock Unified District,0409430,st_leaid,4154,Window Rock Unified District (4154),2024,
AZ,4155,Round Valley Unified District,0407130,st_leaid,4155,Round Valley Unified District (4155),2024,
AZ,4156,Sanders Unified District,0406740,st_leaid,4156,Sanders Unified District (4156),2024,
AZ,4157,Ganado Unified School District,0403290,st_leaid,4157,Ganado Unified School District (4157),2024,
AZ,4158,Chinle Unified District,0401940,st_leaid,4158,Chinle Unified District (4158),2024,
AZ,4159,Red Mesa Unified District,0406870,st_leaid,4159,Red Mesa Unified District (4159),2024,
AZ,4168,Tombstone Unified District,0408600,st_leaid,4168,Tombstone Unified District (4168),2024,
AZ,4169,Bisbee Unified District,0401180,st_leaid,4169,Bisbee Unified District (4169),2024,
AZ,4170,Willcox Unified District,0409250,st_leaid,4170,Willcox Unified District (4170),2024,
AZ,4171,Bowie Unified District,0401330,st_leaid,4171,Bowie Unified District (4171),2024,
AZ,4172,San Simon Unified District,0407430,st_leaid,4172,San Simon Unified District (4172),2024,
AZ,4173,St David Unified District,0408020,st_leaid,4173,St David Unified District (4173),2024,
AZ,4174,Douglas Unified District,0402530,st_leaid,4174,Douglas Unified District (4174),2024,
AZ,4175,Sierra Vista Unified District,0401460,st_leaid,4175,Sierra Vista Unified District (4175),2024,
AZ,4190,Valley Union High School District,0408910,st_leaid,4190,Valley Union High School District (4190),2024,
AZ,4191,"Center for Academic Success, Inc.",0400016,st_leaid,4191,Center for Academic Success Inc. (4191),2024,
AZ,4192,Flagstaff Unified District,0402860,st_leaid,4192,Flagstaff Unified District (4192),2024,
AZ,4193,Williams Unified District,0409310,st_leaid,4193,Williams Unified District (4193),2024,
AZ,4194,Grand Canyon Unified District,0403550,st_leaid,4194,Grand Canyon Unified District (4194),2024,
AZ,4195,Fredonia-Moccasin Unified District,0403080,st_leaid,4195,Fredonia-Moccasin Unified District (4195),2024,
AZ,4196,Page Unified District,0405820,st_leaid,4196,Page Unified School District #8  (4196),2024,
AZ,4197,Tuba City Unified School District #15,0408680,st_leaid,4197,Tuba City Unified School District #15 (4197),2024,
AZ,4202,Flagstaff Arts And Leadership Academy,0400019,st_leaid,4202,Flagstaff Arts And Leadership Academy (4202),2024,
AZ,4204,Northland Preparatory Academy,0400097,st_leaid,4204,Northland Preparatory Academy (4204),2024,
AZ,4208,Globe Unified District,0403500,st_leaid,4208,Globe Unified District (4208),2024,
AZ,4209,Payson Unified District,0406070,st_leaid,4209,Payson Unified District (4209),2024,
AZ,4210,San Carlos Unified District,0406960,st_leaid,4210,San Carlos Unified District (4210),2024,
AZ,4211,Miami Unified District,0405030,st_leaid,4211,Miami Unified District (4211),2024,
AZ,4212,Hayden-Winkelman Unified District,0403730,st_leaid,4212,Hayden-Winkelman Unified District (4212),2024,
AZ,4213,Young Elementary District,0409540,st_leaid,4213,Young Elementary District (4213),2024,
AZ,4216,Liberty High School,0400099,st_leaid,4216,Liberty High School (4216),2024,
AZ,4218,Safford Unified District,0407240,st_leaid,4218,Safford Unified District (4218),2024,
AZ,4219,Thatcher Unified District,0408410,st_leaid,4219,Thatcher Unified District (4219),2024,
AZ,4220,Pima Unified District,0406440,st_leaid,4220,Pima Unified District (4220),2024,
AZ,4221,Fort Thomas Unified District,0403200,st_leaid,4221,Fort Thomas Unified District (4221),2024,
AZ,4228,Duncan Unified District,0402600,st_leaid,4228,Duncan Unified District (4228),2024,
AZ,4230,Morenci Unified District,0405320,st_leaid,4230,Morenci Unified District (4230),2024,
AZ,4231,Blue Elementary District,0401230,st_leaid,4231,Blue Elementary District (4231),2024,
AZ,4234,Maricopa County Regional School District,0403860,st_leaid,4234,Maricopa County Regional School District (4234),2024,
AZ,4235,Mesa Unified District,0404970,st_leaid,4235,Mesa Unified District (4235),2024,
AZ,4236,Wickenburg Unified District,0409190,st_leaid,4236,Wickenburg Unified District (4236),2024,
AZ,4237,Peoria Unified School District,0406250,st_leaid,4237,Peoria Unified School District (4237),2024,
AZ,4238,Gila Bend Unified District,0403310,st_leaid,4238,Gila Bend Unified District (4238),2024,
AZ,4239,Gilbert Unified District,0403400,st_leaid,4239,Gilbert Unified District (4239),2024,
AZ,4240,Scottsdale Unified District,0407570,st_leaid,4240,Scottsdale Unified District (4240),2024,
AZ,4241,Paradise Valley Unified District,0405930,st_leaid,4241,Paradise Valley Unified District (4241),2024,
AZ,4242,Chandler Unified District #80,0401870,st_leaid,4242,Chandler Unified District #80 (4242),2024,
AZ,4243,Dysart Unified District,0402690,st_leaid,4243,Dysart Unified District (4243),2024,
AZ,4244,Cave Creek Unified District,0400001,st_leaid,4244,Cave Creek Unified District (4244),2024,
AZ,4245,Queen Creek Unified District,0406810,st_leaid,4245,Queen Creek Unified District (4245),2024,
AZ,4246,Deer Valley Unified District,0407750,st_leaid,4246,Deer Valley Unified District (4246),2024,
AZ,4247,Fountain Hills Unified District,0403040,st_leaid,4247,Fountain Hills Unified District (4247),2024,
AZ,4248,Higley Unified School District,0403780,st_leaid,4248,Higley Unified School District (4248),2024,
AZ,4252,Nadaburg Unified School District,0405460,st_leaid,4252,Nadaburg Unified School District (4252),2024,
AZ,4254,Saddle Mountain Unified School District,0407170,st_leaid,4254,Saddle Mountain Unified School District (4254),2024,
AZ,4284,Buckeye Union High School District,0401410,st_leaid,4284,Buckeye Union High School District (4284),2024,
AZ,4285,Glendale Union High School District,0403450,st_leaid,4285,Glendale Union High School District (4285),2024,
AZ,4286,Phoenix Union High School District,0406330,st_leaid,4286,Phoenix Union High School District (4286),2024,
AZ,4287,Tempe Union High School District,0408340,st_leaid,4287,Tempe Union High School District (4287),2024,
AZ,4288,Tolleson Union High School District,0408520,st_leaid,4288,Tolleson Union High School District (4288),2024,
AZ,4289,Agua Fria Union High School District,0400450,st_leaid,4289,Agua Fria Union High School District (4289),2024,
AZ,4297,"Accelerated Learning Center, Inc.",0400121,st_leaid,4297,Accelerated Learning Center Inc. (4297),2024,
AZ,4300,CPLC Community Schools,0400144,st_leaid,4300,CPLC Community Schools (4300),2024,
AZ,4301,"Ridgeline Academy, Inc.",0400031,st_leaid,4301,Ridgeline Academy Inc. (4301),2024,
AZ,4314,Maricopa County Community College District dba Gateway Early College High School,0400041,st_leaid,4314,Maricopa County Community College District dba Gat (4314),2024,
AZ,4316,New School For The Arts,0400043,st_leaid,4316,New School For The Arts (4316),2024,
AZ,4320,Salt River Pima-Maricopa  Community Schools,0400047,st_leaid,4320,Salt River Pima-Maricopa  Community Schools (4320),2024,
AZ,4323,"Ombudsman Educational Services, Ltd.,a subsidiary of Educational Services of Ame",0400103,st_leaid,4323,Ombudsman Educational Services Ltd.a subsidiary  (4323),2024,
AZ,4329,"Edkey, Inc. - Sequoia Choice Schools",0400157,st_leaid,4329,Edkey Inc. - Sequoia Choice Schools (4329),2024,
AZ,4331,"Arizona Agribusiness & Equine Center, Inc.",0400106,st_leaid,4331,Arizona Agribusiness & Equine Center Inc. (4331),2024,
AZ,4332,"Genesis Program, Inc.",0400124,st_leaid,4332,Genesis Program Inc. (4332),2024,
AZ,4334,"International Commerce Secondary Schools, Inc.",0400107,st_leaid,4334,International Commerce Secondary Schools Inc. (4334),2024,
AZ,4335,Espiritu Community Development Corp.,0400052,st_leaid,4335,Espiritu Community Development Corp. (4335),2024,
AZ,4336,"Heritage Academy, Inc.",0400053,st_leaid,4336,Heritage Academy Inc. (4336),2024,
AZ,4337,"Humanities and Sciences Academy of the United States, Inc.",0400108,st_leaid,4337,Humanities and Sciences Academy of the United Stat (4337),2024,
AZ,4342,Kaizen Education Foundation dba El Dorado High School,0400149,st_leaid,4342,Kaizen Education Foundation dba El Dorado High Sch (4342),2024,
AZ,4345,Arizona School For The Arts,0400056,st_leaid,4345,Arizona School For The Arts (4345),2024,
AZ,4346,Arizona Center for Youth Resources,0400057,st_leaid,4346,Arizona Center for Youth Resources (4346),2024,
AZ,4348,"American Leadership Academy, Inc.",0400112,st_leaid,4348,American Leadership Academy Inc. (4348),2024,
AZ,4352,"Intelli-School, Inc.",0400061,st_leaid,4352,Intelli-School Inc. (4352),2024,
AZ,4355,Benjamin Franklin Charter School - Queen Creek,0400065,st_leaid,4355,Benjamin Franklin Charter School - Queen Creek (4355),2024,
AZ,4361,Tempe Preparatory Academy,0400070,st_leaid,4361,Tempe Preparatory Academy (4361),2024,
AZ,4368,Lake Havasu Unified District,0404280,st_leaid,4368,Lake Havasu Unified District (4368),2024,
AZ,4369,Peach Springs Unified District,0406120,st_leaid,4369,Peach Springs Unified District (4369),2024,
AZ,4370,Colorado City Unified District,0400021,st_leaid,4370,Colorado City Unified District (4370),2024,
AZ,4374,Littlefield Unified District,0404410,st_leaid,4374,Littlefield Unified District (4374),2024,
AZ,4381,Colorado River Union High School District,0400082,st_leaid,4381,Colorado River Union High School District (4381),2024,
AZ,4383,Kingman Academy Of Learning,0400074,st_leaid,4383,Kingman Academy Of Learning (4383),2024,
AZ,4386,Navajo County Accommodation District #99,0405500,st_leaid,4386,Navajo County Accommodation District #99 (4386),2024,
AZ,4387,Winslow Unified District,0409460,st_leaid,4387,Winslow Unified District (4387),2024,
AZ,4388,Joseph City Unified District,0404010,st_leaid,4388,Joseph City Unified District (4388),2024,
AZ,4389,Holbrook Unified District,0403820,st_leaid,4389,Holbrook Unified District (4389),2024,
AZ,4390,Pinon Unified District,0400023,st_leaid,4390,Pinon Unified District (4390),2024,
AZ,4391,Snowflake Unified District,0407820,st_leaid,4391,Snowflake Unified District (4391),2024,
AZ,4392,Heber-Overgaard Unified District,0400026,st_leaid,4392,Heber-Overgaard Unified District (4392),2024,
AZ,4393,Show Low Unified District,0407700,st_leaid,4393,Show Low Unified District  (4393),2024,
AZ,4394,Whiteriver Unified District,0409160,st_leaid,4394,Whiteriver Unified District (4394),2024,
AZ,4396,Kayenta Unified School District #27,0404060,st_leaid,4396,Kayenta Unified School District #27 (4396),2024,
AZ,4397,Blue Ridge Unified School District No. 32,0406580,st_leaid,4397,Blue Ridge Unified School District No. 32 (4397),2024,
AZ,4400,"Career Development, Inc.",0400077,st_leaid,4400,Career Development Inc. (4400),2024,
AZ,4401,Pima County Accommodation School District,0405360,st_leaid,4401,Pima County Accommodation School District (4401),2024,
AZ,4403,Tucson Unified District,0408800,st_leaid,4403,Tucson Unified District (4403),2024,
AZ,4404,Marana Unified District,0404630,st_leaid,4404,Marana Unified District (4404),2024,
AZ,4405,Flowing Wells Unified District,0403010,st_leaid,4405,Flowing Wells Unified District (4405),2024,
AZ,4406,Amphitheater Unified District,0400680,st_leaid,4406,Amphitheater Unified District (4406),2024,
AZ,4407,Sunnyside Unified District,0408170,st_leaid,4407,Sunnyside Unified District (4407),2024,
AZ,4408,Tanque Verde Unified District,0408280,st_leaid,4408,Tanque Verde Unified District (4408),2024,
AZ,4409,Ajo Unified District,0400520,st_leaid,4409,Ajo Unified District (4409),2024,
AZ,4410,Catalina Foothills Unified District,0401760,st_leaid,4410,Catalina Foothills Unified District (4410),2024,
AZ,4411,Sahuarita Unified District,0407300,st_leaid,4411,Sahuarita Unified District (4411),2024,
AZ,4412,Baboquivari Unified School District #40,0403950,st_leaid,4412,Baboquivari Unified School District #40 (4412),2024,
AZ,4413,Vail Unified District,0408850,st_leaid,4413,Vail Unified District (4413),2024,
AZ,4420,Pima County,0400201,st_leaid,4420,Pima County (4420),2024,
AZ,4421,"Edge School, Inc., The",0400078,st_leaid,4421,Edge School Inc. The (4421),2024,
AZ,4422,Tucson Youth Development/ACE Charter High School,0400079,st_leaid,4422,Tucson Youth Development/ACE Charter High School (4422),2024,
AZ,4425,Presidio School,0400081,st_leaid,4425,Presidio School (4425),2024,
AZ,4431,"Portable Practical Educational Preparation, Inc. (PPEP, Inc.)",0400083,st_leaid,4431,Portable Practical Educational Preparation Inc. ( (4431),2024,
AZ,4435,Mary C O'Brien Accommodation District,0402740,st_leaid,4435,Mary C O'Brien Accommodation District (4435),2024,
AZ,4437,Florence Unified School District,0402920,st_leaid,4437,Florence Unified School District (4437),2024,
AZ,4438,Ray Unified District,0406850,st_leaid,4438,Ray Unified District (4438),2024,
AZ,4439,Mammoth-San Manuel Unified District,0404570,st_leaid,4439,Mammoth-San Manuel Unified District (4439),2024,
AZ,4440,Superior Unified School District,0408230,st_leaid,4440,Superior Unified School District (4440),2024,
AZ,4441,Maricopa Unified School District,0404720,st_leaid,4441,Maricopa Unified School District (4441),2024,
AZ,4442,Coolidge Unified District,0402320,st_leaid,4442,Coolidge Unified District (4442),2024,
AZ,4443,Apache Junction Unified District,0400790,st_leaid,4443,Apache Junction Unified District (4443),2024,
AZ,4445,J O Combs Unified School District,0403990,st_leaid,4445,J O Combs Unified School District (4445),2024,
AZ,4453,Casa Grande Union High School District,0401740,st_leaid,4453,Casa Grande Union High School District (4453),2024,
AZ,4454,Santa Cruz Valley Union High School District,0407530,st_leaid,4454,Santa Cruz Valley Union High School District (4454),2024,
AZ,4457,Nogales Unified District,0405530,st_leaid,4457,Nogales Unified District (4457),2024,
AZ,4458,Santa Cruz Valley Unified District,0407520,st_leaid,4458,Santa Cruz Valley Unified District (4458),2024,
AZ,4462,Patagonia Union High School District,0406030,st_leaid,4462,Patagonia Union High School District (4462),2024,
AZ,4466,Prescott Unified District,0406730,st_leaid,4466,Prescott Unified District (4466),2024,
AZ,4467,Sedona-Oak Creek JUSD #9,0409733,st_leaid,4467,Sedona-Oak Creek JUSD #9 (4467),2024,
AZ,4468,Bagdad Unified District,0401000,st_leaid,4468,Bagdad Unified District (4468),2024,
AZ,4469,Humboldt Unified District,0403870,st_leaid,4469,Humboldt Unified District (4469),2024,
AZ,4470,Camp Verde Unified District,0401600,st_leaid,4470,Camp Verde Unified District (4470),2024,
AZ,4471,Ash Fork Joint Unified District,0400910,st_leaid,4471,Ash Fork Joint Unified District (4471),2024,
AZ,4472,Seligman Unified District,0407630,st_leaid,4472,Seligman Unified District (4472),2024,
AZ,4473,Mayer Unified School District,0404820,st_leaid,4473,Mayer Unified School District (4473),2024,
AZ,4474,Chino Valley Unified District,0400003,st_leaid,4474,Chino Valley Unified District (4474),2024,
AZ,4487,Cottonwood-Oak Creek Elementary District,0402370,st_leaid,4487,Cottonwood-Oak Creek Elementary District (4487),2024,
AZ,4488,Mingus Union High School District,0405070,st_leaid,4488,Mingus Union High School District (4488),2024,
AZ,449790,"AIBT Non-Profit Charter High School, Inc.",0400970,st_leaid,449790,AIBT Non-Profit Charter High School Inc. (449790),2024,
AZ,4506,Antelope Union High School District,0400720,st_leaid,4506,Antelope Union High School District (4506),2024,
AZ,4507,Yuma Union High School District,0409630,st_leaid,4507,Yuma Union High School District (4507),2024,
AZ,4508,Az-Tec High School,0400094,st_leaid,4508,Az-Tec High School (4508),2024,
AZ,4509,"Yuma Private Industry Council, Inc.",0400095,st_leaid,4509,Yuma Private Industry Council Inc. (4509),2024,
AZ,4510,Parker Unified School District,0405980,st_leaid,4510,Parker Unified School District (4510),2024,
AZ,4515,Bicentennial Union High School District,0401160,st_leaid,4515,Bicentennial Union High School District (4515),2024,
AZ,5174,Integrity Education Incorporated,0400650,st_leaid,5174,Integrity Education Incorporated (5174),2024,
AZ,5180,"Paragon Management, Inc.",0400241,st_leaid,5180,Paragon Management Inc. (5180),2024,
AZ,5181,"Metropolitan Arts Institute, Inc.",0400238,st_leaid,5181,Metropolitan Arts Institute Inc. (5181),2024,
AZ,5186,Cholla Academy,0400402,st_leaid,5186,Cholla Academy (5186),2024,
AZ,522074,ASU Preparatory Academy Digital,0400965,st_leaid,522074,ASU Preparatory Academy Digital (522074),2024,
AZ,6353,"Shonto Governing Board of Education, Inc.",0400154,st_leaid,6353,Shonto Governing Board of Education Inc. (6353),2024,
AZ,6364,Accelerated Elementary and Secondary Schools,0400129,st_leaid,6364,Accelerated Elementary and Secondary Schools (6364),2024,
AZ,6365,Edkey Inc. dba American Heritage Academy,0400130,st_leaid,6365,Edkey Inc. dba American Heritage Academy  (6365),2024,
AZ,6369,Ha:san Educational Services,0400147,st_leaid,6369,Ha:san Educational Services (6369),2024,
AZ,6374,Tucson Preparatory School,0400159,st_leaid,6374,Tucson Preparatory School (6374),2024,
AZ,6379,Phoenix School of Academic Excellence The,0400153,st_leaid,6379,Phoenix School of Academic Excellence The (6379),2024,
AZ,6393,Arizona State Schools for the Deaf and the Blind,0400463,st_leaid,6393,Arizona State Schools for the Deaf and the Blind (6393),2024,
AZ,6446,"Edkey, Inc. - Sequoia Charter School",0400244,st_leaid,6446,Edkey Inc. dba Sequoia Charter School (6446),2024,
AZ,78833,"Eastpointe High School, Inc.",0400261,st_leaid,78833,Eastpointe High School Inc. (78833),2024,
AZ,78897,"Academy of Tucson, Inc.",0400202,st_leaid,78897,Academy of Tucson Inc. (78897),2024,
AZ,78997,"GAR, LLC dba Student Choice High School",0400273,st_leaid,78997,GAR LLC dba Student Choice High School (78997),2024,
AZ,79000,"Southern Arizona Community Academy, Inc.",0400254,st_leaid,79000,Southern Arizona Community Academy Inc. (79000),2024,
AZ,79047,Career Success Schools,0400219,st_leaid,79047,Career Success Schools (79047),2024,
AZ,79049,Daisy Education Corporation dba Sonoran Science Academy,0400223,st_leaid,79049,Daisy Education Corporation dba Sonoran Science Ac (79049),2024,
AZ,79053,AIBT Non-Profit Charter High School - Phoenix,0400274,st_leaid,79053,AIBT Non-Profit Charter High School - Phoenix (79053),2024,
AZ,79059,"E-Institute Charter Schools, Inc.",0400311,st_leaid,79059,ThrivePoint High School Inc. (79059),2024,
AZ,79063,James Madison Preparatory School,0400231,st_leaid,79063,James Madison Preparatory School (79063),2024,
AZ,79065,"Kestrel Schools, Inc.",0400267,st_leaid,79065,Kestrel Schools Inc. (79065),2024,
AZ,79068,"PACE Preparatory Academy, Inc.",0400266,st_leaid,79068,PACE Preparatory Academy Inc. (79068),2024,
AZ,79074,Country Gardens Charter Schools,0400429,st_leaid,79074,Country Gardens Charter Schools (79074),2024,
AZ,79077,"Cornerstone Charter School,Inc",0400405,st_leaid,79077,Cornerstone Charter SchoolInc (79077),2024,
AZ,79084,"Skyline Schools, Inc.",0400243,st_leaid,79084,Skyline Schools Inc. (79084),2024,
AZ,79085,"Southgate Academy, Inc.",0400259,st_leaid,79085,Southgate Academy Inc. (79085),2024,
AZ,79211,"Edkey, Inc. - Sequoia Village School",0400246,st_leaid,79211,Edkey Inc. - Sequoia Village School (79211),2024,
AZ,79213,Academy with Community Partners  Inc,0400276,st_leaid,79213,Academy with Community Partners-Arizona Inc (79213),2024,
AZ,79218,"Telesis Center for Learning, Inc.",0400248,st_leaid,79218,Telesis Center for Learning Inc. (79218),2024,
AZ,79226,Benson Unified School District,0400212,st_leaid,79226,Benson Unified School District (79226),2024,
AZ,79264,"Horizon Community Learning Center, Inc.",0400225,st_leaid,79264,Horizon Community Learning Center Inc. (79264),2024,
AZ,79379,Yavapai Accommodation School District,0400315,st_leaid,79379,Yavapai Accommodation School District (79379),2024,
AZ,79439,"Pinnacle Education-WMCB, Inc.",0400321,st_leaid,79439,Pinnacle Education-WMCB Inc. (79439),2024,
AZ,79441,"Desert Rose Academy,Inc.",0400322,st_leaid,79441,Desert Rose AcademyInc. (79441),2024,
AZ,79455,Pointe Schools,0400327,st_leaid,79455,Pointe Schools (79455),2024,
AZ,79461,American Virtual Academy,0400329,st_leaid,79461,American Virtual Academy (79461),2024,
AZ,79467,"Compass High School, Inc.",0400330,st_leaid,79467,Compass High School Inc. (79467),2024,
AZ,79475,James Sandoval Preparatory High School,0400332,st_leaid,79475,James Sandoval Preparatory High School (79475),2024,
AZ,79496,"Deer Valley Charter Schools, Inc.",0400278,st_leaid,79496,Deer Valley Charter Schools Inc. (79496),2024,
AZ,79498,Mohave Accelerated Learning Center,0400280,st_leaid,79498,Mohave Accelerated Learning Center (79498),2024,
AZ,79501,"Harvest Power Community Development Group, Inc.",0400282,st_leaid,79501,Harvest Power Community Development Group Inc. (79501),2024,
AZ,79503,Omega Alpha Academy,0400284,st_leaid,79503,Omega Alpha Academy (79503),2024,
AZ,79569,Premier Charter High School,0400288,st_leaid,79569,Premier Charter High School (79569),2024,
AZ,79578,Pan-American Elementary Charter,0400290,st_leaid,79578,Pan-American Elementary Charter (79578),2024,
AZ,79598,Kingman Unified School District,0400295,st_leaid,79598,Kingman Unified School District (79598),2024,
AZ,79701,"North Star Charter School, Inc.",0400303,st_leaid,79701,North Star Charter School Inc. (79701),2024,
AZ,79872,American Charter Schools Foundation d.b.a. Desert Hills High School,0400384,st_leaid,79872,American Charter Schools Foundation d.b.a. Desert  (79872),2024,
AZ,79873,American Charter Schools Foundation d.b.a. Estrella High School,0400352,st_leaid,79873,American Charter Schools Foundation d.b.a. Estrell (79873),2024,
AZ,79874,American Charter Schools Foundation d.b.a. Crestview College Preparatory High Sc,0400385,st_leaid,79874,American Charter Schools Foundation d.b.a. Crestvi (79874),2024,
AZ,79875,American Charter Schools Foundation d.b.a. Peoria Accelerated High School,0400353,st_leaid,79875,American Charter Schools Foundation d.b.a. Peoria  (79875),2024,
AZ,79876,Kaizen Education Foundation dba Summit High School,0400386,st_leaid,79876,Kaizen Education Foundation dba Summit High School (79876),2024,
AZ,79877,American Charter Schools Foundation d.b.a. Sun Valley High School,0400354,st_leaid,79877,American Charter Schools Foundation d.b.a. Sun Val (79877),2024,
AZ,79878,Kaizen Education Foundation dba Tempe Accelerated High School,0400387,st_leaid,79878,Kaizen Education Foundation dba Tempe Accelerated  (79878),2024,
AZ,79879,American Charter Schools Foundation d.b.a. West Phoenix High School,0400355,st_leaid,79879,American Charter Schools Foundation d.b.a. West Ph (79879),2024,
AZ,79880,Kaizen Education Foundation dba Skyview High School,0400388,st_leaid,79880,Kaizen Education Foundation dba Skyview High Schoo (79880),2024,
AZ,79881,"Nosotros, Inc",0400356,st_leaid,79881,Nosotros Inc (79881),2024,
AZ,79882,Kaizen Education Foundation dba Maya High School,0400389,st_leaid,79882,Kaizen Education Foundation dba Maya High School (79882),2024,
AZ,79883,American Charter Schools Foundation d.b.a. Apache Trail High School,0400357,st_leaid,79883,American Charter Schools Foundation d.b.a. Apache  (79883),2024,
AZ,79907,Vista Charter School,0400391,st_leaid,79907,Vista Charter School (79907),2024,
AZ,79929,Avondale Learning dba Precision Academy,0400394,st_leaid,79929,Avondale Learning dba Precision Academy (79929),2024,
AZ,79951,"SC Jensen Corporation, Inc. dba Intelli-School",0400363,st_leaid,79951,SC Jensen Corporation Inc. dba Intelli-School (79951),2024,
AZ,79953,"PAS Charter, Inc., dba Intelli-School",0400364,st_leaid,79953,PAS Charter Inc. dba Intelli-School (79953),2024,
AZ,79957,"Valley of the Sun Waldorf Education Association, dba Desert Marigold School",0400366,st_leaid,79957,Valley of the Sun Waldorf Education Association d (79957),2024,
AZ,79959,"Pima Prevention Partnership dba Pima Partnership School, The",0400367,st_leaid,79959,Pima Prevention Partnership dba Pima Partnership S (79959),2024,
AZ,79967,LEAD Charter Schools,0400395,st_leaid,79967,LEAD Charter Schools (79967),2024,
AZ,79979,"Tucson International Academy, Inc.",0400373,st_leaid,79979,Tucson International Academy Inc. (79979),2024,
AZ,79981,"Edkey, Inc. - Arizona Conservatory for Arts and Academics",0400653,st_leaid,79981,Edkey Inc. dba Arizona Conservatory for Arts and  (79981),2024,
AZ,80001,Carpe Diem Collegiate High School,0400381,st_leaid,80001,Carpe Diem Collegiate High School (80001),2024,
AZ,80032,CPLC Community Schools dba Toltecalli High School,0400382,st_leaid,80032,CPLC Community Schools dba Toltecalli High School (80032),2024,
AZ,80989,American Charter Schools Foundation d.b.a. South Pointe High School,0400618,st_leaid,80989,American Charter Schools Foundation d.b.a. South P (80989),2024,
AZ,80992,Veritas Preparatory Academy,0400655,st_leaid,80992,Veritas Preparatory Academy (80992),2024,
AZ,80995,American Charter Schools Foundation d.b.a. Alta Vista High School,0400619,st_leaid,80995,American Charter Schools Foundation d.b.a. Alta Vi (80995),2024,
AZ,81001,"Pinnacle Education-Tempe, Inc.",0400621,st_leaid,81001,Pinnacle Education-Tempe Inc. (81001),2024,
AZ,81009,"Pinnacle Education-Kino, Inc.",0400625,st_leaid,81009,Pinnacle Education-Kino Inc. (81009),2024,
AZ,81011,"Pinnacle Education-Casa Grande, Inc.",0400626,st_leaid,81011,Pinnacle Education-Casa Grande Inc. (81011),2024,
AZ,81027,Cochise Community Development Corporation,0400632,st_leaid,81027,Cochise Community Development Corporation (81027),2024,
AZ,81029,"Canyon Rose Academy, Inc.",0400633,st_leaid,81029,Canyon Rose Academy Inc. (81029),2024,
AZ,81033,"RSD Charter School, Inc.",0400656,st_leaid,81033,RSD Charter School Inc. (81033),2024,
AZ,81041,Blueprint Education,0400636,st_leaid,81041,Blueprint Education (81041),2024,
AZ,81050,"Edkey, Inc. - Sequoia School for the Deaf and Hard of Hearing",0400640,st_leaid,81050,Edkey Inc. - Sequoia School for the Deaf and Hard (81050),2024,
AZ,81078,"BASIS Charter Schools, Inc.",0400608,st_leaid,81078,BASIS Charter Schools Inc. (81078),2024,
AZ,81099,Desert Heights Charter Schools,0400610,st_leaid,81099,Desert Heights Charter Schools (81099),2024,
AZ,81174,MCCCD on behalf of Phoenix College Preparatory Academy,0400614,st_leaid,81174,MCCCD on behalf of Phoenix College Preparatory Aca (81174),2024,
AZ,85448,CITY Center for Collaborative Learning,0400407,st_leaid,85448,CITY Center for Collaborative Learning (85448),2024,
AZ,85540,"Academy of Building Industries, Inc.",0400414,st_leaid,85540,Academy of Building Industries Inc. (85540),2024,
AZ,85749,"Caurus Academy, Inc",0400415,st_leaid,85749,Edkey Inc. (85749),2024,
AZ,85816,"Arizona Agribusiness & Equine Center, Inc.",0400417,st_leaid,85816,Arizona Agribusiness & Equine Center Inc. (85816),2024,
AZ,87334,Pillar Charter School,0400420,st_leaid,87334,Pillar Charter School (87334),2024,
AZ,87349,Legacy Education Group,0400423,st_leaid,87349,Legacy Education Group (87349),2024,
AZ,87405,"Portable Practical Educational Preparation, Inc. (PPEP, Inc.)",0400432,st_leaid,87405,Portable Practical Educational Preparation Inc. ( (87405),2024,
AZ,87407,"Arizona Connections Academy Charter School, Inc.",0400427,st_leaid,87407,Arizona Connections Academy Charter School Inc. (87407),2024,
AZ,87600,Gila County Regional School District,0400419,st_leaid,87600,Gila County Regional School District (87600),2024,
AZ,88299,Chandler Preparatory Academy,0400440,st_leaid,88299,Chandler Preparatory Academy (88299),2024,
AZ,88334,American Charter Schools Foundation d.b.a. South Ridge High School,0400447,st_leaid,88334,American Charter Schools Foundation d.b.a. South R (88334),2024,
AZ,89412,"Eduprize Schools, LLC",0400746,st_leaid,89412,Eduprize Schools LLC (89412),2024,
AZ,89486,Arete Preparatory Academy,0400757,st_leaid,89486,Arete Preparatory Academy (89486),2024,
AZ,89756,Scottsdale Preparatory Academy,0400747,st_leaid,89756,Scottsdale Preparatory Academy (89756),2024,
AZ,89788,"Imagine Prep Superstition, Inc.",0400783,st_leaid,89788,Imagine Prep Superstition Inc. (89788),2024,
AZ,89790,"Imagine Prep Surprise, Inc.",0400770,st_leaid,89790,Imagine Prep Surprise Inc. (89790),2024,
AZ,89798,"San Tan Montessori School, Inc.",0400775,st_leaid,89798,San Tan Montessori School Inc. (89798),2024,
AZ,89829,Glendale Preparatory Academy,0400760,st_leaid,89829,Glendale Preparatory Academy (89829),2024,
AZ,89869,"AZ Compass Schools, Inc.",0400785,st_leaid,89869,AZ Compass Schools Inc. (89869),2024,
AZ,89871,Blue Adobe Project,0400771,st_leaid,89871,Blue Adobe Project (89871),2024,
AZ,89914,Daisy Education Corporation dba Sonoran Science Academy - Phoenix,0400776,st_leaid,89914,Daisy Education Corporation dba Sonoran Science Ac (89914),2024,
AZ,89917,Daisy Education Corporation dba Paragon Science Academy,0400778,st_leaid,89917,Daisy Education Corporation dba Paragon Science Ac (89917),2024,
AZ,90034,"Imagine Prep Coolidge, Inc.",0400769,st_leaid,90034,Imagine Prep Coolidge Inc. (90034),2024,
AZ,90138,"Choice Academies, Inc.",0400805,st_leaid,90138,Choice Academies Inc. (90138),2024,
AZ,90201,Educational Options Foundation,0400816,st_leaid,90201,Educational Options Foundation (90201),2024,
AZ,90284,Daisy Education Corporation dba. Sonoran Science Academy Davis Monthan,0400807,st_leaid,90284,Daisy Education Corporation dba. Sonoran Science A (90284),2024,
AZ,90287,"The Odyssey Preparatory Academy, Inc.",0400800,st_leaid,90287,The Odyssey Preparatory Academy Inc. (90287),2024,
AZ,90327,"CAFA, Inc. dba Learning Foundation and Performing Arts Gilbert",0400803,st_leaid,90327,CAFA Inc. dba Learning Foundation and Performing  (90327),2024,
AZ,90329,"Skyline Gila River Schools, LLC",0400801,st_leaid,90329,Skyline Gila River Schools LLC (90329),2024,
AZ,90331,CPLC Community Schools dba Hiaki High School,0400814,st_leaid,90331,CPLC Community Schools dba Hiaki High School (90331),2024,
AZ,90508,"BASIS Charter Schools, Inc.",0400818,st_leaid,90508,BASIS Charter Schools Inc. (90508),2024,
AZ,90532,Anthem Preparatory Academy,0400819,st_leaid,90532,Anthem Preparatory Academy (90532),2024,
AZ,90533,"Compass Points International, Inc",0400820,st_leaid,90533,Compass Points International Inc (90533),2024,
AZ,90536,Pima Prevention Partnership,0400821,st_leaid,90536,Pima Prevention Partnership (90536),2024,
AZ,90548,Kaizen Education Foundation dba Mission Heights Preparatory High School,0400823,st_leaid,90548,Kaizen Education Foundation dba Mission Heights Pr (90548),2024,
AZ,90758,Arizona Education Solutions,0400827,st_leaid,90758,Arizona Education Solutions (90758),2024,
AZ,90779,"Arizona Agribusiness & Equine Center, Inc.",0400828,st_leaid,90779,Arizona Agribusiness & Equine Center Inc. (90779),2024,
AZ,90841,"BASIS Charter Schools, Inc.",0400829,st_leaid,90841,BASIS Charter Schools Inc. (90841),2024,
AZ,90842,"BASIS Charter Schools, Inc.",0400830,st_leaid,90842,BASIS Charter Schools Inc. (90842),2024,
AZ,90859,Trivium Preparatory Academy,0400851,st_leaid,90859,Trivium Preparatory Academy (90859),2024,
AZ,90861,Maryvale Preparatory Academy,0400875,st_leaid,90861,Maryvale Preparatory Academy (90861),2024,
AZ,90862,"BASIS Charter Schools, Inc.",0400831,st_leaid,90862,BASIS Charter Schools Inc. (90862),2024,
AZ,90876,"Institute for Transformative Education, Inc.",0400872,st_leaid,90876,Institute for Transformative Education Inc. (90876),2024,
AZ,90879,North Phoenix Preparatory Academy,0400861,st_leaid,90879,North Phoenix Preparatory Academy (90879),2024,
AZ,90997,"Pima Rose Academy, Inc.",0400839,st_leaid,90997,Pima Rose Academy Inc. (90997),2024,
AZ,91131,"Arizona Agribusiness & Equine Center, Inc.",0400838,st_leaid,91131,Arizona Agribusiness & Equine Center Inc. (91131),2024,
AZ,91250,"The Paideia Academies, Inc",0400863,st_leaid,91250,The Paideia Academies Inc (91250),2024,
AZ,91277,Empower College Prep,0400877,st_leaid,91277,Empower College Prep (91277),2024,
AZ,91280,"BASIS Charter Schools, Inc.",0400843,st_leaid,91280,BASIS Charter Schools Inc. (91280),2024,
AZ,91303,ASU Preparatory Academy,0400858,st_leaid,91303,ASU Preparatory Academy (91303),2024,
AZ,91305,ASU Preparatory Academy,0400859,st_leaid,91305,ASU Preparatory Academy (91305),2024,
AZ,91309,"BASIS Charter Schools, Inc.",0400878,st_leaid,91309,BASIS Charter Schools Inc. (91309),2024,
AZ,91339,"BASIS Charter Schools, Inc.",0400897,st_leaid,91339,BASIS Charter Schools Inc. (91339),2024,
AZ,91935,Madison Highland Prep,0400909,st_leaid,91935,Madison Highland Prep (91935),2024,
AZ,91937,"Western School of Science and Technology, Inc.",0400924,st_leaid,91937,Western School of Science and Technology Inc. (91937),2024,
AZ,91949,"BASIS Charter Schools, Inc.",0400898,st_leaid,91949,BASIS Charter Schools Inc. (91949),2024,
AZ,91958,"Arizona Autism Charter Schools, Inc.",0400913,st_leaid,91958,Arizona Autism Charter Schools Inc. (91958),2024,
AZ,91992,StrengthBuilding Partners,0400907,st_leaid,91992,StrengthBuilding Partners (91992),2024,
AZ,92043,Southwest Leadership Academy,0400880,st_leaid,92043,Southwest Leadership Academy (92043),2024,
AZ,92226,"Edkey, Inc. - Sequoia Pathway Academy",0400904,st_leaid,92226,Edkey Inc. - Sequoia Pathway Academy (92226),2024,
AZ,92316,Cicero Preparatory Academy,0400900,st_leaid,92316,Cicero Preparatory Academy (92316),2024,
AZ,92320,"BASIS Charter Schools, Inc.",0400903,st_leaid,92320,BASIS Charter Schools Inc. (92320),2024,
AZ,92519,"Heritage Academy Gateway, Inc.",0400911,st_leaid,92519,Heritage Academy Gateway Inc. (92519),2024,
AZ,92520,"Heritage Academy Laveen, Inc.",0400926,st_leaid,92520,Heritage Academy Laveen Inc. (92520),2024,
AZ,92657,Lincoln Preparatory Academy,0400919,st_leaid,92657,Lincoln Preparatory Academy (92657),2024,
AZ,92734,"BASIS Charter Schools, Inc.",0400941,st_leaid,92734,BASIS Charter Schools Inc. (92734),2024,
AZ,92976,Think Through Academy,0400976,st_leaid,92976,Think Through Academy (92976),2024,
AZ,92982,Highland Prep,0400966,st_leaid,92982,Highland Prep (92982),2024,
AZ,92983,"Pathways In Education-Arizona, Inc.",0400950,st_leaid,92983,Pathways In Education-Arizona Inc. (92983),2024,
AZ,92987,ASU Preparatory Academy - Casa Grande,0400947,st_leaid,92987,ASU Preparatory Academy - Casa Grande (92987),2024,
AZ,92988,Estrella Educational Foundation,0400955,st_leaid,92988,Estrella Educational Foundation (92988),2024,
CA,0110017,,0691051,st_leaid,0110017,Alameda County Office of Education,2024,
CA,0131609,,0600002,st_leaid,0131609,California School for the Blind (State Special Schl),2024,
CA,0131617,,0600003,st_leaid,0131617,California School for the Deaf-Fremont (State Special Schl),2024,
CA,0161119,,0601770,st_leaid,0161119,Alameda Unified,2024,
CA,0161127,,0601860,st_leaid,0161127,Albany City Unified,2024,
CA,0161143,,0604740,st_leaid,0161143,Berkeley Unified,2024,
CA,0161150,,0607800,st_leaid,0161150,Castro Valley Unified,2024,
CA,0161168,,0612630,st_leaid,0161168,Emery Unified,2024,
CA,0161176,,0614400,st_leaid,0161176,Fremont Unified,2024,
CA,0161192,,0616740,st_leaid,0161192,Hayward Unified,2024,
CA,0161200,,0622110,st_leaid,0161200,Livermore Valley Joint Unified,2024,
CA,0161234,,0627060,st_leaid,0161234,Newark Unified,2024,
CA,0161242,,0626910,st_leaid,0161242,New Haven Unified,2024,
CA,0161259,,0628050,st_leaid,0161259,Oakland Unified,2024,
CA,0161275,,0630330,st_leaid,0161275,Piedmont City Unified,2024,
CA,0161291,,0634680,st_leaid,0161291,San Leandro Unified,2024,
CA,0161309,,0634710,st_leaid,0161309,San Lorenzo Unified,2024,
CA,0175093,,0600019,st_leaid,0175093,Dublin Unified,2024,
CA,0175101,,0600020,st_leaid,0175101,Pleasanton Unified,2024,
CA,0177180,,,unmatched,,,,
CA,0210025,Alpine County Office of Education,0691058,st_leaid,0210025,Alpine County Office of Education,2024,
CA,0310033,,0691001,st_leaid,0310033,Amador County Office of Education,2024,
CA,0373981,,0602450,st_leaid,0373981,Amador County Unified,2024,
CA,0410041,,0691002,st_leaid,0410041,Butte County Office of Education,2024,
CA,0461408,,0605040,st_leaid,0461408,Biggs Unified,2024,
CA,0461424,,0608370,st_leaid,0461424,Chico Unified,2024,
CA,0461432,,0611730,st_leaid,0461432,Durham Unified,2024,
CA,0461515,,0629130,st_leaid,0461515,Oroville Union High,2024,
CA,0461531,,0629820,st_leaid,0461531,Paradise Unified,2024,
CA,0475507,,0600051,st_leaid,0475507,Gridley Unified,2024,
CA,0510058,,0691003,st_leaid,0510058,Calaveras County Office of Education,2024,
CA,0561556,,0605940,st_leaid,0561556,Bret Harte Union High,2024,
CA,0561564,,0606870,st_leaid,0561564,Calaveras Unified,2024,
CA,0610066,,0691004,st_leaid,0610066,Colusa County Office of Education,2024,
CA,0661598,,0609570,st_leaid,0661598,Colusa Unified,2024,
CA,0661606,,0624150,st_leaid,0661606,Maxwell Unified,2024,
CA,0661614,,0630360,st_leaid,0661614,Pierce Joint Unified,2024,
CA,0661622,,0642540,st_leaid,0661622,Williams Unified,2024,
CA,0710074,,0691005,st_leaid,0710074,Contra Costa County Office of Education,2024,
CA,0761630,,0601650,st_leaid,0761630,Acalanes Union High,2024,
CA,0761648,,0602850,st_leaid,0761648,Antioch Unified,2024,
CA,0761697,,0618990,st_leaid,0761697,John Swett Unified,2024,
CA,0761721,,0621600,st_leaid,0761721,Liberty Union High,2024,
CA,0761739,,0624030,st_leaid,0761739,Martinez Unified,2024,
CA,0761754,,0626370,st_leaid,0761754,Mt. Diablo Unified,2024,
CA,0761788,,0630600,st_leaid,0761788,Pittsburg Unified,2024,
CA,0761796,,0632550,st_leaid,0761796,West Contra Costa Unified,2024,
CA,0761804,,0635130,st_leaid,0761804,San Ramon Valley Unified,2024,
CA,0777354,,,unmatched,,,,
CA,0810082,,0691063,st_leaid,0810082,Del Norte County Office of Education,2024,
CA,0861820,,0610770,st_leaid,0861820,Del Norte County Unified,2024,
CA,0910090,,0691006,st_leaid,0910090,El Dorado County Office of Education,2024,
CA,0961853,,0612070,st_leaid,0961853,El Dorado Union High,2024,
CA,0961903,,0620640,st_leaid,0961903,Lake Tahoe Unified,2024,
CA,0973783,,0605240,st_leaid,0973783,Black Oak Mine Unified,2024,
CA,1010108,,0691007,st_leaid,1010108,Fresno County Office of Education,2024,
CA,1062117,,0609030,st_leaid,1062117,Clovis Unified,2024,
CA,1062125,,0609120,st_leaid,1062125,Coalinga-Huron Unified,2024,
CA,1062158,,0614250,st_leaid,1062158,Fowler Unified,2024,
CA,1062166,,0614550,st_leaid,1062166,Fresno Unified,2024,
CA,1062257,,0619830,st_leaid,1062257,Kingsburg Joint Union High,2024,
CA,1062265,,0619700,st_leaid,1062265,Kings Canyon Joint Unified,2024,
CA,1062281,,0621150,st_leaid,1062281,Laton Joint Unified,2024,
CA,1062364,,0629910,st_leaid,1062364,Parlier Unified,2024,
CA,1062414,,0635250,st_leaid,1062414,Sanger Unified,2024,
CA,1062430,,0636270,st_leaid,1062430,Selma Unified,2024,
CA,1062539,,0642060,st_leaid,1062539,West Park Elementary,2024,
CA,1073809,,0613840,st_leaid,1073809,Firebaugh-Las Deltas Unified,2024,
CA,1073965,,0607970,st_leaid,1073965,Central Unified,2024,
CA,1073999,,0619490,st_leaid,1073999,Kerman Unified,2024,
CA,1075127,,0600022,st_leaid,1075127,Mendota Unified,2024,
CA,1075234,,0691134,st_leaid,1075234,Golden Plains Unified,2024,
CA,1075275,,0636805,st_leaid,1075275,Sierra Unified,2024,
CA,1075408,,0600040,st_leaid,1075408,Riverdale Joint Unified,2024,
CA,1075598,,0600067,st_leaid,1075598,Caruthers Unified,2024,
CA,1076778,,0601415,st_leaid,1076778,Washington Unified,2024,
CA,1110116,,0691008,st_leaid,1110116,Glenn County Office of Education,2024,
CA,1162646,,0631620,st_leaid,1162646,Princeton Joint Unified,2024,
CA,1162653,,0638070,st_leaid,1162653,Stony Creek Joint Unified,2024,
CA,1162661,,0642710,st_leaid,1162661,Willows Unified,2024,
CA,1175481,,0600045,st_leaid,1175481,Orland Joint Unified,2024,
CA,1176562,,0601339,st_leaid,1176562,Hamilton Unified,2024,
CA,1210124,,0691009,st_leaid,1210124,Humboldt County Office of Education,2024,
CA,1262687,,0603030,st_leaid,1262687,Northern Humboldt Union High,2024,
CA,1262810,,0614190,st_leaid,1262810,Fortuna Union High,2024,
CA,1262901,,0619950,st_leaid,1262901,Klamath-Trinity Joint Unified,2024,
CA,1263040,,0637590,st_leaid,1263040,Southern Humboldt Joint Unified,2024,
CA,1275374,,0600037,st_leaid,1275374,Ferndale Unified,2024,
CA,1275382,,0600038,st_leaid,1275382,Mattole Unified,2024,
CA,1275515,,0600052,st_leaid,1275515,Eureka City Schools,2024,
CA,1310132,,0691010,st_leaid,1310132,Imperial County Office of Education,2024,
CA,1363081,,0605820,st_leaid,1363081,Brawley Union High,2024,
CA,1363099,,0606900,st_leaid,1363099,Calexico Unified,2024,
CA,1363107,,0606990,st_leaid,1363107,Calipatria Unified,2024,
CA,1363115,,0608010,st_leaid,1363115,Central Union High,2024,
CA,1363149,,0617430,st_leaid,1363149,Holtville Unified,2024,
CA,1363164,,0618210,st_leaid,1363164,Imperial Unified,2024,
CA,1363214,,0635070,st_leaid,1363214,San Pasqual Valley Unified,2024,
CA,1410140,,0691011,st_leaid,1410140,Inyo County Office of Education,2024,
CA,1463248,,0604950,st_leaid,1463248,Big Pine Unified,2024,
CA,1463271,,0610680,st_leaid,1463271,Death Valley Unified,2024,
CA,1463289,,0622440,st_leaid,1463289,Lone Pine Unified,2024,
CA,1463297,,0629190,st_leaid,1463297,Owens Valley Unified,2024,
CA,1476687,,0601409,st_leaid,1476687,Bishop Unified,2024,
CA,1510157,,0691012,st_leaid,1510157,Kern County Office of Education,2024,
CA,1563412,,0610860,st_leaid,1563412,Delano Joint Union High,2024,
CA,1563529,,0619540,st_leaid,1563529,Kern High,2024,
CA,1563628,,0623820,st_leaid,1563628,Maricopa Unified,2024,
CA,1563677,,0625230,st_leaid,1563677,Mojave Unified,2024,
CA,1563685,,0626490,st_leaid,1563685,Muroc Joint Unified,2024,
CA,1563776,,0637620,st_leaid,1563776,Southern Kern Unified,2024,
CA,1563818,,0638730,st_leaid,1563818,Taft Union High,2024,
CA,1563826,,0638880,st_leaid,1563826,Tehachapi Unified,2024,
CA,1563859,,0641430,st_leaid,1563859,Wasco Union High,2024,
CA,1573742,,0636800,st_leaid,1573742,Sierra Sands Unified,2024,
CA,1573908,,0624230,st_leaid,1573908,McFarland Unified,2024,
CA,1575168,,0600026,st_leaid,1575168,El Tejon Unified,2024,
CA,1610165,,0691013,st_leaid,1610165,Kings County Office of Education,2024,
CA,1663875,,0603180,st_leaid,1663875,Armona Union Elementary,2024,
CA,1663891,,0609690,st_leaid,1663891,Corcoran Joint Unified,2024,
CA,1663925,,0616500,st_leaid,1663925,Hanford Joint Union High,2024,
CA,1663982,,0621400,st_leaid,1663982,Lemoore Union High,2024,
CA,1673932,,0632270,st_leaid,1673932,Reef-Sunset Unified,2024,
CA,1710173,,0691014,st_leaid,1710173,Lake County Office of Education,2024,
CA,1764014,,0619320,st_leaid,1764014,Kelseyville Unified,2024,
CA,1764022,,0620070,st_leaid,1764022,Konocti Unified,2024,
CA,1764030,,0620670,st_leaid,1764030,Lakeport Unified,2024,
CA,1764055,,0624750,st_leaid,1764055,Middletown Unified,2024,
CA,1776976,,0601442,st_leaid,1776976,Upper Lake Unified,2024,
CA,1810181,,0691015,st_leaid,1810181,Lassen County Office of Education,2024,
CA,1864089,,0605010,st_leaid,1864089,Big Valley Joint Unified,2024,
CA,1864139,,0621060,st_leaid,1864139,Lassen Union High,2024,
CA,1864204,,0642300,st_leaid,1864204,Westwood Unified,2024,
CA,1875036,,0600011,st_leaid,1875036,Fort Sage Unified,2024,
CA,1910199,,0691078,st_leaid,1910199,Los Angeles County Office of Education,2024,
CA,1964212,,0601620,st_leaid,1964212,ABC Unified,2024,
CA,1964246,,0602820,st_leaid,1964246,Antelope Valley Union High,2024,
CA,1964261,,0602970,st_leaid,1964261,Arcadia Unified,2024,
CA,1964279,,0603600,st_leaid,1964279,Azusa Unified,2024,
CA,1964287,,0603690,st_leaid,1964287,Baldwin Park Unified,2024,
CA,1964295,,0604110,st_leaid,1964295,Bassett Unified,2024,
CA,1964303,,0604440,st_leaid,1964303,Bellflower Unified,2024,
CA,1964311,,0604830,st_leaid,1964311,Beverly Hills Unified,2024,
CA,1964329,,0605610,st_leaid,1964329,Bonita Unified,2024,
CA,1964337,,0606450,st_leaid,1964337,Burbank Unified,2024,
CA,1964352,,0607920,st_leaid,1964352,Centinela Valley Union High,2024,
CA,1964378,,0608190,st_leaid,1964378,Charter Oak Unified,2024,
CA,1964394,,0608760,st_leaid,1964394,Claremont Unified,2024,
CA,1964436,,0610050,st_leaid,1964436,Covina-Valley Unified,2024,
CA,1964444,,0610260,st_leaid,1964444,Culver City Unified,2024,
CA,1964451,,0611460,st_leaid,1964451,Downey Unified,2024,
CA,1964469,,0611520,st_leaid,1964469,Duarte Unified,2024,
CA,1964519,,0612120,st_leaid,1964519,El Monte Union High,2024,
CA,1964527,,0612180,st_leaid,1964527,El Rancho Unified,2024,
CA,1964535,,0612210,st_leaid,1964535,El Segundo Unified,2024,
CA,1964568,,0615240,st_leaid,1964568,Glendale Unified,2024,
CA,1964576,,0615270,st_leaid,1964576,Glendora Unified,2024,
CA,1964592,,0616680,st_leaid,1964592,Hawthorne,2024,
CA,1964634,,0618390,st_leaid,1964634,Inglewood Unified,2024,
CA,1964659,,0620130,st_leaid,1964659,La Canada Unified,2024,
CA,1964683,,0621000,st_leaid,1964683,Las Virgenes Unified,2024,
CA,1964725,,0622500,st_leaid,1964725,Long Beach Unified,2024,
CA,1964733,,0622710,st_leaid,1964733,Los Angeles Unified,2024,
CA,1964774,,0623160,st_leaid,1964774,Lynwood Unified,2024,
CA,1964790,,0625320,st_leaid,1964790,Monrovia Unified,2024,
CA,1964808,,0625470,st_leaid,1964808,Montebello Unified,2024,
CA,1964840,,0627690,st_leaid,1964840,Norwalk-La Mirada Unified,2024,
CA,1964857,Palmdale Elementary,0629580,st_leaid,1964857,Palmdale Elementary,2024,
CA,1964865,,0629700,st_leaid,1964865,Palos Verdes Peninsula Unified,2024,
CA,1964873,,0629850,st_leaid,1964873,Paramount Unified,2024,
CA,1964881,,0629940,st_leaid,1964881,Pasadena Unified,2024,
CA,1964907,,0631320,st_leaid,1964907,Pomona Unified,2024,
CA,1964964,,0634860,st_leaid,1964964,San Marino Unified,2024,
CA,1964980,,0635700,st_leaid,1964980,Santa Monica-Malibu Unified,2024,
CA,1965029,,0637500,st_leaid,1965029,South Pasadena Unified,2024,
CA,1965052,,0638980,st_leaid,1965052,Temple City Unified,2024,
CA,1965060,,0639420,st_leaid,1965060,Torrance Unified,2024,
CA,1965094,,0642000,st_leaid,1965094,West Covina Unified,2024,
CA,1965128,,0642480,st_leaid,1965128,Whittier Union High,2024,
CA,1965136,,0642510,st_leaid,1965136,William S. Hart Union High,2024,
CA,1973437,,0609620,st_leaid,1973437,Compton Unified,2024,
CA,1973445,,0616325,st_leaid,1973445,Hacienda la Puente Unified,2024,
CA,1973452,,0633750,st_leaid,1973452,Rowland Unified,2024,
CA,1973460,,0641280,st_leaid,1973460,Walnut Valley Unified,2024,
CA,1975291,,0634425,st_leaid,1975291,San Gabriel Unified,2024,
CA,1975309,,0600001,st_leaid,1975309,Acton-Agua Dulce Unified,2024,
CA,1975333,,0600025,st_leaid,1975333,Manhattan Beach Unified,2024,
CA,1975341,,0600032,st_leaid,1975341,Redondo Beach Unified,2024,
CA,1975663,,,unmatched,,,,
CA,1975713,,0600153,st_leaid,1975713,Alhambra Unified,2024,
CA,1976869,,0601428,st_leaid,1976869,Wiseburn Unified,2024,
CA,1976968,,,unmatched,,,,
CA,1977289,,,unmatched,,,,
CA,2010207,,0691017,st_leaid,2010207,Madera County Superintendent of Schools,2024,
CA,2065201,,0608550,st_leaid,2065201,Chowchilla Union High,2024,
CA,2065243,,0623340,st_leaid,2065243,Madera Unified,2024,
CA,2075580,,0600068,st_leaid,2075580,Golden Valley Unified,2024,
CA,2075606,,0600116,st_leaid,2075606,Chawanakee Unified,2024,
CA,2076414,,0600160,st_leaid,2076414,Yosemite Unified,2024,
CA,2110215,,0691018,st_leaid,2110215,Marin County Office of Education,2024,
CA,2165417,,0627720,st_leaid,2165417,Novato Unified,2024,
CA,2165466,,0635110,st_leaid,2165466,San Rafael City High,2024,
CA,2165482,,0638790,st_leaid,2165482,Tamalpais Union High,2024,
CA,2173361,,0636670,st_leaid,2173361,Shoreline Unified,2024,
CA,2210223,,0691090,st_leaid,2210223,Mariposa County Office of Education,2024,
CA,2265532,,0623940,st_leaid,2265532,Mariposa County Unified,2024,
CA,2310231,,0691019,st_leaid,2310231,Mendocino County Office of Education,2024,
CA,2365540,,0602730,st_leaid,2365540,Anderson Valley Unified,2024,
CA,2365565,,0614070,st_leaid,2365565,Fort Bragg Unified,2024,
CA,2365581,,0624480,st_leaid,2365581,Mendocino Unified,2024,
CA,2365599,,0631230,st_leaid,2365599,Point Arena Joint Union High,2024,
CA,2365607,,0633720,st_leaid,2365607,Round Valley Unified,2024,
CA,2365615,,0640300,st_leaid,2365615,Ukiah Unified,2024,
CA,2365623,,0642560,st_leaid,2365623,Willits Unified,2024,
CA,2373866,,0631400,st_leaid,2373866,Potter Valley Community Unified,2024,
CA,2373916,,0642580,st_leaid,2373916,Laytonville Unified,2024,
CA,2375218,,0609665,st_leaid,2375218,Leggett Valley Unified,2024,
CA,2410249,,0691020,st_leaid,2410249,Merced County Office of Education,2024,
CA,2465698,,0617220,st_leaid,2465698,Hilmar Unified,2024,
CA,2465730,,0621270,st_leaid,2465730,Le Grand Union High,2024,
CA,2465755,,0622740,st_leaid,2465755,Los Banos Unified,2024,
CA,2465789,,0624660,st_leaid,2465789,Merced Union High,2024,
CA,2473619,,0616323,st_leaid,2473619,Gustine Unified,2024,
CA,2475317,,0600033,st_leaid,2475317,Dos Palos Oro Loma Joint Unified,2024,
CA,2475366,,0600039,st_leaid,2475366,Delhi Unified,2024,
CA,2565896,,0638520,st_leaid,2565896,Surprise Valley Joint Unified,2024,
CA,2573585,,0625190,st_leaid,2573585,Modoc Joint Unified,2024,
CA,2573593,,0639940,st_leaid,2573593,Tulelake Basin Joint Unified,2024,
CA,2610264,,0691052,st_leaid,2610264,Mono County Office of Education,2024,
CA,2673668,,0611870,st_leaid,2673668,Eastern Sierra Unified,2024,
CA,2673692,,0623530,st_leaid,2673692,Mammoth Unified,2024,
CA,2710272,,0691021,st_leaid,2710272,Monterey County Office of Education,2024,
CA,2765987,,0607530,st_leaid,2765987,Carmel Unified,2024,
CA,2766068,,0619650,st_leaid,2766068,South Monterey County Joint Union High,2024,
CA,2766092,,0625530,st_leaid,2766092,Monterey Peninsula Unified,2024,
CA,2766134,,0629370,st_leaid,2766134,Pacific Grove Unified,2024,
CA,2766159,,0633980,st_leaid,2766159,Salinas Union High,2024,
CA,2773825,,0627590,st_leaid,2773825,North Monterey County Unified,2024,
CA,2775150,,0600031,st_leaid,2775150,Big Sur Unified,2024,
CA,2775440,,0637050,st_leaid,2775440,Soledad Unified,2024,
CA,2775473,,0600046,st_leaid,2775473,Gonzales Unified,2024,
CA,2810280,,0691022,st_leaid,2810280,Napa County Office of Education,2024,
CA,2866241,,0607020,st_leaid,2866241,Calistoga Joint Unified,2024,
CA,2866266,,0626640,st_leaid,2866266,Napa Valley Unified,2024,
CA,2866290,,0637830,st_leaid,2866290,Saint Helena Unified,2024,
CA,2910298,,0691023,st_leaid,2910298,Nevada County Office of Education,2024,
CA,2966357,,0626880,st_leaid,2966357,Nevada Joint Union High,2024,
CA,2976877,,0601427,st_leaid,2976877,Penn Valley Union Elementary,2024,
CA,3010306,,0691024,st_leaid,3010306,Orange County Department of Education,2024,
CA,3066431,,0602630,st_leaid,3066431,Anaheim Union High,2024,
CA,3066449,,0605880,st_leaid,3066449,Brea-Olinda Unified,2024,
CA,3066464,,0607440,st_leaid,3066464,Capistrano Unified,2024,
CA,3066514,,0614760,st_leaid,3066514,Fullerton Joint Union High,2024,
CA,3066522,,0614880,st_leaid,3066522,Garden Grove Unified,2024,
CA,3066548,,0618060,st_leaid,3066548,Huntington Beach Union High,2024,
CA,3066555,,0620370,st_leaid,3066555,Laguna Beach Unified,2024,
CA,3066597,,0627240,st_leaid,3066597,Newport-Mesa Unified,2024,
CA,3066621,,0628650,st_leaid,3066621,Orange Unified,2024,
CA,3066647,,0630660,st_leaid,3066647,Placentia-Yorba Linda Unified,2024,
CA,3066670,,0635310,st_leaid,3066670,Santa Ana Unified,2024,
CA,3073635,,0633860,st_leaid,3073635,Saddleback Valley Unified,2024,
CA,3073643,,0640150,st_leaid,3073643,Tustin Unified,2024,
CA,3073650,,0684500,st_leaid,3073650,Irvine Unified,2024,
CA,3073924,,0622590,st_leaid,3073924,Los Alamitos Unified,2024,
CA,3076893,,,unmatched,,,,
CA,3110314,,0691025,st_leaid,3110314,Placer County Office of Education,2024,
CA,3166894,,0630750,st_leaid,3166894,Placer Union High,2024,
CA,3166928,,0633630,st_leaid,3166928,Roseville Joint Union High,2024,
CA,3166944,,0638770,st_leaid,3166944,Tahoe-Truckee Unified,2024,
CA,3166951,,0642140,st_leaid,3166951,Western Placer Unified,2024,
CA,3175085,,0600013,st_leaid,3175085,Rocklin Unified,2024,
CA,3210322,,0691102,st_leaid,3210322,Plumas County Office of Education,2024,
CA,3266969,,0631170,st_leaid,3266969,Plumas Unified,2024,
CA,3310330,,0691026,st_leaid,3310330,Riverside County Office of Education,2024,
CA,3331625,,0600007,st_leaid,3331625,CA Sch for the Deaf-Riverside (State Special Schl),2024,
CA,3366977,,0602430,st_leaid,3366977,Alvord Unified,2024,
CA,3366985,,0603840,st_leaid,3366985,Banning Unified,2024,
CA,3366993,,0604290,st_leaid,3366993,Beaumont Unified,2024,
CA,3367033,,0609850,st_leaid,3367033,Corona-Norco Unified,2024,
CA,3367058,,0611110,st_leaid,3367058,Desert Sands Unified,2024,
CA,3367082,,0616920,st_leaid,3367082,Hemet Unified,2024,
CA,3367090,,0619260,st_leaid,3367090,Jurupa Unified,2024,
CA,3367124,,0625800,st_leaid,3367124,Moreno Valley Unified,2024,
CA,3367157,,0627780,st_leaid,3367157,Nuview Union,2024,
CA,3367173,,0629550,st_leaid,3367173,Palm Springs Unified,2024,
CA,3367181,,0629640,st_leaid,3367181,Palo Verde Unified,2024,
CA,3367207,,0630210,st_leaid,3367207,Perris Union High,2024,
CA,3367215,,0633150,st_leaid,3367215,Riverside Unified,2024,
CA,3367249,,0634440,st_leaid,3367249,San Jacinto Unified,2024,
CA,3373676,,0609070,st_leaid,3373676,Coachella Valley Unified,2024,
CA,3375176,,0600027,st_leaid,3375176,Lake Elsinore Unified,2024,
CA,3375192,,0600028,st_leaid,3375192,Temecula Valley Unified,2024,
CA,3375200,,0600029,st_leaid,3375200,Murrieta Valley Unified,2024,
CA,3375242,,0691135,st_leaid,3375242,Val Verde Unified,2024,
CA,3410348,,0691027,st_leaid,3410348,Sacramento County Office of Education,2024,
CA,3432276,,0601422,st_leaid,3432276,California Education Authority (CEA) Headquarters,2024,
CA,3467314,,0612330,st_leaid,3467314,Elk Grove Unified,2024,
CA,3467322,,0612600,st_leaid,3467322,Elverta Joint Elementary,2024,
CA,3467330,,0613890,st_leaid,3467330,Folsom-Cordova Unified,2024,
CA,3467355,,0614820,st_leaid,3467355,Galt Joint Union High,2024,
CA,3467413,,0633110,st_leaid,3467413,River Delta Joint Unified,2024,
CA,3467439,,0633840,st_leaid,3467439,Sacramento City Unified,2024,
CA,3467447,,0634620,st_leaid,3467447,San Juan Unified,2024,
CA,3473973,,0607900,st_leaid,3473973,Center Joint Unified,2024,
CA,3475283,,0600036,st_leaid,3475283,Natomas Unified,2024,
CA,3476505,,0601332,st_leaid,3476505,Twin Rivers Unified,2024,
CA,3477040,,,unmatched,,,,
CA,3510355,,0691028,st_leaid,3510355,San Benito County Office of Education,2024,
CA,3567538,,0634140,st_leaid,3567538,San Benito High,2024,
CA,3575259,,0691136,st_leaid,3575259,Aromas - San Juan Unified,2024,
CA,3610363,,0691029,st_leaid,3610363,San Bernardino County Office of Education,2024,
CA,3667611,,0604020,st_leaid,3667611,Barstow Unified,2024,
CA,3667637,,0604230,st_leaid,3667637,Bear Valley Unified,2024,
CA,3667652,,0608160,st_leaid,3667652,Chaffey Joint Union High,2024,
CA,3667678,,0608460,st_leaid,3667678,Chino Valley Unified,2024,
CA,3667686,,0609390,st_leaid,3667686,Colton Joint Unified,2024,
CA,3667710,,0613920,st_leaid,3667710,Fontana Unified,2024,
CA,3667736,,0616860,st_leaid,3667736,Helendale Elementary,2024,
CA,3667777,,0625860,st_leaid,3667777,Morongo Unified,2024,
CA,3667801,,0626760,st_leaid,3667801,Needles Unified,2024,
CA,3667843,,0632070,st_leaid,3667843,Redlands Unified,2024,
CA,3667850,,0632370,st_leaid,3667850,Rialto Unified,2024,
CA,3667868,,0632610,st_leaid,3667868,Rim of the World Unified,2024,
CA,3667876,,0634170,st_leaid,3667876,San Bernardino City Unified,2024,
CA,3667892,,0639840,st_leaid,3667892,Trona Joint Unified,2024,
CA,3667934,,0636972,st_leaid,3667934,Victor Valley Union High,2024,
CA,3667959,,0643560,st_leaid,3667959,Yucaipa-Calimesa Joint Unified,2024,
CA,3673858,,0603610,st_leaid,3673858,Baker Valley Unified,2024,
CA,3673890,,0636820,st_leaid,3673890,Silver Valley Unified,2024,
CA,3673957,,0636970,st_leaid,3673957,Snowline Joint Unified,2024,
CA,3675044,,0600014,st_leaid,3675044,Hesperia Unified,2024,
CA,3675051,,0600015,st_leaid,3675051,Lucerne Valley Unified,2024,
CA,3675069,,0600016,st_leaid,3675069,Upland Unified,2024,
CA,3675077,,0600017,st_leaid,3675077,Apple Valley Unified,2024,
CA,3710371,,0691030,st_leaid,3710371,San Diego County Office of Education,2024,
CA,3767983,,0605700,st_leaid,3767983,Borrego Springs Unified,2024,
CA,3768031,,0609870,st_leaid,3768031,Coronado Unified,2024,
CA,3768106,,0612910,st_leaid,3768106,Escondido Union High,2024,
CA,3768122,,0613530,st_leaid,3768122,Fallbrook Union High,2024,
CA,3768130,,0616230,st_leaid,3768130,Grossmont Union High,2024,
CA,3768171,,0619110,st_leaid,3768171,Julian Union High,2024,
CA,3768213,,0626100,st_leaid,3768213,Mountain Empire Unified,2024,
CA,3768296,,0631530,st_leaid,3768296,Poway Unified,2024,
CA,3768304,,0631710,st_leaid,3768304,Ramona City Unified,2024,
CA,3768338,,0634320,st_leaid,3768338,San Diego Unified,2024,
CA,3768346,,0634380,st_leaid,3768346,San Dieguito Union High,2024,
CA,3768411,,0638640,st_leaid,3768411,Sweetwater Union High,2024,
CA,3768452,,0641190,st_leaid,3768452,Vista Unified,2024,
CA,3773551,,0607500,st_leaid,3773551,Carlsbad Unified,2024,
CA,3773569,,0628250,st_leaid,3773569,Oceanside Unified,2024,
CA,3773791,,0634880,st_leaid,3773791,San Marcos Unified,2024,
CA,3775416,,0600042,st_leaid,3775416,Warner Unified,2024,
CA,3775614,,0600069,st_leaid,3775614,Valley Center-Pauma Unified,2024,
CA,3776471,SBC - High Tech High,,unmatched,,,,
CA,3776851,,0601426,st_leaid,3776851,Bonsall Unified,2024,
CA,3777099,,,unmatched,,,,
CA,3777107,,,unmatched,,,,
CA,3777156,,,unmatched,,,,
CA,3810389,,0691111,st_leaid,3810389,San Francisco County Office of Education,2024,
CA,3868478,,0634410,st_leaid,3868478,San Francisco Unified,2024,
CA,3910397,,0691031,st_leaid,3910397,San Joaquin County Office of Education,2024,
CA,3968502,,0612840,st_leaid,3968502,Escalon Unified,2024,
CA,3968569,,0621690,st_leaid,3968569,Lincoln Unified,2024,
CA,3968577,,0621810,st_leaid,3968577,Linden Unified,2024,
CA,3968585,,0622230,st_leaid,3968585,Lodi Unified,2024,
CA,3968593,,0623610,st_leaid,3968593,Manteca Unified,2024,
CA,3968627,,0627030,st_leaid,3968627,New Jerusalem Elementary,2024,
CA,3968650,,0632880,st_leaid,3968650,Ripon Unified,2024,
CA,3968676,,0638010,st_leaid,3968676,Stockton Unified,2024,
CA,3975499,,0600047,st_leaid,3975499,Tracy Joint Unified,2024,
CA,3976760,,0601410,st_leaid,3976760,Lammersville Joint Unified,2024,
CA,4010405,,0691032,st_leaid,4010405,San Luis Obispo County Office of Education,2024,
CA,4068700,,0603300,st_leaid,4068700,Atascadero Unified,2024,
CA,4068759,,0623080,st_leaid,4068759,Lucia Mar Unified,2024,
CA,4068809,,0634800,st_leaid,4068809,San Luis Coastal Unified,2024,
CA,4068833,,0636450,st_leaid,4068833,Shandon Joint Unified,2024,
CA,4068841,,0639000,st_leaid,4068841,Templeton Unified,2024,
CA,4075457,,0600048,st_leaid,4075457,Paso Robles Joint Unified,2024,
CA,4075465,,0600049,st_leaid,4075465,Coast Unified,2024,
CA,4110413,,0691033,st_leaid,4110413,San Mateo County Office of Education,2024,
CA,4168890,,0606780,st_leaid,4168890,Cabrillo Unified,2024,
CA,4168924,,0618930,st_leaid,4168924,Jefferson Union High,2024,
CA,4168940,,0620220,st_leaid,4168940,La Honda-Pescadero Unified,2024,
CA,4169047,,0634980,st_leaid,4169047,San Mateo Union High,2024,
CA,4169062,,0636390,st_leaid,4169062,Sequoia Union High,2024,
CA,4169070,,0637530,st_leaid,4169070,South San Francisco Unified,2024,
CA,4210421,,0691034,st_leaid,4210421,Santa Barbara County Office of Education,2024,
CA,4269146,,0607560,st_leaid,4269146,Carpinteria Unified,2024,
CA,4269229,,0622410,st_leaid,4269229,Lompoc Unified,2024,
CA,4269260,,0628710,st_leaid,4269260,Orcutt Union Elementary,2024,
CA,4269310,,0635670,st_leaid,4269310,Santa Maria Joint Union High,2024,
CA,4269328,,0635850,st_leaid,4269328,Santa Ynez Valley Union High,2024,
CA,4275010,,0600009,st_leaid,4275010,Cuyama Joint Unified,2024,
CA,4276786,,0601414,st_leaid,4276786,Santa Barbara Unified,2024,
CA,4277198,,,unmatched,,,,
CA,4277206,,,unmatched,,,,
CA,4277214,,,unmatched,,,,
CA,4277222,,,unmatched,,,,
CA,4310439,,0691035,st_leaid,4310439,Santa Clara County Office of Education,2024,
CA,4369401,,0607230,st_leaid,4369401,Campbell Union High,2024,
CA,4369427,,0611820,st_leaid,4369427,East Side Union High,2024,
CA,4369468,,0614430,st_leaid,4369468,Fremont Union High,2024,
CA,4369484,,0615180,st_leaid,4369484,Gilroy Unified,2024,
CA,4369534,,0622800,st_leaid,4369534,Los Gatos-Saratoga Union High,2024,
CA,4369583,,0625830,st_leaid,4369583,Morgan Hill Unified,2024,
CA,4369609,,0626310,st_leaid,4369609,Mountain View-Los Altos Union High,2024,
CA,4369641,,0629610,st_leaid,4369641,Palo Alto Unified,2024,
CA,4369666,,0634590,st_leaid,4369666,San Jose Unified,2024,
CA,4369674,,0635430,st_leaid,4369674,Santa Clara Unified,2024,
CA,4373387,,0624500,st_leaid,4373387,Milpitas Unified,2024,
CA,4377149,,,unmatched,,,,
CA,4410447,,0691036,st_leaid,4410447,Santa Cruz County Office of Education,2024,
CA,4469799,,0629490,st_leaid,4469799,Pajaro Valley Unified,2024,
CA,4469807,,0634740,st_leaid,4469807,San Lorenzo Valley Unified,2024,
CA,4469823,,0635600,st_leaid,4469823,Santa Cruz City High,2024,
CA,4475432,,0600043,st_leaid,4475432,Scotts Valley Unified,2024,
CA,4510454,,0691037,st_leaid,4510454,Shasta County Office of Education,2024,
CA,4569856,,0602700,st_leaid,4569856,Anderson Union High,2024,
CA,4569971,,0612810,st_leaid,4569971,Enterprise Elementary,2024,
CA,4569989,,0613470,st_leaid,4569989,Fall River Joint Unified,2024,
CA,4570110,,0632040,st_leaid,4570110,Redding Elementary,2024,
CA,4570136,,0636600,st_leaid,4570136,Shasta Union High,2024,
CA,4575267,,0614950,st_leaid,4575267,Gateway Unified,2024,
CA,4670177,,0636780,st_leaid,4670177,Sierra-Plumas Joint Unified,2024,
CA,4710470,Siskiyou County Office of Education,0691038,st_leaid,4710470,Siskiyou County Office of Education,2024,
CA,4770250,,0611700,st_leaid,4770250,Dunsmuir Joint Union High,2024,
CA,4770466,,0636940,st_leaid,4770466,Siskiyou Union High,2024,
CA,4770516,,0643410,st_leaid,4770516,Yreka Union High,2024,
CA,4773684,,0606580,st_leaid,4773684,Butte Valley Unified,2024,
CA,4776455,,0600159,st_leaid,4776455,Scott Valley Unified,2024,
CA,4810488,,0691122,st_leaid,4810488,Solano County Office of Education,2024,
CA,4870524,,0604620,st_leaid,4870524,Benicia Unified,2024,
CA,4870532,,0611280,st_leaid,4870532,Dixon Unified,2024,
CA,4870540,,0613360,st_leaid,4870540,Fairfield-Suisun Unified,2024,
CA,4870565,,0639630,st_leaid,4870565,Travis Unified,2024,
CA,4870573,,0640590,st_leaid,4870573,Vacaville Unified,2024,
CA,4870581,,0640740,st_leaid,4870581,Vallejo City Unified,2024,
CA,4910496,,0691040,st_leaid,4910496,Sonoma County Office of Education,2024,
CA,4970607,,0602670,st_leaid,4970607,West Sonoma County Union High,2024,
CA,4970656,,0608970,st_leaid,4970656,Cloverdale Unified,2024,
CA,4970706,,0615150,st_leaid,4970706,Geyserville Unified,2024,
CA,4970854,,0630230,st_leaid,4970854,Petaluma City Elementary,2024,
CA,4970862,,0630250,st_leaid,4970862,Petaluma Joint Union High,2024,
CA,4970904,,0633510,st_leaid,4970904,Roseland,2024,
CA,4970920,,0635830,st_leaid,4970920,Santa Rosa High,2024,
CA,4970953,,0637200,st_leaid,4970953,Sonoma Valley Unified,2024,
CA,4970961,,0640230,st_leaid,4970961,Twin Hills Union Elementary,2024,
CA,4973882,,0609940,st_leaid,4973882,Cotati-Rohnert Park Unified,2024,
CA,4975358,,0600034,st_leaid,4975358,Windsor Unified,2024,
CA,4975390,,0600044,st_leaid,4975390,Healdsburg Unified,2024,
CA,5010504,,0691041,st_leaid,5010504,Stanislaus County Office of Education,2024,
CA,5071043,,0608130,st_leaid,5071043,Ceres Unified,2024,
CA,5071068,,0611040,st_leaid,5071068,Denair Unified,2024,
CA,5071092,,0616650,st_leaid,5071092,Hart-Ransom Union Elementary,2024,
CA,5071134,,0619620,st_leaid,5071134,Keyes Union,2024,
CA,5071175,,0625150,st_leaid,5071175,Modesto City High,2024,
CA,5071217,,0630030,st_leaid,5071217,Patterson Joint Unified,2024,
CA,5073601,,0627200,st_leaid,5073601,Newman-Crows Landing Unified,2024,
CA,5075549,,0600060,st_leaid,5075549,Hughson Unified,2024,
CA,5075556,,0600061,st_leaid,5075556,Riverbank Unified,2024,
CA,5075564,,0600062,st_leaid,5075564,Oakdale Joint Unified,2024,
CA,5075572,,0600063,st_leaid,5075572,Waterford Unified,2024,
CA,5075739,,0600158,st_leaid,5075739,Turlock Unified,2024,
CA,5110512,,0691042,st_leaid,5110512,Sutter County Office of Education,2024,
CA,5171373,,0611780,st_leaid,5171373,East Nicolaus Joint Union High,2024,
CA,5171399,,0622050,st_leaid,5171399,Live Oak Unified,2024,
CA,5171449,,0638610,st_leaid,5171449,Sutter Union High,2024,
CA,5171464,,0643470,st_leaid,5171464,Yuba City Unified,2024,
CA,5210520,,0691043,st_leaid,5210520,Tehama County Department of Education,2024,
CA,5271506,,0609810,st_leaid,5271506,Corning Union High,2024,
CA,5271522,,0613170,st_leaid,5271522,Evergreen Union,2024,
CA,5271571,,0622860,st_leaid,5271571,Los Molinos Unified,2024,
CA,5271639,,0632010,st_leaid,5271639,Red Bluff Joint Union High,2024,
CA,5310538,Trinity County Office of Education,0691044,st_leaid,5310538,Trinity County Office of Education,2024,
CA,5373833,,0637630,st_leaid,5373833,Southern Trinity Joint Unified,2024,
CA,5375028,,0600018,st_leaid,5375028,Mountain Valley Unified,2024,
CA,5376513,,0601331,st_leaid,5376513,Trinity Alps Unified,2024,
CA,5410546,,0691045,st_leaid,5410546,Tulare County Office of Education,2024,
CA,5471803,,0602010,st_leaid,5471803,Alpaugh Unified,2024,
CA,5471837,,0606570,st_leaid,5471837,Burton Elementary,2024,
CA,5471860,,0610350,st_leaid,5471860,Cutler-Orosi Joint Unified,2024,
CA,5471993,,0621870,st_leaid,5471993,Lindsay Unified,2024,
CA,5472249,,0639930,st_leaid,5472249,Tulare Joint Union High,2024,
CA,5472256,,0641160,st_leaid,5472256,Visalia Unified,2024,
CA,5475325,,0600035,st_leaid,5475325,Farmersville Unified,2024,
CA,5475523,,0600064,st_leaid,5475523,Porterville Unified,2024,
CA,5475531,,0600065,st_leaid,5475531,Dinuba Unified,2024,
CA,5476794,,0601418,st_leaid,5476794,Woodlake Unified,2024,
CA,5476836,,0601423,st_leaid,5476836,Exeter Unified,2024,
CA,5510553,,0691046,st_leaid,5510553,Tuolumne County Superintendent of Schools,2024,
CA,5572389,,0637260,st_leaid,5572389,Sonora Union High,2024,
CA,5572413,,0638280,st_leaid,5572413,Summerville Union High,2024,
CA,5575184,,0691137,st_leaid,5575184,Big Oak Flat-Groveland Unified,2024,
CA,5610561,,0691047,st_leaid,5610561,Ventura County Office of Education,2024,
CA,5672454,,0613800,st_leaid,5672454,Fillmore Unified,2024,
CA,5672520,,0628270,st_leaid,5672520,Ojai Unified,2024,
CA,5672546,,0629270,st_leaid,5672546,Oxnard Union High,2024,
CA,5672603,,0636840,st_leaid,5672603,Simi Valley Unified,2024,
CA,5672652,,0640980,st_leaid,5672652,Ventura Unified,2024,
CA,5673759,,0609640,st_leaid,5673759,Conejo Valley Unified,2024,
CA,5673874,,0627850,st_leaid,5673874,Oak Park Unified,2024,
CA,5673940,,0625690,st_leaid,5673940,Moorpark Unified,2024,
CA,5676828,,0601421,st_leaid,5676828,Santa Paula Unified,2024,
CA,5710579,,0691049,st_leaid,5710579,Yolo County Office of Education,2024,
CA,5772678,,0610620,st_leaid,5772678,Davis Joint Unified,2024,
CA,5772686,,0612930,st_leaid,5772686,Esparto Unified,2024,
CA,5772694,,0641580,st_leaid,5772694,Washington Unified,2024,
CA,5772702,,0642930,st_leaid,5772702,Winters Joint Unified,2024,
CA,5772710,,0643080,st_leaid,5772710,Woodland Joint Unified,2024,
CA,5810587,,0691048,st_leaid,5810587,Yuba County Office of Education,2024,
CA,5872736,,0624090,st_leaid,5872736,Marysville Joint Unified,2024,
CA,5872769,,0642350,st_leaid,5872769,Wheatland Union High,2024,
CO,0010,Mapleton 1,0805550,st_leaid,0010,Mapleton School District No. 1 in the county of Adams & St,2024,
CO,0020,Adams 12 Five Star Schools,0806900,st_leaid,0020,Adams 12 Five Star Schools,2024,
CO,0030,Adams County 14,0801950,st_leaid,0030,School District N. 14 in the county of Adams & State of Colo,2024,
CO,0040,School District 27J,0802580,st_leaid,0040,School District 27J,2024,
CO,0050,Bennett 29J,0802430,st_leaid,0050,Bennett School District No. 29J,2024,
CO,0060,Strasburg 31J,0806750,st_leaid,0060,Strasburg School District 31J,2024,
CO,0070,Westminster Public Schools,0807230,st_leaid,0070,Westminster Public Schools,2024,
CO,0100,Alamosa RE-11J,0802070,st_leaid,0100,Alamosa School District No. Re-11J,2024,
CO,0110,Sangre De Cristo Re-22J,0806420,st_leaid,0110,Sangre de Cristo School District No. Re-22J,2024,
CO,0120,Englewood 1,0803780,st_leaid,0120,Englewood School District No. 1 in the county of Arapahoe,2024,
CO,0123,Sheridan 2,0806540,st_leaid,0123,Sheridan School District No. 2,2024,
CO,0130,Cherry Creek 5,0802910,st_leaid,0130,Cherry Creek School District No. 5 in the county of Arapah,2024,
CO,0140,Littleton 6,0805310,st_leaid,0140,Littleton School District No. 6 in the county of Arapahoe,2024,
CO,0180,Adams-Arapahoe 28J,0802340,st_leaid,0180,Aurora Joint District No. 28 of the counties of Adams and A,2024,
CO,0190,Byers 32J,0802700,st_leaid,0190,Byers School District No. 32J,2024,
CO,0220,Archuleta County 50 Jt,0802190,st_leaid,0220,Archuleta County School District No. 50 Jt,2024,
CO,0250,Springfield RE-4,0806630,st_leaid,0250,Springfield School District No. Re-4,2024,
CO,0290,Las Animas RE-1,0805250,st_leaid,0290,Las Animas School District No. Re-1,2024,
CO,0470,St Vrain Valley RE1J,0805370,st_leaid,0470,St. Vrain Valley School District No. Re1J,2024,
CO,0480,Boulder Valley Re 2,0802490,st_leaid,0480,Boulder Valley School District No. Re2,2024,
CO,0490,Buena Vista R-31,0802640,st_leaid,0490,Buena Vista School District No. R-31,2024,
CO,0500,Salida R-32,0806330,st_leaid,0500,Salida School District No. R-32,2024,
CO,0540,Clear Creek RE-1,0803000,st_leaid,0540,Clear Creek School District No. Re-1,2024,
CO,0550,North Conejos RE-1J,0805100,st_leaid,0550,North Conejos School District No. Re1J,2024,
CO,0560,Sanford 6J,0806390,st_leaid,0560,Sanford School District No. 6 in the county of Conejos and,2024,
CO,0580,South Conejos RE-10,0802130,st_leaid,0580,South Conejos School District No. Re10,2024,
CO,0740,Sierra Grande R-30,0804140,st_leaid,0740,Sierra Grande School District No. R-30,2024,
CO,0770,Crowley County RE-1-J,0803210,st_leaid,0770,Crowley County School District No. Re-1-J,2024,
CO,0860,Custer County School District C-1,0807200,st_leaid,0860,Custer County School District Consolidate 1,2024,
CO,0870,Delta County 50(J),0803330,st_leaid,0870,Delta County Joint District No. 50,2024,
CO,0880,Denver County 1,0803360,st_leaid,0880,School District No. 1 in the county of Denver and State of C,2024,
CO,0890,Dolores County RE No.2,0803420,st_leaid,0890,Dolores County School District RE-2J,2024,
CO,0900,Douglas County Re 1,0803450,st_leaid,0900,Douglas County School District No. Re 1,2024,
CO,0910,Eagle County RE 50,0803540,st_leaid,0910,Eagle County School District No. Re 50,2024,
CO,0920,Elizabeth School District,0803720,st_leaid,0920,ELIZABETH SCHOOL DISTRICT,2024,
CO,0940,Big Sandy 100J,0806600,st_leaid,0940,Big Sandy School District No. 100J,2024,
CO,0950,Elbert 200,0803690,st_leaid,0950,Elbert School District No. 200,2024,
CO,0970,Calhan RJ-1,0802730,st_leaid,0970,Calhan District No. RJ1,2024,
CO,0980,Harrison 2,0804530,st_leaid,0980,Harrison School District No. 2 in the county of El Paso an,2024,
CO,0990,Widefield 3,0806480,st_leaid,0990,School District No. 3 in the county of El Paso and State of,2024,
CO,1000,Fountain 8,0804080,st_leaid,1000,Fountain School District No. 8 in the county of El Paso an,2024,
CO,1010,Colorado Springs 11,0803060,st_leaid,1010,Colorado Springs School District No. 11 in the county of E,2024,
CO,1020,Cheyenne Mountain 12,0802940,st_leaid,1020,Cheyenne Mountain School District No. 12 in the county of E,2024,
CO,1030,Manitou Springs 14,0805490,st_leaid,1030,Manitou Springs School District No. 14 in the county of El,2024,
CO,1040,Academy 20,0801920,st_leaid,1040,Academy School District No. 20 in the county of El Paso an,2024,
CO,1050,Ellicott 22,0803750,st_leaid,1050,Ellicott School District No. 22 in the county of El Paso a,2024,
CO,1060,Peyton 23 Jt,0806060,st_leaid,1060,Peyton School District No. 23 in the county of El Paso and,2024,
CO,1080,Lewis-Palmer 38,0805820,st_leaid,1080,Lewis-Palmer Consolidated School District No. 38 in the co,2024,
CO,1110,District 49,0803870,st_leaid,1110,El Paso County Colorado School District 49,2024,
CO,1130,Miami/Yoder 60 JT,0805670,st_leaid,1130,Miami-Yoder Joint District No. 60 of the counties of El Pas,2024,
CO,1140,Canon City RE-1,0802790,st_leaid,1140,Fremont Re-1,2024,
CO,1150,Fremont RE-2,0803960,st_leaid,1150,Fremont Re-2,2024,
CO,1180,Roaring Fork RE-1,0804260,st_leaid,1180,Roaring Fork School District No. Re-1,2024,
CO,1195,Garfield Re-2,0806240,st_leaid,1195,Garfield School District No. Re-2,2024,
CO,1220,Garfield 16,0804380,st_leaid,1220,Grand Valley School District No. 16 in the county of Garfi,2024,
CO,1330,Gilpin County RE-1,0804230,st_leaid,1330,Gilpin County School District No. Re-1,2024,
CO,1340,West Grand 1-JT,0805070,st_leaid,1340,West Grand School District No. 1,2024,
CO,1350,East Grand 2,0804320,st_leaid,1350,East Grand School District No. 2,2024,
CO,1360,Gunnison Watershed RE1J,0804470,st_leaid,1360,Gunnison Watershed School District Re1J,2024,
CO,1390,Huerfano Re-1,0807080,st_leaid,1390,Huerfano School District Re-1,2024,
CO,1420,Jefferson County R-1,0804800,st_leaid,1420,Jefferson County School District No. R-1,2024,
CO,1500,Burlington RE-6J,0802670,st_leaid,1500,Burlington Public School District No. RE-6J,2024,
CO,1510,Lake County R-1,0805190,st_leaid,1510,Lake County School District No. R-1,2024,
CO,1520,Durango 9-R,0803480,st_leaid,1520,Durango School District No. 9-R,2024,
CO,1530,Bayfield 10 Jt-R,0802400,st_leaid,1530,Bayfield School District No. 10Jt-R,2024,
CO,1540,Ignacio 11 JT,0804770,st_leaid,1540,Ignacio School District No. 11Jt,2024,
CO,1550,Poudre R-1,0803990,st_leaid,1550,Poudre School District R-1,2024,
CO,1560,Thompson R2-J,0805400,st_leaid,1560,Thompson School District R-2J,2024,
CO,1570,Estes Park R-3,0803810,st_leaid,1570,Estes Park School District R-3,2024,
CO,1580,Trinidad 1,0806960,st_leaid,1580,Trinidad School District 1 in the county of Las Animas and,2024,
CO,1600,Hoehne Reorganized 3,0804650,st_leaid,1600,Hoehne Reorganized School District No. 3,2024,
CO,1750,Branson Reorganized 82,0802520,st_leaid,1750,Branson Reorganized School District No. 82,2024,
CO,1790,Limon RE-4J,0805280,st_leaid,1790,Limon School District No. Re 4J,2024,
CO,1828,Valley RE-1,0806690,st_leaid,1828,School District No. Re-1 Valley,2024,
CO,1860,Buffalo RE-4J,0805640,st_leaid,1860,School District No. Re-4 Buffalo,2024,
CO,1990,Plateau Valley 50,0803030,st_leaid,1990,Plateau Valley School District No. 50 in the county of Mesa,2024,
CO,2000,Mesa County Valley 51,0804350,st_leaid,2000,Mesa County Valley School District No. 51,2024,
CO,2020,Moffat County RE: No 1,0805730,st_leaid,2020,Moffat County School District RE: No. 1,2024,
CO,2035,Montezuma-Cortez RE-1,0803090,st_leaid,2035,Montezuma-Cortez School District No. Re-1,2024,
CO,2055,Dolores RE-4A,0803390,st_leaid,2055,Dolores School District No. Re-4A,2024,
CO,2070,Mancos Re-6,0805460,st_leaid,2070,Mancos School District Re-6,2024,
CO,2180,Montrose County RE-1J,0805790,st_leaid,2180,Montrose County School District Re-1J,2024,
CO,2395,Brush RE-2(J),0802610,st_leaid,2395,School District No. Re-2 Brush,2024,
CO,2405,Fort Morgan Re-3,0804050,st_leaid,2405,School District No. Re-3 Fort Morgan,2024,
CO,2515,Wiggins RE-50(J),0807290,st_leaid,2515,School District No. Re-50 Wiggins,2024,
CO,2520,East Otero R-1,0805130,st_leaid,2520,East Otero School District No. R1,2024,
CO,2530,Rocky Ford R-2,0806270,st_leaid,2530,Rocky Ford School District No. R2,2024,
CO,2540,Fowler R-4J,0804110,st_leaid,2540,Fowler School District No. R4J,2024,
CO,2570,Swink 33,0806840,st_leaid,2570,Swink School District No. 33 in the county of Otero and St,2024,
CO,2590,Ridgway R-2,0806210,st_leaid,2590,Ridgway School District No. R-2  of  the county of Ouray a,2024,
CO,2600,Platte Canyon 1,0802370,st_leaid,2600,Platte Canyon School District No. 1 of  the county of Park,2024,
CO,2610,Park County RE-2,0803840,st_leaid,2610,Park County School District No. Re-2,2024,
CO,2620,Holyoke Re-1J,0804710,st_leaid,2620,Holyoke School District No. Re-1J,2024,
CO,2640,Aspen 1,0802280,st_leaid,2640,Aspen School District No. 1 in the county of Pitkin and Sta,2024,
CO,2660,Lamar Re-2,0805220,st_leaid,2660,Lamar School District No. Re-2,2024,
CO,2690,Pueblo City 60,0806120,st_leaid,2690,Pueblo School District No. 60 in the county of Pueblo and,2024,
CO,2700,Pueblo County 70,0806150,st_leaid,2700,Pueblo County School District 70,2024,
CO,2710,Meeker RE-1,0805610,st_leaid,2710,Meeker School District Re1,2024,
CO,2720,Rangely RE-4,0806180,st_leaid,2720,Rangely School District RE4,2024,
CO,2730,Upper Rio Grande School District C-7,0803300,st_leaid,2730,Upper Rio Grande School District C-7,2024,
CO,2740,Monte Vista C-8,0805760,st_leaid,2740,Monte Vista School District No. C-8,2024,
CO,2750,Sargent RE-33J,0806450,st_leaid,2750,Sargent School District No. Re-33J,2024,
CO,2760,Hayden RE-1,0804590,st_leaid,2760,Hayden School District No. Re 1,2024,
CO,2770,Steamboat Springs RE-2,0806660,st_leaid,2770,Steamboat Springs School District No. Re 2,2024,
CO,2780,South Routt RE 3,0805910,st_leaid,2780,South Routt School District No. Re 3,2024,
CO,2810,Center 26 JT,0802850,st_leaid,2810,Center Consolidated School District No. 26 Jt. of the count,2024,
CO,2830,Telluride R-1,0806870,st_leaid,2830,Telluride School District No. R-1,2024,
CO,2840,Norwood R-2J,0805880,st_leaid,2840,Norwood School District No. R-2J,2024,
CO,2862,Julesburg Re-1,0804860,st_leaid,2862,Julesburg School District No. Re1,2024,
CO,3000,Summit RE-1,0806810,st_leaid,3000,Summit School District No. Re 1,2024,
CO,3010,Cripple Creek-Victor RE-1,0803180,st_leaid,3010,Cripple Creek-Victor School District No. Re-1,2024,
CO,3020,Woodland Park Re-2,0807380,st_leaid,3020,Woodland Park School District No. Re-2,2024,
CO,3030,Akron R-1,0802040,st_leaid,3030,Akron School District No. R-1,2024,
CO,3050,Otis R-3,0805940,st_leaid,3050,Otis School District No. R-3,2024,
CO,3080,Weld County RE-1,0804200,st_leaid,3080,Weld County Reorganized School District No. Re-1,2024,
CO,3085,Eaton RE-2,0803600,st_leaid,3085,Weld County School District No. Re-2,2024,
CO,3090,Weld County School District RE-3J,0804920,st_leaid,3090,Weld County School District RE-3J,2024,
CO,3100,Windsor RE-4,0807350,st_leaid,3100,Weld County Reorganized School District No. Re-4,2024,
CO,3110,Johnstown-Milliken RE-5J,0804830,st_leaid,3110,Weld County School District No. Re-5J,2024,
CO,3120,Greeley 6,0804410,st_leaid,3120,GreeleySchool District No. 6 in the county of Weld and Sta,2024,
CO,3130,Platte Valley RE-7,0804950,st_leaid,3130,Weld County School District No. Re-7,2024,
CO,3140,Weld Re-8 Schools,0804020,st_leaid,3140,Weld re-8 schools,2024,
CO,3145,Ault-Highland RE-9,0802310,st_leaid,3145,Weld County School District No. Re-9,2024,
CO,3200,Yuma 1,0800016,st_leaid,3200,Yuma 1 School District,2024,
CO,3210,Wray RD-2,0800017,st_leaid,3210,Wray RD-2 School District,2024,
CO,8001,Charter School Institute,0800020,st_leaid,8001,State Charter School Institute,2024,
CO,9130,Expeditionary BOCES,0800004,st_leaid,9130,DENVER 1,2024,
CO,9170,Education reEnvisioned BOCES,0800282,st_leaid,9170,EDUCATION REENVISIONED BOCES,2024,
CT,0020011,Ansonia School District,0900060,st_leaid,0020011,Ansonia School District,2024,
CT,0040011,Avon School District,0900120,st_leaid,0040011,Avon School District,2024,
CT,0070011,Berlin School District,0900210,st_leaid,0070011,Berlin School District,2024,
CT,0090011,Bethel School District,0900270,st_leaid,0090011,Bethel School District,2024,
CT,0110011,Bloomfield School District,0900330,st_leaid,0110011,Bloomfield School District,2024,
CT,0120011,Bolton School District,0900360,st_leaid,0120011,Bolton School District,2024,
CT,0140011,Branford School District,0900420,st_leaid,0140011,Branford School District,2024,
CT,0150011,Bridgeport School District,0900450,st_leaid,0150011,Bridgeport School District,2024,
CT,0170011,Bristol School District,0900510,st_leaid,0170011,Bristol School District,2024,
CT,0180011,Brookfield School District,0900540,st_leaid,0180011,Brookfield School District,2024,
CT,0190011,Brooklyn School District,0900570,st_leaid,0190011,Brooklyn School District,2024,
CT,0220011,Canterbury School District,0900660,st_leaid,0220011,Canterbury School District,2024,
CT,0230011,Canton School District,0900690,st_leaid,0230011,Canton School District,2024,
CT,0250011,Cheshire School District,0900750,st_leaid,0250011,Cheshire School District,2024,
CT,0270011,Clinton School District,0900810,st_leaid,0270011,Clinton School District,2024,
CT,0280011,Colchester School District,0900840,st_leaid,0280011,Colchester School District,2024,
CT,0320011,Coventry School District,0900960,st_leaid,0320011,Coventry School District,2024,
CT,0330011,Cromwell School District,0900990,st_leaid,0330011,Cromwell School District,2024,
CT,0340011,Danbury School District,0901020,st_leaid,0340011,Danbury School District,2024,
CT,0350011,Darien School District,0901050,st_leaid,0350011,Darien School District,2024,
CT,0370011,Derby School District,0901110,st_leaid,0370011,Derby School District,2024,
CT,0390011,Eastford School District,0901380,st_leaid,0390011,Eastford School District,2024,
CT,0400011,East Granby School District,0901170,st_leaid,0400011,East Granby School District,2024,
CT,0410011,East Haddam School District,0901200,st_leaid,0410011,East Haddam School District,2024,
CT,0420011,East Hampton School District,0901230,st_leaid,0420011,East Hampton School District,2024,
CT,0430011,East Hartford School District,0901260,st_leaid,0430011,East Hartford School District,2024,
CT,0440011,East Haven School District,0901290,st_leaid,0440011,East Haven School District,2024,
CT,0450011,East Lyme School District,0901320,st_leaid,0450011,East Lyme School District,2024,
CT,0470011,East Windsor School District,0901350,st_leaid,0470011,East Windsor School District,2024,
CT,0480011,Ellington School District,0901440,st_leaid,0480011,Ellington School District,2024,
CT,0490011,Enfield School District,0901470,st_leaid,0490011,Enfield School District,2024,
CT,0510011,Fairfield School District,0901530,st_leaid,0510011,Fairfield School District,2024,
CT,0520011,Farmington School District,0901560,st_leaid,0520011,Farmington School District,2024,
CT,0530011,Franklin School District,0901590,st_leaid,0530011,Franklin School District,2024,
CT,0540011,Glastonbury School District,0901620,st_leaid,0540011,Glastonbury School District,2024,
CT,0560011,Granby School District,0901680,st_leaid,0560011,Granby School District,2024,
CT,0570011,Greenwich School District,0901710,st_leaid,0570011,Greenwich School District,2024,
CT,0580011,Griswold School District,0901740,st_leaid,0580011,Griswold School District,2024,
CT,0590011,Groton School District,0901770,st_leaid,0590011,Groton School District,2024,
CT,0600011,Guilford School District,0901800,st_leaid,0600011,Guilford School District,2024,
CT,0620011,Hamden School District,0901860,st_leaid,0620011,Hamden School District,2024,
CT,0640011,Hartford School District,0901920,st_leaid,0640011,Hartford School District,2024,
CT,0690011,Killingly School District,0902070,st_leaid,0690011,Killingly School District,2024,
CT,0710011,Lebanon School District,0902130,st_leaid,0710011,Lebanon School District,2024,
CT,0720011,Ledyard School District,0902160,st_leaid,0720011,Ledyard School District,2024,
CT,0730011,Lisbon School District,0902190,st_leaid,0730011,Lisbon School District,2024,
CT,0740011,Litchfield School District,0902220,st_leaid,0740011,Litchfield School District,2024,
CT,0760011,Madison School District,0902280,st_leaid,0760011,Madison School District,2024,
CT,0770011,Manchester School District,0902310,st_leaid,0770011,Manchester School District,2024,
CT,0800011,Meriden School District,0902400,st_leaid,0800011,Meriden School District,2024,
CT,0830011,Middletown School District,0902490,st_leaid,0830011,Middletown School District,2024,
CT,0840011,Milford School District,0902520,st_leaid,0840011,Milford School District,2024,
CT,0850011,Monroe School District,0902550,st_leaid,0850011,Monroe School District,2024,
CT,0860011,Montville School District,0902580,st_leaid,0860011,Montville School District,2024,
CT,0880011,Naugatuck School District,0902640,st_leaid,0880011,Naugatuck School District,2024,
CT,0890011,New Britain School District,0902670,st_leaid,0890011,New Britain School District,2024,
CT,0900011,New Canaan School District,0902700,st_leaid,0900011,New Canaan School District,2024,
CT,0910011,New Fairfield School District,0902730,st_leaid,0910011,New Fairfield School District,2024,
CT,0930011,New Haven School District,0902790,st_leaid,0930011,New Haven School District,2024,
CT,0940011,Newington School District,0902880,st_leaid,0940011,Newington School District,2024,
CT,0950011,New London School District,0902820,st_leaid,0950011,New London School District,2024,
CT,0960011,New Milford School District,0902850,st_leaid,0960011,New Milford School District,2024,
CT,0970011,Newtown School District,0902910,st_leaid,0970011,Newtown School District,2024,
CT,0990011,North Branford School District,0902970,st_leaid,0990011,North Branford School District,2024,
CT,1010011,North Haven School District,0903030,st_leaid,1010011,North Haven School District,2024,
CT,1020011,North Stonington School District,0903060,st_leaid,1020011,North Stonington School District,2024,
CT,1030011,Norwalk School District,0903090,st_leaid,1030011,Norwalk School District,2024,
CT,1040011,Norwich School District,0903120,st_leaid,1040011,Norwich School District,2024,
CT,1060011,Old Saybrook School District,0903180,st_leaid,1060011,Old Saybrook School District,2024,
CT,1080011,Oxford School District,0903240,st_leaid,1080011,Oxford School District,2024,
CT,1090011,Plainfield School District,0903270,st_leaid,1090011,Plainfield School District,2024,
CT,1100011,Plainville School District,0903300,st_leaid,1100011,Plainville School District,2024,
CT,1110011,Plymouth School District,0903330,st_leaid,1110011,Plymouth School District,2024,
CT,1130011,Portland School District,0903390,st_leaid,1130011,Portland School District,2024,
CT,1140011,Preston School District,0903420,st_leaid,1140011,Preston School District,2024,
CT,1160011,Putnam School District,0903480,st_leaid,1160011,Putnam School District,2024,
CT,1180011,Ridgefield School District,0903810,st_leaid,1180011,Ridgefield School District,2024,
CT,1190011,Rocky Hill School District,0903840,st_leaid,1190011,Rocky Hill School District,2024,
CT,1210011,Salem School District,0903900,st_leaid,1210011,Salem School District,2024,
CT,1240011,Seymour School District,0903990,st_leaid,1240011,Seymour School District,2024,
CT,1260011,Shelton School District,0904050,st_leaid,1260011,Shelton School District,2024,
CT,1270011,Sherman School District,0904080,st_leaid,1270011,Sherman School District,2024,
CT,1280011,Simsbury School District,0904110,st_leaid,1280011,Simsbury School District,2024,
CT,1290011,Somers School District,0904140,st_leaid,1290011,Somers School District,2024,
CT,1310011,Southington School District,0904230,st_leaid,1310011,Southington School District,2024,
CT,1320011,South Windsor School District,0904170,st_leaid,1320011,South Windsor School District,2024,
CT,1330011,Sprague School District,0904260,st_leaid,1330011,Sprague School District,2024,
CT,1340011,Stafford School District,0904290,st_leaid,1340011,Stafford School District,2024,
CT,1350011,Stamford School District,0904320,st_leaid,1350011,Stamford School District,2024,
CT,1360011,Sterling School District,0904350,st_leaid,1360011,Sterling School District,2024,
CT,1370011,Stonington School District,0904380,st_leaid,1370011,Stonington School District,2024,
CT,1380011,Stratford School District,0904440,st_leaid,1380011,Stratford School District,2024,
CT,1390011,Suffield School District,0904470,st_leaid,1390011,Suffield School District,2024,
CT,1400011,Thomaston School District,0904500,st_leaid,1400011,Thomaston School District,2024,
CT,1410011,Thompson School District,0904530,st_leaid,1410011,Thompson School District,2024,
CT,1420011,Tolland School District,0904560,st_leaid,1420011,Tolland School District,2024,
CT,1430011,Torrington School District,0904590,st_leaid,1430011,Torrington School District,2024,
CT,1440011,Trumbull School District,0904620,st_leaid,1440011,Trumbull School District,2024,
CT,1460011,Vernon School District,0904680,st_leaid,1460011,Vernon School District,2024,
CT,1470011,Voluntown School District,0904710,st_leaid,1470011,Voluntown School District,2024,
CT,1480011,Wallingford School District,0904740,st_leaid,1480011,Wallingford School District,2024,
CT,1510011,Waterbury School District,0904830,st_leaid,1510011,Waterbury School District,2024,
CT,1520011,Waterford School District,0904860,st_leaid,1520011,Waterford School District,2024,
CT,1530011,Watertown School District,0904890,st_leaid,1530011,Watertown School District,2024,
CT,1540011,Westbrook School District,0904980,st_leaid,1540011,Westbrook School District,2024,
CT,1550011,West Hartford School District,0904920,st_leaid,1550011,West Hartford School District,2024,
CT,1560011,West Haven School District,0904950,st_leaid,1560011,West Haven School District,2024,
CT,1570011,Weston School District,0905010,st_leaid,1570011,Weston School District,2024,
CT,1580011,Westport School District,0905040,st_leaid,1580011,Westport School District,2024,
CT,1590011,Wethersfield School District,0905070,st_leaid,1590011,Wethersfield School District,2024,
CT,1610011,Wilton School District,0905130,st_leaid,1610011,Wilton School District,2024,
CT,1620011,Winchester School District,0905160,st_leaid,1620011,Winchester School District,2024,
CT,1630011,Windham School District,0905190,st_leaid,1630011,Windham School District,2024,
CT,1640011,Windsor School District,0905220,st_leaid,1640011,Windsor School District,2024,
CT,1650011,Windsor Locks School District,0905250,st_leaid,1650011,Windsor Locks School District,2024,
CT,1660011,Wolcott School District,0905280,st_leaid,1660011,Wolcott School District,2024,
CT,1690011,Woodstock School District,0905370,st_leaid,1690011,Woodstock School District,2024,
CT,2010012,Regional School District 01,0903600,st_leaid,2010012,Regional School District 01,2024,
CT,2040012,Regional School District 04,0903630,st_leaid,2040012,Regional School District 04,2024,
CT,2050012,Regional School District 05,0903660,st_leaid,2050012,Regional School District 05,2024,
CT,2060012,Regional School District 06,0903515,st_leaid,2060012,Regional School District 06,2024,
CT,2070012,Regional School District 07,0903720,st_leaid,2070012,Regional School District 07,2024,
CT,2080012,Regional School District 08,0903750,st_leaid,2080012,Regional School District 08,2024,
CT,2090012,Regional School District 09,0903780,st_leaid,2090012,Regional School District 09,2024,
CT,2100012,Regional School District 10,0903520,st_leaid,2100012,Regional School District 10,2024,
CT,2110012,Regional School District 11,0903570,st_leaid,2110012,Regional School District 11,2024,
CT,2120012,Regional School District 12,0903530,st_leaid,2120012,Regional School District 12,2024,
CT,2130012,Regional School District 13,0903535,st_leaid,2130012,Regional School District 13,2024,
CT,2140012,Regional School District 14,0903536,st_leaid,2140012,Regional School District 14,2024,
CT,2150012,Regional School District 15,0903537,st_leaid,2150012,Regional School District 15,2024,
CT,2160012,Regional School District 16,0903538,st_leaid,2160012,Regional School District 16,2024,
CT,2170012,Regional School District 17,0903539,st_leaid,2170012,Regional School District 17,2024,
CT,2180012,Regional School District 18,0903540,st_leaid,2180012,Regional School District 18,2024,
CT,2190012,Regional School District 19,0900005,st_leaid,2190012,Regional School District 19,2024,
CT,2200012,Regional School District 20,0905374,st_leaid,2200012,Regional School District 20,2024,
CT,2310018,Goodwin University Educational Services (GUES),0900226,st_leaid,2310018,Goodwin University Educational Services (GUES),2024,
CT,2410014,Capitol Region Education Council,0900700,st_leaid,2410014,Capitol Region Education Council,2024,
CT,2420014,EdAdvance,0903512,st_leaid,2420014,EdAdvance,2024,
CT,2430014,Cooperative Educational Services,0900910,st_leaid,2430014,Cooperative Educational Services,2024,
CT,2440014,Area Cooperative Educational Services,0900070,st_leaid,2440014,Area Cooperative Educational Services,2024,
CT,2450014,Learn,0903450,st_leaid,2450014,Learn,2024,
CT,2530014,Eastern Connecticut Regional Educational Service Center (EASTCONN),0901360,st_leaid,2530014,Eastern Connecticut Regional Educational Service Center (EAS,2024,
CT,2610013,Jumoke Academy District,0900007,st_leaid,2610013,Jumoke Academy District,2024,
CT,2680013,Common Ground High School District,0900014,st_leaid,2680013,Common Ground High School District,2024,
CT,2690013,The Bridge Academy District,0900015,st_leaid,2690013,The Bridge Academy District,2024,
CT,2720013,Explorations District,0900018,st_leaid,2720013,Explorations District,2024,
CT,2790013,Amistad Academy District,0900024,st_leaid,2790013,Amistad Academy District,2024,
CT,2850013,Achievement First Bridgeport Academy District,0900208,st_leaid,2850013,Achievement First Bridgeport Academy District,2024,
CT,2860013,Highville Charter School District,0900207,st_leaid,2860013,Highville Charter School District,2024,
CT,2880013,Achievement First Hartford Academy District,0900212,st_leaid,2880013,Achievement First Hartford Academy District,2024,
CT,2890013,Elm City College Preparatory School District,0900214,st_leaid,2890013,Elm City College Preparatory School District,2024,
CT,2940013,Great Oaks Charter School District,0900219,st_leaid,2940013,Great Oaks Charter School District,2024,
CT,2970013,Capital Preparatory Harbor School District,0900221,st_leaid,2970013,Capital Preparatory Harbor School District,2024,
CT,3470015,Unified School District #2,0900004,st_leaid,3470015,Unified School District #2,2024,
CT,9000016,Connecticut Technical Education and Career System,0900002,st_leaid,9000016,Connecticut Technical Education and Career System,2024,
CT,9010022,Norwich Free Academy District,0905371,st_leaid,9010022,Norwich Free Academy District,2024,
CT,9020022,The Gilbert School District,0905372,st_leaid,9020022,The Gilbert School District,2024,
CT,9030022,The Woodstock Academy District,0905373,st_leaid,9030022,The Woodstock Academy District,2024,
DC,001,District of Columbia Public Schools,1100030,st_leaid,001,District of Columbia Public Schools,2024,
DC,108,Capital City PCS,1100035,st_leaid,108,Capital City PCS,2024,
DC,109,Cesar Chavez PCS for Public Policy,1100005,st_leaid,109,Cesar Chavez PCS for Public Policy,2024,
DC,115,DC Prep PCS,1100048,st_leaid,115,DC Prep PCS,2024,
DC,116,E.L. Haynes PCS,1100043,st_leaid,116,E.L. Haynes PCS,2024,
DC,120,Friendship PCS,1100008,st_leaid,120,Friendship PCS,2024,
DC,125,Perry Street Preparatory PCS,1100011,st_leaid,125,Perry Street Preparatory PCS,2024,
DC,126,IDEA PCS,1100013,st_leaid,126,IDEA PCS,2024,
DC,129,KIPP DC PCS,1100031,st_leaid,129,KIPP DC PCS,2024,
DC,133,Maya Angelou PCS,1100014,st_leaid,133,Maya Angelou PCS,2024,
DC,138,Paul PCS,1100039,st_leaid,138,Paul PCS,2024,
DC,142,SEED PCS,1100022,st_leaid,142,SEED PCS,2024,
DC,146,Thurgood Marshall Academy PCS,1100034,st_leaid,146,Thurgood Marshall Academy PCS,2024,
DC,149,Two Rivers PCS,1100045,st_leaid,149,Two Rivers PCS,2024,
DC,151,Washington Latin PCS,1100019,st_leaid,151,Washington Latin PCS,2024,
DC,165,Inspired Teaching Demonstration PCS,1100080,st_leaid,165,Inspired Teaching Demonstration PCS,2024,
DC,167,Richard Wright PCS for Journalism and Media Arts,1100082,st_leaid,167,Richard Wright PCS for Journalism and Media Arts,2024,
DC,168,BASIS DC PCS,1100083,st_leaid,168,BASIS DC PCS,2024,
DC,181,District of Columbia International School,1100097,st_leaid,181,District of Columbia International School,2024,
DC,186,Kingsman Academy PCS,1100099,st_leaid,186,Kingsman Academy PCS,2024,
DC,190,Goodwill Excel Center PCS,1100105,st_leaid,190,Goodwill Excel Center PCS,2024,
DC,194,Washington Leadership Academy PCS,1100103,st_leaid,194,Washington Leadership Academy PCS,2024,
DC,317,Digital Pioneers Academy PCS,1100109,st_leaid,317,Digital Pioneers Academy PCS,2024,
DC,323,The Sojourner Truth School PCS,1100111,st_leaid,323,The Sojourner Truth School PCS,2024,
DC,340,Girls Global Academy PCS,1100113,st_leaid,340,Girls Global Academy PCS,2024,
DC,4002,DYRS,1100087,st_leaid,4002,DYRS,2024,
DC,4003,DC Jail Education Program,1100119,st_leaid,4003,DC Jail Education Program,2024,
DE,10,Caesar Rodney School District,1000180,st_leaid,10,Caesar Rodney School District,2024,
DE,13,Capital School District,1000190,st_leaid,13,Capital School District,2024,
DE,15,Lake Forest School District,1000790,st_leaid,15,Lake Forest School District,2024,
DE,16,Laurel School District,1000810,st_leaid,16,Laurel School District,2024,
DE,17,Cape Henlopen School District,1000170,st_leaid,17,Cape Henlopen School District,2024,
DE,18,Milford School District,1001080,st_leaid,18,Milford School District,2024,
DE,23,Seaford School District,1001530,st_leaid,23,Seaford School District,2024,
DE,24,Smyrna School District,1001620,st_leaid,24,Smyrna School District,2024,
DE,29,Appoquinimink School District,1000080,st_leaid,29,Appoquinimink School District,2024,
DE,31,Brandywine School District,1001240,st_leaid,31,Brandywine School District,2024,
DE,32,Red Clay Consolidated School District,1001300,st_leaid,32,Red Clay Consolidated School District,2024,
DE,33,Christina School District,1000200,st_leaid,33,Christina School District,2024,
DE,34,Colonial School District,1000230,st_leaid,34,Colonial School District,2024,
DE,35,Woodbridge School District,1001850,st_leaid,35,Woodbridge School District,2024,
DE,36,Indian River School District,1000680,st_leaid,36,Indian River School District,2024,
DE,37,Delmar School District,1000270,st_leaid,37,Delmar School District,2024,
DE,38,New Castle County Vocational-Technical School District,1001280,st_leaid,38,New Castle County Vocational-Technical School District,2024,
DE,39,POLYTECH School District,1000750,st_leaid,39,POLYTECH School District,2024,
DE,40,Sussex Technical School District,1001680,st_leaid,40,Sussex Technical School District,2024,
DE,69,Las Americas Aspira Academy,1000050,st_leaid,69,Las Americas Aspira Academy,2024,
DE,71,Positive Outcomes Charter School,1000005,st_leaid,71,Positive Outcomes Charter School,2024,
DE,77,Sussex Academy,1000011,st_leaid,77,Sussex Academy,2024,
DE,86,Odyssey Charter School,1000026,st_leaid,86,Odyssey Charter School,2024,
DE,88,MOT Charter School,1000019,st_leaid,88,MOT Charter School,2024,
DE,89,Newark Charter School,1000015,st_leaid,89,Newark Charter School,2024,
DE,9604,Early College High School at Del State,1000055,st_leaid,9604,Early College High School at Del State,2024,
DE,9607,First State Military Academy,1000057,st_leaid,9607,First State Military Academy,2024,
DE,9611,Great Oaks Charter School,1000062,st_leaid,9611,Great Oaks Charter School,2024,
DE,9612,Freire Charter School Wilmington,1000059,st_leaid,9612,Freire Charter School Wilmington,2024,
DE,97,Dept. of Svs. for Children Youth & Their Families,1000022,st_leaid,97,Dept. of Svs. for Children Youth & Their Families,2024,
GA,601,Appling County,1300060,st_leaid,601,Appling County,2024,
GA,602,Atkinson County,1300090,st_leaid,602,Atkinson County,2024,
GA,603,Bacon County,1300150,st_leaid,603,Bacon County,2024,
GA,604,Baker County,1300180,st_leaid,604,Baker County,2024,
GA,605,Baldwin County,1300210,st_leaid,605,Baldwin County,2024,
GA,606,Banks County,1300240,st_leaid,606,Banks County,2024,
GA,607,Barrow County,1300290,st_leaid,607,Barrow County,2024,
GA,608,Bartow County,1300330,st_leaid,608,Bartow County,2024,
GA,609,Ben Hill County,1300360,st_leaid,609,Ben Hill County,2024,
GA,610,Berrien County,1300390,st_leaid,610,Berrien County,2024,
GA,611,Bibb County,1300420,st_leaid,611,Bibb County,2024,
GA,612,Bleckley County,1300440,st_leaid,612,Bleckley County,2024,
GA,613,Brantley County,1300480,st_leaid,613,Brantley County,2024,
GA,614,Brooks County,1300540,st_leaid,614,Brooks County,2024,
GA,615,Bryan County,1300570,st_leaid,615,Bryan County,2024,
GA,616,Bulloch County,1300630,st_leaid,616,Bulloch County,2024,
GA,617,Burke County,1300660,st_leaid,617,Burke County,2024,
GA,618,Butts County,1300690,st_leaid,618,Butts County,2024,
GA,619,Calhoun County,1300750,st_leaid,619,Calhoun County,2024,
GA,620,Camden County,1300780,st_leaid,620,Camden County,2024,
GA,621,Candler County,1300810,st_leaid,621,Candler County,2024,
GA,622,Carroll County,1300840,st_leaid,622,Carroll County,2024,
GA,623,Catoosa County,1300930,st_leaid,623,Catoosa County,2024,
GA,624,Charlton County,1300990,st_leaid,624,Charlton County,2024,
GA,625,Savannah-Chatham County,1301020,st_leaid,625,Savannah-Chatham County,2024,
GA,626,Chattahoochee County,1301050,st_leaid,626,Chattahoochee County,2024,
GA,627,Chattooga County,1301080,st_leaid,627,Chattooga County,2024,
GA,628,Cherokee County,1301110,st_leaid,628,Cherokee County,2024,
GA,629,Clarke County,1301170,st_leaid,629,Clarke County,2024,
GA,631,Clayton County,1301230,st_leaid,631,Clayton County,2024,
GA,632,Clinch County,1301260,st_leaid,632,Clinch County,2024,
GA,633,Cobb County,1301290,st_leaid,633,Cobb County,2024,
GA,634,Coffee County,1301350,st_leaid,634,Coffee County,2024,
GA,635,Colquitt County,1301380,st_leaid,635,Colquitt County,2024,
GA,636,Columbia County,1301410,st_leaid,636,Columbia County,2024,
GA,637,Cook County,1301470,st_leaid,637,Cook County,2024,
GA,638,Coweta County,1301500,st_leaid,638,Coweta County,2024,
GA,639,Crawford County,1301530,st_leaid,639,Crawford County,2024,
GA,640,Crisp County,1301560,st_leaid,640,Crisp County,2024,
GA,641,Dade County,1301590,st_leaid,641,Dade County,2024,
GA,642,Dawson County,1301650,st_leaid,642,Dawson County,2024,
GA,643,Decatur County,1301710,st_leaid,643,Decatur County,2024,
GA,644,DeKalb County,1301740,st_leaid,644,DeKalb County,2024,
GA,645,Dodge County,1301770,st_leaid,645,Dodge County,2024,
GA,646,Dooly County,1301800,st_leaid,646,Dooly County,2024,
GA,647,Dougherty County,1301830,st_leaid,647,Dougherty County,2024,
GA,648,Douglas County,1301860,st_leaid,648,Douglas County,2024,
GA,649,Early County,1301920,st_leaid,649,Early County,2024,
GA,650,Echols County,1301950,st_leaid,650,Echols County,2024,
GA,651,Effingham County,1301980,st_leaid,651,Effingham County,2024,
GA,652,Elbert County,1302010,st_leaid,652,Elbert County,2024,
GA,653,Emanuel County,1302040,st_leaid,653,Emanuel County,2024,
GA,654,Evans County,1302070,st_leaid,654,Evans County,2024,
GA,655,Fannin County,1302100,st_leaid,655,Fannin County,2024,
GA,656,Fayette County,1302130,st_leaid,656,Fayette County,2024,
GA,657,Floyd County,1302190,st_leaid,657,Floyd County,2024,
GA,658,Forsyth County,1302220,st_leaid,658,Forsyth County,2024,
GA,659,Franklin County,1302250,st_leaid,659,Franklin County,2024,
GA,660,Fulton County,1302280,st_leaid,660,Fulton County,2024,
GA,661,Gilmer County,1302340,st_leaid,661,Gilmer County,2024,
GA,662,Glascock County,1302370,st_leaid,662,Glascock County,2024,
GA,663,Glynn County,1302400,st_leaid,663,Glynn County,2024,
GA,664,Gordon County,1302430,st_leaid,664,Gordon County,2024,
GA,665,Grady County,1302460,st_leaid,665,Grady County,2024,
GA,666,Greene County,1302490,st_leaid,666,Greene County,2024,
GA,667,Gwinnett County,1302550,st_leaid,667,Gwinnett County,2024,
GA,668,Habersham County,1302580,st_leaid,668,Habersham County,2024,
GA,669,Hall County,1302610,st_leaid,669,Hall County,2024,
GA,670,Hancock County,1302640,st_leaid,670,Hancock County,2024,
GA,671,Haralson County,1302670,st_leaid,671,Haralson County,2024,
GA,672,Harris County,1302700,st_leaid,672,Harris County,2024,
GA,673,Hart County,1302730,st_leaid,673,Hart County,2024,
GA,674,Heard County,1302790,st_leaid,674,Heard County,2024,
GA,675,Henry County,1302820,st_leaid,675,Henry County,2024,
GA,676,Houston County,1302880,st_leaid,676,Houston County,2024,
GA,677,Irwin County,1302910,st_leaid,677,Irwin County,2024,
GA,678,Jackson County,1302940,st_leaid,678,Jackson County,2024,
GA,679,Jasper County,1302970,st_leaid,679,Jasper County,2024,
GA,680,Jeff Davis County,1303000,st_leaid,680,Jeff Davis County,2024,
GA,681,Jefferson County,1303060,st_leaid,681,Jefferson County,2024,
GA,682,Jenkins County,1303090,st_leaid,682,Jenkins County,2024,
GA,683,Johnson County,1303120,st_leaid,683,Johnson County,2024,
GA,684,Jones County,1303150,st_leaid,684,Jones County,2024,
GA,685,Lamar County,1303210,st_leaid,685,Lamar County,2024,
GA,686,Lanier County,1303240,st_leaid,686,Lanier County,2024,
GA,687,Laurens County,1301890,st_leaid,687,Laurens County,2024,
GA,688,Lee County,1303270,st_leaid,688,Lee County,2024,
GA,689,Liberty County,1303300,st_leaid,689,Liberty County,2024,
GA,690,Lincoln County,1303330,st_leaid,690,Lincoln County,2024,
GA,691,Long County,1303360,st_leaid,691,Long County,2024,
GA,692,Lowndes County,1303390,st_leaid,692,Lowndes County,2024,
GA,693,Lumpkin County,1303420,st_leaid,693,Lumpkin County,2024,
GA,694,Macon County,1303450,st_leaid,694,Macon County,2024,
GA,695,Madison County,1303480,st_leaid,695,Madison County,2024,
GA,696,Marion County,1303540,st_leaid,696,Marion County,2024,
GA,697,McDuffie County,1303570,st_leaid,697,McDuffie County,2024,
GA,698,McIntosh County,1303600,st_leaid,698,McIntosh County,2024,
GA,699,Meriwether County,1303630,st_leaid,699,Meriwether County,2024,
GA,700,Miller County,1303660,st_leaid,700,Miller County,2024,
GA,701,Mitchell County,1303690,st_leaid,701,Mitchell County,2024,
GA,702,Monroe County,1303720,st_leaid,702,Monroe County,2024,
GA,703,Montgomery County,1303750,st_leaid,703,Montgomery County,2024,
GA,704,Morgan County,1303780,st_leaid,704,Morgan County,2024,
GA,705,Murray County,1303840,st_leaid,705,Murray County,2024,
GA,706,Muscogee County,1303870,st_leaid,706,Muscogee County,2024,
GA,707,Newton County,1303930,st_leaid,707,Newton County,2024,
GA,708,Oconee County,1303960,st_leaid,708,Oconee County,2024,
GA,709,Oglethorpe County,1303990,st_leaid,709,Oglethorpe County,2024,
GA,710,Paulding County,1304020,st_leaid,710,Paulding County,2024,
GA,711,Peach County,1304050,st_leaid,711,Peach County,2024,
GA,712,Pickens County,1304110,st_leaid,712,Pickens County,2024,
GA,713,Pierce County,1304140,st_leaid,713,Pierce County,2024,
GA,714,Pike County,1304170,st_leaid,714,Pike County,2024,
GA,715,Polk County,1304200,st_leaid,715,Polk County,2024,
GA,716,Pulaski County,1304220,st_leaid,716,Pulaski County,2024,
GA,717,Putnam County,1304260,st_leaid,717,Putnam County,2024,
GA,718,Quitman County,1304290,st_leaid,718,Quitman County,2024,
GA,719,Rabun County,1304320,st_leaid,719,Rabun County,2024,
GA,720,Randolph County,1304350,st_leaid,720,Randolph County,2024,
GA,721,Richmond County,1304380,st_leaid,721,Richmond County,2024,
GA,722,Rockdale County,1304410,st_leaid,722,Rockdale County,2024,
GA,723,Schley County,1304470,st_leaid,723,Schley County,2024,
GA,724,Screven County,1304500,st_leaid,724,Screven County,2024,
GA,725,Seminole County,1304530,st_leaid,725,Seminole County,2024,
GA,726,Griffin-Spalding County,1302520,st_leaid,726,Griffin-Spalding County,2024,
GA,727,Stephens County,1304560,st_leaid,727,Stephens County,2024,
GA,728,Stewart County,1304590,st_leaid,728,Stewart County,2024,
GA,729,Sumter County,1304620,st_leaid,729,Sumter County,2024,
GA,730,Talbot County,1304650,st_leaid,730,Talbot County,2024,
GA,731,Taliaferro County,1304680,st_leaid,731,Taliaferro County,2024,
GA,732,Tattnall County,1304770,st_leaid,732,Tattnall County,2024,
GA,733,Taylor County,1304800,st_leaid,733,Taylor County,2024,
GA,734,Telfair County,1304830,st_leaid,734,Telfair County,2024,
GA,735,Terrell County,1304860,st_leaid,735,Terrell County,2024,
GA,736,Thomas County,1304890,st_leaid,736,Thomas County,2024,
GA,737,Tift County,1304980,st_leaid,737,Tift County,2024,
GA,738,Toombs County,1305040,st_leaid,738,Toombs County,2024,
GA,739,Towns County,1305070,st_leaid,739,Towns County,2024,
GA,740,Treutlen County,1305100,st_leaid,740,Treutlen County,2024,
GA,741,Troup County,1300001,st_leaid,741,Troup County,2024,
GA,742,Turner County,1305190,st_leaid,742,Turner County,2024,
GA,743,Twiggs County,1305220,st_leaid,743,Twiggs County,2024,
GA,744,Union County,1305250,st_leaid,744,Union County,2024,
GA,745,Thomaston-Upson County,1305280,st_leaid,745,Thomaston-Upson County,2024,
GA,746,Walker County,1305370,st_leaid,746,Walker County,2024,
GA,747,Walton County,1305390,st_leaid,747,Walton County,2024,
GA,748,Ware County,1305430,st_leaid,748,Ware County,2024,
GA,749,Warren County,1305460,st_leaid,749,Warren County,2024,
GA,750,Washington County,1305490,st_leaid,750,Washington County,2024,
GA,751,Wayne County,1305550,st_leaid,751,Wayne County,2024,
GA,752,Webster County,1305580,st_leaid,752,Webster County,2024,
GA,753,Wheeler County,1305640,st_leaid,753,Wheeler County,2024,
GA,754,White County,1305670,st_leaid,754,White County,2024,
GA,755,Whitfield County,1305700,st_leaid,755,Whitfield County,2024,
GA,756,Wilcox County,1305730,st_leaid,756,Wilcox County,2024,
GA,757,Wilkes County,1305760,st_leaid,757,Wilkes County,2024,
GA,758,Wilkinson County,1305790,st_leaid,758,Wilkinson County,2024,
GA,759,Worth County,1305850,st_leaid,759,Worth County,2024,
GA,761,Atlanta Public Schools,1300120,st_leaid,761,Atlanta Public Schools,2024,
GA,763,Bremen City,1300510,st_leaid,763,Bremen City,2024,
GA,764,Buford City,1300600,st_leaid,764,Buford City,2024,
GA,765,Calhoun City,1300720,st_leaid,765,Calhoun City,2024,
GA,766,Carrollton City,1300870,st_leaid,766,Carrollton City,2024,
GA,767,Cartersville City,1300900,st_leaid,767,Cartersville City,2024,
GA,769,Chickamauga City,1301140,st_leaid,769,Chickamauga City,2024,
GA,771,Commerce City,1301440,st_leaid,771,Commerce City,2024,
GA,772,Dalton Public Schools,1301620,st_leaid,772,Dalton Public Schools,2024,
GA,773,City Schools of Decatur,1301680,st_leaid,773,City Schools of Decatur,2024,
GA,774,Dublin City,1301870,st_leaid,774,Dublin City,2024,
GA,776,Gainesville City,1302310,st_leaid,776,Gainesville City,2024,
GA,779,Jefferson City,1303030,st_leaid,779,Jefferson City,2024,
GA,781,Marietta City,1303510,st_leaid,781,Marietta City,2024,
GA,7820108,State Charter Schools- Mountain Education Center School,1300214,st_leaid,7820108,State Specialty Schools I- Mountain Education High School,2024,
GA,7820120,State Charter Schools- Georgia Cyber Academy,1300232,st_leaid,7820120,State Specialty Schools I- Georgia Cyber Academy,2024,
GA,7820121,State Charter Schools- Utopian Academy for the Arts Charter School,1300233,st_leaid,7820121,State Specialty Schools I- Utopian Academy for the Arts Char,2024,
GA,7820212,State Charter Schools- Cherokee Charter Academy,1300230,st_leaid,7820212,State Specialty Schools I- Cherokee Charter Academy,2024,
GA,7820412,State Charter Schools- Georgia Connections Academy,1300227,st_leaid,7820412,State Specialty Schools I- Georgia Connections Academy,2024,
GA,7820613,State Charter Schools- Foothills Charter High School (Madison Campus),1300235,st_leaid,7820613,State Specialty Schools I- Foothills Regional High School,2024,
GA,7820614,State Charter Schools- International Charter School of Atlanta,1300234,st_leaid,7820614,State Specialty Schools I- International Charter Sch of Atl,2024,
GA,7820615,State Charter Schools- Scintilla Charter Academy,1300236,st_leaid,7820615,State Specialty Schools I- Scintilla Charter Academy,2024,
GA,7820616,State Charter Schools- Georgia School for Innovation and the Classics,1300238,st_leaid,7820616,State Specialty Schools I- Georgia School for Innovation and,2024,
GA,7820617,State Charter Schools- Dubois Integrity Academy,1300237,st_leaid,7820617,State Specialty Schools I- Dubois Integrity Academy,2024,
GA,7820618,State Charter Schools- Coastal Plains Charter High School - Candler Campus,1300246,st_leaid,7820618,State Specialty Schools I- Coastal Plains High School,2024,
GA,7820620,State Specialty Schools I- Discovery Regional High School,,unmatched,,,,
GA,7830103,State Charter Schools II- Statesboro STEAM Academy,1300005,st_leaid,7830103,State Specialty Schools II- Statesboro STEAM Academy,2024,
GA,7830210,State Charter Schools II- Pataula Charter Academy,1300218,st_leaid,7830210,State Specialty Schools II- Pataula Charter Academy,2024,
GA,7830310,State Charter Schools II- Fulton Leadership Academy,1300217,st_leaid,7830310,State Specialty Schools II- Fulton Leadership Academy,2024,
GA,7830610,State Charter Schools II- Coweta Charter Academy,1300222,st_leaid,7830610,State Specialty Schools II- Coweta Charter Academy,2024,
GA,7830612,State Charter Schools II- Southwest Georgia S.T.E.M. Charter Academy,1300243,st_leaid,7830612,State Specialty Schools II- Southwest Georgia S.T.E.M. Char,2024,
GA,7830613,State Charter Schools II- Brookhaven Innovation Academy,1300242,st_leaid,7830613,State Specialty Schools II- Brookhaven Innovation Academy,2024,
GA,7830614,State Charter Schools II- Liberty Tech Charter Academy,1300241,st_leaid,7830614,State Specialty Schools II- Liberty Tech Charter Academy,2024,
GA,7830615,State Charter Schools II- Genesis Innovation Academy for Boys,1300248,st_leaid,7830615,State Specialty Schools II- Genesis Innovation Academy-Boy,2024,
GA,7830616,State Charter Schools II- Genesis Innovation Academy for Girls,1300244,st_leaid,7830616,State Specialty Schools II- Genesis Innovation Academy-Girl,2024,
GA,7830618,State Charter Schools II- SAIL Charter Academy - School for Arts-Infused Learning,1300245,st_leaid,7830618,State Specialty Schools II- SAIL Charter Academy - School fo,2024,
GA,7830623,State Charter Schools II- Academy For Classical Education,1300252,st_leaid,7830623,State Specialty Schools II- Academy For Classical Education,2024,
GA,7830624,State Charter Schools II- Spring Creek Charter Academy,1300253,st_leaid,7830624,State Specialty Schools II- Spring Creek Charter Academy,2024,
GA,7830626,State Charter Schools II- Furlow Charter School,1300258,st_leaid,7830626,State Specialty Schools II- Furlow Charter School,2024,
GA,7830627,State Charter Schools II- Atlanta SMART Academy,1300259,st_leaid,7830627,State Specialty Schools II- Atlanta SMART Academy,2024,
GA,7830630,State Charter Schools II- Baconton Community Charter School,1300256,st_leaid,7830630,State Specialty Schools II- Baconton Community Charter Sch,2024,
GA,7830634,State Charter Schools II- Georgia Fugees Academy Charter School,1300263,st_leaid,7830634,State Specialty Schools II- Georgia Fugees Academy Charter,2024,
GA,7830636,State Charter Schools II- Northwest Classical Academy,1300264,st_leaid,7830636,State Specialty Schools II- Northwest Classical Academy,2024,
GA,7830642,State Charter Schools II- Destinations Career Academy of Georgia (Virtual),1305853,st_leaid,7830642,State Specialty Schools II- Destination Career Academy of GA,2024,
GA,7830647,State Charter Schools II- RISE Preparatory Charter School,1305861,st_leaid,7830647,State Specialty Schools II- RISE Preparatory Charter School,2024,
GA,784,Pelham City,1304080,st_leaid,784,Pelham City,2024,
GA,785,Rome City,1304440,st_leaid,785,Rome City,2024,
GA,786,Social Circle City,1304540,st_leaid,786,Social Circle City,2024,
GA,789,Thomasville City,1304950,st_leaid,789,Thomasville City,2024,
GA,791,Trion City,1305130,st_leaid,791,Trion City,2024,
GA,792,Valdosta City,1305310,st_leaid,792,Valdosta City,2024,
GA,793,Vidalia City,1305340,st_leaid,793,Vidalia City,2024,
GA,799,State Schools,1300254,st_leaid,799,State Schools,2024,
GA,891,Department of Juvenile Justice,1300026,st_leaid,891,Department of Juvenile Justice,2024,
ID,001,BOISE INDEPENDENT DISTRICT,1600360,st_leaid,001,BOISE INDEPENDENT DISTRICT,2024,
ID,002,JOINT SCHOOL DISTRICT NO. 2,1602100,st_leaid,002,JOINT SCHOOL DISTRICT NO. 2,2024,
ID,003,KUNA JOINT DISTRICT,1601770,st_leaid,003,KUNA JOINT DISTRICT,2024,
ID,011,MEADOWS VALLEY DISTRICT,1602060,st_leaid,011,MEADOWS VALLEY DISTRICT,2024,
ID,013,COUNCIL DISTRICT,1600840,st_leaid,013,COUNCIL DISTRICT,2024,
ID,021,MARSH VALLEY JOINT DISTRICT,1601950,st_leaid,021,MARSH VALLEY JOINT DISTRICT,2024,
ID,025,POCATELLO DISTRICT,1602640,st_leaid,025,POCATELLO DISTRICT,2024,
ID,033,BEAR LAKE COUNTY DISTRICT,1600240,st_leaid,033,BEAR LAKE COUNTY DISTRICT,2024,
ID,041,ST MARIES JOINT DISTRICT,1603060,st_leaid,041,ST MARIES JOINT DISTRICT,2024,
ID,044,PLUMMER-WORLEY JOINT DISTRICT,1600815,st_leaid,044,PLUMMER-WORLEY JOINT DISTRICT,2024,
ID,052,SNAKE RIVER DISTRICT,1602970,st_leaid,052,SNAKE RIVER DISTRICT,2024,
ID,055,BLACKFOOT DISTRICT,1600270,st_leaid,055,BLACKFOOT DISTRICT,2024,
ID,058,ABERDEEN DISTRICT,1600030,st_leaid,058,ABERDEEN DISTRICT,2024,
ID,059,FIRTH DISTRICT,1601080,st_leaid,059,FIRTH DISTRICT,2024,
ID,060,SHELLEY JOINT DISTRICT,1602910,st_leaid,060,SHELLEY JOINT DISTRICT,2024,
ID,061,BLAINE COUNTY DISTRICT,1600300,st_leaid,061,BLAINE COUNTY DISTRICT,2024,
ID,071,GARDEN VALLEY DISTRICT,1601170,st_leaid,071,GARDEN VALLEY DISTRICT,2024,
ID,072,BASIN SCHOOL DISTRICT,1600180,st_leaid,072,BASIN SCHOOL DISTRICT,2024,
ID,073,HORSESHOE BEND SCHOOL DISTRICT,1601500,st_leaid,073,HORSESHOE BEND SCHOOL DISTRICT,2024,
ID,083,WEST BONNER COUNTY DISTRICT,1600001,st_leaid,083,WEST BONNER COUNTY DISTRICT,2024,
ID,084,LAKE PEND OREILLE SCHOOL DISTRICT,1600002,st_leaid,084,LAKE PEND OREILLE SCHOOL DISTRICT,2024,
ID,091,IDAHO FALLS DISTRICT,1601530,st_leaid,091,IDAHO FALLS DISTRICT,2024,
ID,093,BONNEVILLE JOINT DISTRICT,1600930,st_leaid,093,BONNEVILLE JOINT DISTRICT,2024,
ID,101,BOUNDARY COUNTY DISTRICT,1600420,st_leaid,101,BOUNDARY COUNTY DISTRICT,2024,
ID,111,BUTTE COUNTY JOINT DISTRICT,1600490,st_leaid,111,BUTTE COUNTY JOINT DISTRICT,2024,
ID,121,CAMAS COUNTY DISTRICT,1600540,st_leaid,121,CAMAS COUNTY DISTRICT,2024,
ID,131,NAMPA SCHOOL DISTRICT,1602340,st_leaid,131,NAMPA SCHOOL DISTRICT,2024,
ID,132,CALDWELL DISTRICT,1600510,st_leaid,132,CALDWELL DISTRICT,2024,
ID,133,WILDER DISTRICT,1603480,st_leaid,133,WILDER DISTRICT,2024,
ID,134,MIDDLETON DISTRICT,1602130,st_leaid,134,MIDDLETON DISTRICT,2024,
ID,135,NOTUS DISTRICT,1602460,st_leaid,135,NOTUS DISTRICT,2024,
ID,136,MELBA JOINT DISTRICT,1602070,st_leaid,136,MELBA JOINT DISTRICT,2024,
ID,137,PARMA DISTRICT,1602550,st_leaid,137,PARMA DISTRICT,2024,
ID,139,VALLIVUE SCHOOL DISTRICT,1600600,st_leaid,139,VALLIVUE SCHOOL DISTRICT,2024,
ID,148,GRACE JOINT DISTRICT,1601290,st_leaid,148,GRACE JOINT DISTRICT,2024,
ID,149,NORTH GEM DISTRICT,1602430,st_leaid,149,NORTH GEM DISTRICT,2024,
ID,150,SODA SPRINGS JOINT DISTRICT,1603000,st_leaid,150,SODA SPRINGS JOINT DISTRICT,2024,
ID,151,CASSIA COUNTY JOINT DISTRICT,1600660,st_leaid,151,CASSIA COUNTY JOINT DISTRICT,2024,
ID,161,CLARK COUNTY DISTRICT,1600750,st_leaid,161,CLARK COUNTY DISTRICT,2024,
ID,171,OROFINO JOINT DISTRICT,1602520,st_leaid,171,OROFINO JOINT DISTRICT,2024,
ID,181,CHALLIS JOINT DISTRICT,1600720,st_leaid,181,CHALLIS JOINT DISTRICT,2024,
ID,182,MACKAY JOINT DISTRICT,1601900,st_leaid,182,MACKAY JOINT DISTRICT,2024,
ID,192,GLENNS FERRY JOINT DISTRICT,1601230,st_leaid,192,GLENNS FERRY JOINT DISTRICT,2024,
ID,193,MOUNTAIN HOME DISTRICT,1602250,st_leaid,193,MOUNTAIN HOME DISTRICT,2024,
ID,201,PRESTON JOINT DISTRICT,1600960,st_leaid,201,PRESTON JOINT DISTRICT,2024,
ID,202,WEST SIDE JOINT DISTRICT,1603420,st_leaid,202,WEST SIDE JOINT DISTRICT,2024,
ID,215,FREMONT COUNTY JOINT DISTRICT,1601110,st_leaid,215,FREMONT COUNTY JOINT DISTRICT,2024,
ID,221,EMMETT INDEPENDENT DISTRICT,1601020,st_leaid,221,EMMETT INDEPENDENT DISTRICT,2024,
ID,231,GOODING JOINT DISTRICT,1601260,st_leaid,231,GOODING JOINT DISTRICT,2024,
ID,232,WENDELL DISTRICT,1603360,st_leaid,232,WENDELL DISTRICT,2024,
ID,233,HAGERMAN JOINT DISTRICT,1601380,st_leaid,233,HAGERMAN JOINT DISTRICT,2024,
ID,234,BLISS JOINT DISTRICT,1600330,st_leaid,234,BLISS JOINT DISTRICT,2024,
ID,242,COTTONWOOD JOINT DISTRICT,1600810,st_leaid,242,COTTONWOOD JOINT DISTRICT,2024,
ID,243,SALMON RIVER JOINT SCHOOL DISTRICT,1600138,st_leaid,243,SALMON RIVER JOINT SCHOOL DISTRICT,2024,
ID,244,MOUNTAIN VIEW SCHOOL DISTRICT,1600139,st_leaid,244,MOUNTAIN VIEW SCHOOL DISTRICT,2024,
ID,251,JEFFERSON COUNTY JOINT DISTRICT,1601570,st_leaid,251,JEFFERSON COUNTY JOINT DISTRICT,2024,
ID,252,RIRIE JOINT DISTRICT,1602790,st_leaid,252,RIRIE JOINT DISTRICT,2024,
ID,253,WEST JEFFERSON DISTRICT,1603400,st_leaid,253,WEST JEFFERSON DISTRICT,2024,
ID,261,JEROME JOINT DISTRICT,1601590,st_leaid,261,JEROME JOINT DISTRICT,2024,
ID,262,VALLEY DISTRICT,1603270,st_leaid,262,VALLEY DISTRICT,2024,
ID,271,COEUR D'ALENE DISTRICT,1600780,st_leaid,271,COEUR D'ALENE DISTRICT,2024,
ID,272,LAKELAND DISTRICT,1601800,st_leaid,272,LAKELAND DISTRICT,2024,
ID,273,POST FALLS DISTRICT,1602670,st_leaid,273,POST FALLS DISTRICT,2024,
ID,274,KOOTENAI DISTRICT,1601740,st_leaid,274,KOOTENAI DISTRICT,2024,
ID,281,MOSCOW DISTRICT,1602220,st_leaid,281,MOSCOW DISTRICT,2024,
ID,282,GENESEE JOINT DISTRICT,1601200,st_leaid,282,GENESEE JOINT DISTRICT,2024,
ID,283,KENDRICK JOINT DISTRICT,1601680,st_leaid,283,KENDRICK JOINT DISTRICT,2024,
ID,285,POTLATCH DISTRICT,1602700,st_leaid,285,POTLATCH DISTRICT,2024,
ID,287,TROY SCHOOL DISTRICT,1600009,st_leaid,287,TROY SCHOOL DISTRICT,2024,
ID,288,WHITEPINE JOINT SCHOOL DISTRICT,1600010,st_leaid,288,WHITEPINE JOINT SCHOOL DISTRICT,2024,
ID,291,SALMON DISTRICT,1602850,st_leaid,291,SALMON DISTRICT,2024,
ID,292,SOUTH LEMHI DISTRICT,1603030,st_leaid,292,SOUTH LEMHI DISTRICT,2024,
ID,302,NEZPERCE JOINT DISTRICT,1602400,st_leaid,302,NEZPERCE JOINT DISTRICT,2024,
ID,304,KAMIAH JOINT DISTRICT,1601620,st_leaid,304,KAMIAH JOINT DISTRICT,2024,
ID,305,HIGHLAND JOINT DISTRICT,1601440,st_leaid,305,HIGHLAND JOINT DISTRICT,2024,
ID,312,SHOSHONE JOINT DISTRICT,1602940,st_leaid,312,SHOSHONE JOINT DISTRICT,2024,
ID,314,DIETRICH DISTRICT,1600900,st_leaid,314,DIETRICH DISTRICT,2024,
ID,316,RICHFIELD DISTRICT,1602760,st_leaid,316,RICHFIELD DISTRICT,2024,
ID,321,MADISON DISTRICT,1601920,st_leaid,321,MADISON DISTRICT,2024,
ID,322,SUGAR-SALEM JOINT DISTRICT,1603090,st_leaid,322,SUGAR-SALEM JOINT DISTRICT,2024,
ID,331,MINIDOKA COUNTY JOINT DISTRICT,1602190,st_leaid,331,MINIDOKA COUNTY JOINT DISTRICT,2024,
ID,340,LEWISTON INDEPENDENT DISTRICT,1601860,st_leaid,340,LEWISTON INDEPENDENT DISTRICT,2024,
ID,341,LAPWAI DISTRICT,1601830,st_leaid,341,LAPWAI DISTRICT,2024,
ID,342,CULDESAC JOINT DISTRICT,1600870,st_leaid,342,CULDESAC JOINT DISTRICT,2024,
ID,351,ONEIDA COUNTY DISTRICT,1602490,st_leaid,351,ONEIDA COUNTY DISTRICT,2024,
ID,363,MARSING JOINT DISTRICT,1601980,st_leaid,363,MARSING JOINT DISTRICT,2024,
ID,365,BRUNEAU-GRAND VIEW JOINT SCHOOL DISTRICT,1600450,st_leaid,365,BRUNEAU-GRAND VIEW JOINT SCHOOL DISTRICT,2024,
ID,370,HOMEDALE JOINT DISTRICT,1601470,st_leaid,370,HOMEDALE JOINT DISTRICT,2024,
ID,371,PAYETTE JOINT DISTRICT,1602580,st_leaid,371,PAYETTE JOINT DISTRICT,2024,
ID,372,NEW PLYMOUTH DISTRICT,1602370,st_leaid,372,NEW PLYMOUTH DISTRICT,2024,
ID,373,FRUITLAND DISTRICT,1601140,st_leaid,373,FRUITLAND DISTRICT,2024,
ID,381,AMERICAN FALLS JOINT DISTRICT,1600060,st_leaid,381,AMERICAN FALLS JOINT DISTRICT,2024,
ID,382,ROCKLAND DISTRICT,1602820,st_leaid,382,ROCKLAND DISTRICT,2024,
ID,391,KELLOGG JOINT DISTRICT,1601650,st_leaid,391,KELLOGG JOINT DISTRICT,2024,
ID,392,MULLAN DISTRICT,1602280,st_leaid,392,MULLAN DISTRICT,2024,
ID,393,WALLACE DISTRICT,1603300,st_leaid,393,WALLACE DISTRICT,2024,
ID,401,TETON COUNTY DISTRICT,1603180,st_leaid,401,TETON COUNTY DISTRICT,2024,
ID,411,TWIN FALLS DISTRICT,1603240,st_leaid,411,TWIN FALLS DISTRICT,2024,
ID,412,BUHL JOINT DISTRICT,1600480,st_leaid,412,BUHL JOINT DISTRICT,2024,
ID,413,FILER DISTRICT,1601050,st_leaid,413,FILER DISTRICT,2024,
ID,414,KIMBERLY DISTRICT,1601710,st_leaid,414,KIMBERLY DISTRICT,2024,
ID,415,HANSEN DISTRICT,1601410,st_leaid,415,HANSEN DISTRICT,2024,
ID,417,CASTLEFORD DISTRICT,1600690,st_leaid,417,CASTLEFORD DISTRICT,2024,
ID,418,MURTAUGH JOINT DISTRICT,1602310,st_leaid,418,MURTAUGH JOINT DISTRICT,2024,
ID,421,MCCALL-DONNELLY JOINT SCHOOL DISTRICT,1602030,st_leaid,421,MCCALL-DONNELLY JOINT SCHOOL DISTRICT,2024,
ID,422,CASCADE DISTRICT,1600630,st_leaid,422,CASCADE DISTRICT,2024,
ID,431,WEISER DISTRICT,1603330,st_leaid,431,WEISER DISTRICT,2024,
ID,432,CAMBRIDGE JOINT DISTRICT,1600570,st_leaid,432,CAMBRIDGE JOINT DISTRICT,2024,
ID,433,MIDVALE DISTRICT,1602160,st_leaid,433,MIDVALE DISTRICT,2024,
ID,451,"VICTORY CHARTER SCHOOL, INC.",1600003,st_leaid,451,VICTORY CHARTER SCHOOL INC.,2024,
ID,452,"IDAHO VIRTUAL ACADEMY, INC.",1600004,st_leaid,452,IDAHO VIRTUAL ACADEMY INC.,2024,
ID,453,"IDAHO VIRTUAL HIGH SCHOOL, INC.",1600005,st_leaid,453,IDAHO VIRTUAL HIGH SCHOOL INC.,2024,
ID,455,"COMPASS PUBLIC CHARTER SCHOOL, INC.",1600007,st_leaid,455,COMPASS PUBLIC CHARTER SCHOOL INC.,2024,
ID,457,"INSPIRE ACADEMICS, INC.",1600011,st_leaid,457,INSPIRE ACADEMICS INC.,2024,
ID,458,"LIBERTY CHARTER SCHOOL, INC.",1600012,st_leaid,458,LIBERTY CHARTER SCHOOL INC.,2024,
ID,461,"TAYLOR'S CROSSING PUBLIC CHARTER SCHOOL, INC.",1600015,st_leaid,461,TAYLOR'S CROSSING PUBLIC CHARTER SCHOOL INC.,2024,
ID,462,"XAVIER CHARTER SCHOOL, INC.",1600140,st_leaid,462,XAVIER CHARTER SCHOOL INC.,2024,
ID,463,"VISION CHARTER SCHOOL, INC.",1600141,st_leaid,463,VISION CHARTER SCHOOL INC.,2024,
ID,464,"WHITE PINE CHARTER SCHOOL, INC.",1600142,st_leaid,464,WHITE PINE CHARTER SCHOOL INC.,2024,
ID,465,"NORTH VALLEY ACADEMY, INC.",1600143,st_leaid,465,NORTH VALLEY ACADEMY INC.,2024,
ID,466,"ISUCCEED VIRTUAL HIGH SCHOOL, INC.",1600144,st_leaid,466,ISUCCEED VIRTUAL HIGH SCHOOL INC.,2024,
ID,469,"IDAHO VIRTUAL EDUCATION PARTNERS, INC.",1600148,st_leaid,469,IDAHO VIRTUAL EDUCATION PARTNERS INC.,2024,
ID,470,"THE KOOTENAI BRIDGE ACADEMY, INC.",1600149,st_leaid,470,THE KOOTENAI BRIDGE ACADEMY INC.,2024,
ID,475,"THE SAGE INTERNATIONAL SCHOOL OF BOISE, A PUBLIC CHARTER SCHOOL, INC.",1600156,st_leaid,475,THE SAGE INTERNATIONAL SCHOOL OF BOISE A PUBLIC CHARTER SCH,2024,
ID,476,"ANOTHER CHOICE VIRTUAL CHARTER SCHOOL, INC.",1600155,st_leaid,476,ANOTHER CHOICE VIRTUAL CHARTER SCHOOL INC.,2023,
ID,480,"NORTH IDAHO STEM CHARTER ACADEMY, INC.",1600160,st_leaid,480,NORTH IDAHO STEM CHARTER ACADEMY INC.,2024,
ID,482,"AMERICAN HERITAGE CHARTER SCHOOL, INC.",1600162,st_leaid,482,AMERICAN HERITAGE CHARTER SCHOOL INC.,2024,
ID,485,"IDAHO STEM ACADEMY, INC.",1600169,st_leaid,485,IDAHO STEM ACADEMY INC.,2024,
ID,487,"SANDPOINT CHARTER SCHOOL, INC.",1600165,st_leaid,487,SANDPOINT CHARTER SCHOOL INC.,2024,
ID,489,"IDAHO COLLEGE AND CAREER READINESS ACADEMY, INC.",1600171,st_leaid,489,IDAHO COLLEGE AND CAREER READINESS ACADEMY INC.,2024,
ID,491,"COEUR D'ALENE CHARTER ACADEMY, INC.",1600173,st_leaid,491,COEUR D'ALENE CHARTER ACADEMY INC.,2024,
ID,493,"NORTH STAR CHARTER SCHOOL, INC.",1600174,st_leaid,493,NORTH STAR CHARTER SCHOOL INC.,2024,
ID,496,"GEM PREP: POCATELLO, LLC",1600177,st_leaid,496,GEM PREP: POCATELLO LLC,2024,
ID,497,"PATHWAYS IN EDUCATION - NAMPA, INC.",1600183,st_leaid,497,PATHWAYS IN EDUCATION - NAMPA INC.,2024,
ID,498,"GEM PREP: MERIDIAN, INC.",1600179,st_leaid,498,GEM PREP: MERIDIAN LLC,2024,
ID,513,"PROJECT IMPACT STEM ACADEMY, INC.",1600182,st_leaid,513,PROJECT IMPACT STEM ACADEMY INC.,2024,
ID,523,ELEVATE ACADEMY INC.,1600189,st_leaid,523,ELEVATE ACADEMY INC.,2024,
ID,534,GEM PREP: ONLINE LLC,1600172,st_leaid,534,GEM PREP: ONLINE LLC,2024,
ID,555,CANYON-OWYHEE SCHOOL SERVICE AGENCY (COSSA),1600152,st_leaid,555,CANYON-OWYHEE SCHOOL SERVICE AGENCY (COSSA),2024,
ID,559,"THOMAS JEFFERSON CHARTER SCHOOL, INC.",1600194,st_leaid,559,THOMAS JEFFERSON CHARTER SCHOOL INC.,2024,
ID,560,"ALTURAS PREPARATORY ACADEMY, INC",1600199,st_leaid,560,ALTURAS PREPARATORY ACADEMY INC,2024,
ID,566,CARDINAL ACADEMY INCORPORATED,1600200,st_leaid,566,CARDINAL ACADEMY INCORPORATED,2024,
ID,574,"ELEVATE ACADEMY NORTH, LLC",1600202,st_leaid,574,ELEVATE ACADEMY NORTH LLC,2024,
ID,575,"ELEVATE ACADEMY NAMPA, LLC",1600203,st_leaid,575,ELEVATE ACADEMY NAMPA LLC,2024,
ID,619,"PROMISE ACADEMY, INC",1603515,st_leaid,619,PROMISE ACADEMY INC,2024,
ID,795,"IDAHO ARTS CHARTER SCHOOL, INC.",1600204,st_leaid,795,IDAHO ARTS CHARTER SCHOOL INC.,2024,
ID,796,"GEM PREP: NAMPA, LLC",1600205,st_leaid,796,GEM PREP: NAMPA LLC,2024,
IL,01-001-0010-26,Payson CUSD 1,1730990,st_leaid,01-001-0010-26,Payson CUSD 1,2024,
IL,01-001-0020-26,Liberty CUSD 2,1722770,st_leaid,01-001-0020-26,Liberty CUSD 2,2024,
IL,01-001-0030-26,Central CUSD 3,1708220,st_leaid,01-001-0030-26,Central CUSD 3,2024,
IL,01-001-0040-26,CUSD 4,1725590,st_leaid,01-001-0040-26,CUSD 4,2024,
IL,01-001-1720-22,Quincy SD 172,1733000,st_leaid,01-001-1720-22,Quincy SD 172,2024,
IL,01-005-0010-26,Brown County CUSD 1,1727300,st_leaid,01-005-0010-26,Brown County CUSD 1,2024,
IL,01-009-0150-26,Beardstown CUSD 15,1705310,st_leaid,01-009-0150-26,Beardstown CUSD 15,2024,
IL,01-009-0640-26,Virginia CUSD 64,1740410,st_leaid,01-009-0640-26,Virginia CUSD 64,2024,
IL,01-009-2620-26,A-C Central CUSD 262,1700105,st_leaid,01-009-2620-26,A-C Central CUSD 262,2024,
IL,01-069-0010-26,Franklin CUSD 1,1715750,st_leaid,01-069-0010-26,Franklin CUSD 1,2024,
IL,01-069-0060-26,Waverly CUSD 6,1741280,st_leaid,01-069-0060-26,Waverly CUSD 6,2024,
IL,01-069-0110-26,Meredosia-Chambersburg CUSD 11,1725680,st_leaid,01-069-0110-26,Meredosia-Chambersburg CUSD 11,2024,
IL,01-069-0270-26,Triopia CUSD 27,1710830,st_leaid,01-069-0270-26,Triopia CUSD 27,2024,
IL,01-069-1170-22,Jacksonville SD 117,1720280,st_leaid,01-069-1170-22,Jacksonville SD 117,2024,
IL,01-075-0030-26,Pleasant Hill CUSD 3,1731890,st_leaid,01-075-0030-26,Pleasant Hill CUSD 3,2024,
IL,01-075-0040-26,Griggsville-Perry CUSD 4,1717790,st_leaid,01-075-0040-26,Griggsville-Perry CUSD 4,2024,
IL,01-075-0100-26,Pikeland CUSD 10,1731710,st_leaid,01-075-0100-26,Pikeland CUSD 10,2024,
IL,01-075-0120-26,Western CUSD 12,1701387,st_leaid,01-075-0120-26,Western CUSD 12,2024,
IL,01-086-0010-26,Winchester CUSD 1,1742660,st_leaid,01-086-0010-26,Winchester CUSD 1,2024,
IL,01-086-0020-26,Scott-Morgan CUSD 2,1706600,st_leaid,01-086-0020-26,Scott-Morgan CUSD 2,2024,
IL,03-003-0010-26,Mulberry Grove CUSD 1,1727450,st_leaid,03-003-0010-26,Mulberry Grove CUSD 1,2024,
IL,03-003-0020-26,Bond County CUSD 2,1717730,st_leaid,03-003-0020-26,Bond County CUSD 2,2024,
IL,03-011-0010-26,Morrisonville CUSD 1,1726760,st_leaid,03-011-0010-26,Morrisonville CUSD 1,2024,
IL,03-011-0030-26,Taylorville CUSD 3,1738700,st_leaid,03-011-0030-26,Taylorville CUSD 3,2024,
IL,03-011-0040-26,Edinburg CUSD 4,1713410,st_leaid,03-011-0040-26,Edinburg CUSD 4,2024,
IL,03-011-0080-26,Pana CUSD 8,1730630,st_leaid,03-011-0080-26,Pana CUSD 8,2024,
IL,03-011-0140-24,South Fork SD 14,1736640,st_leaid,03-011-0140-24,South Fork SD 14,2024,
IL,03-025-0100-26,Altamont CUSD 10,1703510,st_leaid,03-025-0100-26,Altamont CUSD 10,2024,
IL,03-025-0200-26,Beecher City CUSD 20,1705460,st_leaid,03-025-0200-26,Beecher City CUSD 20,2024,
IL,03-025-0300-26,Dieterich CUSD 30,1712240,st_leaid,03-025-0300-26,Dieterich CUSD 30,2024,
IL,03-025-0400-26,Effingham CUSD 40,1713560,st_leaid,03-025-0400-26,Effingham CUSD 40,2024,
IL,03-025-0500-26,Teutopolis CUSD 50,1738760,st_leaid,03-025-0500-26,Teutopolis CUSD 50,2024,
IL,03-026-2010-26,Brownstown CUSD 201,1707440,st_leaid,03-026-2010-26,Brownstown CUSD 201,2024,
IL,03-026-2020-26,St Elmo CUSD 202,1737230,st_leaid,03-026-2020-26,St Elmo CUSD 202,2024,
IL,03-026-2030-26,Vandalia CUSD 203,1740140,st_leaid,03-026-2030-26,Vandalia CUSD 203,2024,
IL,03-026-2040-26,Ramsey CUSD 204,1733090,st_leaid,03-026-2040-26,Ramsey CUSD 204,2024,
IL,03-068-0020-26,Panhandle CUSD 2,1730660,st_leaid,03-068-0020-26,Panhandle CUSD 2,2024,
IL,03-068-0030-26,Hillsboro CUSD 3,1719200,st_leaid,03-068-0030-26,Hillsboro CUSD 3,2024,
IL,03-068-0120-26,Litchfield CUSD 12,1723250,st_leaid,03-068-0120-26,Litchfield CUSD 12,2024,
IL,03-068-0220-26,Nokomis CUSD 22,1728560,st_leaid,03-068-0220-26,Nokomis CUSD 22,2024,
IL,04-004-1000-26,Belvidere CUSD 100,1705790,st_leaid,04-004-1000-26,Belvidere CUSD 100,2024,
IL,04-004-2000-26,North Boone CUSD 200,1728700,st_leaid,04-004-2000-26,North Boone CUSD 200,2024,
IL,04-101-1220-22,Harlem UD 122,1718240,st_leaid,04-101-1220-22,Harlem UD 122,2024,
IL,04-101-1310-04,Kinnikinnick CCSD 131,1721180,st_leaid,04-101-1310-04,Kinnikinnick CCSD 131,2024,
IL,04-101-1330-04,Prairie Hill CCSD 133,1732550,st_leaid,04-101-1330-04,Prairie Hill CCSD 133,2024,
IL,04-101-1340-04,Shirland CCSD 134,1736240,st_leaid,04-101-1340-04,Shirland CCSD 134,2024,
IL,04-101-1400-04,Rockton SD 140,1734540,st_leaid,04-101-1400-04,Rockton SD 140,2024,
IL,04-101-2050-25,Rockford SD 205,1734510,st_leaid,04-101-2050-25,Rockford SD 205,2024,
IL,04-101-2070-16,Hononegah CHD 207,1719620,st_leaid,04-101-2070-16,Hononegah CHD 207,2024,
IL,04-101-3200-26,County of Winnebago SD 320,1736600,st_leaid,04-101-3200-26,County of Winnebago SD 320,2024,
IL,04-101-3210-26,Pecatonica CUSD 321,1731050,st_leaid,04-101-3210-26,Pecatonica CUSD 321,2024,
IL,04-101-3220-26,Durand CUSD 322,1712810,st_leaid,04-101-3220-26,Durand CUSD 322,2024,
IL,04-101-3230-26,Winnebago CUSD 323,1742790,st_leaid,04-101-3230-26,Winnebago CUSD 323,2024,
IL,05-016-0150-04,Palatine CCSD 15,1730420,st_leaid,05-016-0150-04,Palatine CCSD 15,2024,
IL,05-016-0210-04,Wheeling CCSD 21,1742210,st_leaid,05-016-0210-04,Wheeling CCSD 21,2024,
IL,05-016-0230-02,Prospect Heights SD 23,1732850,st_leaid,05-016-0230-02,Prospect Heights SD 23,2024,
IL,05-016-0250-02,Arlington Heights SD 25,1704140,st_leaid,05-016-0250-02,Arlington Heights SD 25,2024,
IL,05-016-0260-02,River Trails SD 26,1733870,st_leaid,05-016-0260-02,River Trails SD 26,2024,
IL,05-016-0270-02,Northbrook ESD 27,1717850,st_leaid,05-016-0270-02,Northbrook ESD 27,2024,
IL,05-016-0280-02,Northbrook SD 28,1728980,st_leaid,05-016-0280-02,Northbrook SD 28,2024,
IL,05-016-0290-02,Sunset Ridge SD 29,1738400,st_leaid,05-016-0290-02,Sunset Ridge SD 29,2024,
IL,05-016-0300-02,Northbrook/Glenview SD 30,1724420,st_leaid,05-016-0300-02,Northbrook/Glenview SD 30,2024,
IL,05-016-0310-02,West Northfield SD 31,1741700,st_leaid,05-016-0310-02,West Northfield SD 31,2024,
IL,05-016-0340-04,Glenview CCSD 34,1716920,st_leaid,05-016-0340-04,Glenview CCSD 34,2024,
IL,05-016-0350-02,Glencoe SD 35,1716860,st_leaid,05-016-0350-02,Glencoe SD 35,2024,
IL,05-016-0360-02,Winnetka SD 36,1742840,st_leaid,05-016-0360-02,Winnetka SD 36,2024,
IL,05-016-0370-02,Avoca SD 37,1704800,st_leaid,05-016-0370-02,Avoca SD 37,2024,
IL,05-016-0380-02,Kenilworth SD 38,1720970,st_leaid,05-016-0380-02,Kenilworth SD 38,2024,
IL,05-016-0390-02,Wilmette SD 39,1742600,st_leaid,05-016-0390-02,Wilmette SD 39,2024,
IL,05-016-0540-04,Schaumburg CCSD 54,1734740,st_leaid,05-016-0540-04,Schaumburg CCSD 54,2024,
IL,05-016-0570-02,Mount Prospect SD 57,1727210,st_leaid,05-016-0570-02,Mount Prospect SD 57,2024,
IL,05-016-0590-04,Comm Cons SD 59,1713770,st_leaid,05-016-0590-04,Comm Cons SD 59,2024,
IL,05-016-0620-04,CCSD 62,1712120,st_leaid,05-016-0620-04,CCSD 62,2024,
IL,05-016-0630-02,East Maine SD 63,1713140,st_leaid,05-016-0630-02,East Maine SD 63,2024,
IL,05-016-0640-04,Park Ridge CCSD 64,1730840,st_leaid,05-016-0640-04,Park Ridge CCSD 64,2024,
IL,05-016-0650-04,Evanston CCSD 65,1714460,st_leaid,05-016-0650-04,Evanston CCSD 65,2024,
IL,05-016-0670-02,Golf ESD 67,1726820,st_leaid,05-016-0670-02,Golf ESD 67,2024,
IL,05-016-0680-02,Skokie SD 68,1736450,st_leaid,05-016-0680-02,Skokie SD 68,2024,
IL,05-016-0690-02,Skokie SD 69,1736480,st_leaid,05-016-0690-02,Skokie SD 69,2024,
IL,05-016-0700-02,Morton Grove SD 70,1726850,st_leaid,05-016-0700-02,Morton Grove SD 70,2024,
IL,05-016-0710-02,Niles ESD 71,1728500,st_leaid,05-016-0710-02,Niles ESD 71,2024,
IL,05-016-0720-02,Fairview SD 72,1714820,st_leaid,05-016-0720-02,Fairview SD 72,2024,
IL,05-016-0730-02,East Prairie SD 73,1713260,st_leaid,05-016-0730-02,East Prairie SD 73,2024,
IL,05-016-0735-02,Skokie SD 73-5,1710380,st_leaid,05-016-0735-02,Skokie SD 73-5,2024,
IL,05-016-0740-02,Lincolnwood SD 74,1723100,st_leaid,05-016-0740-02,Lincolnwood SD 74,2024,
IL,05-016-2020-17,Evanston Twp HSD 202,1714490,st_leaid,05-016-2020-17,Evanston Twp HSD 202,2024,
IL,05-016-2030-17,New Trier Twp HSD 203,1728200,st_leaid,05-016-2030-17,New Trier Twp HSD 203,2024,
IL,05-016-2070-17,Maine Township HSD 207,1724090,st_leaid,05-016-2070-17,Maine Township HSD 207,2024,
IL,05-016-2110-17,Township HSD 211,1730450,st_leaid,05-016-2110-17,Township HSD 211,2024,
IL,05-016-2140-17,Township HSD 214,1704170,st_leaid,05-016-2140-17,Township HSD 214,2024,
IL,05-016-2190-17,Niles Twp HSD 219,1728530,st_leaid,05-016-2190-17,Niles Twp HSD 219,2024,
IL,05-016-2250-17,Glenbrook HSD 225,1729010,st_leaid,05-016-2250-17,Glenbrook HSD 225,2024,
IL,06-016-0780-02,Rosemont ESD 78,1734770,st_leaid,06-016-0780-02,Rosemont ESD 78,2024,
IL,06-016-0790-02,Pennoyer SD 79,1731200,st_leaid,06-016-0790-02,Pennoyer SD 79,2024,
IL,06-016-0800-02,Norridge SD 80,1728650,st_leaid,06-016-0800-02,Norridge SD 80,2024,
IL,06-016-0810-02,Schiller Park SD 81,1735640,st_leaid,06-016-0810-02,Schiller Park SD 81,2024,
IL,06-016-0830-02,Mannheim SD 83,1724330,st_leaid,06-016-0830-02,Mannheim SD 83,2024,
IL,06-016-0840-02,Franklin Park SD 84,1715780,st_leaid,06-016-0840-02,Franklin Park SD 84,2024,
IL,06-016-0845-02,Rhodes SD 84-5,1733390,st_leaid,06-016-0845-02,Rhodes SD 84-5,2024,
IL,06-016-0855-02,River Grove SD 85-5,1733840,st_leaid,06-016-0855-02,River Grove SD 85-5,2024,
IL,06-016-0860-02,Union Ridge SD 86,1739780,st_leaid,06-016-0860-02,Union Ridge SD 86,2024,
IL,06-016-0870-02,Berkeley SD 87,1706000,st_leaid,06-016-0870-02,Berkeley SD 87,2024,
IL,06-016-0880-02,Bellwood SD 88,1705760,st_leaid,06-016-0880-02,Bellwood SD 88,2024,
IL,06-016-0890-02,Maywood-Melrose Park-Broadview 89,1725110,st_leaid,06-016-0890-02,Maywood-Melrose Park-Broadview 89,2024,
IL,06-016-0900-02,River Forest SD 90,1733810,st_leaid,06-016-0900-02,River Forest SD 90,2024,
IL,06-016-0910-02,Forest Park SD 91,1715450,st_leaid,06-016-0910-02,Forest Park SD 91,2024,
IL,06-016-0920-02,Lindop SD 92,1713440,st_leaid,06-016-0920-02,Lindop SD 92,2024,
IL,06-016-0925-02,Westchester SD 92-5,1741790,st_leaid,06-016-0925-02,Westchester SD 92-5,2024,
IL,06-016-0930-02,Hillside SD 93,1719230,st_leaid,06-016-0930-02,Hillside SD 93,2024,
IL,06-016-0940-02,Komarek SD 94,1721420,st_leaid,06-016-0940-02,Komarek SD 94,2024,
IL,06-016-0950-02,Brookfield Lagrange Park SD 95,1707320,st_leaid,06-016-0950-02,Brookfield Lagrange Park SD 95,2024,
IL,06-016-0960-02,Riverside SD 96,1733990,st_leaid,06-016-0960-02,Riverside SD 96,2024,
IL,06-016-0970-02,Oak Park ESD 97,1729250,st_leaid,06-016-0970-02,Oak Park ESD 97,2024,
IL,06-016-0980-02,Berwyn North SD 98,1706060,st_leaid,06-016-0980-02,Berwyn North SD 98,2024,
IL,06-016-0990-02,Cicero SD 99,1710200,st_leaid,06-016-0990-02,Cicero SD 99,2024,
IL,06-016-1000-02,Berwyn South SD 100,1706090,st_leaid,06-016-1000-02,Berwyn South SD 100,2024,
IL,06-016-1010-02,Western Springs SD 101,1741820,st_leaid,06-016-1010-02,Western Springs SD 101,2024,
IL,06-016-1020-02,La Grange SD 102,1721600,st_leaid,06-016-1020-02,La Grange SD 102,2024,
IL,06-016-1030-02,Lyons SD 103,1723850,st_leaid,06-016-1030-02,Lyons SD 103,2024,
IL,06-016-1050-02,La Grange SD 105 South,1721630,st_leaid,06-016-1050-02,La Grange SD 105 South,2024,
IL,06-016-1060-02,LaGrange Highlands SD 106,1719110,st_leaid,06-016-1060-02,LaGrange Highlands SD 106,2024,
IL,06-016-1070-02,Pleasantdale SD 107,1732040,st_leaid,06-016-1070-02,Pleasantdale SD 107,2024,
IL,06-016-2000-13,Oak Park - River Forest SD 200,1729280,st_leaid,06-016-2000-13,Oak Park - River Forest SD 200,2024,
IL,06-016-2010-17,J S Morton HSD 201,1726880,st_leaid,06-016-2010-17,J S Morton HSD 201,2024,
IL,06-016-2040-17,Lyons Twp HSD 204,1723880,st_leaid,06-016-2040-17,Lyons Twp HSD 204,2024,
IL,06-016-2080-17,Riverside-Brookfield Twp SD 208,1734020,st_leaid,06-016-2080-17,Riverside-Brookfield Twp SD 208,2024,
IL,06-016-2090-17,Proviso Twp HSD 209,1732910,st_leaid,06-016-2090-17,Proviso Twp HSD 209,2024,
IL,06-016-2120-16,Leyden CHSD 212,1722740,st_leaid,06-016-2120-16,Leyden CHSD 212,2024,
IL,06-016-2340-16,Ridgewood CHSD 234,1733720,st_leaid,06-016-2340-16,Ridgewood CHSD 234,2024,
IL,06-016-4010-26,Elmwood Park CUSD 401,1714100,st_leaid,06-016-4010-26,Elmwood Park CUSD 401,2024,
IL,07-016-1040-02,Summit SD 104,1704050,st_leaid,07-016-1040-02,Summit SD 104,2024,
IL,07-016-1080-02,Willow Springs SD 108,1742570,st_leaid,07-016-1080-02,Willow Springs SD 108,2024,
IL,07-016-1090-02,Indian Springs SD 109,1707170,st_leaid,07-016-1090-02,Indian Springs SD 109,2024,
IL,07-016-1100-02,Central Stickney SD 110,1737860,st_leaid,07-016-1100-02,Central Stickney SD 110,2024,
IL,07-016-1110-02,Burbank SD 111,1736810,st_leaid,07-016-1110-02,Burbank SD 111,2024,
IL,07-016-113A-02,Lemont-Bromberek CSD 113A,1707290,st_leaid,07-016-113A-02,Lemont-Bromberek CSD 113A,2024,
IL,07-016-1170-02,North Palos SD 117,1728890,st_leaid,07-016-1170-02,North Palos SD 117,2024,
IL,07-016-1180-04,Palos CCSD 118,1730600,st_leaid,07-016-1180-04,Palos CCSD 118,2024,
IL,07-016-1220-02,Ridgeland SD 122,1733690,st_leaid,07-016-1220-02,Ridgeland SD 122,2024,
IL,07-016-1230-02,Oak Lawn-Hometown SD 123,1729190,st_leaid,07-016-1230-02,Oak Lawn-Hometown SD 123,2024,
IL,07-016-1240-02,Evergreen Park ESD 124,1714550,st_leaid,07-016-1240-02,Evergreen Park ESD 124,2024,
IL,07-016-1250-02,Atwood Heights SD 125,1704560,st_leaid,07-016-1250-02,Atwood Heights SD 125,2024,
IL,07-016-1260-02,Alsip-Hazlgrn-Oaklwn SD 126,1703480,st_leaid,07-016-1260-02,Alsip-Hazlgrn-Oaklwn SD 126,2024,
IL,07-016-1270-02,Worth SD 127,1743380,st_leaid,07-016-1270-02,Worth SD 127,2024,
IL,07-016-1275-02,Chicago Ridge SD 127-5,1709990,st_leaid,07-016-1275-02,Chicago Ridge SD 127-5,2024,
IL,07-016-1280-02,Palos Heights SD 128,1730570,st_leaid,07-016-1280-02,Palos Heights SD 128,2024,
IL,07-016-1300-02,Cook County SD 130,1706510,st_leaid,07-016-1300-02,Cook County SD 130,2024,
IL,07-016-1320-02,Calumet Public SD 132,1708130,st_leaid,07-016-1320-02,Calumet Public SD 132,2024,
IL,07-016-1330-02,Gen George Patton SD 133,1730900,st_leaid,07-016-1330-02,Gen George Patton SD 133,2024,
IL,07-016-1350-02,Orland SD 135,1730220,st_leaid,07-016-1350-02,Orland SD 135,2024,
IL,07-016-1400-02,Kirby SD 140,1721270,st_leaid,07-016-1400-02,Kirby SD 140,2024,
IL,07-016-1420-02,Forest Ridge SD 142,1715480,st_leaid,07-016-1420-02,Forest Ridge SD 142,2024,
IL,07-016-1430-02,Midlothian SD 143,1725920,st_leaid,07-016-1430-02,Midlothian SD 143,2024,
IL,07-016-1435-02,Posen-Robbins ESD 143-5,1732370,st_leaid,07-016-1435-02,Posen-Robbins ESD 143-5,2024,
IL,07-016-1440-02,Prairie-Hills ESD 144,1724720,st_leaid,07-016-1440-02,Prairie-Hills ESD 144,2024,
IL,07-016-1450-02,Arbor Park SD 145,1703930,st_leaid,07-016-1450-02,Arbor Park SD 145,2024,
IL,07-016-1460-04,CCSD 146,1739030,st_leaid,07-016-1460-04,CCSD 146,2024,
IL,07-016-1470-02,W Harvey-Dixmoor PSD 147,1718480,st_leaid,07-016-1470-02,W Harvey-Dixmoor PSD 147,2024,
IL,07-016-1480-02,Dolton SD 148,1712450,st_leaid,07-016-1480-02,Dolton SD 148,2024,
IL,07-016-1490-02,Dolton SD 149,1712420,st_leaid,07-016-1490-02,Dolton SD 149,2024,
IL,07-016-1500-02,South Holland SD 150,1736720,st_leaid,07-016-1500-02,South Holland SD 150,2024,
IL,07-016-1510-02,South Holland SD 151,1736750,st_leaid,07-016-1510-02,South Holland SD 151,2024,
IL,07-016-1520-02,Harvey SD 152,1718450,st_leaid,07-016-1520-02,Harvey SD 152,2024,
IL,07-016-1525-02,Hazel Crest SD 152-5,1718600,st_leaid,07-016-1525-02,Hazel Crest SD 152-5,2024,
IL,07-016-1530-02,Homewood SD 153,1719530,st_leaid,07-016-1530-02,Homewood SD 153,2024,
IL,07-016-1540-02,Thornton SD 154,1738910,st_leaid,07-016-1540-02,Thornton SD 154,2024,
IL,07-016-1545-02,Burnham SD 154-5,1707860,st_leaid,07-016-1545-02,Burnham SD 154-5,2024,
IL,07-016-1550-02,Calumet City SD 155,1741520,st_leaid,07-016-1550-02,Calumet City SD 155,2024,
IL,07-016-1560-02,Lincoln ESD 156,1708100,st_leaid,07-016-1560-02,Lincoln ESD 156,2024,
IL,07-016-1570-02,Hoover-Schrum Memorial SD 157,1719680,st_leaid,07-016-1570-02,Hoover-Schrum Memorial SD 157,2024,
IL,07-016-1580-02,Lansing SD 158,1722020,st_leaid,07-016-1580-02,Lansing SD 158,2024,
IL,07-016-1590-02,ESD 159,1736300,st_leaid,07-016-1590-02,ESD 159,2024,
IL,07-016-1600-02,Country Club Hills SD 160,1711010,st_leaid,07-016-1600-02,Country Club Hills SD 160,2024,
IL,07-016-1610-02,Flossmoor SD 161,1715420,st_leaid,07-016-1610-02,Flossmoor SD 161,2024,
IL,07-016-1620-02,Matteson ESD 162,1725020,st_leaid,07-016-1620-02,Matteson ESD 162,2024,
IL,07-016-1630-02,Park Forest SD 163,1730810,st_leaid,07-016-1630-02,Park Forest SD 163,2024,
IL,07-016-1670-02,Brookwood SD 167,1716950,st_leaid,07-016-1670-02,Brookwood SD 167,2024,
IL,07-016-1680-04,CCSD 168,1735460,st_leaid,07-016-1680-04,CCSD 168,2024,
IL,07-016-1690-02,Ford Heights SD 169,1710950,st_leaid,07-016-1690-02,Ford Heights SD 169,2024,
IL,07-016-1700-02,Chicago Heights SD 170,1709960,st_leaid,07-016-1700-02,Chicago Heights SD 170,2024,
IL,07-016-1710-02,Sunnybrook SD 171,1738370,st_leaid,07-016-1710-02,Sunnybrook SD 171,2024,
IL,07-016-1720-02,Sandridge SD 172,1735340,st_leaid,07-016-1720-02,Sandridge SD 172,2024,
IL,07-016-1940-02,Steger SD 194,1737680,st_leaid,07-016-1940-02,Steger SD 194,2024,
IL,07-016-2050-17,Thornton Twp HSD 205,1738970,st_leaid,07-016-2050-17,Thornton Twp HSD 205,2024,
IL,07-016-2060-17,Bloom Twp HSD 206,1706420,st_leaid,07-016-2060-17,Bloom Twp HSD 206,2024,
IL,07-016-2100-17,Lemont Twp HSD 210,1722500,st_leaid,07-016-2100-17,Lemont Twp HSD 210,2024,
IL,07-016-2150-17,Thornton Fractional Twp HSD 215,1738940,st_leaid,07-016-2150-17,Thornton Fractional Twp HSD 215,2024,
IL,07-016-2170-16,Argo CHSD 217,1704020,st_leaid,07-016-2170-16,Argo CHSD 217,2024,
IL,07-016-2180-16,CHSD 218,1706540,st_leaid,07-016-2180-16,CHSD 218,2024,
IL,07-016-2200-17,Reavis Twp HSD 220,1733270,st_leaid,07-016-2200-17,Reavis Twp HSD 220,2024,
IL,07-016-2270-17,Rich Twp HSD 227,1733420,st_leaid,07-016-2270-17,Rich Twp HSD 227,2024,
IL,07-016-2280-16,Bremen CHSD 228,1707050,st_leaid,07-016-2280-16,Bremen CHSD 228,2024,
IL,07-016-2290-16,Oak Lawn CHSD 229,1729220,st_leaid,07-016-2290-16,Oak Lawn CHSD 229,2024,
IL,07-016-2300-13,Cons HSD 230,1708400,st_leaid,07-016-2300-13,Cons HSD 230,2024,
IL,07-016-2310-16,Evergreen Park CHSD 231,1714580,st_leaid,07-016-2310-16,Evergreen Park CHSD 231,2024,
IL,07-016-2330-16,Homewood Flossmoor CHSD 233,1719560,st_leaid,07-016-2330-16,Homewood Flossmoor CHSD 233,2024,
IL,07-016-9010-25,Southland College Prep Charter High School,1701400,st_leaid,07-016-9010-25,Southland College Prep Chtr HS,2024,
IL,08-008-3080-26,Eastland CUSD 308,1700007,st_leaid,08-008-3080-26,Eastland CUSD 308,2024,
IL,08-008-3140-26,West Carroll CUSD 314,1700310,st_leaid,08-008-3140-26,West Carroll CUSD 314,2024,
IL,08-008-3990-26,Chadwick-Milledgeville CUSD 399,1709400,st_leaid,08-008-3990-26,Chadwick-Milledgeville CUSD 399,2024,
IL,08-043-1190-22,East Dubuque USD 119,1713050,st_leaid,08-043-1190-22,East Dubuque USD 119,2024,
IL,08-043-1200-22,Galena USD 120,1716050,st_leaid,08-043-1200-22,Galena USD 120,2024,
IL,08-043-2050-26,Warren CUSD 205,1740740,st_leaid,08-043-2050-26,Warren CUSD 205,2024,
IL,08-043-2060-26,Stockton CUSD 206,1737980,st_leaid,08-043-2060-26,Stockton CUSD 206,2024,
IL,08-043-2100-26,River Ridge CUSD 210,1700001,st_leaid,08-043-2100-26,River Ridge CUSD 210,2024,
IL,08-043-2110-26,Scales Mound CUSD 211,1735610,st_leaid,08-043-2110-26,Scales Mound CUSD 211,2024,
IL,08-089-1450-22,Freeport SD 145,1715900,st_leaid,08-089-1450-22,Freeport SD 145,2024,
IL,08-089-2000-26,Pearl City CUSD 200,1731020,st_leaid,08-089-2000-26,Pearl City CUSD 200,2024,
IL,08-089-2010-26,Dakota CUSD 201,1711610,st_leaid,08-089-2010-26,Dakota CUSD 201,2024,
IL,08-089-2020-26,Lena Winslow CUSD 202,1722530,st_leaid,08-089-2020-26,Lena Winslow CUSD 202,2024,
IL,08-089-2030-26,Orangeville CUSD 203,1730060,st_leaid,08-089-2030-26,Orangeville CUSD 203,2024,
IL,09-010-0010-26,Fisher CUSD 1,1715180,st_leaid,09-010-0010-26,Fisher CUSD 1,2024,
IL,09-010-0030-26,Mahomet-Seymour CUSD 3,1724060,st_leaid,09-010-0030-26,Mahomet-Seymour CUSD 3,2024,
IL,09-010-0040-26,Champaign CUSD 4,1709420,st_leaid,09-010-0040-26,Champaign CUSD 4,2024,
IL,09-010-0070-26,Tolono CUSD 7,1739120,st_leaid,09-010-0070-26,Tolono CUSD 7,2024,
IL,09-010-0080-26,Heritage CUSD 8,1700106,st_leaid,09-010-0080-26,Heritage CUSD 8,2024,
IL,09-010-1160-22,Urbana SD 116,1739960,st_leaid,09-010-1160-22,Urbana SD 116,2024,
IL,09-010-1300-04,Thomasboro CCSD 130,1738790,st_leaid,09-010-1300-04,Thomasboro CCSD 130,2024,
IL,09-010-1370-02,Rantoul City SD 137,1733210,st_leaid,09-010-1370-02,Rantoul City SD 137,2024,
IL,09-010-1420-04,Ludlow CCSD 142,1723700,st_leaid,09-010-1420-04,Ludlow CCSD 142,2024,
IL,09-010-1690-04,St Joseph CCSD 169,1737380,st_leaid,09-010-1690-04,St Joseph CCSD 169,2024,
IL,09-010-1880-04,Gifford CCSD 188,1716650,st_leaid,09-010-1880-04,Gifford CCSD 188,2024,
IL,09-010-1930-17,Rantoul Township HSD 193,1733240,st_leaid,09-010-1930-17,Rantoul Township HSD 193,2024,
IL,09-010-1970-04,Prairieview-Ogden CCSD 197,1700330,st_leaid,09-010-1970-04,Prairieview-Ogden CCSD 197,2024,
IL,09-010-3050-16,St Joseph Ogden CHSD 305,1737410,st_leaid,09-010-3050-16,St Joseph Ogden CHSD 305,2024,
IL,09-027-0050-26,Gibson City-Melvin-Sibley CUSD 5,1700041,st_leaid,09-027-0050-26,Gibson City-Melvin-Sibley CUSD 5,2024,
IL,09-027-0100-26,Paxton-Buckley-Loda CUD 10,1707650,st_leaid,09-027-0100-26,Paxton-Buckley-Loda CUD 10,2024,
IL,11-012-002C-26,Marshall CUSD 2C,1724870,st_leaid,11-012-002C-26,Marshall CUSD 2C,2024,
IL,11-012-003C-26,Martinsville CUSD 3C,1724900,st_leaid,11-012-003C-26,Martinsville CUSD 3C,2024,
IL,11-012-004C-26,Casey-Westfield CUSD 4C,1700002,st_leaid,11-012-004C-26,Casey-Westfield CUSD 4C,2024,
IL,11-015-0010-26,Charleston CUSD 1,1709600,st_leaid,11-015-0010-26,Charleston CUSD 1,2024,
IL,11-015-0020-26,Mattoon CUSD 2,1725050,st_leaid,11-015-0020-26,Mattoon CUSD 2,2024,
IL,11-015-0050-26,Oakland CUSD 5,1729340,st_leaid,11-015-0050-26,Oakland CUSD 5,2024,
IL,11-018-0030-26,Neoga CUSD 3,1727840,st_leaid,11-018-0030-26,Neoga CUSD 3,2024,
IL,11-018-0770-26,Cumberland CUSD 77,1739090,st_leaid,11-018-0770-26,Cumberland CUSD 77,2024,
IL,11-021-3010-26,Tuscola CUSD 301,1739600,st_leaid,11-021-3010-26,Tuscola CUSD 301,2024,
IL,11-021-3020-26,Villa Grove CUSD 302,1740320,st_leaid,11-021-3020-26,Villa Grove CUSD 302,2024,
IL,11-021-3050-26,Arthur CUSD 305,1704260,st_leaid,11-021-3050-26,Arthur CUSD 305,2024,
IL,11-021-3060-26,Arcola CUSD 306,1703960,st_leaid,11-021-3060-26,Arcola CUSD 306,2024,
IL,11-023-0010-26,Shiloh CUSD 1,1700122,st_leaid,11-023-0010-26,Shiloh CUSD 1,2024,
IL,11-023-0030-26,Kansas CUSD 3,1720790,st_leaid,11-023-0030-26,Kansas CUSD 3,2024,
IL,11-023-0040-26,Paris CUSD 4,1730780,st_leaid,11-023-0040-26,Paris CUSD 4,2024,
IL,11-023-0060-26,Edgar County CUD 6,1713370,st_leaid,11-023-0060-26,Edgar County CUD 6,2024,
IL,11-023-0950-25,Paris-Union SD 95,1730750,st_leaid,11-023-0950-25,Paris-Union SD 95,2024,
IL,11-023-8000-80,Paris Cooperative High School,1701397,st_leaid,11-023-8000-80,Paris Cooperative High School,2024,
IL,11-070-3000-26,Sullivan CUSD 300,1738130,st_leaid,11-070-3000-26,Sullivan CUSD 300,2024,
IL,11-070-3020-26,Okaw Valley CUSD 302,1700223,st_leaid,11-070-3020-26,Okaw Valley CUSD 302,2024,
IL,11-087-0010-26,Windsor CUSD 1,1742690,st_leaid,11-087-0010-26,Windsor CUSD 1,2024,
IL,11-087-003A-26,Cowden-Herrick CUSD 3A,1700176,st_leaid,11-087-003A-26,Cowden-Herrick CUSD 3A,2024,
IL,11-087-0040-26,Shelbyville CUSD 4,1736090,st_leaid,11-087-0040-26,Shelbyville CUSD 4,2024,
IL,11-087-005A-26,Stewardson-Strasburg CUD 5A,1737830,st_leaid,11-087-005A-26,Stewardson-Strasburg CUD 5A,2024,
IL,11-087-0210-26,Central A & M CUD 21,1709100,st_leaid,11-087-0210-26,Central A & M CUD 21,2024,
IL,12-013-0100-26,Clay City CUSD 10,1710340,st_leaid,12-013-0100-26,Clay City CUSD 10,2024,
IL,12-013-0250-26,North Clay CUSD 25,1728810,st_leaid,12-013-0250-26,North Clay CUSD 25,2024,
IL,12-013-0350-26,Flora CUSD 35,1715400,st_leaid,12-013-0350-26,Flora CUSD 35,2024,
IL,12-017-0010-26,Hutsonville CUSD 1,1719920,st_leaid,12-017-0010-26,Hutsonville CUSD 1,2024,
IL,12-017-0020-26,Robinson CUSD 2,1734230,st_leaid,12-017-0020-26,Robinson CUSD 2,2024,
IL,12-017-0030-26,Palestine CUSD 3,1730480,st_leaid,12-017-0030-26,Palestine CUSD 3,2024,
IL,12-017-0040-26,Oblong CUSD 4,1729420,st_leaid,12-017-0040-26,Oblong CUSD 4,2024,
IL,12-040-0010-26,Jasper County CUD 1,1720380,st_leaid,12-040-0010-26,Jasper County CUD 1,2024,
IL,12-051-0100-26,Red Hill CUSD 10,1722130,st_leaid,12-051-0100-26,Red Hill CUSD 10,2024,
IL,12-051-0200-26,Lawrence County CUD 20,1722150,st_leaid,12-051-0200-26,Lawrence County CUD 20,2024,
IL,12-080-0010-26,Richland County CUSD 1,1713290,st_leaid,12-080-0010-26,Richland County CUSD 1,2024,
IL,13-014-0010-26,Carlyle CUSD 1,1708460,st_leaid,13-014-0010-26,Carlyle CUSD 1,2024,
IL,13-014-0030-26,Wesclin CUSD 3,1739420,st_leaid,13-014-0030-26,Wesclin CUSD 3,2024,
IL,13-014-0120-04,Breese ESD 12,1707010,st_leaid,13-014-0120-04,Breese ESD 12,2024,
IL,13-014-0210-02,Aviston SD 21,1704740,st_leaid,13-014-0210-02,Aviston SD 21,2024,
IL,13-014-0460-02,Willow Grove SD 46,1742510,st_leaid,13-014-0460-02,Willow Grove SD 46,2024,
IL,13-014-0570-02,Bartelso SD 57,1705160,st_leaid,13-014-0570-02,Bartelso SD 57,2024,
IL,13-014-0600-02,Germantown SD 60,1716530,st_leaid,13-014-0600-02,Germantown SD 60,2024,
IL,13-014-0620-02,Damiansville SD 62,1711730,st_leaid,13-014-0620-02,Damiansville SD 62,2024,
IL,13-014-0630-02,Albers SD 63,1703270,st_leaid,13-014-0630-02,Albers SD 63,2024,
IL,13-014-0710-16,Central CHSD 71,1704770,st_leaid,13-014-0710-16,Central CHSD 71,2024,
IL,13-014-1415-02,St Rose SD 14-15,1737470,st_leaid,13-014-1415-02,St Rose SD 14-15,2024,
IL,13-014-1860-02,North Wamac SD 186,1740680,st_leaid,13-014-1860-02,North Wamac SD 186,2024,
IL,13-041-0010-26,Waltonville CUSD 1,1740650,st_leaid,13-041-0010-26,Waltonville CUSD 1,2024,
IL,13-041-0020-04,Rome CCSD 2,1734590,st_leaid,13-041-0020-04,Rome CCSD 2,2024,
IL,13-041-0030-04,Field CCSD 3,1715090,st_leaid,13-041-0030-04,Field CCSD 3,2024,
IL,13-041-0050-04,Opdyke-Belle-Rive CCSD 5,1705570,st_leaid,13-041-0050-04,Opdyke-Belle-Rive CCSD 5,2024,
IL,13-041-0060-04,Grand Prairie CCSD 6,1717190,st_leaid,13-041-0060-04,Grand Prairie CCSD 6,2024,
IL,13-041-0120-04,McClellan CCSD 12,1725260,st_leaid,13-041-0120-04,McClellan CCSD 12,2024,
IL,13-041-0790-02,Summersville SD 79,1738190,st_leaid,13-041-0790-02,Summersville SD 79,2024,
IL,13-041-0800-02,Mount Vernon SD 80,1727340,st_leaid,13-041-0800-02,Mount Vernon SD 80,2024,
IL,13-041-0820-02,Bethel SD 82,1706180,st_leaid,13-041-0820-02,Bethel SD 82,2024,
IL,13-041-0990-04,Farrington CCSD 99,1714940,st_leaid,13-041-0990-04,Farrington CCSD 99,2024,
IL,13-041-1780-04,Spring Garden Community Consolidated School District 178,1701419,st_leaid,13-041-1780-04,Spring Garden CCSD 178,2024,
IL,13-041-2010-17,Mt Vernon Twp HSD 201,1727360,st_leaid,13-041-2010-17,Mt Vernon Twp HSD 201,2024,
IL,13-041-2090-27,Woodlawn Unit School District 209,1701422,st_leaid,13-041-2090-27,Woodlawn Unit School District 209,2024,
IL,13-041-3180-27,Bluford Unit School District 318,1701417,st_leaid,13-041-3180-27,Bluford Unit School District 318,2024,
IL,13-058-0010-03,Raccoon Cons SD 1,1733030,st_leaid,13-058-0010-03,Raccoon Cons SD 1,2024,
IL,13-058-0020-03,Kell Cons SD 2,1720910,st_leaid,13-058-0020-03,Kell Cons SD 2,2024,
IL,13-058-0070-04,Iuka CCSD 7,1720250,st_leaid,13-058-0070-04,Iuka CCSD 7,2024,
IL,13-058-0100-04,Selmaville CCSD 10,1735770,st_leaid,13-058-0100-04,Selmaville CCSD 10,2024,
IL,13-058-1000-26,Patoka CUSD 100,1730870,st_leaid,13-058-1000-26,Patoka CUSD 100,2024,
IL,13-058-1110-02,Salem SD 111,1735160,st_leaid,13-058-1110-02,Salem SD 111,2024,
IL,13-058-1330-02,Central City SD 133,1709180,st_leaid,13-058-1330-02,Central City SD 133,2024,
IL,13-058-1350-02,Centralia SD 135,1709270,st_leaid,13-058-1350-02,Centralia SD 135,2024,
IL,13-058-2000-17,Centralia HSD 200,1709300,st_leaid,13-058-2000-17,Centralia HSD 200,2024,
IL,13-058-4010-26,South Central CUD 401,1700114,st_leaid,13-058-4010-26,South Central CUD 401,2024,
IL,13-058-5010-26,Sandoval CUSD 501,1735310,st_leaid,13-058-5010-26,Sandoval CUSD 501,2024,
IL,13-058-6000-16,Salem CHSD 600,1735190,st_leaid,13-058-6000-16,Salem CHSD 600,2024,
IL,13-058-7220-26,Odin PSD 722,1701404,st_leaid,13-058-7220-26,Odin PSD 722,2024,
IL,13-095-0010-04,Oakdale CCSD 1,1729310,st_leaid,13-095-0010-04,Oakdale CCSD 1,2024,
IL,13-095-0100-26,West Washington Co CUD 10,1741750,st_leaid,13-095-0100-26,West Washington Co CUD 10,2024,
IL,13-095-0110-04,Irvington CCSD 11,1720190,st_leaid,13-095-0110-04,Irvington CCSD 11,2024,
IL,13-095-0150-04,Ashley CCSD 15,1704340,st_leaid,13-095-0150-04,Ashley CCSD 15,2024,
IL,13-095-0490-04,Nashville CCSD 49,1727720,st_leaid,13-095-0490-04,Nashville CCSD 49,2024,
IL,13-095-0990-16,Nashville CHSD 99,1727740,st_leaid,13-095-0990-16,Nashville CHSD 99,2024,
IL,15-016-2990-25,City of Chicago SD 299,1709930,st_leaid,15-016-2990-25,Chicago Public Schools Dist 299,2024,
IL,15-016-9000-25,Horizon Science Acad-McKinley Park Charter Sch,1701410,st_leaid,15-016-9000-25,Horizon Science Acad-McKinley Pk,2024,
IL,15-016-9010-25,Horizon Science Acad-Belmont Charter Sch,1701412,st_leaid,15-016-9010-25,Horizon Science Acad-Belmont,2024,
IL,15-016-9020-25,ACE Amandla Charter School,1701426,st_leaid,15-016-9020-25,ACE Amandla Charter School,2024,
IL,15-016-9030-25,Bronzeville Academy Chtr School,1701431,st_leaid,15-016-9030-25,Bronzeville Academy Chtr School,2024,
IL,15-016-9040-25,Betty Shabazz  International Charter School,1701424,st_leaid,15-016-9040-25,Betty Shabazz  Internl Chrtr Sch,2024,
IL,15-016-9050-25,Intrinsic 2 Charter High School,1701438,st_leaid,15-016-9050-25,Intrinsic 2 Charter High School,2024,
IL,15-016-9060-25,Urban Prep Charter Acad for Young Men - Downtown Campus,1701436,st_leaid,15-016-9060-25,Urban Prep Chrtr Sch for Yng Men,2024,
IL,16-019-4240-26,Genoa Kingston CUSD 424,1716410,st_leaid,16-019-4240-26,Genoa Kingston CUSD 424,2024,
IL,16-019-4250-26,Indian Creek CUSD 425,1735970,st_leaid,16-019-4250-26,Indian Creek CUSD 425,2024,
IL,16-019-4260-26,Hiawatha CUSD 426,1721300,st_leaid,16-019-4260-26,Hiawatha CUSD 426,2024,
IL,16-019-4270-26,Sycamore CUSD 427,1738460,st_leaid,16-019-4270-26,Sycamore CUSD 427,2024,
IL,16-019-4280-26,DeKalb CUSD 428,1712000,st_leaid,16-019-4280-26,DeKalb CUSD 428,2024,
IL,16-019-4290-26,Hinckley Big Rock CUSD 429,1719260,st_leaid,16-019-4290-26,Hinckley Big Rock CUSD 429,2024,
IL,16-019-4300-26,Sandwich CUSD 430,1735370,st_leaid,16-019-4300-26,Sandwich CUSD 430,2024,
IL,16-019-4320-26,Somonauk CUSD 432,1736570,st_leaid,16-019-4320-26,Somonauk CUSD 432,2024,
IL,17-020-0150-26,Clinton CUSD 15,1710440,st_leaid,17-020-0150-26,Clinton CUSD 15,2024,
IL,17-020-0180-26,Blue Ridge CUSD 18,1700003,st_leaid,17-020-0180-26,Blue Ridge CUSD 18,2024,
IL,17-053-0050-26,Woodland CUSD 5,1738070,st_leaid,17-053-0050-26,Woodland CUSD 5,2024,
IL,17-053-006J-26,Tri Point CUSD 6-J,1739480,st_leaid,17-053-006J-26,Tri Point CUSD 6-J,2024,
IL,17-053-0080-26,Prairie Central CUSD 8,1700005,st_leaid,17-053-0080-26,Prairie Central CUSD 8,2024,
IL,17-053-0740-27,Flanagan-Cornell Dist 74,1701390,st_leaid,17-053-0740-27,Flanagan-Cornell Dist 74,2024,
IL,17-053-0900-17,Pontiac Twp HSD 90,1732220,st_leaid,17-053-0900-17,Pontiac Twp HSD 90,2024,
IL,17-053-2300-17,Dwight Twp HSD 230,1712870,st_leaid,17-053-2300-17,Dwight Twp HSD 230,2024,
IL,17-053-2320-02,Dwight Common SD 232,1712840,st_leaid,17-053-2320-02,Dwight Common SD 232,2024,
IL,17-053-4250-04,Rooks Creek CCSD 425,1734650,st_leaid,17-053-4250-04,Rooks Creek CCSD 425,2024,
IL,17-053-4260-04,Cornell CCSD 426,1710860,st_leaid,17-053-4260-04,Cornell CCSD 426,2024,
IL,17-053-4290-04,Pontiac CCSD 429,1732160,st_leaid,17-053-4290-04,Pontiac CCSD 429,2024,
IL,17-053-4350-04,Odell CCSD 435,1729520,st_leaid,17-053-4350-04,Odell CCSD 435,2024,
IL,17-053-4380-04,Saunemin CCSD 438,1700065,st_leaid,17-053-4380-04,Saunemin CCSD 438,2024,
IL,17-054-0210-26,Hartsburg Emden CUSD 21,1718390,st_leaid,17-054-0210-26,Hartsburg Emden CUSD 21,2024,
IL,17-054-0230-26,Mt Pulaski CUSD 23,1727290,st_leaid,17-054-0230-26,Mt Pulaski CUSD 23,2024,
IL,17-054-0270-02,Lincoln ESD 27,1722980,st_leaid,17-054-0270-02,Lincoln ESD 27,2024,
IL,17-054-0610-04,Chester-East Lincoln CCSD 61,1709850,st_leaid,17-054-0610-04,Chester-East Lincoln CCSD 61,2024,
IL,17-054-0880-02,New Holland-Middletown ED 88,1700103,st_leaid,17-054-0880-02,New Holland-Middletown ED 88,2024,
IL,17-054-0920-04,West Lincoln-Broadwell ESD 92,1741600,st_leaid,17-054-0920-04,West Lincoln-Broadwell ESD 92,2024,
IL,17-054-4040-16,Lincoln CHSD 404,1723050,st_leaid,17-054-4040-16,Lincoln CHSD 404,2024,
IL,17-064-0020-26,LeRoy CUSD 2,1722620,st_leaid,17-064-0020-26,LeRoy CUSD 2,2024,
IL,17-064-0030-26,Tri Valley CUSD 3,1713920,st_leaid,17-064-0030-26,Tri Valley CUSD 3,2024,
IL,17-064-0040-26,Heyworth CUSD 4,1718870,st_leaid,17-064-0040-26,Heyworth CUSD 4,2024,
IL,17-064-0050-26,McLean County USD 5,1728620,st_leaid,17-064-0050-26,McLean County USD 5,2024,
IL,17-064-0070-26,Lexington CUSD 7,1722710,st_leaid,17-064-0070-26,Lexington CUSD 7,2024,
IL,17-064-0160-26,Olympia CUSD 16,1729890,st_leaid,17-064-0160-26,Olympia CUSD 16,2024,
IL,17-064-0190-26,Ridgeview CUSD 19,1700109,st_leaid,17-064-0190-26,Ridgeview CUSD 19,2024,
IL,17-064-0870-25,Bloomington SD 87,1706480,st_leaid,17-064-0870-25,Bloomington SD 87,2024,
IL,19-022-0020-02,Bensenville SD 2,1705910,st_leaid,19-022-0020-02,Bensenville SD 2,2024,
IL,19-022-0040-02,Addison SD 4,1703150,st_leaid,19-022-0040-02,Addison SD 4,2024,
IL,19-022-0070-02,Wood Dale SD 7,1743020,st_leaid,19-022-0070-02,Wood Dale SD 7,2024,
IL,19-022-0100-02,Itasca SD 10,1720220,st_leaid,19-022-0100-02,Itasca SD 10,2024,
IL,19-022-0110-02,Medinah SD 11,1725500,st_leaid,19-022-0110-02,Medinah SD 11,2024,
IL,19-022-0120-02,Roselle SD 12,1734710,st_leaid,19-022-0120-02,Roselle SD 12,2024,
IL,19-022-0130-02,Bloomingdale SD 13,1706450,st_leaid,19-022-0130-02,Bloomingdale SD 13,2024,
IL,19-022-0150-02,Marquardt SD 15,1724780,st_leaid,19-022-0150-02,Marquardt SD 15,2024,
IL,19-022-0160-02,Queen Bee SD 16,1732970,st_leaid,19-022-0160-02,Queen Bee SD 16,2024,
IL,19-022-0200-02,Keeneyville SD 20,1720880,st_leaid,19-022-0200-02,Keeneyville SD 20,2024,
IL,19-022-0250-02,Benjamin SD 25,1705880,st_leaid,19-022-0250-02,Benjamin SD 25,2024,
IL,19-022-0330-02,West Chicago ESD 33,1741550,st_leaid,19-022-0330-02,West Chicago ESD 33,2024,
IL,19-022-0340-02,Winfield SD 34,1742720,st_leaid,19-022-0340-02,Winfield SD 34,2024,
IL,19-022-0410-02,Glen Ellyn SD 41,1716800,st_leaid,19-022-0410-02,Glen Ellyn SD 41,2024,
IL,19-022-0440-02,Lombard SD 44,1723460,st_leaid,19-022-0440-02,Lombard SD 44,2024,
IL,19-022-0450-02,SD 45 DuPage County,1740350,st_leaid,19-022-0450-02,SD 45 DuPage County,2024,
IL,19-022-0480-02,Salt Creek SD 48,1735220,st_leaid,19-022-0480-02,Salt Creek SD 48,2024,
IL,19-022-0530-02,Butler SD 53,1707980,st_leaid,19-022-0530-02,Butler SD 53,2024,
IL,19-022-0580-02,Downers Grove GSD 58,1712540,st_leaid,19-022-0580-02,Downers Grove GSD 58,2024,
IL,19-022-0600-02,Maercker SD 60,1724000,st_leaid,19-022-0600-02,Maercker SD 60,2024,
IL,19-022-0610-02,Darien SD 61,1721450,st_leaid,19-022-0610-02,Darien SD 61,2024,
IL,19-022-0620-02,Gower SD 62,1717160,st_leaid,19-022-0620-02,Gower SD 62,2024,
IL,19-022-0630-02,Cass SD 63,1708790,st_leaid,19-022-0630-02,Cass SD 63,2024,
IL,19-022-0660-02,Center Cass SD 66,1708970,st_leaid,19-022-0660-02,Center Cass SD 66,2024,
IL,19-022-0680-02,Woodridge SD 68,1717040,st_leaid,19-022-0680-02,Woodridge SD 68,2024,
IL,19-022-0860-17,Hinsdale Twp HSD 86,1719320,st_leaid,19-022-0860-17,Hinsdale Twp HSD 86,2024,
IL,19-022-0870-17,Glenbard Twp HSD 87,1716830,st_leaid,19-022-0870-17,Glenbard Twp HSD 87,2024,
IL,19-022-0880-16,DuPage HSD 88,1713940,st_leaid,19-022-0880-16,DuPage HSD 88,2024,
IL,19-022-0890-04,CCSD 89,1740500,st_leaid,19-022-0890-04,CCSD 89,2024,
IL,19-022-0930-04,CCSD 93,1710470,st_leaid,19-022-0930-04,CCSD 93,2024,
IL,19-022-0940-16,CHSD 94,1740440,st_leaid,19-022-0940-16,CHSD 94,2024,
IL,19-022-0990-16,CHSD 99,1712570,st_leaid,19-022-0990-16,CHSD 99,2024,
IL,19-022-1000-16,Fenton CHSD 100,1715030,st_leaid,19-022-1000-16,Fenton CHSD 100,2024,
IL,19-022-1080-16,Lake Park CHSD 108,1721840,st_leaid,19-022-1080-16,Lake Park CHSD 108,2024,
IL,19-022-1800-04,CCSD 180,1730510,st_leaid,19-022-1800-04,CCSD 180,2024,
IL,19-022-1810-04,Hinsdale CCSD 181,1719290,st_leaid,19-022-1810-04,Hinsdale CCSD 181,2024,
IL,19-022-2000-26,CUSD 200,1742180,st_leaid,19-022-2000-26,CUSD 200,2024,
IL,19-022-2010-26,CUSD 201,1741980,st_leaid,19-022-2010-26,CUSD 201,2024,
IL,19-022-2020-26,Lisle CUSD 202,1723200,st_leaid,19-022-2020-26,Lisle CUSD 202,2024,
IL,19-022-2030-26,Naperville CUSD 203,1727710,st_leaid,19-022-2030-26,Naperville CUSD 203,2024,
IL,19-022-2040-26,Indian Prairie CUSD 204,1741690,st_leaid,19-022-2040-26,Indian Prairie CUSD 204,2024,
IL,19-022-2050-26,Elmhurst SD 205,1713970,st_leaid,19-022-2050-26,Elmhurst SD 205,2024,
IL,20-024-0010-26,Edwards County CUSD 1,1713500,st_leaid,20-024-0010-26,Edwards County CUSD 1,2024,
IL,20-030-0070-26,Gallatin CUSD 7,1700045,st_leaid,20-030-0070-26,Gallatin CUSD 7,2024,
IL,20-033-0100-26,Hamilton Co CUSD 10,1710790,st_leaid,20-033-0100-26,Hamilton Co CUSD 10,2024,
IL,20-035-0010-26,Hardin County CUSD 1,1718200,st_leaid,20-035-0010-26,Hardin County CUSD 1,2024,
IL,20-076-0010-26,Pope Co CUD 1,1732280,st_leaid,20-076-0010-26,Pope Co CUD 1,2024,
IL,20-083-0010-26,Galatia CUSD 1,1716020,st_leaid,20-083-0010-26,Galatia CUSD 1,2024,
IL,20-083-0020-26,Carrier Mills-Stonefort CUSD 2,1708580,st_leaid,20-083-0020-26,Carrier Mills-Stonefort CUSD 2,2024,
IL,20-083-0030-26,Harrisburg CUSD 3,1718270,st_leaid,20-083-0030-26,Harrisburg CUSD 3,2024,
IL,20-083-0040-26,Eldorado CUSD 4,1713660,st_leaid,20-083-0040-26,Eldorado CUSD 4,2024,
IL,20-093-0170-24,Allendale CCSD 17,1703450,st_leaid,20-093-0170-24,Allendale CCSD 17,2024,
IL,20-093-3480-26,Wabash CUSD 348,1740470,st_leaid,20-093-3480-26,Wabash CUSD 348,2024,
IL,20-096-0060-04,New Hope CCSD 6,1728110,st_leaid,20-096-0060-04,New Hope CCSD 6,2024,
IL,20-096-0140-04,Geff CCSD 14,1716320,st_leaid,20-096-0140-04,Geff CCSD 14,2024,
IL,20-096-0170-04,Jasper CCSD 17,1720370,st_leaid,20-096-0170-04,Jasper CCSD 17,2024,
IL,20-096-1000-26,Wayne City CUSD 100,1741360,st_leaid,20-096-1000-26,Wayne City CUSD 100,2024,
IL,20-096-1120-04,Fairfield PSD 112,1714710,st_leaid,20-096-1120-04,Fairfield PSD 112,2024,
IL,20-096-2000-26,North Wayne CUSD 200,1710240,st_leaid,20-096-2000-26,North Wayne CUSD 200,2024,
IL,20-096-2250-16,Fairfield Comm H S Dist 225,1726180,st_leaid,20-096-2250-16,Fairfield Comm H S Dist 225,2024,
IL,20-097-0010-26,Grayville CUSD 1,1717580,st_leaid,20-097-0010-26,Grayville CUSD 1,2024,
IL,20-097-0030-26,Norris City-Omaha-Enfield CUSD 3,1700004,st_leaid,20-097-0030-26,Norris City-Omaha-Enfield CUSD 3,2024,
IL,20-097-0050-26,Carmi-White County CUSD 5,1708500,st_leaid,20-097-0050-26,Carmi-White County CUSD 5,2024,
IL,21-028-0470-04,Benton CCSD 47,1705950,st_leaid,21-028-0470-04,Benton CCSD 47,2024,
IL,21-028-0910-04,Akin CCSD 91,1703210,st_leaid,21-028-0910-04,Akin CCSD 91,2024,
IL,21-028-0990-26,Christopher USD 99,1700217,st_leaid,21-028-0990-26,Christopher USD 99,2024,
IL,21-028-1030-13,Benton Cons HSD 103,1705970,st_leaid,21-028-1030-13,Benton Cons HSD 103,2024,
IL,21-028-1150-04,Ewing Northern CCSD 115,1714640,st_leaid,21-028-1150-04,Ewing Northern CCSD 115,2024,
IL,21-028-1680-26,Frankfort CUSD 168,1741580,st_leaid,21-028-1680-26,Frankfort CUSD 168,2024,
IL,21-028-1740-26,Thompsonville CUSD 174,1701382,st_leaid,21-028-1740-26,Thompsonville CUSD 174,2024,
IL,21-028-1880-26,Zeigler-Royalton CUSD 188,1743800,st_leaid,21-028-1880-26,Zeigler-Royalton CUSD 188,2024,
IL,21-028-1960-26,Sesser-Valier CUSD 196,1735940,st_leaid,21-028-1960-26,Sesser-Valier CUSD 196,2024,
IL,21-044-0010-26,Goreville CUD 1,1700014,st_leaid,21-044-0010-26,Goreville CUD 1,2024,
IL,21-044-0320-03,New Simpson Hill SD 32,1728160,st_leaid,21-044-0320-03,New Simpson Hill SD 32,2024,
IL,21-044-0430-03,Buncombe Cons SD 43,1707740,st_leaid,21-044-0430-03,Buncombe Cons SD 43,2024,
IL,21-044-0550-02,Vienna SD 55,1740260,st_leaid,21-044-0550-02,Vienna SD 55,2024,
IL,21-044-0640-02,Cypress SD 64,1711520,st_leaid,21-044-0640-02,Cypress SD 64,2024,
IL,21-044-1330-17,Vienna HSD 133,1740290,st_leaid,21-044-1330-17,Vienna HSD 133,2024,
IL,21-061-0010-26,Massac UD 1,1725000,st_leaid,21-061-0010-26,Massac UD 1,2024,
IL,21-061-0380-26,Joppa-Maple Grove UD 38,1700015,st_leaid,21-061-0380-26,Joppa-Maple Grove UD 38,2024,
IL,21-100-0010-26,Johnston City CUSD 1,1720550,st_leaid,21-100-0010-26,Johnston City CUSD 1,2024,
IL,21-100-0020-26,Marion CUSD 2,1724600,st_leaid,21-100-0020-26,Marion CUSD 2,2024,
IL,21-100-0030-26,Crab Orchard CUSD 3,1711100,st_leaid,21-100-0030-26,Crab Orchard CUSD 3,2024,
IL,21-100-0040-26,Herrin CUSD 4,1718810,st_leaid,21-100-0040-26,Herrin CUSD 4,2024,
IL,21-100-0050-26,Carterville CUSD 5,1708640,st_leaid,21-100-0050-26,Carterville CUSD 5,2024,
IL,24-032-0010-26,Coal City CUSD 1,1710530,st_leaid,24-032-0010-26,Coal City CUSD 1,2024,
IL,24-032-002C-02,Mazon-Verona-Kinsman ESD 2C,1725190,st_leaid,24-032-002C-02,Mazon-Verona-Kinsman ESD 2C,2024,
IL,24-032-024C-04,Nettle Creek CCSD 24C,1727930,st_leaid,24-032-024C-04,Nettle Creek CCSD 24C,2024,
IL,24-032-0540-02,Morris SD 54,1726610,st_leaid,24-032-0540-02,Morris SD 54,2024,
IL,24-032-060C-04,Saratoga CCSD 60C,1735400,st_leaid,24-032-060C-04,Saratoga CCSD 60C,2024,
IL,24-032-072C-04,Gardner CCSD 72C,1716230,st_leaid,24-032-072C-04,Gardner CCSD 72C,2024,
IL,24-032-0730-17,Gardner S Wilmington Twp HSD 73,1716260,st_leaid,24-032-0730-17,Gardner S Wilmington Twp HSD 73,2024,
IL,24-032-0740-03,South Wilmington CCSD 74,1736840,st_leaid,24-032-0740-03,South Wilmington CCSD 74,2024,
IL,24-032-0750-02,Braceville SD 75,1706840,st_leaid,24-032-0750-02,Braceville SD 75,2024,
IL,24-032-1010-16,Morris CHSD 101,1726640,st_leaid,24-032-1010-16,Morris CHSD 101,2024,
IL,24-032-1110-16,Minooka CHSD 111,1726340,st_leaid,24-032-1110-16,Minooka CHSD 111,2024,
IL,24-032-2010-04,Minooka CCSD 201,1726310,st_leaid,24-032-2010-04,Minooka CCSD 201,2024,
IL,24-047-0180-16,Newark CHSD 18,1728260,st_leaid,24-047-0180-16,Newark CHSD 18,2024,
IL,24-047-0660-04,Newark CCSD 66,1728270,st_leaid,24-047-0660-04,Newark CCSD 66,2024,
IL,24-047-0880-26,Plano CUSD 88,1731770,st_leaid,24-047-0880-26,Plano CUSD 88,2024,
IL,24-047-0900-04,Lisbon CCSD 90,1723160,st_leaid,24-047-0900-04,Lisbon CCSD 90,2024,
IL,24-047-1150-26,Yorkville CUSD 115,1743960,st_leaid,24-047-1150-26,Yorkville CUSD 115,2024,
IL,24-047-3080-26,CUSD 308,1730270,st_leaid,24-047-3080-26,CUSD 308,2024,
IL,26-029-0010-26,Astoria CUSD 1,1704440,st_leaid,26-029-0010-26,Astoria CUSD 1,2024,
IL,26-029-0020-26,V I T CUSD 2,1738490,st_leaid,26-029-0020-26,V I T CUSD 2,2024,
IL,26-029-0030-26,CUSD 3 Fulton County,1711400,st_leaid,26-029-0030-26,CUSD 3 Fulton County,2024,
IL,26-029-0040-26,Spoon River Valley CUSD 4,1736960,st_leaid,26-029-0040-26,Spoon River Valley CUSD 4,2024,
IL,26-029-0660-25,Canton Union SD 66,1708280,st_leaid,26-029-0660-25,Canton Union SD 66,2024,
IL,26-029-0970-26,Lewistown CUSD 97,1700153,st_leaid,26-029-0970-26,Lewistown CUSD 97,2024,
IL,26-034-3070-16,Illini West H S Dist 307,1701384,st_leaid,26-034-3070-16,Illini West H S Dist 307,2024,
IL,26-034-3160-26,Warsaw CUSD 316,1740890,st_leaid,26-034-3160-26,Warsaw CUSD 316,2024,
IL,26-034-3170-04,Carthage ESD 317,1701385,st_leaid,26-034-3170-04,Carthage ESD 317,2024,
IL,26-034-3250-26,Nauvoo-Colusa CUSD 325,1727780,st_leaid,26-034-3250-26,Nauvoo-Colusa CUSD 325,2024,
IL,26-034-3270-04,Dallas ESD 327,1701388,st_leaid,26-034-3270-04,Dallas ESD 327,2024,
IL,26-034-3280-24,Hamilton CCSD 328,1718060,st_leaid,26-034-3280-24,Hamilton CCSD 328,2024,
IL,26-034-3370-26,Southeastern CUSD 337,1736610,st_leaid,26-034-3370-26,Southeastern CUSD 337,2024,
IL,26-034-3470-04,La Harpe CSD 347,1701381,st_leaid,26-034-3470-04,La Harpe CSD 347,2024,
IL,26-062-1030-26,West Prairie CUSD 103,1700314,st_leaid,26-062-1030-26,West Prairie CUSD 103,2024,
IL,26-062-1700-26,Bushnell Prairie City CUSD 170,1707950,st_leaid,26-062-1700-26,Bushnell Prairie City CUSD 170,2024,
IL,26-062-1850-26,Macomb CUSD 185,1723920,st_leaid,26-062-1850-26,Macomb CUSD 185,2024,
IL,26-085-0050-26,Schuyler-Industry CUSD 5,1700332,st_leaid,26-085-0050-26,Schuyler-Industry CUSD 5,2024,
IL,28-006-0170-04,Ohio CCSD 17,1729700,st_leaid,28-006-0170-04,Ohio CCSD 17,2024,
IL,28-006-0840-04,Malden CCSD 84,1724120,st_leaid,28-006-0840-04,Malden CCSD 84,2024,
IL,28-006-0940-04,Ladd CCSD 94,1721510,st_leaid,28-006-0940-04,Ladd CCSD 94,2024,
IL,28-006-0980-02,Dalzell SD 98,1711700,st_leaid,28-006-0980-02,Dalzell SD 98,2024,
IL,28-006-0990-04,Spring Valley CCSD 99,1737050,st_leaid,28-006-0990-04,Spring Valley CCSD 99,2024,
IL,28-006-1030-22,DePue USD 103,1712090,st_leaid,28-006-1030-22,DePue USD 103,2024,
IL,28-006-1150-02,Princeton ESD 115,1732670,st_leaid,28-006-1150-02,Princeton ESD 115,2024,
IL,28-006-3030-26,La Moille CUSD 303,1721680,st_leaid,28-006-3030-26,La Moille CUSD 303,2024,
IL,28-006-3400-26,Bureau Valley CUSD 340,1700125,st_leaid,28-006-3400-26,Bureau Valley CUSD 340,2024,
IL,28-006-5000-15,Princeton HSD 500,1732700,st_leaid,28-006-5000-15,Princeton HSD 500,2024,
IL,28-006-5020-17,Hall HSD 502,1718030,st_leaid,28-006-5020-17,Hall HSD 502,2024,
IL,28-006-5050-16,Ohio CHSD 505,1729730,st_leaid,28-006-5050-16,Ohio CHSD 505,2024,
IL,28-037-1900-02,Colona SD 190,1710690,st_leaid,28-037-1900-02,Colona SD 190,2024,
IL,28-037-2230-26,Orion CUSD 223,1730200,st_leaid,28-037-2230-26,Orion CUSD 223,2024,
IL,28-037-2240-26,Galva CUSD 224,1716140,st_leaid,28-037-2240-26,Galva CUSD 224,2024,
IL,28-037-2250-26,AlWood CUSD 225,1703660,st_leaid,28-037-2250-26,AlWood CUSD 225,2024,
IL,28-037-2260-26,Annawan CUSD 226,1703810,st_leaid,28-037-2260-26,Annawan CUSD 226,2024,
IL,28-037-2270-26,Cambridge CUSD 227,1708160,st_leaid,28-037-2270-26,Cambridge CUSD 227,2024,
IL,28-037-2280-26,Geneseo CUSD 228,1716350,st_leaid,28-037-2280-26,Geneseo CUSD 228,2024,
IL,28-037-2290-26,Kewanee CUSD 229,1721000,st_leaid,28-037-2290-26,Kewanee CUSD 229,2024,
IL,28-037-2300-26,Wethersfield CUSD 230,1742060,st_leaid,28-037-2300-26,Wethersfield CUSD 230,2024,
IL,28-088-0010-26,Bradford CUSD 1,1706880,st_leaid,28-088-0010-26,Bradford CUSD 1,2024,
IL,28-088-1000-26,Stark County CUSD 100,1737490,st_leaid,28-088-1000-26,Stark County CUSD 100,2024,
IL,30-002-0010-22,Cairo USD 1,1708070,st_leaid,30-002-0010-22,Cairo USD 1,2024,
IL,30-002-0050-26,Egyptian CUSD 5,1713590,st_leaid,30-002-0050-26,Egyptian CUSD 5,2024,
IL,30-039-0860-03,DeSoto Cons SD 86,1712150,st_leaid,30-039-0860-03,DeSoto Cons SD 86,2024,
IL,30-039-0950-02,Carbondale ESD 95,1708340,st_leaid,30-039-0950-02,Carbondale ESD 95,2024,
IL,30-039-1300-04,Giant City CCSD 130,1716590,st_leaid,30-039-1300-04,Giant City CCSD 130,2024,
IL,30-039-1400-04,Unity Point CCSD 140,1739930,st_leaid,30-039-1400-04,Unity Point CCSD 140,2024,
IL,30-039-1650-16,Carbondale CHSD 165,1708370,st_leaid,30-039-1650-16,Carbondale CHSD 165,2024,
IL,30-039-1760-26,Trico CUSD 176,1708250,st_leaid,30-039-1760-26,Trico CUSD 176,2024,
IL,30-039-1860-26,Murphysboro CUSD 186,1727610,st_leaid,30-039-1860-26,Murphysboro CUSD 186,2024,
IL,30-039-1960-26,Elverado CUSD 196,1713860,st_leaid,30-039-1960-26,Elverado CUSD 196,2024,
IL,30-073-0050-02,Tamaroa School Dist 5,1738550,st_leaid,30-073-0050-02,Tamaroa School Dist 5,2024,
IL,30-073-0500-02,Pinckneyville SD 50,1700009,st_leaid,30-073-0500-02,Pinckneyville SD 50,2024,
IL,30-073-1010-16,Pinckneyville CHSD 101,1731620,st_leaid,30-073-1010-16,Pinckneyville CHSD 101,2024,
IL,30-073-2040-04,CCSD 204,1731560,st_leaid,30-073-2040-04,CCSD 204,2024,
IL,30-073-3000-26,Du Quoin CUSD 300,1712760,st_leaid,30-073-3000-26,Du Quoin CUSD 300,2024,
IL,30-077-1000-26,Century CUSD 100,1739630,st_leaid,30-077-1000-26,Century CUSD 100,2024,
IL,30-077-1010-26,Meridian CUSD 101,1726970,st_leaid,30-077-1010-26,Meridian CUSD 101,2024,
IL,30-091-0160-04,Lick Creek CCSD 16,1722860,st_leaid,30-091-0160-04,Lick Creek CCSD 16,2024,
IL,30-091-0170-22,Cobden SUD 17,1710570,st_leaid,30-091-0170-22,Cobden SUD 17,2024,
IL,30-091-0370-04,Anna CCSD 37,1703750,st_leaid,30-091-0370-04,Anna CCSD 37,2024,
IL,30-091-0430-04,County of Union Sch Dist No43,1720640,st_leaid,30-091-0430-04,County of Union Sch Dist No43,2024,
IL,30-091-0660-22,Dongola USD 66,1712480,st_leaid,30-091-0660-22,Dongola USD 66,2024,
IL,30-091-0810-16,Anna Jonesboro CHSD 81,1703780,st_leaid,30-091-0810-16,Anna Jonesboro CHSD 81,2024,
IL,30-091-0840-26,Shawnee CUSD 84,1742990,st_leaid,30-091-0840-26,Shawnee CUSD 84,2024,
IL,31-045-0460-22,SD U-46,1713710,st_leaid,31-045-0460-22,SD U-46,2024,
IL,31-045-1010-22,Batavia USD 101,1705220,st_leaid,31-045-1010-22,Batavia USD 101,2024,
IL,31-045-1290-22,Aurora West USD 129,1704710,st_leaid,31-045-1290-22,Aurora West USD 129,2024,
IL,31-045-1310-22,Aurora East USD 131,1704680,st_leaid,31-045-1310-22,Aurora East USD 131,2024,
IL,31-045-3000-26,CUSD 300,1708550,st_leaid,31-045-3000-26,CUSD 300,2024,
IL,31-045-3010-26,Central CUSD 301,1707830,st_leaid,31-045-3010-26,Central CUSD 301,2024,
IL,31-045-3020-26,Kaneland CUSD 302,1724480,st_leaid,31-045-3020-26,Kaneland CUSD 302,2024,
IL,31-045-3030-26,St Charles CUSD 303,1737170,st_leaid,31-045-3030-26,St Charles CUSD 303,2024,
IL,31-045-3040-26,Geneva CUSD 304,1716380,st_leaid,31-045-3040-26,Geneva CUSD 304,2024,
IL,31-045-9000-25,Elgin Math and Science Academy Charter School,1701435,st_leaid,31-045-9000-25,Elgin Math and Science Acad Chtr,2024,
IL,32-038-0030-26,Donovan CUSD 3,1712510,st_leaid,32-038-0030-26,Donovan CUSD 3,2024,
IL,32-038-0040-26,Central CUSD 4,1710410,st_leaid,32-038-0040-26,Central CUSD 4,2024,
IL,32-038-0060-26,Cissna Park CUSD 6,1710290,st_leaid,32-038-0060-26,Cissna Park CUSD 6,2024,
IL,32-038-0090-26,Iroquois County CUSD 9,1720170,st_leaid,32-038-0090-26,Iroquois County CUSD 9,2024,
IL,32-038-0100-26,Iroquois West CUSD 10,1720180,st_leaid,32-038-0100-26,Iroquois West CUSD 10,2024,
IL,32-038-1240-26,Milford Area Public Schools District 124,1701416,st_leaid,32-038-1240-26,Milford Area PSD 124,2024,
IL,32-038-2490-26,Crescent Iroquois CUSD 249,1700323,st_leaid,32-038-2490-26,Crescent Iroquois CUSD 249,2024,
IL,32-046-0010-26,Momence CUSD 1,1726430,st_leaid,32-046-0010-26,Momence CUSD 1,2024,
IL,32-046-0020-26,Herscher CUSD 2,1718840,st_leaid,32-046-0020-26,Herscher CUSD 2,2024,
IL,32-046-0050-26,Manteno CUSD 5,1724390,st_leaid,32-046-0050-26,Manteno CUSD 5,2024,
IL,32-046-0060-26,Grant Park CUSD 6,1717370,st_leaid,32-046-0060-26,Grant Park CUSD 6,2024,
IL,32-046-0240-27,St. Anne Unit District 24,,unmatched,,,,
IL,32-046-0530-02,Bourbonnais SD 53,1706750,st_leaid,32-046-0530-02,Bourbonnais SD 53,2024,
IL,32-046-0610-02,Bradley SD 61,1706930,st_leaid,32-046-0610-02,Bradley SD 61,2024,
IL,32-046-1110-25,Kankakee SD 111,1720760,st_leaid,32-046-1110-25,Kankakee SD 111,2024,
IL,32-046-2560-04,St Anne CCSD 256,1737120,st_leaid,32-046-2560-04,St Anne CCSD 256,2024,
IL,32-046-2580-04,St George CCSD 258,1737320,st_leaid,32-046-2580-04,St George CCSD 258,2024,
IL,32-046-2590-04,Pembroke CCSD 259,1731140,st_leaid,32-046-2590-04,Pembroke CCSD 259,2024,
IL,32-046-3020-16,St Anne CHSD 302,1737140,st_leaid,32-046-3020-16,St Anne CHSD 302,2024,
IL,32-046-3070-16,Bradley Bourbonnais CHSD 307,1706960,st_leaid,32-046-3070-16,Bradley Bourbonnais CHSD 307,2024,
IL,33-036-2350-26,West Central CUSD 235,1700319,st_leaid,33-036-2350-26,West Central CUSD 235,2024,
IL,33-048-2020-26,Knoxville CUSD 202,1721390,st_leaid,33-048-2020-26,Knoxville CUSD 202,2024,
IL,33-048-2050-26,Galesburg CUSD 205,1716080,st_leaid,33-048-2050-26,Galesburg CUSD 205,2024,
IL,33-048-2080-26,R O W V A CUSD 208,1729940,st_leaid,33-048-2080-26,R O W V A CUSD 208,2024,
IL,33-048-2100-26,Williamsfield CUSD 210,1742450,st_leaid,33-048-2100-26,Williamsfield CUSD 210,2024,
IL,33-048-2760-26,Abingdon-Avon CUSD 276,1701413,st_leaid,33-048-2760-26,Abingdon-Avon CUSD 276,2024,
IL,33-066-4040-26,Mercer County School District 404,1701395,st_leaid,33-066-4040-26,Mercer County School District 404,2024,
IL,33-094-2380-26,Monmouth-Roseville CUSD 238,1700320,st_leaid,33-094-2380-26,Monmouth-Roseville CUSD 238,2024,
IL,33-094-3040-26,United CUSD 304,1700321,st_leaid,33-094-3040-26,United CUSD 304,2024,
IL,34-049-0010-02,Winthrop Harbor SD 1,1742900,st_leaid,34-049-0010-02,Winthrop Harbor SD 1,2024,
IL,34-049-0030-04,Beach Park CCSD 3,1700010,st_leaid,34-049-0030-04,Beach Park CCSD 3,2024,
IL,34-049-0060-02,Zion ESD 6,1743860,st_leaid,34-049-0060-02,Zion ESD 6,2024,
IL,34-049-0240-04,Millburn CCSD 24,1726100,st_leaid,34-049-0240-04,Millburn CCSD 24,2024,
IL,34-049-0330-02,Emmons SD 33,1714250,st_leaid,34-049-0330-02,Emmons SD 33,2024,
IL,34-049-0340-04,Antioch CCSD 34,1703840,st_leaid,34-049-0340-04,Antioch CCSD 34,2024,
IL,34-049-0360-02,Grass Lake SD 36,1717490,st_leaid,34-049-0360-02,Grass Lake SD 36,2024,
IL,34-049-0370-02,Gavin SD 37,1716290,st_leaid,34-049-0370-02,Gavin SD 37,2024,
IL,34-049-0380-02,Big Hollow SD 38,1706270,st_leaid,34-049-0380-02,Big Hollow SD 38,2024,
IL,34-049-0410-04,Lake Villa CCSD 41,1721870,st_leaid,34-049-0410-04,Lake Villa CCSD 41,2024,
IL,34-049-0460-04,Grayslake CCSD 46,1717520,st_leaid,34-049-0460-04,Grayslake CCSD 46,2024,
IL,34-049-0500-04,Woodland CCSD 50,1743110,st_leaid,34-049-0500-04,Woodland CCSD 50,2024,
IL,34-049-0560-02,Gurnee SD 56,1717800,st_leaid,34-049-0560-02,Gurnee SD 56,2024,
IL,34-049-0600-26,Waukegan CUSD 60,1741250,st_leaid,34-049-0600-26,Waukegan CUSD 60,2024,
IL,34-049-0650-02,Lake Bluff ESD 65,1721720,st_leaid,34-049-0650-02,Lake Bluff ESD 65,2024,
IL,34-049-0670-05,Lake Forest SD 67,1721750,st_leaid,34-049-0670-05,Lake Forest SD 67,2024,
IL,34-049-0680-02,Oak Grove SD 68 Green Oaks,1729130,st_leaid,34-049-0680-02,Oak Grove SD 68 Green Oaks,2024,
IL,34-049-0700-02,Libertyville SD 70,1722800,st_leaid,34-049-0700-02,Libertyville SD 70,2024,
IL,34-049-0720-02,Rondout SD 72,1734620,st_leaid,34-049-0720-02,Rondout SD 72,2024,
IL,34-049-0730-04,Hawthorn CCSD 73,1718570,st_leaid,34-049-0730-04,Hawthorn CCSD 73,2024,
IL,34-049-0750-02,Mundelein ESD 75,1727540,st_leaid,34-049-0750-02,Mundelein ESD 75,2024,
IL,34-049-0760-02,Diamond Lake SD 76,1712210,st_leaid,34-049-0760-02,Diamond Lake SD 76,2024,
IL,34-049-0790-02,Fremont SD 79,1715930,st_leaid,34-049-0790-02,Fremont SD 79,2024,
IL,34-049-0950-26,Lake Zurich CUSD 95,1721900,st_leaid,34-049-0950-26,Lake Zurich CUSD 95,2024,
IL,34-049-0960-04,Kildeer Countryside CCSD 96,1721030,st_leaid,34-049-0960-04,Kildeer Countryside CCSD 96,2024,
IL,34-049-1020-04,Aptakisic-Tripp CCSD 102,1703900,st_leaid,34-049-1020-04,Aptakisic-Tripp CCSD 102,2024,
IL,34-049-1030-02,Lincolnshire-Prairieview SD 103,1723090,st_leaid,34-049-1030-02,Lincolnshire-Prairieview SD 103,2024,
IL,34-049-1060-02,Bannockburn SD 106,1704950,st_leaid,34-049-1060-02,Bannockburn SD 106,2024,
IL,34-049-1090-02,Deerfield SD 109,1711980,st_leaid,34-049-1090-02,Deerfield SD 109,2024,
IL,34-049-1120-02,North Shore SD 112,1700119,st_leaid,34-049-1120-02,North Shore SD 112,2024,
IL,34-049-1130-17,Twp HSD 113,1719080,st_leaid,34-049-1130-17,Twp HSD 113,2024,
IL,34-049-1140-02,Fox Lake GSD 114,1715630,st_leaid,34-049-1140-02,Fox Lake GSD 114,2024,
IL,34-049-1150-16,Lake Forest CHSD 115,1721780,st_leaid,34-049-1150-16,Lake Forest CHSD 115,2024,
IL,34-049-1160-26,Round Lake CUSD 116,1734990,st_leaid,34-049-1160-26,Round Lake CUSD 116,2024,
IL,34-049-1170-16,CHSD 117,1703870,st_leaid,34-049-1170-16,CHSD 117,2024,
IL,34-049-1180-26,Wauconda CUSD 118,1741190,st_leaid,34-049-1180-26,Wauconda CUSD 118,2024,
IL,34-049-1200-13,Mundelein Cons HSD 120,1727570,st_leaid,34-049-1200-13,Mundelein Cons HSD 120,2024,
IL,34-049-1210-17,Warren Twp HSD 121,1740800,st_leaid,34-049-1210-17,Warren Twp HSD 121,2024,
IL,34-049-1240-16,Grant CHSD 124,1717340,st_leaid,34-049-1240-16,Grant CHSD 124,2024,
IL,34-049-1250-13,Adlai E Stevenson HSD 125,1732580,st_leaid,34-049-1250-13,Adlai E Stevenson HSD 125,2024,
IL,34-049-1260-17,Zion-Benton Twp HSD 126,1743890,st_leaid,34-049-1260-17,Zion-Benton Twp HSD 126,2024,
IL,34-049-1270-16,Grayslake CHSD 127,1717550,st_leaid,34-049-1270-16,Grayslake CHSD 127,2024,
IL,34-049-1280-16,CHSD 128,1722830,st_leaid,34-049-1280-16,CHSD 128,2024,
IL,34-049-1870-26,North Chicago SD 187,1700110,st_leaid,34-049-1870-26,North Chicago SD 187,2024,
IL,34-049-2200-26,Barrington CUSD 220,1705050,st_leaid,34-049-2200-26,Barrington CUSD 220,2024,
IL,34-049-9000-25,Prairie Crossing Charter School,1700218,st_leaid,34-049-9000-25,Prairie Crossing Charter School,2024,
IL,34-049-9010-25,LEARN Charter 9 Campus in Waukegan,1701423,st_leaid,34-049-9010-25,LEARN John and Kathy Schreiber Ch,2024,
IL,35-050-0010-26,Leland CUSD 1,1722870,st_leaid,35-050-0010-26,Leland CUSD 1,2024,
IL,35-050-0020-26,Serena CUSD 2,1715880,st_leaid,35-050-0020-26,Serena CUSD 2,2024,
IL,35-050-0090-26,Earlville CUSD 9,1712930,st_leaid,35-050-0090-26,Earlville CUSD 9,2024,
IL,35-050-0175-04,Dimmick Community Consolidated SD #175,1701434,st_leaid,35-050-0175-04,Dimmick Comm Cons SD #175,2024,
IL,35-050-0400-17,Streator Twp HSD 40,1738100,st_leaid,35-050-0400-17,Streator Twp HSD 40,2024,
IL,35-050-0440-02,Streator ESD 44,1700112,st_leaid,35-050-0440-02,Streator ESD 44,2024,
IL,35-050-0650-04,Allen-Otter Creek CCSD 65,1703420,st_leaid,35-050-0650-04,Allen-Otter Creek CCSD 65,2024,
IL,35-050-0790-04,Tonica CCSD 79,1739180,st_leaid,35-050-0790-04,Tonica CCSD 79,2024,
IL,35-050-0820-04,Deer Park CCSD 82,1711910,st_leaid,35-050-0820-04,Deer Park CCSD 82,2024,
IL,35-050-0950-04,Grand Ridge CCSD 95,1717220,st_leaid,35-050-0950-04,Grand Ridge CCSD 95,2024,
IL,35-050-1200-17,La Salle-Peru Twp HSD 120,1722110,st_leaid,35-050-1200-17,La Salle-Peru Twp HSD 120,2024,
IL,35-050-1220-02,La Salle ESD 122,1722080,st_leaid,35-050-1220-02,La Salle ESD 122,2024,
IL,35-050-1240-02,Peru ESD 124,1731380,st_leaid,35-050-1240-02,Peru ESD 124,2024,
IL,35-050-1250-02,Oglesby ESD 125,1729670,st_leaid,35-050-1250-02,Oglesby ESD 125,2024,
IL,35-050-1400-17,Ottawa Twp HSD 140,1730330,st_leaid,35-050-1400-17,Ottawa Twp HSD 140,2024,
IL,35-050-1410-02,Ottawa ESD 141,1730300,st_leaid,35-050-1410-02,Ottawa ESD 141,2024,
IL,35-050-1500-02,Marseilles ESD 150,1705466,st_leaid,35-050-1500-02,Marseilles ESD 150,2024,
IL,35-050-1600-17,Seneca Twp HSD 160,1735850,st_leaid,35-050-1600-17,Seneca Twp HSD 160,2024,
IL,35-050-1700-04,Seneca CCSD 170,1735820,st_leaid,35-050-1700-04,Seneca CCSD 170,2024,
IL,35-050-1850-04,Waltham CCSD 185,1740620,st_leaid,35-050-1850-04,Waltham CCSD 185,2024,
IL,35-050-1950-04,Wallace CCSD 195,1740530,st_leaid,35-050-1950-04,Wallace CCSD 195,2024,
IL,35-050-2100-04,Miller Twp CCSD 210,1726250,st_leaid,35-050-2100-04,Miller Twp CCSD 210,2024,
IL,35-050-2300-04,Rutland CCSD 230,1735100,st_leaid,35-050-2300-04,Rutland CCSD 230,2024,
IL,35-050-2800-17,Mendota Twp HSD 280,1725650,st_leaid,35-050-2800-17,Mendota Twp HSD 280,2024,
IL,35-050-2890-04,Mendota CCSD 289,1725620,st_leaid,35-050-2890-04,Mendota CCSD 289,2024,
IL,35-050-4250-26,Lostant CUSD 425,1700120,st_leaid,35-050-4250-26,Lostant CUSD 425,2024,
IL,35-059-0050-26,Henry-Senachwine CUSD 5,1700115,st_leaid,35-059-0050-26,Henry-Senachwine CUSD 5,2024,
IL,35-059-0070-26,Midland CUSD 7,1700126,st_leaid,35-059-0070-26,Midland CUSD 7,2024,
IL,35-078-5350-26,Putnam County CUSD 535,1732960,st_leaid,35-078-5350-26,Putnam County CUSD 535,2024,
IL,39-055-0010-26,Argenta-Oreana CUSD 1,1703990,st_leaid,39-055-0010-26,Argenta-Oreana CUSD 1,2024,
IL,39-055-0020-26,Maroa Forsyth CUSD 2,1724750,st_leaid,39-055-0020-26,Maroa Forsyth CUSD 2,2024,
IL,39-055-0030-26,Mt Zion CUSD 3,1727390,st_leaid,39-055-0030-26,Mt Zion CUSD 3,2024,
IL,39-055-0090-26,Sangamon Valley CUSD 9,1700324,st_leaid,39-055-0090-26,Sangamon Valley CUSD 9,2024,
IL,39-055-0110-26,Warrensburg-Latham CUSD 11,1740830,st_leaid,39-055-0110-26,Warrensburg-Latham CUSD 11,2024,
IL,39-055-0150-26,Meridian CUSD 15,1700123,st_leaid,39-055-0150-26,Meridian CUSD 15,2024,
IL,39-055-0610-25,Decatur SD 61,1711850,st_leaid,39-055-0610-25,Decatur SD 61,2024,
IL,39-074-0050-26,Bement CUSD 5,1705820,st_leaid,39-074-0050-26,Bement CUSD 5,2024,
IL,39-074-0250-26,Monticello CUSD 25,1726550,st_leaid,39-074-0250-26,Monticello CUSD 25,2024,
IL,39-074-0570-26,Deland-Weldon CUSD 57,1712030,st_leaid,39-074-0570-26,Deland-Weldon CUSD 57,2024,
IL,39-074-1000-26,Cerro Gordo CUSD 100,1709330,st_leaid,39-074-1000-26,Cerro Gordo CUSD 100,2024,
IL,40-007-0400-26,Calhoun CUSD 40,1718180,st_leaid,40-007-0400-26,Calhoun CUSD 40,2024,
IL,40-007-0420-26,Brussels CUSD 42,1700102,st_leaid,40-007-0420-26,Brussels CUSD 42,2024,
IL,40-031-0010-26,Carrollton CUSD 1,1708610,st_leaid,40-031-0010-26,Carrollton CUSD 1,2024,
IL,40-031-0030-26,North Greene CUSD 3,1742240,st_leaid,40-031-0030-26,North Greene CUSD 3,2024,
IL,40-031-0100-26,Greenfield CUSD 10,1717670,st_leaid,40-031-0100-26,Greenfield CUSD 10,2024,
IL,40-042-1000-26,Jersey CUSD 100,1720430,st_leaid,40-042-1000-26,Jersey CUSD 100,2024,
IL,40-056-0010-26,Carlinville CUSD 1,1708430,st_leaid,40-056-0010-26,Carlinville CUSD 1,2024,
IL,40-056-0020-26,Northwestern CUSD 2,1730540,st_leaid,40-056-0020-26,Northwestern CUSD 2,2024,
IL,40-056-0050-26,Mount Olive CUSD 5,1727180,st_leaid,40-056-0050-26,Mount Olive CUSD 5,2024,
IL,40-056-0060-26,Staunton CUSD 6,1737590,st_leaid,40-056-0060-26,Staunton CUSD 6,2024,
IL,40-056-0070-26,Gillespie CUSD 7,1716680,st_leaid,40-056-0070-26,Gillespie CUSD 7,2024,
IL,40-056-0080-26,Bunker Hill CUSD 8,1707770,st_leaid,40-056-0080-26,Bunker Hill CUSD 8,2024,
IL,40-056-0090-26,Southwestern CUSD 9,1731500,st_leaid,40-056-0090-26,Southwestern CUSD 9,2024,
IL,40-056-0340-26,North Mac CUSD 34,1701403,st_leaid,40-056-0340-26,North Mac CUSD 34,2024,
IL,41-057-0010-26,Roxana CUSD 1,1735010,st_leaid,41-057-0010-26,Roxana CUSD 1,2024,
IL,41-057-0020-26,Triad CUSD 2,1737350,st_leaid,41-057-0020-26,Triad CUSD 2,2024,
IL,41-057-0030-26,Venice CUSD 3,1740200,st_leaid,41-057-0030-26,Venice CUSD 3,2024,
IL,41-057-0050-26,Highland CUSD 5,1718990,st_leaid,41-057-0050-26,Highland CUSD 5,2024,
IL,41-057-0070-26,Edwardsville CUSD 7,1713530,st_leaid,41-057-0070-26,Edwardsville CUSD 7,2024,
IL,41-057-0080-26,Bethalto CUSD 8,1706120,st_leaid,41-057-0080-26,Bethalto CUSD 8,2024,
IL,41-057-0090-26,Granite City CUSD 9,1717280,st_leaid,41-057-0090-26,Granite City CUSD 9,2024,
IL,41-057-0100-26,Collinsville CUSD 10,1710650,st_leaid,41-057-0100-26,Collinsville CUSD 10,2024,
IL,41-057-0110-26,Alton CUSD 11,1703600,st_leaid,41-057-0110-26,Alton CUSD 11,2024,
IL,41-057-0120-26,Madison CUSD 12,1723970,st_leaid,41-057-0120-26,Madison CUSD 12,2024,
IL,41-057-0130-02,East Alton SD 13,1712960,st_leaid,41-057-0130-02,East Alton SD 13,2024,
IL,41-057-0140-16,East Alton-Wood River CHSD 14,1712990,st_leaid,41-057-0140-16,East Alton-Wood River CHSD 14,2024,
IL,41-057-0150-03,Wood River-Hartford ESD 15,1743050,st_leaid,41-057-0150-03,Wood River-Hartford ESD 15,2024,
IL,44-063-0020-03,Nippersink SD 2,1700222,st_leaid,44-063-0020-03,Nippersink SD 2,2024,
IL,44-063-0030-03,Fox River Grove Cons SD 3,1715660,st_leaid,44-063-0030-03,Fox River Grove Cons SD 3,2024,
IL,44-063-0120-26,Johnsburg CUSD 12,1720490,st_leaid,44-063-0120-26,Johnsburg CUSD 12,2024,
IL,44-063-0150-04,McHenry CCSD 15,1725290,st_leaid,44-063-0150-04,McHenry CCSD 15,2024,
IL,44-063-0180-04,Riley CCSD 18,1733750,st_leaid,44-063-0180-04,Riley CCSD 18,2024,
IL,44-063-0190-24,Alden Hebron SD 19,1703300,st_leaid,44-063-0190-24,Alden Hebron SD 19,2024,
IL,44-063-0260-04,Cary CCSD 26,1708730,st_leaid,44-063-0260-04,Cary CCSD 26,2024,
IL,44-063-0360-02,Harrison SD 36,1718360,st_leaid,44-063-0360-02,Harrison SD 36,2024,
IL,44-063-0460-03,Prairie Grove CSD 46,1732520,st_leaid,44-063-0460-03,Prairie Grove CSD 46,2024,
IL,44-063-0470-04,Crystal Lake CCSD 47,1711350,st_leaid,44-063-0470-04,Crystal Lake CCSD 47,2024,
IL,44-063-0500-26,Harvard CUSD 50,1718420,st_leaid,44-063-0500-26,Harvard CUSD 50,2024,
IL,44-063-1540-16,Marengo CHSD 154,1724570,st_leaid,44-063-1540-16,Marengo CHSD 154,2024,
IL,44-063-1550-16,CHSD 155,1711370,st_leaid,44-063-1550-16,CHSD 155,2024,
IL,44-063-1560-16,McHenry CHSD 156,1725320,st_leaid,44-063-1560-16,McHenry CHSD 156,2024,
IL,44-063-1570-16,Richmond-Burton CHSD 157,1733510,st_leaid,44-063-1570-16,Richmond-Burton CHSD 157,2024,
IL,44-063-1580-22,Huntley Community School District 158,1719830,st_leaid,44-063-1580-22,Huntley Comm Sch Dist 158,2024,
IL,44-063-1650-03,Marengo-Union E Cons D 165,1700077,st_leaid,44-063-1650-03,Marengo-Union E Cons D 165,2024,
IL,44-063-2000-26,Woodstock CUSD 200,1743330,st_leaid,44-063-2000-26,Woodstock CUSD 200,2024,
IL,45-067-0030-26,Valmeyer CUSD 3,1740080,st_leaid,45-067-0030-26,Valmeyer CUSD 3,2024,
IL,45-067-0040-26,Columbia CUSD 4,1710740,st_leaid,45-067-0040-26,Columbia CUSD 4,2024,
IL,45-067-0050-26,Waterloo CUSD 5,1741070,st_leaid,45-067-0050-26,Waterloo CUSD 5,2024,
IL,45-079-0010-22,Coulterville USD 1,1710980,st_leaid,45-079-0010-22,Coulterville USD 1,2024,
IL,45-079-1320-26,Red Bud CUSD 132,1733300,st_leaid,45-079-1320-26,Red Bud CUSD 132,2024,
IL,45-079-1340-04,Prairie Du Rocher CCSD 134,1732490,st_leaid,45-079-1340-04,Prairie Du Rocher CCSD 134,2024,
IL,45-079-1380-26,Steeleville CUSD 138,1737650,st_leaid,45-079-1380-26,Steeleville CUSD 138,2024,
IL,45-079-1390-26,Chester CUSD 139,1709810,st_leaid,45-079-1390-26,Chester CUSD 139,2024,
IL,45-079-1400-26,Sparta CUSD 140,1736900,st_leaid,45-079-1400-26,Sparta CUSD 140,2024,
IL,47-052-1700-22,Dixon USD 170,1712330,st_leaid,47-052-1700-22,Dixon USD 170,2024,
IL,47-052-2200-02,Steward ESD 220,1737800,st_leaid,47-052-2200-02,Steward ESD 220,2024,
IL,47-052-2710-26,Paw Paw CUSD 271,1722350,st_leaid,47-052-2710-26,Paw Paw CUSD 271,2024,
IL,47-052-2720-26,Amboy CUSD 272,1703690,st_leaid,47-052-2720-26,Amboy CUSD 272,2024,
IL,47-052-2750-26,Ashton-Franklin Center CUSD 275,1704380,st_leaid,47-052-2750-26,Ashton-Franklin Center CUSD 275,2024,
IL,47-071-1440-03,Kings Cons SD 144,1721130,st_leaid,47-071-1440-03,Kings Cons SD 144,2024,
IL,47-071-1610-04,Creston CCSD 161,1711220,st_leaid,47-071-1610-04,Creston CCSD 161,2024,
IL,47-071-2120-17,Rochelle Twp HSD 212,1734290,st_leaid,47-071-2120-17,Rochelle Twp HSD 212,2024,
IL,47-071-2200-26,Oregon CUSD 220,1730160,st_leaid,47-071-2200-26,Oregon CUSD 220,2024,
IL,47-071-2210-26,Forrestville Valley CUSD 221,1715490,st_leaid,47-071-2210-26,Forrestville Valley CUSD 221,2024,
IL,47-071-2220-26,Polo CUSD 222,1732100,st_leaid,47-071-2220-26,Polo CUSD 222,2024,
IL,47-071-2230-26,Meridian CUSD 223,1725690,st_leaid,47-071-2230-26,Meridian CUSD 223,2024,
IL,47-071-2260-26,Byron CUSD 226,1708010,st_leaid,47-071-2260-26,Byron CUSD 226,2024,
IL,47-071-2310-04,Rochelle CCSD 231,1734260,st_leaid,47-071-2310-04,Rochelle CCSD 231,2024,
IL,47-071-2690-04,Eswood CCSD 269,1714410,st_leaid,47-071-2690-04,Eswood CCSD 269,2024,
IL,47-098-0010-26,Erie CUSD 1,1714350,st_leaid,47-098-0010-26,Erie CUSD 1,2024,
IL,47-098-0020-26,River Bend CUSD 2,1733950,st_leaid,47-098-0020-26,River Bend CUSD 2,2024,
IL,47-098-0030-26,Prophetstown-Lyndon-Tampico CUSD3,1732830,st_leaid,47-098-0030-26,Prophetstown-Lyndon-Tampico CUSD3,2024,
IL,47-098-0050-26,Sterling CUSD 5,1742310,st_leaid,47-098-0050-26,Sterling CUSD 5,2024,
IL,47-098-0060-26,Morrison CUSD 6,1726710,st_leaid,47-098-0060-26,Morrison CUSD 6,2024,
IL,47-098-0130-02,Rock Falls ESD 13,1734350,st_leaid,47-098-0130-02,Rock Falls ESD 13,2024,
IL,47-098-0200-02,East Coloma - Nelson CESD 20,1701411,st_leaid,47-098-0200-02,East Coloma - Nelson CESD 20,2024,
IL,47-098-1450-04,Montmorency CCSD 145,1726590,st_leaid,47-098-1450-04,Montmorency CCSD 145,2024,
IL,47-098-3010-17,Rock Falls Twp HSD 301,1734380,st_leaid,47-098-3010-17,Rock Falls Twp HSD 301,2024,
IL,48-072-0620-02,Pleasant Valley SD 62,1731950,st_leaid,48-072-0620-02,Pleasant Valley SD 62,2024,
IL,48-072-0630-02,Norwood ESD 63,1729040,st_leaid,48-072-0630-02,Norwood ESD 63,2024,
IL,48-072-0660-02,Bartonville SD 66,1705190,st_leaid,48-072-0660-02,Bartonville SD 66,2024,
IL,48-072-0680-02,Oak Grove SD 68  Bartonville,1729100,st_leaid,48-072-0680-02,Oak Grove SD 68  Bartonville,2024,
IL,48-072-0690-02,Pleasant Hill SD 69,1731860,st_leaid,48-072-0690-02,Pleasant Hill SD 69,2024,
IL,48-072-0700-02,Monroe SD 70,1726490,st_leaid,48-072-0700-02,Monroe SD 70,2024,
IL,48-072-1500-25,Peoria SD 150,1731230,st_leaid,48-072-1500-25,Peoria SD 150,2024,
IL,48-072-2650-26,Farmington Central CUSD 265,1700044,st_leaid,48-072-2650-26,Farmington Central CUSD 265,2024,
IL,48-072-3090-26,Brimfield CUSD 309,1707200,st_leaid,48-072-3090-26,Brimfield CUSD 309,2024,
IL,48-072-3100-16,Limestone CHSD 310,1722950,st_leaid,48-072-3100-16,Limestone CHSD 310,2024,
IL,48-072-3160-04,Limestone Walters CCSD 316,1722920,st_leaid,48-072-3160-04,Limestone Walters CCSD 316,2024,
IL,48-072-3210-26,Il Valley Central USD 321,1719970,st_leaid,48-072-3210-26,Il Valley Central USD 321,2024,
IL,48-072-3220-26,Elmwood CUSD 322,1714050,st_leaid,48-072-3220-26,Elmwood CUSD 322,2024,
IL,48-072-3230-26,Dunlap CUSD 323,1712700,st_leaid,48-072-3230-26,Dunlap CUSD 323,2024,
IL,48-072-3250-26,Peoria Heights CUSD 325,1731270,st_leaid,48-072-3250-26,Peoria Heights CUSD 325,2024,
IL,48-072-3260-26,Princeville CUSD 326,1732770,st_leaid,48-072-3260-26,Princeville CUSD 326,2024,
IL,48-072-3270-26,Illini Bluffs CUSD 327,1719960,st_leaid,48-072-3270-26,Illini Bluffs CUSD 327,2024,
IL,48-072-3280-03,Hollis Cons SD 328,1719420,st_leaid,48-072-3280-03,Hollis Cons SD 328,2024,
IL,49-081-0290-02,Hampton SD 29,1718090,st_leaid,49-081-0290-02,Hampton SD 29,2024,
IL,49-081-0300-17,United Twp HSD 30,1739870,st_leaid,49-081-0300-17,United Twp HSD 30,2024,
IL,49-081-0340-02,Silvis SD 34,1736360,st_leaid,49-081-0340-02,Silvis SD 34,2024,
IL,49-081-0360-02,Carbon Cliff-Barstow SD 36,1708310,st_leaid,49-081-0360-02,Carbon Cliff-Barstow SD 36,2024,
IL,49-081-0370-02,East Moline SD 37,1713170,st_leaid,49-081-0370-02,East Moline SD 37,2024,
IL,49-081-0400-22,Moline-Coal Valley CUSD 40,1726400,st_leaid,49-081-0400-22,Moline-Coal Valley CUSD 40,2024,
IL,49-081-0410-25,Rock Island SD 41,1734410,st_leaid,49-081-0410-25,Rock Island SD 41,2024,
IL,49-081-1000-26,Riverdale CUSD 100,1733930,st_leaid,49-081-1000-26,Riverdale CUSD 100,2024,
IL,49-081-2000-26,Sherrard CUSD 200,1736180,st_leaid,49-081-2000-26,Sherrard CUSD 200,2024,
IL,49-081-3000-26,Rockridge CUSD 300,1734440,st_leaid,49-081-3000-26,Rockridge CUSD 300,2024,
IL,50-082-0090-26,Lebanon CUSD 9,1722300,st_leaid,50-082-0090-26,Lebanon CUSD 9,2024,
IL,50-082-0190-26,Mascoutah CUD 19,1724940,st_leaid,50-082-0190-26,Mascoutah CUD 19,2024,
IL,50-082-0300-03,St Libory Cons SD 30,1737440,st_leaid,50-082-0300-03,St Libory Cons SD 30,2024,
IL,50-082-0400-26,Marissa CUSD 40,1724650,st_leaid,50-082-0400-26,Marissa CUSD 40,2024,
IL,50-082-0600-26,New Athens CUSD 60,1727960,st_leaid,50-082-0600-26,New Athens CUSD 60,2024,
IL,50-082-0700-04,Freeburg CCSD 70,1715820,st_leaid,50-082-0700-04,Freeburg CCSD 70,2024,
IL,50-082-0770-16,Freeburg CHSD 77,1715840,st_leaid,50-082-0770-16,Freeburg CHSD 77,2024,
IL,50-082-0850-02,Shiloh Village SD 85,1736210,st_leaid,50-082-0850-02,Shiloh Village SD 85,2024,
IL,50-082-0900-04,O Fallon CCSD 90,1729760,st_leaid,50-082-0900-04,O Fallon CCSD 90,2024,
IL,50-082-1040-02,Central SD 104,1709170,st_leaid,50-082-1040-02,Central SD 104,2024,
IL,50-082-1050-02,Pontiac-W Holliday SD 105,1732190,st_leaid,50-082-1050-02,Pontiac-W Holliday SD 105,2024,
IL,50-082-1100-04,Grant CCSD 110,1717310,st_leaid,50-082-1100-04,Grant CCSD 110,2024,
IL,50-082-1130-02,Wolf Branch SD 113,1742960,st_leaid,50-082-1130-02,Wolf Branch SD 113,2024,
IL,50-082-1150-02,Whiteside SD 115,1742300,st_leaid,50-082-1150-02,Whiteside SD 115,2024,
IL,50-082-1160-02,High Mount SD 116,1718960,st_leaid,50-082-1160-02,High Mount SD 116,2024,
IL,50-082-1180-02,Belleville SD 118,1705610,st_leaid,50-082-1180-02,Belleville SD 118,2024,
IL,50-082-1190-02,Belle Valley SD 119,1705580,st_leaid,50-082-1190-02,Belle Valley SD 119,2024,
IL,50-082-1300-04,Smithton CCSD 130,1736510,st_leaid,50-082-1300-04,Smithton CCSD 130,2024,
IL,50-082-1600-04,Millstadt CCSD 160,1726190,st_leaid,50-082-1600-04,Millstadt CCSD 160,2024,
IL,50-082-1750-02,Harmony Emge SD 175,1714220,st_leaid,50-082-1750-02,Harmony Emge SD 175,2024,
IL,50-082-1810-02,Signal Hill SD 181,1736330,st_leaid,50-082-1810-02,Signal Hill SD 181,2024,
IL,50-082-1870-26,Cahokia CUSD 187,1708040,st_leaid,50-082-1870-26,Cahokia CUSD 187,2024,
IL,50-082-1880-22,Brooklyn UD 188,1723640,st_leaid,50-082-1880-22,Brooklyn UD 188,2024,
IL,50-082-1890-22,East St Louis SD 189,1713320,st_leaid,50-082-1890-22,East St Louis SD 189,2024,
IL,50-082-1960-26,Community Unit School District No 196,1712720,st_leaid,50-082-1960-26,Comm Unit School District No 196,2024,
IL,50-082-2010-17,Belleville Twp HSD 201,1705640,st_leaid,50-082-2010-17,Belleville Twp HSD 201,2024,
IL,50-082-2030-17,O Fallon Twp HSD 203,1729790,st_leaid,50-082-2030-17,O Fallon Twp HSD 203,2024,
IL,51-065-2000-26,Greenview CUSD 200,1717700,st_leaid,51-065-2000-26,Greenview CUSD 200,2024,
IL,51-065-2020-26,Porta CUSD 202,1731410,st_leaid,51-065-2020-26,Porta CUSD 202,2024,
IL,51-065-2130-26,Athens CUSD 213,1704470,st_leaid,51-065-2130-26,Athens CUSD 213,2024,
IL,51-084-0010-26,Tri City CUSD 1,1739450,st_leaid,51-084-0010-26,Tri City CUSD 1,2024,
IL,51-084-003A-26,Rochester CUSD 3A,1734320,st_leaid,51-084-003A-26,Rochester CUSD 3A,2024,
IL,51-084-0050-26,Ball Chatham CUSD 5,1704920,st_leaid,51-084-0050-26,Ball Chatham CUSD 5,2024,
IL,51-084-0080-26,Pleasant Plains CUSD 8,1731920,st_leaid,51-084-0080-26,Pleasant Plains CUSD 8,2024,
IL,51-084-0100-26,Auburn CUSD 10,1704620,st_leaid,51-084-0100-26,Auburn CUSD 10,2024,
IL,51-084-0110-26,Pawnee CUSD 11,1730930,st_leaid,51-084-0110-26,Pawnee CUSD 11,2024,
IL,51-084-0140-26,Riverton CUSD 14,1734100,st_leaid,51-084-0140-26,Riverton CUSD 14,2024,
IL,51-084-0150-26,Williamsville CUSD 15,1742480,st_leaid,51-084-0150-26,Williamsville CUSD 15,2024,
IL,51-084-0160-26,New Berlin CUSD 16,1727990,st_leaid,51-084-0160-26,New Berlin CUSD 16,2024,
IL,51-084-1860-25,Springfield SD 186,1737080,st_leaid,51-084-1860-25,Springfield SD 186,2024,
IL,53-060-1260-26,Havana CUSD 126,1718510,st_leaid,53-060-1260-26,Havana CUSD 126,2024,
IL,53-060-1890-26,Illini Central CUSD 189,1700113,st_leaid,53-060-1890-26,Illini Central CUSD 189,2024,
IL,53-060-1910-26,Midwest Central CUSD 191,1743962,st_leaid,53-060-1910-26,Midwest Central CUSD 191,2024,
IL,53-090-0500-02,District 50 Schools,1741010,st_leaid,53-090-0500-02,District 50 Schools,2024,
IL,53-090-0510-02,Central SD 51,1709150,st_leaid,53-090-0510-02,Central SD 51,2024,
IL,53-090-0520-02,Washington SD 52,1741040,st_leaid,53-090-0520-02,Washington SD 52,2024,
IL,53-090-0760-02,Creve Coeur SD 76,1711290,st_leaid,53-090-0760-02,Creve Coeur SD 76,2024,
IL,53-090-0850-02,Robein SD 85,1734170,st_leaid,53-090-0850-02,Robein SD 85,2024,
IL,53-090-0860-02,East Peoria SD 86,1713240,st_leaid,53-090-0860-02,East Peoria SD 86,2024,
IL,53-090-0980-02,Rankin CSD 98,1733120,st_leaid,53-090-0980-02,Rankin CSD 98,2024,
IL,53-090-1020-02,N Pekin & Marquette Hght SD 102,1728920,st_leaid,53-090-1020-02,N Pekin & Marquette Hght SD 102,2024,
IL,53-090-1080-02,Pekin PSD 108,1731080,st_leaid,53-090-1080-02,Pekin PSD 108,2024,
IL,53-090-1370-02,South Pekin SD 137,1736780,st_leaid,53-090-1370-02,South Pekin SD 137,2024,
IL,53-090-3030-16,Pekin CSD 303,1731110,st_leaid,53-090-3030-16,Pekin CSD 303,2024,
IL,53-090-3080-16,Washington CHSD 308,1740980,st_leaid,53-090-3080-16,Washington CHSD 308,2024,
IL,53-090-3090-16,East Peoria CHSD 309,1713230,st_leaid,53-090-3090-16,East Peoria CHSD 309,2024,
IL,53-090-6060-04,Spring Lake CCSD 606,1737020,st_leaid,53-090-6060-04,Spring Lake CCSD 606,2024,
IL,53-090-7010-26,Deer Creek-Mackinaw CUSD 701,1711880,st_leaid,53-090-7010-26,Deer Creek-Mackinaw CUSD 701,2024,
IL,53-090-7020-26,Tremont CUSD 702,1739390,st_leaid,53-090-7020-26,Tremont CUSD 702,2024,
IL,53-090-7030-26,Delavan CUSD 703,1712060,st_leaid,53-090-7030-26,Delavan CUSD 703,2024,
IL,53-090-7090-26,Morton CUSD 709,1726800,st_leaid,53-090-7090-26,Morton CUSD 709,2024,
IL,53-102-0010-04,Metamora CCSD 1,1725740,st_leaid,53-102-0010-04,Metamora CCSD 1,2024,
IL,53-102-0020-04,Riverview CCSD 2,1734110,st_leaid,53-102-0020-04,Riverview CCSD 2,2024,
IL,53-102-0060-26,Fieldcrest CUSD 6,1715100,st_leaid,53-102-0060-26,Fieldcrest CUSD 6,2024,
IL,53-102-0110-26,El Paso-Gridley CUSD 11,1700326,st_leaid,53-102-0110-26,El Paso-Gridley CUSD 11,2024,
IL,53-102-0210-26,Lowpoint-Washburn CUSD 21,1740920,st_leaid,53-102-0210-26,Lowpoint-Washburn CUSD 21,2024,
IL,53-102-0600-26,Roanoke Benson CUSD 60,1734140,st_leaid,53-102-0600-26,Roanoke Benson CUSD 60,2024,
IL,53-102-0690-02,Germantown Hills SD 69,1716560,st_leaid,53-102-0690-02,Germantown Hills SD 69,2024,
IL,53-102-1220-17,County of Woodford School,1725770,st_leaid,53-102-1220-17,County of Woodford School,2024,
IL,53-102-1400-26,Eureka CUD 140,1714430,st_leaid,53-102-1400-26,Eureka CUD 140,2024,
IL,54-092-0010-26,Bismarck Henning CUSD,1706390,st_leaid,54-092-0010-26,Bismarck Henning CUSD,2024,
IL,54-092-0020-26,Westville CUSD 2,1710820,st_leaid,54-092-0020-26,Westville CUSD 2,2024,
IL,54-092-0040-26,Georgetown-Ridge Farm CUD 4,1700092,st_leaid,54-092-0040-26,Georgetown-Ridge Farm CUD 4,2024,
IL,54-092-0070-26,Rossville-Alvin CUSD 7,1734870,st_leaid,54-092-0070-26,Rossville-Alvin CUSD 7,2024,
IL,54-092-0100-26,Potomac CUSD 10,1732090,st_leaid,54-092-0100-26,Potomac CUSD 10,2024,
IL,54-092-0110-26,Hoopeston Area CUSD 11,1719660,st_leaid,54-092-0110-26,Hoopeston Area CUSD 11,2024,
IL,54-092-0610-03,Armstrong-Ellis Cons SD 61,1704200,st_leaid,54-092-0610-03,Armstrong-Ellis Cons SD 61,2024,
IL,54-092-0760-26,Oakwood CUSD 76,1710800,st_leaid,54-092-0760-26,Oakwood CUSD 76,2024,
IL,54-092-1180-24,Danville CCSD 118,1711790,st_leaid,54-092-1180-24,Danville CCSD 118,2024,
IL,54-092-2250-17,Armstrong Twp HSD 225,1704230,st_leaid,54-092-2250-17,Armstrong Twp HSD 225,2024,
IL,54-092-5120-26,Salt Fork Community Unit District  512,1701418,st_leaid,54-092-5120-26,Salt Fork CUSD 512,2024,
IL,54-092-8000-80,Bismarck Henning Rossville Alvin Cooperative High School,1701433,st_leaid,54-092-8000-80,B H R A Cooperative HS,2024,
IL,56-099-0170-02,Channahon SD 17,1709540,st_leaid,56-099-0170-02,Channahon SD 17,2024,
IL,56-099-030C-04,Troy CCSD 30C,1739510,st_leaid,56-099-030C-04,Troy CCSD 30C,2024,
IL,56-099-033C-04,Homer CCSD 33C,1719500,st_leaid,56-099-033C-04,Homer CCSD 33C,2024,
IL,56-099-070C-04,Laraway CCSD 70C,1722050,st_leaid,56-099-070C-04,Laraway CCSD 70C,2024,
IL,56-099-0810-02,Union SD 81,1739660,st_leaid,56-099-0810-02,Union SD 81,2024,
IL,56-099-0840-02,Rockdale SD 84,1734470,st_leaid,56-099-0840-02,Rockdale SD 84,2024,
IL,56-099-0860-05,Joliet PSD 86,1720580,st_leaid,56-099-0860-05,Joliet PSD 86,2024,
IL,56-099-0880-02,Chaney-Monge SD 88,1709510,st_leaid,56-099-0880-02,Chaney-Monge SD 88,2024,
IL,56-099-088A-02,Richland GSD 88A,1733450,st_leaid,56-099-088A-02,Richland GSD 88A,2024,
IL,56-099-0890-02,Fairmont SD 89,1714760,st_leaid,56-099-0890-02,Fairmont SD 89,2024,
IL,56-099-0900-02,Taft SD 90,1738520,st_leaid,56-099-0900-02,Taft SD 90,2024,
IL,56-099-0910-02,Lockport SD 91,1709210,st_leaid,56-099-0910-02,Lockport SD 91,2024,
IL,56-099-0920-02,Will County SD 92,1723730,st_leaid,56-099-0920-02,Will County SD 92,2024,
IL,56-099-1140-02,Manhattan SD 114,1724270,st_leaid,56-099-1140-02,Manhattan SD 114,2024,
IL,56-099-1220-02,New Lenox SD 122,1728140,st_leaid,56-099-1220-02,New Lenox SD 122,2024,
IL,56-099-157C-04,Frankfort CCSD 157C,1715700,st_leaid,56-099-157C-04,Frankfort CCSD 157C,2024,
IL,56-099-1590-02,Mokena SD 159,1726370,st_leaid,56-099-1590-02,Mokena SD 159,2024,
IL,56-099-1610-02,Summit Hill SD 161,1738220,st_leaid,56-099-1610-02,Summit Hill SD 161,2024,
IL,56-099-200U-26,Beecher CUSD 200U,1705430,st_leaid,56-099-200U-26,Beecher CUSD 200U,2024,
IL,56-099-201U-26,Crete Monee CUSD 201U,1711250,st_leaid,56-099-201U-26,Crete Monee CUSD 201U,2024,
IL,56-099-2020-22,Plainfield SD 202,1731740,st_leaid,56-099-2020-22,Plainfield SD 202,2024,
IL,56-099-2030-04,Elwood CCSD 203,1714160,st_leaid,56-099-2030-04,Elwood CCSD 203,2024,
IL,56-099-2040-17,Joliet Twp HSD 204,1720610,st_leaid,56-099-2040-17,Joliet Twp HSD 204,2024,
IL,56-099-2050-17,Lockport Twp HSD 205,1723350,st_leaid,56-099-2050-17,Lockport Twp HSD 205,2024,
IL,56-099-207U-26,Peotone CUSD 207U,1731290,st_leaid,56-099-207U-26,Peotone CUSD 207U,2024,
IL,56-099-209U-26,Wilmington CUSD 209U,1742630,st_leaid,56-099-209U-26,Wilmington CUSD 209U,2024,
IL,56-099-2100-16,Lincoln Way CHSD 210,1723070,st_leaid,56-099-2100-16,Lincoln Way CHSD 210,2024,
IL,56-099-255U-26,Reed Custer CUSD 255U,1733380,st_leaid,56-099-255U-26,Reed Custer CUSD 255U,2024,
IL,56-099-365U-26,Valley View CUSD 365U,1740070,st_leaid,56-099-365U-26,Valley View CUSD 365U,2024,
IL,60-105-4280-30,IDJJ Sch Dist 428,1700006,st_leaid,60-105-4280-30,IDJJ Sch Dist 428,2024,
IL,65-108-9010-80,ISU  Laboratory Schools,1700099,st_leaid,65-108-9010-80,ISU  Laboratory Schools,2024,
IL,65-108-9020-80,University of Ill Lab School,1700100,st_leaid,65-108-9020-80,University of Ill Lab School,2024,
IL,65-108-9030-80,Illinois Mathematics & Science Academy,1700101,st_leaid,65-108-9030-80,Il Mathematics & Science Academy,2024,
IN,0015,Adams Central Community Schools,1800060,st_leaid,0015,Adams Central Community Schools,2024,
IN,0025,North Adams Community Schools,1807680,st_leaid,0025,North Adams Community Schools,2024,
IN,0035,South Adams Schools,1810260,st_leaid,0035,South Adams Schools,2024,
IN,0125,MSD Southwest Allen County Schls,1800030,st_leaid,0125,MSD Southwest Allen County Schls,2024,
IN,0225,Northwest Allen County Schools,1808250,st_leaid,0225,Northwest Allen County Schools,2024,
IN,0235,Fort Wayne Community Schools,1803630,st_leaid,0235,Fort Wayne Community Schools,2024,
IN,0255,East Allen County Schools,1802850,st_leaid,0255,East Allen County Schools,2024,
IN,0365,Bartholomew Con School Corp,1800360,st_leaid,0365,Bartholomew Con School Corp,2024,
IN,0370,Flat Rock-Hawcreek School Corp,1803570,st_leaid,0370,Flat Rock-Hawcreek School Corp,2024,
IN,0395,Benton Community School Corp,1800480,st_leaid,0395,Benton Community School Corp,2024,
IN,0515,Blackford County Schools,1800570,st_leaid,0515,Blackford County Schools,2024,
IN,0615,Western Boone Co Com Sch Dist,1812990,st_leaid,0615,Western Boone Co Com Sch Dist,2024,
IN,0630,Zionsville Community Schools,1802830,st_leaid,0630,Zionsville Community Schools,2024,
IN,0665,Lebanon Community School Corp,1805790,st_leaid,0665,Lebanon Community School Corp,2024,
IN,0670,Brown County School Corporation,1800960,st_leaid,0670,Brown County School Corporation,2024,
IN,0750,Carroll Consolidated School Corp,1801290,st_leaid,0750,Carroll Consolidated School Corp,2024,
IN,0755,Delphi Community School Corp,1802700,st_leaid,0755,Delphi Community School Corp,2024,
IN,0775,Pioneer Regional School Corp,1808940,st_leaid,0775,Pioneer Regional School Corp,2024,
IN,0815,Lewis Cass Schools,1810680,st_leaid,0815,Lewis Cass Schools,2024,
IN,0875,Logansport Community Sch Corp,1806030,st_leaid,0875,Logansport Community Sch Corp,2024,
IN,0935,Borden-Henryville School Corporation,1800212,st_leaid,0935,Borden-Henryville School Corporation,2024,
IN,0945,Silver Creek School Corporation,1800213,st_leaid,0945,Silver Creek School Corporation,2024,
IN,1000,Clarksville Community School Corp,1801920,st_leaid,1000,Clarksville Community School Corp,2024,
IN,1010,Greater Clark County Schools,1803940,st_leaid,1010,Greater Clark County Schools,2024,
IN,1125,Clay Community Schools,1800840,st_leaid,1125,Clay Community Schools,2024,
IN,1150,Clinton Central School Corporation,1802130,st_leaid,1150,Clinton Central School Corporation,2024,
IN,1160,Clinton Prairie School Corporation,1802160,st_leaid,1160,Clinton Prairie School Corporation,2024,
IN,1170,Community Schools of Frankfort,1803660,st_leaid,1170,Community Schools of Frankfort,2024,
IN,1180,Rossville Con School District,1809720,st_leaid,1180,Rossville Con School District,2024,
IN,1300,Crawford County Community Sch Corp,1802440,st_leaid,1300,Crawford County Community Sch Corp,2024,
IN,1315,Barr-Reeve Community Schools Inc,1800330,st_leaid,1315,Barr-Reeve Community Schools Inc,2024,
IN,1375,North Daviess Com Schools,1807710,st_leaid,1375,North Daviess Com Schools,2024,
IN,1405,Washington Community Schools,1812450,st_leaid,1405,Washington Community Schools,2024,
IN,1560,Sunman-Dearborn Com Sch Corp,1811190,st_leaid,1560,Sunman-Dearborn Com Sch Corp,2024,
IN,1600,South Dearborn Community Sch Corp,1800240,st_leaid,1600,South Dearborn Community Sch Corp,2024,
IN,1620,Lawrenceburg Community School Corp,1805700,st_leaid,1620,Lawrenceburg Community School Corp,2024,
IN,1655,Decatur County Community Schools,1802610,st_leaid,1655,Decatur County Community Schools,2024,
IN,1730,Greensburg Community Schools,1804080,st_leaid,1730,Greensburg Community Schools,2024,
IN,1805,DeKalb Co Eastern Com Sch Dist,1803060,st_leaid,1805,DeKalb Co Eastern Com Sch Dist,2024,
IN,1820,Garrett-Keyser-Butler Com Sch Corp,1803840,st_leaid,1820,Garrett-Keyser-Butler Com Sch Corp,2024,
IN,1835,DeKalb Co Ctl United Sch Dist,1801590,st_leaid,1835,DeKalb Co Ctl United Sch Dist,2024,
IN,1875,Delaware Community School Corp,1802660,st_leaid,1875,Delaware Community School Corp,2024,
IN,1885,Wes-Del Community Schools,1804500,st_leaid,1885,Wes-Del Community Schools,2024,
IN,1895,Liberty-Perry Community Sch Corp,1805880,st_leaid,1895,Liberty-Perry Community Sch Corp,2024,
IN,1900,Cowan Community School Corp,1807020,st_leaid,1900,Cowan Community School Corp,2024,
IN,1910,Yorktown Community Schools,1807230,st_leaid,1910,Yorktown Community Schools,2024,
IN,1940,Daleville Community Schools,1809840,st_leaid,1940,Daleville Community Schools,2024,
IN,1970,Muncie Community Schools,1807320,st_leaid,1970,Muncie Community Schools,2024,
IN,2040,Northeast Dubois Co Sch Corp,1808120,st_leaid,2040,Northeast Dubois Co Sch Corp,2024,
IN,2100,Southeast Dubois Co Sch Corp,1810640,st_leaid,2100,Southeast Dubois Co Sch Corp,2024,
IN,2110,Southwest Dubois Co Sch Corp,1810870,st_leaid,2110,Southwest Dubois Co Sch Corp,2024,
IN,2120,Greater Jasper Consolidated Schs,1803960,st_leaid,2120,Greater Jasper Consolidated Schs,2024,
IN,2155,Fairfield Community Schools,1803480,st_leaid,2155,Fairfield Community Schools,2024,
IN,2260,Baugo Community Schools,1800420,st_leaid,2260,Baugo Community Schools,2024,
IN,2270,Concord Community Schools,1802400,st_leaid,2270,Concord Community Schools,2024,
IN,2275,Middlebury Community Schools,1806600,st_leaid,2275,Middlebury Community Schools,2024,
IN,2285,Wa-Nee Community Schools,1812240,st_leaid,2285,Wa-Nee Community Schools,2024,
IN,2305,Elkhart Community Schools,1803270,st_leaid,2305,Elkhart Community Schools,2024,
IN,2315,Goshen Community Schools,1803930,st_leaid,2315,Goshen Community Schools,2024,
IN,2395,Fayette County School Corporation,1803510,st_leaid,2395,Fayette County School Corporation,2024,
IN,2400,New Albany-Floyd Co Con Sch,1807410,st_leaid,2400,New Albany-Floyd Co Con Sch,2024,
IN,2435,Attica Consolidated School Corp,1800210,st_leaid,2435,Attica Consolidated School Corp,2024,
IN,2440,Covington Community School Corp,1802430,st_leaid,2440,Covington Community School Corp,2024,
IN,2455,Southeast Fountain School Corp,1810620,st_leaid,2455,Southeast Fountain School Corp,2024,
IN,2475,Franklin County Community Sch Corp,1803700,st_leaid,2475,Franklin County Community Sch Corp,2024,
IN,2645,Rochester Community School Corp,1809630,st_leaid,2645,Rochester Community School Corp,2024,
IN,2650,Caston School Corporation,1801410,st_leaid,2650,Caston School Corporation,2024,
IN,2725,East Gibson School Corporation,1802940,st_leaid,2725,East Gibson School Corporation,2024,
IN,2735,North Gibson School Corporation,1807770,st_leaid,2735,North Gibson School Corporation,2024,
IN,2765,South Gibson School Corporation,1810350,st_leaid,2765,South Gibson School Corporation,2024,
IN,2815,Eastbrook Community Sch Corp,1803030,st_leaid,2815,Eastbrook Community Sch Corp,2024,
IN,2825,Madison-Grant United School Corp,1806240,st_leaid,2825,Madison-Grant United School Corp,2024,
IN,2855,Mississinewa Community School Corp,1806870,st_leaid,2855,Mississinewa Community School Corp,2024,
IN,2865,Marion Community Schools,1806390,st_leaid,2865,Marion Community Schools,2024,
IN,2920,Bloomfield School District,1800600,st_leaid,2920,Bloomfield School District,2024,
IN,2940,Eastern Greene Schools,1803090,st_leaid,2940,Eastern Greene Schools,2024,
IN,2950,Linton-Stockton School Corporation,1805910,st_leaid,2950,Linton-Stockton School Corporation,2024,
IN,2960,MSD Shakamak Schools,1810110,st_leaid,2960,MSD Shakamak Schools,2024,
IN,2980,White River Valley School District,1800008,st_leaid,2980,White River Valley School District,2024,
IN,3005,Hamilton Southeastern Schools,1810650,st_leaid,3005,Hamilton Southeastern Schools,2024,
IN,3025,Hamilton Heights School Corp,1804260,st_leaid,3025,Hamilton Heights School Corp,2024,
IN,3030,Westfield-Washington Schools,1813080,st_leaid,3030,Westfield-Washington Schools,2024,
IN,3055,Sheridan Community Schools,1806480,st_leaid,3055,Sheridan Community Schools,2024,
IN,3060,Carmel Clay Schools,1801200,st_leaid,3060,Carmel Clay Schools,2024,
IN,3070,Noblesville Schools,1807650,st_leaid,3070,Noblesville Schools,2024,
IN,3115,Southern Hancock Co Com Sch Corp,1810710,st_leaid,3115,Southern Hancock Co Com Sch Corp,2024,
IN,3125,Greenfield-Central Com Schools,1804050,st_leaid,3125,Greenfield-Central Com Schools,2024,
IN,3135,Mt Vernon Community School Corp,1807260,st_leaid,3135,Mt Vernon Community School Corp,2024,
IN,3145,Eastern Hancock Co Com Sch Corp,1803120,st_leaid,3145,Eastern Hancock Co Com Sch Corp,2024,
IN,3160,Lanesville Community School Corp,1803720,st_leaid,3160,Lanesville Community School Corp,2024,
IN,3180,North Harrison Com School Corp,1800690,st_leaid,3180,North Harrison Com School Corp,2024,
IN,3190,South Harrison Com Schools,1810360,st_leaid,3190,South Harrison Com Schools,2024,
IN,3295,North West Hendricks Schools,1808100,st_leaid,3295,North West Hendricks Schools,2024,
IN,3305,Brownsburg Community School Corp,1801020,st_leaid,3305,Brownsburg Community School Corp,2024,
IN,3315,Avon Community School Corp,1800270,st_leaid,3315,Avon Community School Corp,2024,
IN,3325,Danville Community School Corp,1802550,st_leaid,3325,Danville Community School Corp,2024,
IN,3330,Plainfield Community School Corp,1808970,st_leaid,3330,Plainfield Community School Corp,2024,
IN,3335,Mill Creek Community Sch Corp,1806660,st_leaid,3335,Mill Creek Community Sch Corp,2024,
IN,3405,Blue River Valley Schools,1800660,st_leaid,3405,Blue River Valley Schools,2024,
IN,3415,South Henry School Corp,1810380,st_leaid,3415,South Henry School Corp,2024,
IN,3435,Shenandoah School Corporation,1808280,st_leaid,3435,Shenandoah School Corporation,2024,
IN,3445,New Castle Community School Corp,1807440,st_leaid,3445,New Castle Community School Corp,2024,
IN,3455,C A Beard Memorial School Corp,1801060,st_leaid,3455,C A Beard Memorial School Corp,2024,
IN,3460,Taylor Community School Corp,1811250,st_leaid,3460,Taylor Community School Corp,2024,
IN,3470,Northwestern School Corp,1802040,st_leaid,3470,Northwestern School Corp,2024,
IN,3480,Eastern Howard School Corporation,1803150,st_leaid,3480,Eastern Howard School Corporation,2024,
IN,3490,Western School Corporation,1804470,st_leaid,3490,Western School Corporation,2024,
IN,3500,Kokomo School Corporation,1805370,st_leaid,3500,Kokomo School Corporation,2024,
IN,3625,Huntington Co Com Sch Corp,1804710,st_leaid,3625,Huntington Co Com Sch Corp,2024,
IN,3640,Medora Community School Corp,1801230,st_leaid,3640,Medora Community School Corp,2024,
IN,3675,Seymour Community Schools,1810080,st_leaid,3675,Seymour Community Schools,2024,
IN,3695,Brownstown Cnt Com Sch Corp,1801050,st_leaid,3695,Brownstown Cnt Com Sch Corp,2024,
IN,3710,Crothersville Community Schools,1812060,st_leaid,3710,Crothersville Community Schools,2024,
IN,3785,Kankakee Valley School Corp,1805280,st_leaid,3785,Kankakee Valley School Corp,2024,
IN,3815,Rensselaer Central School Corp,1809420,st_leaid,3815,Rensselaer Central School Corp,2024,
IN,3945,Jay School Corporation,1804980,st_leaid,3945,Jay School Corporation,2024,
IN,3995,Madison Consolidated Schools,1806120,st_leaid,3995,Madison Consolidated Schools,2024,
IN,4000,Southwestern-Jefferson Co Con,1810800,st_leaid,4000,Southwestern-Jefferson Co Con,2024,
IN,4015,Jennings County School Corporation,1805190,st_leaid,4015,Jennings County School Corporation,2024,
IN,4145,Clark-Pleasant Community Sch Corp,1801890,st_leaid,4145,Clark-Pleasant Community Sch Corp,2024,
IN,4205,Center Grove Community School Corp,1801440,st_leaid,4205,Center Grove Community School Corp,2024,
IN,4215,Edinburgh Community School Corp,1803240,st_leaid,4215,Edinburgh Community School Corp,2024,
IN,4225,Franklin Community School Corp,1803690,st_leaid,4225,Franklin Community School Corp,2024,
IN,4245,Greenwood Community Sch Corp,1804110,st_leaid,4245,Greenwood Community Sch Corp,2024,
IN,4255,Nineveh-Hensley-Jackson United,1807620,st_leaid,4255,Nineveh-Hensley-Jackson United,2024,
IN,4315,North Knox School Corp,1807830,st_leaid,4315,North Knox School Corp,2024,
IN,4325,South Knox School Corp,1810410,st_leaid,4325,South Knox School Corp,2024,
IN,4335,Vincennes Community School Corp,1812120,st_leaid,4335,Vincennes Community School Corp,2024,
IN,4345,Wawasee Community School Corp,1805550,st_leaid,4345,Wawasee Community School Corp,2024,
IN,4415,Warsaw Community Schools,1812420,st_leaid,4415,Warsaw Community Schools,2024,
IN,4445,Tippecanoe Valley School Corp,1811370,st_leaid,4445,Tippecanoe Valley School Corp,2024,
IN,4455,Whitko Community School Corp,1813230,st_leaid,4455,Whitko Community School Corp,2024,
IN,4515,Prairie Heights Community Sch Corp,1809300,st_leaid,4515,Prairie Heights Community Sch Corp,2024,
IN,4525,Westview School Corporation,1813110,st_leaid,4525,Westview School Corporation,2024,
IN,4535,Lakeland School Corporation,1805520,st_leaid,4535,Lakeland School Corporation,2024,
IN,4570,NW Indiana Special Education Coop,1808320,st_leaid,4570,NW Indiana Special Education Coop,2024,
IN,4580,Hanover Community School Corp,1804350,st_leaid,4580,Hanover Community School Corp,2024,
IN,4590,River Forest Community Sch Corp,1804620,st_leaid,4590,River Forest Community Sch Corp,2024,
IN,4600,Merrillville Community School Corp,1809690,st_leaid,4600,Merrillville Community School Corp,2024,
IN,4615,Lake Central School Corporation,1805450,st_leaid,4615,Lake Central School Corporation,2024,
IN,4645,Tri-Creek School Corporation,1811460,st_leaid,4645,Tri-Creek School Corporation,2024,
IN,4650,Lake Ridge New Tech Schools,1805460,st_leaid,4650,Lake Ridge New Tech Schools,2024,
IN,4660,Crown Point Community School Corp,1802490,st_leaid,4660,Crown Point Community School Corp,2024,
IN,4670,School City of East Chicago,1802880,st_leaid,4670,School City of East Chicago,2024,
IN,4680,Lake Station Community Schools,1802910,st_leaid,4680,Lake Station Community Schools,2024,
IN,4690,Gary Community School Corp,1803870,st_leaid,4690,Gary Community School Corp,2024,
IN,4700,Griffith Public Schools,1804170,st_leaid,4700,Griffith Public Schools,2024,
IN,4710,School City of Hammond,1804320,st_leaid,4710,School City of Hammond,2024,
IN,4720,School Town of Highland,1804560,st_leaid,4720,School Town of Highland,2024,
IN,4730,School City of Hobart,1804590,st_leaid,4730,School City of Hobart,2024,
IN,4740,School Town of Munster,1807350,st_leaid,4740,School Town of Munster,2024,
IN,4760,School City of Whiting,1813200,st_leaid,4760,School City of Whiting,2024,
IN,4805,New Prairie United School Corp,1807560,st_leaid,4805,New Prairie United School Corp,2024,
IN,4860,MSD of New Durham Township,1807470,st_leaid,4860,MSD of New Durham Township,2024,
IN,4915,Tri-Township Cons School Corp,1800107,st_leaid,4915,Tri-Township Cons School Corp,2024,
IN,4925,Michigan City Area Schools,1806570,st_leaid,4925,Michigan City Area Schools,2024,
IN,4940,South Central Com School Corp,1802190,st_leaid,4940,South Central Com School Corp,2024,
IN,4945,LaPorte Community School Corp,1805580,st_leaid,4945,LaPorte Community School Corp,2024,
IN,5075,North Lawrence Com Schools,1807860,st_leaid,5075,North Lawrence Com Schools,2024,
IN,5085,Mitchell Community Schools,1806900,st_leaid,5085,Mitchell Community Schools,2024,
IN,5245,Frankton-Lapel Community Schools,1812880,st_leaid,5245,Frankton-Lapel Community Schools,2024,
IN,5255,South Madison Com Sch Corp,1810440,st_leaid,5255,South Madison Com Sch Corp,2024,
IN,5265,Alexandria Community School Corp,1800120,st_leaid,5265,Alexandria Community School Corp,2024,
IN,5275,Anderson Community School Corp,1800150,st_leaid,5275,Anderson Community School Corp,2024,
IN,5280,Elwood Community School Corp,1803300,st_leaid,5280,Elwood Community School Corp,2024,
IN,5300,MSD Decatur Township,1802640,st_leaid,5300,MSD Decatur Township,2024,
IN,5310,Franklin Township Com Sch Corp,1803750,st_leaid,5310,Franklin Township Com Sch Corp,2024,
IN,5330,MSD Lawrence Township,1805670,st_leaid,5330,MSD Lawrence Township,2024,
IN,5340,Perry Township Schools,1808820,st_leaid,5340,Perry Township Schools,2024,
IN,5350,MSD Pike Township,1808910,st_leaid,5350,MSD Pike Township,2024,
IN,5360,MSD Warren Township,1812360,st_leaid,5360,MSD Warren Township,2024,
IN,5370,MSD Washington Township,1812720,st_leaid,5370,MSD Washington Township,2024,
IN,5375,MSD Wayne Township,1812810,st_leaid,5375,MSD Wayne Township,2024,
IN,5380,Beech Grove City Schools,1800450,st_leaid,5380,Beech Grove City Schools,2024,
IN,5385,Indianapolis Public Schools,1804770,st_leaid,5385,Indianapolis Public Schools,2024,
IN,5390,Southside Sp Srvs Of Marion Co,1800105,st_leaid,5390,Southside Sp Srvs Of Marion Co,2024,
IN,5400,School Town of Speedway,1810920,st_leaid,5400,School Town of Speedway,2024,
IN,5455,Culver Community Schools Corp,1802520,st_leaid,5455,Culver Community Schools Corp,2024,
IN,5470,Argos Community Schools,1800180,st_leaid,5470,Argos Community Schools,2024,
IN,5480,Bremen Public Schools,1800900,st_leaid,5480,Bremen Public Schools,2024,
IN,5485,Plymouth Community School Corp,1809060,st_leaid,5485,Plymouth Community School Corp,2024,
IN,5495,Triton School Corporation,1811490,st_leaid,5495,Triton School Corporation,2024,
IN,5520,Shoals Community School Corp,1810170,st_leaid,5520,Shoals Community School Corp,2024,
IN,5525,Loogootee Community Sch Corp,1806060,st_leaid,5525,Loogootee Community Sch Corp,2024,
IN,5615,Maconaquah School Corp,1806090,st_leaid,5615,Maconaquah School Corp,2024,
IN,5620,North Miami Community Schools,1807890,st_leaid,5620,North Miami Community Schools,2024,
IN,5625,Oak Hill United School Corp,1808340,st_leaid,5625,Oak Hill United School Corp,2024,
IN,5635,Peru Community Schools,1808850,st_leaid,5635,Peru Community Schools,2024,
IN,5705,Richland-Bean Blossom C S C,1809480,st_leaid,5705,Richland-Bean Blossom C S C,2024,
IN,5740,Monroe County Community Sch Corp,1800630,st_leaid,5740,Monroe County Community Sch Corp,2024,
IN,5835,North Montgomery Com Sch Corp,1807900,st_leaid,5835,North Montgomery Com Sch Corp,2024,
IN,5845,South Montgomery Com Sch Corp,1810450,st_leaid,5845,South Montgomery Com Sch Corp,2024,
IN,5855,Crawfordsville Community Schools,1802460,st_leaid,5855,Crawfordsville Community Schools,2024,
IN,5900,Monroe-Gregg School District,1804140,st_leaid,5900,Monroe-Gregg School District,2024,
IN,5910,Eminence Community School Corp,1803330,st_leaid,5910,Eminence Community School Corp,2024,
IN,5925,MSD Martinsville Schools,1806510,st_leaid,5925,MSD Martinsville Schools,2024,
IN,5930,Mooresville Con School Corp,1807140,st_leaid,5930,Mooresville Con School Corp,2024,
IN,5945,North Newton School Corp,1807920,st_leaid,5945,North Newton School Corp,2024,
IN,5995,South Newton School Corp,1810470,st_leaid,5995,South Newton School Corp,2024,
IN,6055,Central Noble Com School Corp,1801710,st_leaid,6055,Central Noble Com School Corp,2024,
IN,6060,East Noble School Corporation,1802970,st_leaid,6060,East Noble School Corporation,2024,
IN,6065,West Noble School Corporation,1812900,st_leaid,6065,West Noble School Corporation,2024,
IN,6080,Rising Sun-Ohio Co Com,1809600,st_leaid,6080,Rising Sun-Ohio Co Com,2024,
IN,6145,Orleans Community Schools,1808490,st_leaid,6145,Orleans Community Schools,2024,
IN,6155,Paoli Community School Corp,1808640,st_leaid,6155,Paoli Community School Corp,2024,
IN,6160,Springs Valley Com School Corp,1810980,st_leaid,6160,Springs Valley Com School Corp,2024,
IN,6195,Spencer-Owen Community Schools,1810950,st_leaid,6195,Spencer-Owen Community Schools,2024,
IN,6260,Southwest Parke Com Sch Corp,1810900,st_leaid,6260,Southwest Parke Com Sch Corp,2024,
IN,6325,Perry Central Com Schools Corp,1801740,st_leaid,6325,Perry Central Com Schools Corp,2024,
IN,6340,Cannelton City Schools,1801170,st_leaid,6340,Cannelton City Schools,2024,
IN,6350,Tell City-Troy Twp School Corp,1811260,st_leaid,6350,Tell City-Troy Twp School Corp,2024,
IN,6375,North Central Parke Comm Schl Corp,1800118,st_leaid,6375,North Central Parke Comm Schl Corp,2024,
IN,6445,Pike County School Corp,1808900,st_leaid,6445,Pike County School Corp,2024,
IN,6455,Porter County Education Services,1809130,st_leaid,6455,Porter County Education Services,2024,
IN,6460,MSD Boone Township,1800750,st_leaid,6460,MSD Boone Township,2024,
IN,6470,Duneland School Corporation,1802800,st_leaid,6470,Duneland School Corporation,2024,
IN,6510,East Porter County School Corp,1809000,st_leaid,6510,East Porter County School Corp,2024,
IN,6520,Porter Township School Corp,1809180,st_leaid,6520,Porter Township School Corp,2024,
IN,6530,Union Township School Corp,1811700,st_leaid,6530,Union Township School Corp,2024,
IN,6550,Portage Township Schools,1809150,st_leaid,6550,Portage Township Schools,2024,
IN,6560,Valparaiso Community Schools,1811970,st_leaid,6560,Valparaiso Community Schools,2024,
IN,6590,MSD Mount Vernon,1807290,st_leaid,6590,MSD Mount Vernon,2024,
IN,6600,MSD North Posey Co Schools,1807950,st_leaid,6600,MSD North Posey Co Schools,2024,
IN,6620,Eastern Pulaski Community Sch Corp,1807110,st_leaid,6620,Eastern Pulaski Community Sch Corp,2024,
IN,6630,West Central School Corp,1809360,st_leaid,6630,West Central School Corp,2024,
IN,6705,South Putnam Community Schools,1810500,st_leaid,6705,South Putnam Community Schools,2024,
IN,6715,North Putnam Community Schools,1807980,st_leaid,6715,North Putnam Community Schools,2024,
IN,6750,Cloverdale Community Schools,1802220,st_leaid,6750,Cloverdale Community Schools,2024,
IN,6755,Greencastle Community School Corp,1803990,st_leaid,6755,Greencastle Community School Corp,2024,
IN,6795,Union School Corporation,1811730,st_leaid,6795,Union School Corporation,2024,
IN,6805,Randolph Southern School Corp,1810740,st_leaid,6805,Randolph Southern School Corp,2024,
IN,6820,Monroe Central School Corp,1807080,st_leaid,6820,Monroe Central School Corp,2024,
IN,6825,Randolph Central School Corp,1801770,st_leaid,6825,Randolph Central School Corp,2024,
IN,6835,Randolph Eastern School Corp,1803180,st_leaid,6835,Randolph Eastern School Corp,2024,
IN,6865,South Ripley Com Sch Corp,1810530,st_leaid,6865,South Ripley Com Sch Corp,2024,
IN,6895,Batesville Community School Corp,1800390,st_leaid,6895,Batesville Community School Corp,2024,
IN,6900,Jac-Cen-Del Community Sch Corp,1804800,st_leaid,6900,Jac-Cen-Del Community Sch Corp,2024,
IN,6910,Milan Community Schools,1806630,st_leaid,6910,Milan Community Schools,2024,
IN,6995,Rush County Schools,1809750,st_leaid,6995,Rush County Schools,2024,
IN,7150,John Glenn School Corporation,1809120,st_leaid,7150,John Glenn School Corporation,2024,
IN,7175,Penn-Harris-Madison School Corp,1808760,st_leaid,7175,Penn-Harris-Madison School Corp,2024,
IN,7200,School City of Mishawaka,1806840,st_leaid,7200,School City of Mishawaka,2024,
IN,7205,South Bend Community School Corp,1810290,st_leaid,7205,South Bend Community School Corp,2024,
IN,7215,Union-North United School Corp,1811910,st_leaid,7215,Union-North United School Corp,2024,
IN,7230,Scott County School District 1,1809990,st_leaid,7230,Scott County School District 1,2024,
IN,7255,Scott County School District 2,1810020,st_leaid,7255,Scott County School District 2,2024,
IN,7285,Shelby Eastern Schools,1803210,st_leaid,7285,Shelby Eastern Schools,2024,
IN,7350,Northwestern Con School Corp,1808310,st_leaid,7350,Northwestern Con School Corp,2024,
IN,7360,Southwestern Con Sch Shelby Co,1810830,st_leaid,7360,Southwestern Con Sch Shelby Co,2024,
IN,7365,Shelbyville Central Schools,1810140,st_leaid,7365,Shelbyville Central Schools,2024,
IN,7385,North Spencer County Sch Corp,1808010,st_leaid,7385,North Spencer County Sch Corp,2024,
IN,7445,South Spencer County Sch Corp,1810560,st_leaid,7445,South Spencer County Sch Corp,2024,
IN,7495,Oregon-Davis School Corp,1808460,st_leaid,7495,Oregon-Davis School Corp,2024,
IN,7515,North Judson-San Pierre Sch Corp,1807800,st_leaid,7515,North Judson-San Pierre Sch Corp,2024,
IN,7525,Knox Community School Corp,1805340,st_leaid,7525,Knox Community School Corp,2024,
IN,7605,Fremont Community Schools,1803780,st_leaid,7605,Fremont Community Schools,2024,
IN,7610,Hamilton Community Schools,1804230,st_leaid,7610,Hamilton Community Schools,2024,
IN,7615,MSD Steuben County,1811100,st_leaid,7615,MSD Steuben County,2024,
IN,7645,Northeast School Corp,1808160,st_leaid,7645,Northeast School Corp,2024,
IN,7715,Southwest School Corporation,1810860,st_leaid,7715,Southwest School Corporation,2024,
IN,7775,Switzerland County School Corp,1811220,st_leaid,7775,Switzerland County School Corp,2024,
IN,7855,Lafayette School Corporation,1805400,st_leaid,7855,Lafayette School Corporation,2024,
IN,7865,Tippecanoe School Corp,1811340,st_leaid,7865,Tippecanoe School Corp,2024,
IN,7875,West Lafayette Com School Corp,1812870,st_leaid,7875,West Lafayette Com School Corp,2024,
IN,7935,Tri-Central Community Schools,1808040,st_leaid,7935,Tri-Central Community Schools,2024,
IN,7945,Tipton Community School Corp,1811400,st_leaid,7945,Tipton Community School Corp,2024,
IN,7950,Union Co/Clg Corner Joint Sch Dist,1811610,st_leaid,7950,Union Co/Clg Corner Joint Sch Dist,2024,
IN,7995,Evansville Vanderburgh School Corp,1803450,st_leaid,7995,Evansville Vanderburgh School Corp,2024,
IN,8010,North Vermillion Com Sch Corp,1808070,st_leaid,8010,North Vermillion Com Sch Corp,2024,
IN,8020,South Vermillion Com Sch Corp,1810590,st_leaid,8020,South Vermillion Com Sch Corp,2024,
IN,8030,Vigo County School Corp,1812090,st_leaid,8030,Vigo County School Corp,2024,
IN,8045,Manchester Community Schools,1806270,st_leaid,8045,Manchester Community Schools,2024,
IN,8050,MSD Wabash County Schools,1812180,st_leaid,8050,MSD Wabash County Schools,2024,
IN,8060,Wabash City Schools,1812150,st_leaid,8060,Wabash City Schools,2024,
IN,8115,MSD Warren County,1806080,st_leaid,8115,MSD Warren County,2024,
IN,8130,Warrick County School Corp,1812390,st_leaid,8130,Warrick County School Corp,2024,
IN,8205,Salem Community Schools,1809810,st_leaid,8205,Salem Community Schools,2024,
IN,8215,East Washington School Corp,1803000,st_leaid,8215,East Washington School Corp,2024,
IN,8220,West Washington School Corp,1812930,st_leaid,8220,West Washington School Corp,2024,
IN,8305,Nettle Creek School Corporation,1807380,st_leaid,8305,Nettle Creek School Corporation,2024,
IN,8355,Western Wayne Schools,1813050,st_leaid,8355,Western Wayne Schools,2024,
IN,8360,Centerville-Abington Com Schs,1801560,st_leaid,8360,Centerville-Abington Com Schs,2024,
IN,8375,Northeastern Wayne Schools,1808190,st_leaid,8375,Northeastern Wayne Schools,2024,
IN,8385,Richmond Community Schools,1809510,st_leaid,8385,Richmond Community Schools,2024,
IN,8425,Southern Wells Com Schools,1810770,st_leaid,8425,Southern Wells Com Schools,2024,
IN,8435,Northern Wells Community Schools,1808220,st_leaid,8435,Norwell Community Schools,2024,
IN,8445,MSD Bluffton-Harrison,1800720,st_leaid,8445,MSD Bluffton-Harrison,2024,
IN,8515,North White School Corp,1808130,st_leaid,8515,North White School Corp,2024,
IN,8525,Frontier School Corporation,1803810,st_leaid,8525,Frontier School Corporation,2024,
IN,8535,Tri-County School Corporation,1811430,st_leaid,8535,Tri-County School Corporation,2024,
IN,8565,Twin Lakes School Corp,1811580,st_leaid,8565,Twin Lakes School Corp,2024,
IN,8625,Smith-Green Community Schools,1810230,st_leaid,8625,Smith-Green Community Schools,2024,
IN,8635,Purdue Polytechnic High Sch North,1800211,st_leaid,8635,Purdue Polytechnic High Sch North,2024,
IN,8655,Excel Center - Bloomington,1800209,st_leaid,8655,Excel Center - Bloomington,2024,
IN,8665,Whitley County Con Schools,1802280,st_leaid,8665,Whitley County Con Schools,2024,
IN,8690,Dynamic Minds Academy,1800205,st_leaid,8690,Dynamic Minds Academy,2024,
IN,8940,James and Rosemary Phalen Leadership Academy High School,1800215,st_leaid,8940,James and Rosemary Phalen Leadership Academy High School,2024,
IN,8960,Purdue Polytechnic High School South Bend,1800214,st_leaid,8960,Purdue Polytechnic High School South Bend,2024,
IN,8970,GEO Next Generation Academy,1800219,st_leaid,8970,GEO Next Generation Academy,2024,
IN,9000,Phalen Virtual Leadership Academy,1800222,st_leaid,9000,Phalen Virtual Leadership Academy,2024,
IN,9015,Purdue Polytechnic High School Ind,1800183,st_leaid,9015,Purdue Polytechnic High School Ind,2024,
IN,9035,Indiana Connections Career Academy,1800191,st_leaid,9035,Indiana Connections Career Academy,2024,
IN,9050,Excel Center - Clarksville,1800182,st_leaid,9050,Excel Center - Clarksville,2024,
IN,9055,Excel Center - Hammond,1800185,st_leaid,9055,Excel Center - Hammond,2024,
IN,9059,Excel Center - Grant County,,unmatched,,,,
IN,9064,Excel Center - Bartholomew County,,unmatched,,,,
IN,9071,Excel Center - Shadeland,,unmatched,,,,
IN,9079,Excel Center - Meadows,,unmatched,,,,
IN,9100,Indiana Department of Correction,1800006,st_leaid,9100,Indiana Department of Correction,2024,
IN,9120,Hoosier College and Career Academy,1800179,st_leaid,9120,Hoosier College and Career Academy,2024,
IN,9135,KIPP Indy Legacy High,1800206,st_leaid,9135,KIPP Indy Legacy High,2024,
IN,9140,BELIEVE Circle City High School,1800223,st_leaid,9140,BELIEVE Circle City High School,2024,
IN,9145,Riverside High School,1800187,st_leaid,9145,Herron-Riverside High School,2024,
IN,9160,Excel Center - Muncie,1800197,st_leaid,9160,Excel Center - Muncie,2024,
IN,9170,Rooted School Indianapolis,1800224,st_leaid,9170,Rooted School Indianapolis,2024,
IN,9190,Excel Center - Gary,1800200,st_leaid,9190,Excel Center - Gary,2024,
IN,9200,Archdiocese of Indianapolis,,unmatched,,,,
IN,9205,Diocese of Gary,,unmatched,,,,
IN,9210,Diocese of Lafayette Catholic Sch,,unmatched,,,,
IN,9215,Diocese of Evansville,,unmatched,,,,
IN,9220,Diocese of Fort Wayne - South Bend,,unmatched,,,,
IN,9230,Lutheran Schools of Indiana,,unmatched,,,,
IN,9305,Excel Center - Richmond,1800134,st_leaid,9305,Excel Center - Richmond,2024,
IN,9315,Signature School Inc,1800021,st_leaid,9315,Signature School Inc,2024,
IN,9320,Community Montessori Inc,1800011,st_leaid,9320,Community Montessori Inc,2024,
IN,9325,Options Charter Schools,1800016,st_leaid,9325,Options Charter Schools,2024,
IN,9330,Irvington Community School,1800014,st_leaid,9330,Irvington Community School,2024,
IN,9335,Excel Center - Lafayette Square,1800138,st_leaid,9335,Excel Center - West,2024,
IN,9345,Excel Center - Lafayette,1800142,st_leaid,9345,Excel Center - Lafayette,2024,
IN,9353,Indiana Agriculture & Technology School - USI Campus,,unmatched,,,,
IN,9355,Excel Center - Kokomo,1800135,st_leaid,9355,Excel Center - Kokomo,2024,
IN,9380,Christel House Academy South,1800018,st_leaid,9380,Christel House Academy South,2024,
IN,9385,Christel House DORS,1800122,st_leaid,9385,Christel House DORS,2024,
IN,9445,Charles A Tindley Accelerated Sch,1800045,st_leaid,9445,Charles A Tindley Accelerated Sch,2024,
IN,9460,Thea Bowman Leadership Academy,1800025,st_leaid,9460,Thea Bowman Leadership Academy,2024,
IN,9505,Indiana Agriculture and Technology,1800198,st_leaid,9505,Indiana Agriculture and Technology,2024,
IN,9535,Gary Lighthouse Charter School,1800052,st_leaid,9535,Gary Lighthouse Charter School,2024,
IN,9539,Excel Center - Elkhart,1800232,st_leaid,9539,Excel Center - Elkhart,2024,
IN,9545,21st Century Charter Sch of Gary,1800046,st_leaid,9545,21st Century Charter Sch of Gary,2024,
IN,9575,Victory College Prep Academy,1800051,st_leaid,9575,Victory College Prep,2024,
IN,9605,IN Sch for the Blind & Vis Imprd,1800023,st_leaid,9605,IN Sch for the Blind & Vis Imprd,2024,
IN,9610,Indiana School For The Deaf,1800024,st_leaid,9610,Indiana School For The Deaf,2024,
IN,9620,Burris Laboratory School,1800038,st_leaid,9620,Burris Laboratory School,2024,
IN,9625,Indiana Academy for Sci Math Hmn,1800041,st_leaid,9625,Indiana Academy for Sci Math Hmn,2024,
IN,9650,Herron Charter,1800058,st_leaid,9650,Herron Charter,2024,
IN,9651,"The Hope Academy, Inc.",1800217,st_leaid,9651,The Hope Academy Inc.,2024,
IN,9670,Indianapolis Metropolitan High Sch,1800064,st_leaid,9670,Indianapolis Metropolitan High Sch,2024,
IN,9705,Hammond Academy of Science & Tech,1800082,st_leaid,9705,Hammond Academy of Science & Tech,2024,
IN,9730,Neighbors' New Vistas High School,1800113,st_leaid,9730,Neighbors' New Vistas High School,2024,
IN,9750,Excel Center - Anderson,1800116,st_leaid,9750,Excel Center - Anderson,2024,
IN,9760,Smith Academy for Excellence,1800131,st_leaid,9760,Smith Academy for Excellence,2024,
IN,9790,Anderson Preparatory Academy,1800077,st_leaid,9790,Anderson Preparatory Academy,2024,
IN,9840,Excel Center - University Heights,1800159,st_leaid,9840,Excel Center - University Heights,2024,
IN,9855,Excel Center - Noblesville,1800163,st_leaid,9855,Excel Center - Noblesville,2024,
IN,9875,Rock Creek Community Academy,1800099,st_leaid,9875,Rock Creek Community Academy,2024,
IN,9880,Career Academy High School,1800101,st_leaid,9880,Career Academy High School,2024,
IN,9885,Gary Middle College,1800102,st_leaid,9885,Gary Middle College,2024,
IN,9895,IN Math & Science Academy - North,1800094,st_leaid,9895,IN Math & Science Academy - North,2024,
IN,9900,Excel Center - South Bend,1800169,st_leaid,9900,Excel Center - South Bend,2024,
IN,9905,Indiana Connections Academy,1800098,st_leaid,9905,Indiana Connections Academy,2024,
IN,9910,Excel Center for Adult Learners,1800093,st_leaid,9910,Excel Center for Adult Learners,2024,
IN,9920,Damar Charter Academy,1800108,st_leaid,9920,Damar Charter Academy,2024,
IN,9950,Dugger Union Community School Corp,1800165,st_leaid,9950,Dugger Union Community School Corp,2024,
IN,9980,Steel City Academy,1800171,st_leaid,9980,Steel City Academy,2024,
IN,9985,Seven Oaks Classical School,1800176,st_leaid,9985,Seven Oaks Classical School,2024,
IN,9995,Excel Center - Shelbyville,1800175,st_leaid,9995,Excel Center - Shelbyville,2024,
KS,D0101,Erie-Galesburg,2006000,st_leaid,D0101,Erie-Galesburg,2024,
KS,D0102,Cimarron-Ensign,2004800,st_leaid,D0102,Cimarron-Ensign,2024,
KS,D0103,Cheylin,2004790,st_leaid,D0103,Cheylin,2024,
KS,D0105,Rawlins County,2000023,st_leaid,D0105,Rawlins County,2024,
KS,D0106,Western Plains,2000020,st_leaid,D0106,Western Plains,2024,
KS,D0107,Rock Hills,2000029,st_leaid,D0107,Rock Hills,2024,
KS,D0108,Washington Co. Schools,2000028,st_leaid,D0108,Washington Co. Schools,2024,
KS,D0109,Republic County,2000030,st_leaid,D0109,Republic County,2024,
KS,D0110,Thunder Ridge Schools,2000346,st_leaid,D0110,Thunder Ridge Schools,2024,
KS,D0111,Doniphan West Schools,2000348,st_leaid,D0111,Doniphan West Schools,2024,
KS,D0112,Central Plains,2000349,st_leaid,D0112,Central Plains,2024,
KS,D0113,Prairie Hills,2000350,st_leaid,D0113,Prairie Hills,2024,
KS,D0114,Riverside,2000351,st_leaid,D0114,Riverside,2024,
KS,D0115,Nemaha Central,2000353,st_leaid,D0115,Nemaha Central,2024,
KS,D0200,Greeley County Schools,2006690,st_leaid,D0200,Greeley County Schools,2024,
KS,D0202,Turner-Kansas City,2012360,st_leaid,D0202,Turner-Kansas City,2024,
KS,D0203,Piper-Kansas City,2010680,st_leaid,D0203,Piper-Kansas City,2024,
KS,D0204,Bonner Springs,2004050,st_leaid,D0204,Bonner Springs,2024,
KS,D0205,Bluestem,2008550,st_leaid,D0205,Bluestem,2024,
KS,D0206,Remington-Whitewater,2006240,st_leaid,D0206,Remington-Whitewater,2024,
KS,D0208,Wakeeney,2012630,st_leaid,D0208,Trego County,2024,
KS,D0209,Moscow Public Schools,2009720,st_leaid,D0209,Moscow Public Schools,2024,
KS,D0210,Hugoton Public Schools,2007560,st_leaid,D0210,Hugoton Public Schools,2024,
KS,D0211,Norton Community Schools,2010020,st_leaid,D0211,Norton Community Schools,2024,
KS,D0212,Northern Valley,2003270,st_leaid,D0212,Northern Valley,2024,
KS,D0214,Ulysses,2012420,st_leaid,D0214,Ulysses,2024,
KS,D0215,Lakin,2008280,st_leaid,D0215,Lakin,2024,
KS,D0216,Deerfield,2005400,st_leaid,D0216,Deerfield,2024,
KS,D0217,Rolla,2011190,st_leaid,D0217,Rolla,2024,
KS,D0218,Elkhart,2005790,st_leaid,D0218,Elkhart,2024,
KS,D0219,Minneola,2009600,st_leaid,D0219,Minneola,2024,
KS,D0220,Ashland,2003510,st_leaid,D0220,Ashland,2024,
KS,D0223,Barnes,2000012,st_leaid,D0223,Barnes,2024,
KS,D0224,Clifton-Clyde,2004950,st_leaid,D0224,Clifton-Clyde,2024,
KS,D0226,Meade,2009420,st_leaid,D0226,Meade,2024,
KS,D0227,Hodgeman County Schools,2007800,st_leaid,D0227,Hodgeman County,2024,
KS,D0229,Blue Valley,2012000,st_leaid,D0229,Blue Valley,2024,
KS,D0230,Spring Hill,2011850,st_leaid,D0230,Spring Hill,2024,
KS,D0231,Gardner Edgerton,2006420,st_leaid,D0231,Gardner Edgerton,2024,
KS,D0232,De Soto,2005490,st_leaid,D0232,De Soto,2024,
KS,D0233,Olathe,2010140,st_leaid,D0233,Olathe,2024,
KS,D0234,Fort Scott,2006180,st_leaid,D0234,Fort Scott,2024,
KS,D0235,Uniontown,2012450,st_leaid,D0235,Uniontown,2024,
KS,D0237,Smith Center,2000007,st_leaid,D0237,Smith Center,2024,
KS,D0239,North Ottawa County,2009570,st_leaid,D0239,North Ottawa County,2024,
KS,D0240,Twin Valley,2003960,st_leaid,D0240,Twin Valley,2024,
KS,D0241,Wallace County Schools,2011610,st_leaid,D0241,Wallace County Schools,2024,
KS,D0243,Lebo-Waverly,2012810,st_leaid,D0243,Lebo-Waverly,2024,
KS,D0244,Burlington,2004290,st_leaid,D0244,Burlington,2024,
KS,D0245,LeRoy-Gridley,2008670,st_leaid,D0245,LeRoy-Gridley,2024,
KS,D0246,Northeast,2003480,st_leaid,D0246,Northeast,2024,
KS,D0247,Cherokee,2004710,st_leaid,D0247,Cherokee,2024,
KS,D0248,Girard,2006480,st_leaid,D0248,Girard,2024,
KS,D0249,Frontenac Public Schools,2006300,st_leaid,D0249,Frontenac Public Schools,2024,
KS,D0250,Pittsburg,2010710,st_leaid,D0250,Pittsburg,2024,
KS,D0251,North Lyon County,2003210,st_leaid,D0251,North Lyon County,2024,
KS,D0252,Southern Lyon County,2006930,st_leaid,D0252,Southern Lyon County,2024,
KS,D0253,Emporia,2005940,st_leaid,D0253,Emporia,2024,
KS,D0254,Barber County North,2009450,st_leaid,D0254,Barber County North,2024,
KS,D0255,South Barber,2008130,st_leaid,D0255,South Barber,2024,
KS,D0256,Marmaton Valley,2009660,st_leaid,D0256,Marmaton Valley,2024,
KS,D0257,Iola,2007740,st_leaid,D0257,Iola,2024,
KS,D0258,Humboldt,2007590,st_leaid,D0258,Humboldt,2024,
KS,D0259,Wichita,2012990,st_leaid,D0259,Wichita,2024,
KS,D0260,Derby,2005460,st_leaid,D0260,Derby,2024,
KS,D0261,Haysville,2007050,st_leaid,D0261,Haysville,2024,
KS,D0262,Valley Center Pub Sch,2012510,st_leaid,D0262,Valley Center Pub Sch,2024,
KS,D0263,Mulvane,2009840,st_leaid,D0263,Mulvane,2024,
KS,D0264,Clearwater,2004920,st_leaid,D0264,Clearwater,2024,
KS,D0265,Goddard,2006540,st_leaid,D0265,Goddard,2024,
KS,D0266,Maize,2009140,st_leaid,D0266,Maize,2024,
KS,D0267,Renwick,2011080,st_leaid,D0267,Renwick,2024,
KS,D0268,Cheney,2004670,st_leaid,D0268,Cheney,2024,
KS,D0270,Plainville,2010740,st_leaid,D0270,Plainville,2024,
KS,D0271,Stockton,2012060,st_leaid,D0271,Stockton,2024,
KS,D0272,Waconda,2004470,st_leaid,D0272,Waconda,2024,
KS,D0273,Beloit,2003870,st_leaid,D0273,Beloit,2024,
KS,D0274,Oakley,2010050,st_leaid,D0274,Oakley,2024,
KS,D0275,Triplains,2000013,st_leaid,D0275,Triplains,2024,
KS,D0281,Graham County,2007260,st_leaid,D0281,Graham County,2024,
KS,D0282,West Elk,2007500,st_leaid,D0282,West Elk,2024,
KS,D0283,Elk Valley,2005760,st_leaid,D0283,Elk Valley,2024,
KS,D0284,Chase County,2005250,st_leaid,D0284,Chase County,2024,
KS,D0285,Cedar Vale,2004500,st_leaid,D0285,Cedar Vale,2024,
KS,D0286,Chautauqua Co Community,2011520,st_leaid,D0286,Chautauqua Co Community,2024,
KS,D0287,West Franklin,2010800,st_leaid,D0287,West Franklin,2024,
KS,D0288,Central Heights,2000014,st_leaid,D0288,Central Heights,2024,
KS,D0289,Wellsville,2012870,st_leaid,D0289,Wellsville,2024,
KS,D0290,Ottawa,2000015,st_leaid,D0290,Ottawa,2024,
KS,D0292,Wheatland,2006630,st_leaid,D0292,Wheatland,2024,
KS,D0293,Quinter Public Schools,2010950,st_leaid,D0293,Quinter Public Schools,2024,
KS,D0294,Oberlin,2010080,st_leaid,D0294,Oberlin,2024,
KS,D0297,St Francis Comm Sch,2011880,st_leaid,D0297,St Francis Comm Sch,2024,
KS,D0298,Lincoln,2008790,st_leaid,D0298,Lincoln,2024,
KS,D0299,Sylvan Grove,2012120,st_leaid,D0299,Sylvan Grove,2024,
KS,D0300,Comanche County,2005040,st_leaid,D0300,Comanche County,2024,
KS,D0303,Ness City,2009930,st_leaid,D0303,Ness City,2024,
KS,D0305,Salina,2011370,st_leaid,D0305,Salina,2024,
KS,D0306,Southeast Of Saline,2000001,st_leaid,D0306,Southeast Of Saline,2024,
KS,D0307,Ell-Saline,2005800,st_leaid,D0307,Ell-Saline,2024,
KS,D0308,Hutchinson Public Schools,2007620,st_leaid,D0308,Hutchinson Public Schools,2024,
KS,D0309,Nickerson,2009990,st_leaid,D0309,Nickerson,2024,
KS,D0310,Fairfield,2008310,st_leaid,D0310,Fairfield,2024,
KS,D0311,Pretty Prairie,2010920,st_leaid,D0311,Pretty Prairie,2024,
KS,D0312,Haven Public Schools,2006960,st_leaid,D0312,Haven Public Schools,2024,
KS,D0313,Buhler,2004200,st_leaid,D0313,Buhler,2024,
KS,D0314,Brewster,2004080,st_leaid,D0314,Brewster,2024,
KS,D0315,Colby Public Schools,2005010,st_leaid,D0315,Colby Public Schools,2024,
KS,D0316,Golden Plains,2011040,st_leaid,D0316,Golden Plains,2024,
KS,D0320,Wamego,2000003,st_leaid,D0320,Wamego,2024,
KS,D0321,Kaw Valley,2007970,st_leaid,D0321,Kaw Valley,2024,
KS,D0322,Onaga-Havensville-Wheaton,2010170,st_leaid,D0322,Onaga-Havensville-Wheaton,2024,
KS,D0323,Rock Creek,2000004,st_leaid,D0323,Rock Creek,2024,
KS,D0325,Phillipsburg,2010650,st_leaid,D0325,Phillipsburg,2024,
KS,D0327,Ellsworth,2005870,st_leaid,D0327,Ellsworth,2024,
KS,D0329,Wabaunsee,2003240,st_leaid,D0329,Wabaunsee,2024,
KS,D0330,Mission Valley,2006060,st_leaid,D0330,Mission Valley,2024,
KS,D0331,Kingman - Norwich,2008070,st_leaid,D0331,Kingman - Norwich,2024,
KS,D0332,Cunningham,2005370,st_leaid,D0332,Cunningham,2024,
KS,D0333,Concordia,2005100,st_leaid,D0333,Concordia,2024,
KS,D0334,Southern Cloud,2006510,st_leaid,D0334,Southern Cloud,2024,
KS,D0335,North Jackson,2004830,st_leaid,D0335,North Jackson,2024,
KS,D0336,Holton,2007380,st_leaid,D0336,Holton,2024,
KS,D0337,Royal Valley,2009320,st_leaid,D0337,Royal Valley,2024,
KS,D0338,Valley Falls,2012540,st_leaid,D0338,Valley Falls,2024,
KS,D0339,Jefferson County North,2013020,st_leaid,D0339,Jefferson County North,2024,
KS,D0340,Jefferson West,2009510,st_leaid,D0340,Jefferson West,2024,
KS,D0341,Oskaloosa Public Schools,2010320,st_leaid,D0341,Oskaloosa Public Schools,2024,
KS,D0342,McLouth,2009360,st_leaid,D0342,McLouth,2024,
KS,D0343,Perry Public Schools,2010620,st_leaid,D0343,Perry Public Schools,2024,
KS,D0344,Pleasanton,2010770,st_leaid,D0344,Pleasanton,2024,
KS,D0345,Seaman,2011490,st_leaid,D0345,Seaman,2024,
KS,D0346,Jayhawk,2007750,st_leaid,D0346,Jayhawk,2024,
KS,D0347,Kinsley-Offerle,2008100,st_leaid,D0347,Kinsley-Offerle,2024,
KS,D0348,Baldwin City,2003720,st_leaid,D0348,Baldwin City,2024,
KS,D0349,Stafford,2011970,st_leaid,D0349,Stafford,2024,
KS,D0350,St John-Hudson,2011910,st_leaid,D0350,St John-Hudson,2024,
KS,D0351,Macksville,2009060,st_leaid,D0351,Macksville,2024,
KS,D0352,Goodland,2006580,st_leaid,D0352,Goodland,2024,
KS,D0353,Wellington,2012840,st_leaid,D0353,Wellington,2024,
KS,D0355,Ellinwood Public Schools,2005820,st_leaid,D0355,Ellinwood Public Schools,2024,
KS,D0356,Conway Springs,2005130,st_leaid,D0356,Conway Springs,2024,
KS,D0357,Belle Plaine,2003900,st_leaid,D0357,Belle Plaine,2024,
KS,D0358,Oxford,2010440,st_leaid,D0358,Oxford,2024,
KS,D0359,Argonia Public Schools,2003430,st_leaid,D0359,Argonia Public Schools,2024,
KS,D0360,Caldwell,2004380,st_leaid,D0360,Caldwell,2024,
KS,D0361,Chaparral Schools,2003390,st_leaid,D0361,Chaparral Schools,2024,
KS,D0362,Prairie View,2008250,st_leaid,D0362,Prairie View,2024,
KS,D0363,Holcomb,2007350,st_leaid,D0363,Holcomb,2024,
KS,D0364,Marysville,2000016,st_leaid,D0364,Marysville,2024,
KS,D0365,Garnett,2006450,st_leaid,D0365,Garnett,2024,
KS,D0366,Woodson,2013110,st_leaid,D0366,Woodson,2024,
KS,D0367,Osawatomie,2010260,st_leaid,D0367,Osawatomie,2024,
KS,D0368,Paola,2010500,st_leaid,D0368,Paola,2024,
KS,D0369,Burrton,2004350,st_leaid,D0369,Burrton,2024,
KS,D0371,Montezuma,2009630,st_leaid,D0371,Montezuma,2024,
KS,D0372,Silver Lake,2011700,st_leaid,D0372,Silver Lake,2024,
KS,D0373,Newton,2009960,st_leaid,D0373,Newton,2024,
KS,D0374,Sublette,2012090,st_leaid,D0374,Sublette,2024,
KS,D0375,Circle,2012300,st_leaid,D0375,Circle,2024,
KS,D0376,Sterling,2012030,st_leaid,D0376,Sterling,2024,
KS,D0377,Atchison Co Comm Schools,2005700,st_leaid,D0377,Atchison Co Comm Schools,2024,
KS,D0378,Riley County,2011100,st_leaid,D0378,Riley County,2024,
KS,D0379,Clay County,2004890,st_leaid,D0379,Clay County,2024,
KS,D0380,Vermillion,2004560,st_leaid,D0380,Vermillion,2024,
KS,D0381,Spearville,2011820,st_leaid,D0381,Spearville,2024,
KS,D0382,Pratt,2010890,st_leaid,D0382,Pratt,2024,
KS,D0383,Manhattan-Ogden,2009180,st_leaid,D0383,Manhattan-Ogden,2024,
KS,D0384,Blue Valley,2010980,st_leaid,D0384,Blue Valley,2024,
KS,D0385,Andover,2003360,st_leaid,D0385,Andover,2024,
KS,D0386,Madison-Virgil,2009090,st_leaid,D0386,Madison-Virgil,2024,
KS,D0387,Altoona-Midway,2004170,st_leaid,D0387,Altoona-Midway,2024,
KS,D0388,Ellis,2005850,st_leaid,D0388,Ellis,2024,
KS,D0389,Eureka,2006120,st_leaid,D0389,Eureka,2024,
KS,D0390,Hamilton,2006870,st_leaid,D0390,Hamilton,2024,
KS,D0392,Osborne County,2010290,st_leaid,D0392,Osborne County,2024,
KS,D0393,Solomon,2011760,st_leaid,D0393,Solomon,2024,
KS,D0394,Rose Hill Public Schools,2011250,st_leaid,D0394,Rose Hill Public Schools,2024,
KS,D0395,LaCrosse,2008220,st_leaid,D0395,LaCrosse,2024,
KS,D0396,Douglass Public Schools,2005610,st_leaid,D0396,Douglass Public Schools,2024,
KS,D0397,Centre,2008940,st_leaid,D0397,Centre,2024,
KS,D0398,Peabody-Burns,2010590,st_leaid,D0398,Peabody-Burns,2024,
KS,D0399,Paradise,2009850,st_leaid,D0399,Paradise,2024,
KS,D0400,Smoky Valley,2000002,st_leaid,D0400,Smoky Valley,2024,
KS,D0401,Chase-Raymond,2004650,st_leaid,D0401,Chase-Raymond,2024,
KS,D0402,Augusta,2003630,st_leaid,D0402,Augusta,2024,
KS,D0403,Otis-Bison,2004020,st_leaid,D0403,Otis-Bison,2024,
KS,D0404,Riverton,2011130,st_leaid,D0404,Riverton,2024,
KS,D0405,Lyons,2009030,st_leaid,D0405,Lyons,2024,
KS,D0407,Russell County,2011310,st_leaid,D0407,Russell County,2024,
KS,D0408,Marion-Florence,2009240,st_leaid,D0408,Marion-Florence,2024,
KS,D0409,Atchison Public Schools,2003540,st_leaid,D0409,Atchison Public Schools,2024,
KS,D0410,Durham-Hillsboro-Lehigh,2007290,st_leaid,D0410,Durham-Hillsboro-Lehigh,2024,
KS,D0411,Goessel,2006570,st_leaid,D0411,Goessel,2024,
KS,D0412,Hoxie Community Schools,2007530,st_leaid,D0412,Hoxie Community Schools,2024,
KS,D0413,Chanute Public Schools,2004590,st_leaid,D0413,Chanute Public Schools,2024,
KS,D0415,Hiawatha,2000006,st_leaid,D0415,Hiawatha,2024,
KS,D0416,Louisburg,2008970,st_leaid,D0416,Louisburg,2024,
KS,D0417,Morris County,2005280,st_leaid,D0417,Morris County,2024,
KS,D0418,McPherson,2009390,st_leaid,D0418,McPherson,2024,
KS,D0419,Canton-Galva,2004440,st_leaid,D0419,Canton-Galva,2024,
KS,D0420,Osage City,2010230,st_leaid,D0420,Osage City,2024,
KS,D0421,Lyndon,2009000,st_leaid,D0421,Lyndon,2024,
KS,D0422,Kiowa County,2006720,st_leaid,D0422,Kiowa County,2024,
KS,D0423,Moundridge,2009780,st_leaid,D0423,Moundridge,2024,
KS,D0426,Pike Valley,2005310,st_leaid,D0426,Pike Valley,2024,
KS,D0428,Great Bend,2006660,st_leaid,D0428,Great Bend,2024,
KS,D0429,Troy Public Schools,2012330,st_leaid,D0429,Troy Public Schools,2024,
KS,D0430,South Brown County,2007470,st_leaid,D0430,South Brown County,2024,
KS,D0431,Hoisington,2007320,st_leaid,D0431,Hoisington,2024,
KS,D0432,Victoria,2012600,st_leaid,D0432,Victoria,2024,
KS,D0434,Santa Fe Trail,2010410,st_leaid,D0434,Santa Fe Trail,2024,
KS,D0435,Abilene,2003180,st_leaid,D0435,Abilene,2024,
KS,D0436,Caney Valley,2004410,st_leaid,D0436,Caney Valley,2024,
KS,D0437,Auburn Washburn,2003200,st_leaid,D0437,Auburn-Washburn,2024,
KS,D0438,Skyline Schools,2011430,st_leaid,D0438,Skyline Schools,2024,
KS,D0439,Sedgwick Public Schools,2011550,st_leaid,D0439,Sedgwick Public Schools,2024,
KS,D0440,Halstead,2006840,st_leaid,D0440,Halstead,2024,
KS,D0443,Dodge City,2005580,st_leaid,D0443,Dodge City,2024,
KS,D0444,Little River,2008880,st_leaid,D0444,Little River,2024,
KS,D0445,Coffeyville,2004980,st_leaid,D0445,Coffeyville,2024,
KS,D0446,Independence,2007650,st_leaid,D0446,Independence,2024,
KS,D0447,Cherryvale,2004740,st_leaid,D0447,Cherryvale,2024,
KS,D0448,Inman,2007710,st_leaid,D0448,Inman,2024,
KS,D0449,Easton,2005640,st_leaid,D0449,Easton,2024,
KS,D0450,Shawnee Heights,2012180,st_leaid,D0450,Shawnee Heights,2024,
KS,D0452,Stanton County,2007860,st_leaid,D0452,Stanton County,2024,
KS,D0453,Leavenworth,2008430,st_leaid,D0453,Leavenworth,2024,
KS,D0454,Burlingame Public School,2004260,st_leaid,D0454,Burlingame Public School,2024,
KS,D0456,Marais Des Cygnes Valley,2009480,st_leaid,D0456,Marais Des Cygnes Valley,2024,
KS,D0457,Garden City,2006390,st_leaid,D0457,Garden City,2024,
KS,D0458,Basehor-Linwood,2003780,st_leaid,D0458,Basehor-Linwood,2024,
KS,D0459,Bucklin,2004140,st_leaid,D0459,Bucklin,2024,
KS,D0460,Hesston,2007170,st_leaid,D0460,Hesston,2024,
KS,D0461,Neodesha,2009900,st_leaid,D0461,Neodesha,2024,
KS,D0462,Central,2004230,st_leaid,D0462,Central,2024,
KS,D0463,Udall,2012390,st_leaid,D0463,Udall,2024,
KS,D0464,Tonganoxie,2012210,st_leaid,D0464,Tonganoxie,2024,
KS,D0465,Winfield,2013050,st_leaid,D0465,Winfield,2024,
KS,D0466,Scott County,2000017,st_leaid,D0466,Scott County,2024,
KS,D0467,Leoti,2008610,st_leaid,D0467,Leoti,2024,
KS,D0469,Lansing,2008340,st_leaid,D0469,Lansing,2024,
KS,D0470,Arkansas City,2003450,st_leaid,D0470,Arkansas City,2024,
KS,D0471,Dexter,2005520,st_leaid,D0471,Dexter,2024,
KS,D0473,Chapman,2004620,st_leaid,D0473,Chapman,2024,
KS,D0475,Geary County Schools,2007890,st_leaid,D0475,Geary County Schools,2024,
KS,D0477,Ingalls,2007680,st_leaid,D0477,Ingalls,2024,
KS,D0479,Crest,2008040,st_leaid,D0479,Crest,2024,
KS,D0480,Liberal,2008730,st_leaid,D0480,Liberal,2024,
KS,D0481,Rural Vista,2007440,st_leaid,D0481,Rural Vista,2024,
KS,D0482,Dighton,2005550,st_leaid,D0482,Dighton,2024,
KS,D0483,Kismet-Plains,2008190,st_leaid,D0483,Kismet-Plains,2024,
KS,D0484,Fredonia,2006270,st_leaid,D0484,Fredonia,2024,
KS,D0487,Herington,2007110,st_leaid,D0487,Herington,2024,
KS,D0489,Hays,2007020,st_leaid,D0489,Hays,2024,
KS,D0490,El Dorado,2005730,st_leaid,D0490,El Dorado,2024,
KS,D0491,Eudora,2006090,st_leaid,D0491,Eudora,2024,
KS,D0492,Flinthills,2011220,st_leaid,D0492,Flinthills,2024,
KS,D0493,Columbus,2005070,st_leaid,D0493,Columbus,2024,
KS,D0494,Syracuse,2012150,st_leaid,D0494,Syracuse,2024,
KS,D0495,Ft Larned,2008370,st_leaid,D0495,Ft Larned,2024,
KS,D0496,Pawnee Heights,2011280,st_leaid,D0496,Pawnee Heights,2024,
KS,D0497,Lawrence,2008400,st_leaid,D0497,Lawrence,2024,
KS,D0498,Valley Heights,2012780,st_leaid,D0498,Valley Heights,2024,
KS,D0499,Galena,2006360,st_leaid,D0499,Galena,2024,
KS,D0500,Kansas City,2007950,st_leaid,D0500,Kansas City,2024,
KS,D0501,Topeka Public Schools,2012260,st_leaid,D0501,Topeka Public Schools,2024,
KS,D0503,Parsons,2010560,st_leaid,D0503,Parsons,2024,
KS,D0504,Oswego,2010350,st_leaid,D0504,Oswego,2024,
KS,D0505,Chetopa-St. Paul,2004770,st_leaid,D0505,Chetopa-St. Paul,2024,
KS,D0506,Labette County,2003300,st_leaid,D0506,Labette County,2024,
KS,D0507,Satanta,2011400,st_leaid,D0507,Satanta,2024,
KS,D0508,Baxter Springs,2003810,st_leaid,D0508,Baxter Springs,2024,
KS,D0509,South Haven,2011790,st_leaid,D0509,South Haven,2024,
KS,D0511,Attica,2003570,st_leaid,D0511,Attica,2024,
KS,D0512,Shawnee Mission Pub Sch,2011640,st_leaid,D0512,Shawnee Mission Pub Sch,2024,
KS,S0521,Department of Corrections,2000024,st_leaid,S0521,Department of Corrections,2024,
KS,S0610,School for Deaf,2000019,st_leaid,S0610,School for Deaf,2024,
KS,Z0029,Kansas City Catholic Diocese,,unmatched,,,,
KS,Z0030,Salina Catholic Diocese,,unmatched,,,,
KS,Z0031,Wichita Catholic Diocese,,unmatched,,,,
KS,Z0060,Accelerated Schools,,unmatched,,,,
KS,Z0066,Life Preparatory Academy,,unmatched,,,,
KY,001001000,Adair County,2100030,st_leaid,001001000,Adair County,2024,
KY,002005000,Allen County,2100070,st_leaid,002005000,Allen County,2024,
KY,003011000,Anderson County,2100120,st_leaid,003011000,Anderson County,2024,
KY,004015000,Ballard County,2100210,st_leaid,004015000,Ballard County,2024,
KY,005021000,Barren County,2100300,st_leaid,005021000,Barren County,2024,
KY,005113000,Caverna Independent,2101110,st_leaid,005113000,Caverna Independent,2024,
KY,005197000,Glasgow Independent,2102220,st_leaid,005197000,Glasgow Independent,2024,
KY,006025000,Bath County,2100330,st_leaid,006025000,Bath County,2024,
KY,007031000,Bell County,2100390,st_leaid,007031000,Bell County,2024,
KY,007426000,Middlesboro Independent,2104170,st_leaid,007426000,Middlesboro Independent,2024,
KY,007493000,Pineville Independent,2104860,st_leaid,007493000,Pineville Independent,2024,
KY,008035000,Boone County,2100510,st_leaid,008035000,Boone County,2024,
KY,008567000,Walton-Verona Independent,2105700,st_leaid,008567000,Walton-Verona Independent,2024,
KY,009041000,Bourbon County,2100540,st_leaid,009041000,Bourbon County,2024,
KY,009478000,Paris Independent,2104710,st_leaid,009478000,Paris Independent,2024,
KY,010012000,Ashland Independent,2100150,st_leaid,010012000,Ashland Independent,2024,
KY,010045000,Boyd County,2100620,st_leaid,010045000,Boyd County,2024,
KY,010162000,Fairview Independent,2101800,st_leaid,010162000,Fairview Independent,2024,
KY,011051000,Boyle County,2100630,st_leaid,011051000,Boyle County,2024,
KY,011143000,Danville Independent,2101440,st_leaid,011143000,Danville Independent,2024,
KY,011603000,Kentucky School for the Deaf District,2100095,st_leaid,011603000,Kentucky School for the Deaf District,2024,
KY,012013000,Augusta Independent,2100180,st_leaid,012013000,Augusta Independent,2024,
KY,012055000,Bracken County,2100660,st_leaid,012055000,Bracken County,2024,
KY,013061000,Breathitt County,2100690,st_leaid,013061000,Breathitt County,2024,
KY,013272000,Jackson Independent,2102910,st_leaid,013272000,Jackson Independent,2024,
KY,014065000,Breckinridge County,2100720,st_leaid,014065000,Breckinridge County,2024,
KY,014132000,Cloverport Independent,2101290,st_leaid,014132000,Cloverport Independent,2024,
KY,015071000,Bullitt County,2100750,st_leaid,015071000,Bullitt County,2024,
KY,016075000,Butler County,2100810,st_leaid,016075000,Butler County,2024,
KY,017081000,Caldwell County,2100840,st_leaid,017081000,Caldwell County,2024,
KY,018085000,Calloway County,2100870,st_leaid,018085000,Calloway County,2024,
KY,018446000,Murray Independent,2104380,st_leaid,018446000,Murray Independent,2024,
KY,019032000,Bellevue Independent,2100420,st_leaid,019032000,Bellevue Independent,2024,
KY,019091000,Campbell County,2100900,st_leaid,019091000,Campbell County,2024,
KY,019147000,Dayton Independent,2101530,st_leaid,019147000,Dayton Independent,2024,
KY,019176000,Fort Thomas Independent,2102040,st_leaid,019176000,Fort Thomas Independent,2024,
KY,019452000,Newport Independent,2104440,st_leaid,019452000,Newport Independent,2024,
KY,020095000,Carlisle County,2100960,st_leaid,020095000,Carlisle County,2024,
KY,021101000,Carroll County,2100990,st_leaid,021101000,Carroll County,2024,
KY,022105000,Carter County,2101020,st_leaid,022105000,Carter County,2024,
KY,023111000,Casey County,2101050,st_leaid,023111000,Casey County,2024,
KY,024115000,Christian County,2101150,st_leaid,024115000,Christian County,2024,
KY,025121000,Clark County,2101200,st_leaid,025121000,Clark County,2024,
KY,026125000,Clay County,2101230,st_leaid,026125000,Clay County,2024,
KY,027131000,Clinton County,2101260,st_leaid,027131000,Clinton County,2024,
KY,028135000,Crittenden County,2101380,st_leaid,028135000,Crittenden County,2024,
KY,029141000,Cumberland County,2101410,st_leaid,029141000,Cumberland County,2024,
KY,030145000,Daviess County,2101470,st_leaid,030145000,Daviess County,2024,
KY,030472000,Owensboro Independent,2104590,st_leaid,030472000,Owensboro Independent,2024,
KY,031151000,Edmonson County,2101620,st_leaid,031151000,Edmonson County,2024,
KY,032155000,Elliott County,2101680,st_leaid,032155000,Elliott County,2024,
KY,033161000,Estill County,2101760,st_leaid,033161000,Estill County,2024,
KY,034165000,Fayette County,2101860,st_leaid,034165000,Fayette County,2024,
KY,035171000,Fleming County,2101920,st_leaid,035171000,Fleming County,2024,
KY,036175000,Floyd County,2101950,st_leaid,036175000,Floyd County,2024,
KY,037177000,Frankfort Independent,2101980,st_leaid,037177000,Frankfort Independent,2024,
KY,037181000,Franklin County,2102010,st_leaid,037181000,Franklin County,2024,
KY,037880000,Kentucky National Guard Youth ChalleNGe Academies,,unmatched,,,,
KY,038185000,Fulton County,2102100,st_leaid,038185000,Fulton County,2024,
KY,038186000,Fulton Independent,2102070,st_leaid,038186000,Fulton Independent,2024,
KY,039191000,Gallatin County,2102130,st_leaid,039191000,Gallatin County,2024,
KY,040195000,Garrard County,2102160,st_leaid,040195000,Garrard County,2024,
KY,041201000,Grant County,2102250,st_leaid,041201000,Grant County,2024,
KY,041593000,Williamstown Independent,2105940,st_leaid,041593000,Williamstown Independent,2024,
KY,042205000,Graves County,2102280,st_leaid,042205000,Graves County,2024,
KY,042392000,Mayfield Independent,2103900,st_leaid,042392000,Mayfield Independent,2024,
KY,043211000,Grayson County,2102300,st_leaid,043211000,Grayson County,2024,
KY,044215000,Green County,2102340,st_leaid,044215000,Green County,2024,
KY,045221000,Greenup County,2102400,st_leaid,045221000,Greenup County,2024,
KY,045502000,Raceland-Worthington Independent,2104980,st_leaid,045502000,Raceland-Worthington Independent,2024,
KY,045522000,Russell Independent,2105130,st_leaid,045522000,Russell Independent,2024,
KY,046225000,Hancock County,2102460,st_leaid,046225000,Hancock County,2024,
KY,047152000,Elizabethtown Independent,2101650,st_leaid,047152000,Elizabethtown Independent,2024,
KY,047231000,Hardin County,2102490,st_leaid,047231000,Hardin County,2024,
KY,048235000,Harlan County,2102540,st_leaid,048235000,Harlan County,2024,
KY,048236000,Harlan Independent,2102520,st_leaid,048236000,Harlan Independent,2024,
KY,049241000,Harrison County,2102580,st_leaid,049241000,Harrison County,2024,
KY,050245000,Hart County,2102640,st_leaid,050245000,Hart County,2024,
KY,051251000,Henderson County,2102710,st_leaid,051251000,Henderson County,2024,
KY,052156000,Eminence Independent,2101710,st_leaid,052156000,Eminence Independent,2024,
KY,052255000,Henry County,2102760,st_leaid,052255000,Henry County,2024,
KY,052880000,Kentucky National Guard Youth ChalleNGe Academies,2106001,st_leaid,052880000,Kentucky National Guard Youth ChalleNGe Academies,2024,
KY,053261000,Hickman County,2102790,st_leaid,053261000,Hickman County,2024,
KY,054146000,Dawson Springs Independent,2101500,st_leaid,054146000,Dawson Springs Independent,2024,
KY,054265000,Hopkins County,2102860,st_leaid,054265000,Hopkins County,2024,
KY,055271000,Jackson County,2102940,st_leaid,055271000,Jackson County,2024,
KY,056275000,Jefferson County,2102990,st_leaid,056275000,Jefferson County,2024,
KY,056602000,Kentucky School for the Blind District,2100094,st_leaid,056602000,Kentucky School for the Blind District,2024,
KY,057281000,Jessamine County,2103030,st_leaid,057281000,Jessamine County,2024,
KY,058285000,Johnson County,2103060,st_leaid,058285000,Johnson County,2024,
KY,058477000,Paintsville Independent,2104680,st_leaid,058477000,Paintsville Independent,2024,
KY,059026000,Beechwood Independent,2100360,st_leaid,059026000,Beechwood Independent,2024,
KY,059134000,Covington Independent,2101350,st_leaid,059134000,Covington Independent,2024,
KY,059157000,Erlanger-Elsmere Independent,2101740,st_leaid,059157000,Erlanger-Elsmere Independent,2024,
KY,059291000,Kenton County,2103090,st_leaid,059291000,Kenton County,2024,
KY,059354000,Ludlow Independent,2103630,st_leaid,059354000,Ludlow Independent,2024,
KY,060295000,Knott County,2103120,st_leaid,060295000,Knott County,2024,
KY,061016000,Barbourville Independent,2100240,st_leaid,061016000,Barbourville Independent,2024,
KY,061301000,Knox County,2103150,st_leaid,061301000,Knox County,2024,
KY,062305000,LaRue County,2103180,st_leaid,062305000,LaRue County,2024,
KY,063311000,Laurel County,2103210,st_leaid,063311000,Laurel County,2024,
KY,064315000,Lawrence County,2103240,st_leaid,064315000,Lawrence County,2024,
KY,065321000,Lee County,2103270,st_leaid,065321000,Lee County,2024,
KY,066325000,Leslie County,2103330,st_leaid,066325000,Leslie County,2024,
KY,067276000,Jenkins Independent,2103000,st_leaid,067276000,Jenkins Independent,2024,
KY,067331000,Letcher County,2103360,st_leaid,067331000,Letcher County,2024,
KY,068335000,Lewis County,2103390,st_leaid,068335000,Lewis County,2024,
KY,069341000,Lincoln County,2103480,st_leaid,069341000,Lincoln County,2024,
KY,070345000,Livingston County,2103510,st_leaid,070345000,Livingston County,2024,
KY,071351000,Logan County,2103540,st_leaid,071351000,Logan County,2024,
KY,071523000,Russellville Independent,2105190,st_leaid,071523000,Russellville Independent,2024,
KY,072361000,Lyon County,2103690,st_leaid,072361000,Lyon County,2024,
KY,073034000,Berea Independent,2100480,st_leaid,073034000,Berea Independent,2024,
KY,073365000,Madison County,2103720,st_leaid,073365000,Madison County,2024,
KY,073606000,Model Laboratory Schools at EKU,2100291,st_leaid,073606000,Model Laboratory Schools at EKU,2024,
KY,074371000,Magoffin County,2103750,st_leaid,074371000,Magoffin County,2024,
KY,075375000,Marion County,2103780,st_leaid,075375000,Marion County,2024,
KY,076381000,Marshall County,2103810,st_leaid,076381000,Marshall County,2024,
KY,077385000,Martin County,2103840,st_leaid,077385000,Martin County,2024,
KY,078391000,Mason County,2103870,st_leaid,078391000,Mason County,2024,
KY,079395000,McCracken County,2103960,st_leaid,079395000,McCracken County,2024,
KY,079476000,Paducah Independent,2104650,st_leaid,079476000,Paducah Independent,2024,
KY,080401000,McCreary County,2103990,st_leaid,080401000,McCreary County,2024,
KY,081405000,McLean County,2104020,st_leaid,081405000,McLean County,2024,
KY,082411000,Meade County,2104050,st_leaid,082411000,Meade County,2024,
KY,083415000,Menifee County,2104080,st_leaid,083415000,Menifee County,2024,
KY,084072000,Burgin Independent,2100780,st_leaid,084072000,Burgin Independent,2024,
KY,084421000,Mercer County,2104110,st_leaid,084421000,Mercer County,2024,
KY,085425000,Metcalfe County,2104140,st_leaid,085425000,Metcalfe County,2024,
KY,086431000,Monroe County,2104200,st_leaid,086431000,Monroe County,2024,
KY,087435000,Montgomery County,2104250,st_leaid,087435000,Montgomery County,2024,
KY,088441000,Morgan County,2104290,st_leaid,088441000,Morgan County,2024,
KY,089445000,Muhlenberg County,2100081,st_leaid,089445000,Muhlenberg County,2024,
KY,090017000,Bardstown Independent,2100270,st_leaid,090017000,Bardstown Independent,2024,
KY,090451000,Nelson County,2104410,st_leaid,090451000,Nelson County,2024,
KY,091455000,Nicholas County,2104470,st_leaid,091455000,Nicholas County,2024,
KY,092461000,Ohio County,2104500,st_leaid,092461000,Ohio County,2024,
KY,093465000,Oldham County,2104530,st_leaid,093465000,Oldham County,2024,
KY,094471000,Owen County,2104560,st_leaid,094471000,Owen County,2024,
KY,095475000,Owsley County,2104620,st_leaid,095475000,Owsley County,2024,
KY,096481000,Pendleton County,2104740,st_leaid,096481000,Pendleton County,2024,
KY,097246000,Hazard Independent,2102670,st_leaid,097246000,Hazard Independent,2024,
KY,097485000,Perry County,2104770,st_leaid,097485000,Perry County,2024,
KY,098491000,Pike County,2104800,st_leaid,098491000,Pike County,2024,
KY,098492000,Pikeville Independent,2104830,st_leaid,098492000,Pikeville Independent,2024,
KY,099495000,Powell County,2104890,st_leaid,099495000,Powell County,2024,
KY,100501000,Pulaski County,2104950,st_leaid,100501000,Pulaski County,2024,
KY,100536000,Somerset Independent,2105430,st_leaid,100536000,Somerset Independent,2024,
KY,101505000,Robertson County,2105040,st_leaid,101505000,Robertson County,2024,
KY,102511000,Rockcastle County,2105070,st_leaid,102511000,Rockcastle County,2024,
KY,103515000,Rowan County,2105100,st_leaid,103515000,Rowan County,2024,
KY,104521000,Russell County,2105160,st_leaid,104521000,Russell County,2024,
KY,105525000,Scott County,2105260,st_leaid,105525000,Scott County,2024,
KY,106531000,Shelby County,2105320,st_leaid,106531000,Shelby County,2024,
KY,107535000,Simpson County,2105400,st_leaid,107535000,Simpson County,2024,
KY,108541000,Spencer County,2105490,st_leaid,108541000,Spencer County,2024,
KY,109092000,Campbellsville Independent,2100930,st_leaid,109092000,Campbellsville Independent,2024,
KY,109545000,Taylor County,2105520,st_leaid,109545000,Taylor County,2024,
KY,110551000,Todd County,2105550,st_leaid,110551000,Todd County,2024,
KY,111555000,Trigg County,2105580,st_leaid,111555000,Trigg County,2024,
KY,112561000,Trimble County,2105610,st_leaid,112561000,Trimble County,2024,
KY,113565000,Union County,2105640,st_leaid,113565000,Union County,2024,
KY,114042000,Bowling Green Independent,2100570,st_leaid,114042000,Bowling Green Independent,2024,
KY,114571000,Warren County,2105730,st_leaid,114571000,Warren County,2024,
KY,115575000,Washington County,2105760,st_leaid,115575000,Washington County,2024,
KY,116581000,Wayne County,2105790,st_leaid,116581000,Wayne County,2024,
KY,117585000,Webster County,2105820,st_leaid,117585000,Webster County,2024,
KY,118133000,Corbin Independent,2101320,st_leaid,118133000,Corbin Independent,2024,
KY,118591000,Whitley County,2105880,st_leaid,118591000,Whitley County,2024,
KY,118592000,Williamsburg Independent,2105910,st_leaid,118592000,Williamsburg Independent,2024,
KY,119595000,Wolfe County,2105970,st_leaid,119595000,Wolfe County,2024,
KY,120601000,Woodford County,2106000,st_leaid,120601000,Woodford County,2024,
KY,999000,All Districts,,unmatched,,,,
LA,001,Acadia Parish,2200030,st_leaid,001,Acadia Parish,2024,
LA,002,Allen Parish,2200060,st_leaid,002,Allen Parish,2024,
LA,003,Ascension Parish,2200090,st_leaid,003,Ascension Parish,2024,
LA,004,Assumption Parish,2200120,st_leaid,004,Assumption Parish,2024,
LA,005,Avoyelles Parish,2200150,st_leaid,005,Avoyelles Parish,2024,
LA,006,Beauregard Parish,2200180,st_leaid,006,Beauregard Parish,2024,
LA,007,Bienville Parish,2200210,st_leaid,007,Bienville Parish,2024,
LA,008,Bossier Parish,2200270,st_leaid,008,Bossier Parish,2024,
LA,009,Caddo Parish,2200300,st_leaid,009,Caddo Parish,2024,
LA,010,Calcasieu Parish,2200330,st_leaid,010,Calcasieu Parish,2024,
LA,011,Caldwell Parish,2200360,st_leaid,011,Caldwell Parish,2024,
LA,012,Cameron Parish,2200390,st_leaid,012,Cameron Parish,2024,
LA,013,Catahoula Parish,2200420,st_leaid,013,Catahoula Parish,2024,
LA,014,Claiborne Parish,2200450,st_leaid,014,Claiborne Parish,2024,
LA,015,Concordia Parish,2200480,st_leaid,015,Concordia Parish,2024,
LA,016,DeSoto Parish,2200510,st_leaid,016,DeSoto Parish,2024,
LA,017,East Baton Rouge Parish,2200540,st_leaid,017,East Baton Rouge Parish,2024,
LA,018,East Carroll Parish,2200570,st_leaid,018,East Carroll Parish,2024,
LA,019,East Feliciana Parish,2200600,st_leaid,019,East Feliciana Parish,2024,
LA,020,Evangeline Parish,2200630,st_leaid,020,Evangeline Parish,2024,
LA,021,Franklin Parish,2200660,st_leaid,021,Franklin Parish,2024,
LA,022,Grant Parish,2200690,st_leaid,022,Grant Parish,2024,
LA,023,Iberia Parish,2200720,st_leaid,023,Iberia Parish,2024,
LA,024,Iberville Parish,2200750,st_leaid,024,Iberville Parish,2024,
LA,025,Jackson Parish,2200780,st_leaid,025,Jackson Parish,2024,
LA,026,Jefferson Parish,2200840,st_leaid,026,Jefferson Parish,2024,
LA,027,Jefferson Davis Parish,2200810,st_leaid,027,Jefferson Davis Parish,2024,
LA,028,Lafayette Parish,2200870,st_leaid,028,Lafayette Parish,2024,
LA,029,Lafourche Parish,2200900,st_leaid,029,Lafourche Parish,2024,
LA,030,LaSalle Parish,2200960,st_leaid,030,LaSalle Parish,2024,
LA,031,Lincoln Parish,2200990,st_leaid,031,Lincoln Parish,2024,
LA,032,Livingston Parish,2201020,st_leaid,032,Livingston Parish,2024,
LA,033,Madison Parish,2201050,st_leaid,033,Madison Parish,2024,
LA,034,Morehouse Parish,2201110,st_leaid,034,Morehouse Parish,2024,
LA,035,Natchitoches Parish,2201140,st_leaid,035,Natchitoches Parish,2024,
LA,037,Ouachita Parish,2201200,st_leaid,037,Ouachita Parish,2024,
LA,038,Plaquemines Parish,2201230,st_leaid,038,Plaquemines Parish,2024,
LA,039,Pointe Coupee Parish,2201260,st_leaid,039,Pointe Coupee Parish,2024,
LA,040,Rapides Parish,2201290,st_leaid,040,Rapides Parish,2024,
LA,041,Red River Parish,2201320,st_leaid,041,Red River Parish,2024,
LA,042,Richland Parish,2201350,st_leaid,042,Richland Parish,2024,
LA,043,Sabine Parish,2201380,st_leaid,043,Sabine Parish,2024,
LA,044,St. Bernard Parish,2201410,st_leaid,044,St. Bernard Parish,2024,
LA,045,St. Charles Parish,2201440,st_leaid,045,St. Charles Parish,2024,
LA,046,St. Helena Parish,2201470,st_leaid,046,St. Helena Parish,2024,
LA,047,St. James Parish,2201500,st_leaid,047,St. James Parish,2024,
LA,048,St. John the Baptist Parish,2201530,st_leaid,048,St. John the Baptist Parish,2024,
LA,049,St. Landry Parish,2201560,st_leaid,049,St. Landry Parish,2024,
LA,050,St. Martin Parish,2201590,st_leaid,050,St. Martin Parish,2024,
LA,051,St. Mary Parish,2201620,st_leaid,051,St. Mary Parish,2024,
LA,052,St. Tammany Parish,2201650,st_leaid,052,St. Tammany Parish,2024,
LA,053,Tangipahoa Parish,2201680,st_leaid,053,Tangipahoa Parish,2024,
LA,054,Tensas Parish,2201710,st_leaid,054,Tensas Parish,2024,
LA,055,Terrebonne Parish,2201740,st_leaid,055,Terrebonne Parish,2024,
LA,056,Union Parish,2201770,st_leaid,056,Union Parish,2024,
LA,057,Vermilion Parish,2201800,st_leaid,057,Vermilion Parish,2024,
LA,058,Vernon Parish,2201830,st_leaid,058,Vernon Parish,2024,
LA,059,Washington Parish,2201860,st_leaid,059,Washington Parish,2024,
LA,060,Webster Parish,2201890,st_leaid,060,Webster Parish,2024,
LA,061,West Baton Rouge Parish,2201920,st_leaid,061,West Baton Rouge Parish,2024,
LA,062,West Carroll Parish,2201950,st_leaid,062,West Carroll Parish,2024,
LA,063,West Feliciana Parish,2201980,st_leaid,063,West Feliciana Parish,2024,
LA,064,Winn Parish,2202010,st_leaid,064,Winn Parish,2024,
LA,065,City of Monroe School District,2201080,st_leaid,065,City of Monroe School District,2024,
LA,066,City of Bogalusa School District,2200240,st_leaid,066,City of Bogalusa School District,2024,
LA,067,Zachary Community School District,2200039,st_leaid,067,Zachary Community School District,2024,
LA,068,City of Baker School District,2200040,st_leaid,068,City of Baker School District,2024,
LA,069,Central Community School District,2200125,st_leaid,069,Central Community School District,2024,
LA,R17,East Baton Rouge Parish - EBR and RSD,,unmatched,,,,
LA,R36,Orleans Parish,,unmatched,,,,
LA,RBR,Recovery School District-Baton Rouge,,unmatched,,,,
MA,0001,Abington,2501650,st_leaid,0001,Abington,2024,
MA,0005,Agawam,2501800,st_leaid,0005,Agawam,2024,
MA,0007,Amesbury,2501860,st_leaid,0007,Amesbury,2024,
MA,0009,Andover,2501950,st_leaid,0009,Andover,2024,
MA,0010,Arlington,2501980,st_leaid,0010,Arlington,2024,
MA,0014,Ashland,2502100,st_leaid,0014,Ashland,2024,
MA,0016,Attleboro,2502190,st_leaid,0016,Attleboro,2024,
MA,0017,Auburn,2502220,st_leaid,0017,Auburn,2024,
MA,0018,Avon,2502250,st_leaid,0018,Avon,2024,
MA,0020,Barnstable,2502310,st_leaid,0020,Barnstable,2024,
MA,0023,Bedford,2502400,st_leaid,0023,Bedford,2024,
MA,0024,Belchertown,2502430,st_leaid,0024,Belchertown,2024,
MA,0025,Bellingham,2502460,st_leaid,0025,Bellingham,2024,
MA,0026,Belmont,2502490,st_leaid,0026,Belmont,2024,
MA,0030,Beverly,2502640,st_leaid,0030,Beverly,2024,
MA,0031,Billerica,2502670,st_leaid,0031,Billerica,2024,
MA,0035,Boston,2502790,st_leaid,0035,Boston,2024,
MA,0036,Bourne,2502820,st_leaid,0036,Bourne,2024,
MA,0040,Braintree,2502940,st_leaid,0040,Braintree,2024,
MA,0044,Brockton,2503090,st_leaid,0044,Brockton,2024,
MA,0046,Brookline,2503150,st_leaid,0046,Brookline,2024,
MA,0048,Burlington,2503240,st_leaid,0048,Burlington,2024,
MA,0049,Cambridge,2503270,st_leaid,0049,Cambridge,2024,
MA,0050,Canton,2503300,st_leaid,0050,Canton,2024,
MA,0052,Carver,2503360,st_leaid,0052,Carver,2024,
MA,0056,Chelmsford,2503510,st_leaid,0056,Chelmsford,2024,
MA,0057,Chelsea,2503540,st_leaid,0057,Chelsea,2024,
MA,0061,Chicopee,2503660,st_leaid,0061,Chicopee,2024,
MA,0064,Clinton,2503750,st_leaid,0064,Clinton,2024,
MA,0065,Cohasset,2503780,st_leaid,0065,Cohasset,2024,
MA,0071,Danvers,2503990,st_leaid,0071,Danvers,2024,
MA,0072,Dartmouth,2504020,st_leaid,0072,Dartmouth,2024,
MA,0073,Dedham,2504050,st_leaid,0073,Dedham,2024,
MA,0077,Douglas,2504230,st_leaid,0077,Douglas,2024,
MA,0079,Dracut,2504320,st_leaid,0079,Dracut,2024,
MA,0082,Duxbury,2504410,st_leaid,0082,Duxbury,2024,
MA,0083,East Bridgewater,2504440,st_leaid,0083,East Bridgewater,2024,
MA,0086,Easthampton,2504590,st_leaid,0086,Easthampton,2024,
MA,0087,East Longmeadow,2504500,st_leaid,0087,East Longmeadow,2024,
MA,0088,Easton,2504620,st_leaid,0088,Easton,2024,
MA,0093,Everett,2504770,st_leaid,0093,Everett,2024,
MA,0094,Fairhaven,2504800,st_leaid,0094,Fairhaven,2024,
MA,0095,Fall River,2504830,st_leaid,0095,Fall River,2024,
MA,0096,Falmouth,2504860,st_leaid,0096,Falmouth,2024,
MA,0097,Fitchburg,2504890,st_leaid,0097,Fitchburg,2024,
MA,0099,Foxborough,2504950,st_leaid,0099,Foxborough,2024,
MA,0100,Framingham,2504980,st_leaid,0100,Framingham,2024,
MA,0101,Franklin,2505010,st_leaid,0101,Franklin,2024,
MA,0103,Gardner,2505130,st_leaid,0103,Gardner,2024,
MA,0105,Georgetown,2505220,st_leaid,0105,Georgetown,2024,
MA,0107,Gloucester,2505280,st_leaid,0107,Gloucester,2024,
MA,0110,Grafton,2505370,st_leaid,0110,Grafton,2024,
MA,0111,Granby,2505400,st_leaid,0111,Granby,2024,
MA,0114,Greenfield,2505490,st_leaid,0114,Greenfield,2024,
MA,0117,Hadley,2505580,st_leaid,0117,Hadley,2024,
MA,0122,Hanover,2505790,st_leaid,0122,Hanover,2024,
MA,0125,Harvard,2505880,st_leaid,0125,Harvard,2024,
MA,0127,Hatfield,2505940,st_leaid,0127,Hatfield,2024,
MA,0128,Haverhill,2505970,st_leaid,0128,Haverhill,2024,
MA,0131,Hingham,2506090,st_leaid,0131,Hingham,2024,
MA,0133,Holbrook,2506150,st_leaid,0133,Holbrook,2024,
MA,0136,Holliston,2506240,st_leaid,0136,Holliston,2024,
MA,0137,Holyoke,2506270,st_leaid,0137,Holyoke,2024,
MA,0138,Hopedale,2506300,st_leaid,0138,Hopedale,2024,
MA,0139,Hopkinton,2506330,st_leaid,0139,Hopkinton,2024,
MA,0141,Hudson,2506390,st_leaid,0141,Hudson,2024,
MA,0142,Hull,2506420,st_leaid,0142,Hull,2024,
MA,0144,Ipswich,2506480,st_leaid,0144,Ipswich,2024,
MA,0149,Lawrence,2506660,st_leaid,0149,Lawrence,2024,
MA,0150,Lee,2506690,st_leaid,0150,Lee,2024,
MA,0151,Leicester,2506720,st_leaid,0151,Leicester,2024,
MA,0152,Lenox,2506750,st_leaid,0152,Lenox,2024,
MA,0153,Leominster,2506780,st_leaid,0153,Leominster,2024,
MA,0155,Lexington,2506840,st_leaid,0155,Lexington,2024,
MA,0158,Littleton,2506960,st_leaid,0158,Littleton,2024,
MA,0159,Longmeadow,2506990,st_leaid,0159,Longmeadow,2024,
MA,0160,Lowell,2507020,st_leaid,0160,Lowell,2024,
MA,0161,Ludlow,2507050,st_leaid,0161,Ludlow,2024,
MA,0162,Lunenburg,2507080,st_leaid,0162,Lunenburg,2024,
MA,0163,Lynn,2507110,st_leaid,0163,Lynn,2024,
MA,0164,Lynnfield,2507140,st_leaid,0164,Lynnfield,2024,
MA,0165,Malden,2507170,st_leaid,0165,Malden,2024,
MA,0167,Mansfield,2507230,st_leaid,0167,Mansfield,2024,
MA,0168,Marblehead,2507260,st_leaid,0168,Marblehead,2024,
MA,0170,Marlborough,2507320,st_leaid,0170,Marlborough,2024,
MA,0171,Marshfield,2507350,st_leaid,0171,Marshfield,2024,
MA,0172,Mashpee,2507440,st_leaid,0172,Mashpee,2024,
MA,0174,Maynard,2507500,st_leaid,0174,Maynard,2024,
MA,0175,Medfield,2507530,st_leaid,0175,Medfield,2024,
MA,0176,Medford,2507560,st_leaid,0176,Medford,2024,
MA,0177,Medway,2507590,st_leaid,0177,Medway,2024,
MA,0178,Melrose,2507620,st_leaid,0178,Melrose,2024,
MA,0181,Methuen,2507740,st_leaid,0181,Methuen,2024,
MA,0182,Middleborough,2507770,st_leaid,0182,Middleborough,2024,
MA,0185,Milford,2507860,st_leaid,0185,Milford,2024,
MA,0186,Millbury,2507890,st_leaid,0186,Millbury,2024,
MA,0187,Millis,2507920,st_leaid,0187,Millis,2024,
MA,0189,Milton,2507980,st_leaid,0189,Milton,2024,
MA,0191,Monson,2508040,st_leaid,0191,Monson,2024,
MA,0197,Nantucket,2508250,st_leaid,0197,Nantucket,2024,
MA,0198,Natick,2508340,st_leaid,0198,Natick,2024,
MA,0199,Needham,2508370,st_leaid,0199,Needham,2024,
MA,0201,New Bedford,2508430,st_leaid,0201,New Bedford,2024,
MA,0204,Newburyport,2508580,st_leaid,0204,Newburyport,2024,
MA,0207,Newton,2508610,st_leaid,0207,Newton,2024,
MA,0209,North Adams,2508670,st_leaid,0209,North Adams,2024,
MA,0210,Northampton,2508850,st_leaid,0210,Northampton,2024,
MA,0211,North Andover,2508700,st_leaid,0211,North Andover,2024,
MA,0212,North Attleborough,2508730,st_leaid,0212,North Attleborough,2024,
MA,0214,Northbridge,2508940,st_leaid,0214,Northbridge,2024,
MA,0215,North Brookfield,2508760,st_leaid,0215,North Brookfield,2024,
MA,0217,North Reading,2508820,st_leaid,0217,North Reading,2024,
MA,0218,Norton,2509000,st_leaid,0218,Norton,2024,
MA,0219,Norwell,2509030,st_leaid,0219,Norwell,2024,
MA,0220,Norwood,2509060,st_leaid,0220,Norwood,2024,
MA,0226,Oxford,2509270,st_leaid,0226,Oxford,2024,
MA,0227,Palmer,2509300,st_leaid,0227,Palmer,2024,
MA,0229,Peabody,2509360,st_leaid,0229,Peabody,2024,
MA,0231,Pembroke,2509420,st_leaid,0231,Pembroke,2024,
MA,0236,Pittsfield,2509630,st_leaid,0236,Pittsfield,2024,
MA,0239,Plymouth,2509720,st_leaid,0239,Plymouth,2024,
MA,0243,Quincy,2509870,st_leaid,0243,Quincy,2024,
MA,0244,Randolph,2509930,st_leaid,0244,Randolph,2024,
MA,0246,Reading,2509990,st_leaid,0246,Reading,2024,
MA,0248,Revere,2510050,st_leaid,0248,Revere,2024,
MA,0251,Rockland,2510170,st_leaid,0251,Rockland,2024,
MA,0252,Rockport,2510200,st_leaid,0252,Rockport,2024,
MA,0258,Salem,2510380,st_leaid,0258,Salem,2024,
MA,0261,Sandwich,2510470,st_leaid,0261,Sandwich,2024,
MA,0262,Saugus,2510500,st_leaid,0262,Saugus,2024,
MA,0264,Scituate,2510560,st_leaid,0264,Scituate,2024,
MA,0265,Seekonk,2510590,st_leaid,0265,Seekonk,2024,
MA,0266,Sharon,2510620,st_leaid,0266,Sharon,2024,
MA,0271,Shrewsbury,2510770,st_leaid,0271,Shrewsbury,2024,
MA,0274,Somerville,2510890,st_leaid,0274,Somerville,2024,
MA,0277,Southbridge,2511010,st_leaid,0277,Southbridge,2024,
MA,0278,South Hadley,2510920,st_leaid,0278,South Hadley,2024,
MA,0281,Springfield,2511130,st_leaid,0281,Springfield,2024,
MA,0284,Stoneham,2511220,st_leaid,0284,Stoneham,2024,
MA,0285,Stoughton,2511250,st_leaid,0285,Stoughton,2024,
MA,0290,Sutton,2511400,st_leaid,0290,Sutton,2024,
MA,0291,Swampscott,2511430,st_leaid,0291,Swampscott,2024,
MA,0292,Swansea,2511460,st_leaid,0292,Swansea,2024,
MA,0293,Taunton,2511520,st_leaid,0293,Taunton,2024,
MA,0295,Tewksbury,2511580,st_leaid,0295,Tewksbury,2024,
MA,0301,Tyngsborough,2511760,st_leaid,0301,Tyngsborough,2024,
MA,0304,Uxbridge,2511850,st_leaid,0304,Uxbridge,2024,
MA,0305,Wakefield,2511910,st_leaid,0305,Wakefield,2024,
MA,0307,Walpole,2511970,st_leaid,0307,Walpole,2024,
MA,0308,Waltham,2512000,st_leaid,0308,Waltham,2024,
MA,0309,Ware,2512030,st_leaid,0309,Ware,2024,
MA,0310,Wareham,2512060,st_leaid,0310,Wareham,2024,
MA,0314,Watertown,2512180,st_leaid,0314,Watertown,2024,
MA,0315,Wayland,2512210,st_leaid,0315,Wayland,2024,
MA,0316,Webster,2512240,st_leaid,0316,Webster,2024,
MA,0317,Wellesley,2512270,st_leaid,0317,Wellesley,2024,
MA,0321,Westborough,2512600,st_leaid,0321,Westborough,2024,
MA,0322,West Boylston,2512390,st_leaid,0322,West Boylston,2024,
MA,0323,West Bridgewater,2512420,st_leaid,0323,West Bridgewater,2024,
MA,0325,Westfield,2512630,st_leaid,0325,Westfield,2024,
MA,0326,Westford,2512660,st_leaid,0326,Westford,2024,
MA,0330,Weston,2512750,st_leaid,0330,Weston,2024,
MA,0331,Westport,2512780,st_leaid,0331,Westport,2024,
MA,0332,West Springfield,2512510,st_leaid,0332,West Springfield,2024,
MA,0335,Westwood,2512810,st_leaid,0335,Westwood,2024,
MA,0336,Weymouth,2512840,st_leaid,0336,Weymouth,2024,
MA,0342,Wilmington,2513050,st_leaid,0342,Wilmington,2024,
MA,0343,Winchendon,2513080,st_leaid,0343,Winchendon,2024,
MA,0344,Winchester,2513110,st_leaid,0344,Winchester,2024,
MA,0346,Winthrop,2513170,st_leaid,0346,Winthrop,2024,
MA,0347,Woburn,2513200,st_leaid,0347,Woburn,2024,
MA,0348,Worcester,2513230,st_leaid,0348,Worcester,2024,
MA,0406,Northampton-Smith Vocational Agricultural,2508860,st_leaid,0406,Northampton-Smith Vocational Agricultural,2024,
MA,0600,Acton-Boxborough,2501710,st_leaid,0600,Acton-Boxborough,2024,
MA,0603,Hoosac Valley Regional,2501780,st_leaid,0603,Hoosac Valley Regional,2024,
MA,0605,Amherst-Pelham,2501920,st_leaid,0605,Amherst-Pelham,2024,
MA,0610,Ashburnham-Westminster,2502040,st_leaid,0610,Ashburnham-Westminster,2024,
MA,0615,Athol-Royalston,2502160,st_leaid,0615,Athol-Royalston,2024,
MA,0616,Ayer Shirley School District,2500542,st_leaid,0616,Ayer Shirley School District,2024,
MA,0618,Berkshire Hills,2502530,st_leaid,0618,Berkshire Hills,2024,
MA,0620,Berlin-Boylston,2502580,st_leaid,0620,Berlin-Boylston,2024,
MA,0622,Blackstone-Millville,2502715,st_leaid,0622,Blackstone-Millville,2024,
MA,0625,Bridgewater-Raynham,2503030,st_leaid,0625,Bridgewater-Raynham,2024,
MA,0635,Central Berkshire,2503390,st_leaid,0635,Central Berkshire,2024,
MA,0640,Concord-Carlisle,2503870,st_leaid,0640,Concord-Carlisle,2024,
MA,0645,Dennis-Yarmouth,2504140,st_leaid,0645,Dennis-Yarmouth,2024,
MA,0650,Dighton-Rehoboth,2504200,st_leaid,0650,Dighton-Rehoboth,2024,
MA,0655,Dover-Sherborn,2504290,st_leaid,0655,Dover-Sherborn,2024,
MA,0658,Dudley-Charlton Reg,2504360,st_leaid,0658,Dudley-Charlton Reg,2024,
MA,0660,Nauset,2504560,st_leaid,0660,Nauset,2024,
MA,0665,Freetown-Lakeville,2505070,st_leaid,0665,Freetown-Lakeville,2024,
MA,0670,Frontier,2505100,st_leaid,0670,Frontier,2024,
MA,0672,Gateway,2505160,st_leaid,0672,Gateway,2024,
MA,0673,Groton-Dunstable,2505500,st_leaid,0673,Groton-Dunstable,2024,
MA,0674,Gill-Montague,2505270,st_leaid,0674,Gill-Montague,2024,
MA,0675,Hamilton-Wenham,2505670,st_leaid,0675,Hamilton-Wenham,2024,
MA,0680,Hampden-Wilbraham,2505730,st_leaid,0680,Hampden-Wilbraham,2024,
MA,0683,Hampshire,2505740,st_leaid,0683,Hampshire,2024,
MA,0690,King Philip,2506510,st_leaid,0690,King Philip,2024,
MA,0695,Lincoln-Sudbury,2506930,st_leaid,0695,Lincoln-Sudbury,2024,
MA,0698,Manchester Essex Regional,2500067,st_leaid,0698,Manchester Essex Regional,2024,
MA,0700,Martha's Vineyard,2507380,st_leaid,0700,Martha's Vineyard,2024,
MA,0705,Masconomet,2507410,st_leaid,0705,Masconomet,2024,
MA,0710,Mendon-Upton,2507680,st_leaid,0710,Mendon-Upton,2024,
MA,0712,Monomoy Regional School District,2500544,st_leaid,0712,Monomoy Regional School District,2024,
MA,0715,Mount Greylock,2508160,st_leaid,0715,Mount Greylock,2024,
MA,0717,Mohawk Trail,2507990,st_leaid,0717,Mohawk Trail,2024,
MA,0720,Narragansett,2508280,st_leaid,0720,Narragansett,2024,
MA,0725,Nashoba,2508310,st_leaid,0725,Nashoba,2024,
MA,0730,Northboro-Southboro,2508910,st_leaid,0730,Northboro-Southboro,2024,
MA,0735,North Middlesex,2508790,st_leaid,0735,North Middlesex,2024,
MA,0740,Old Rochester,2509150,st_leaid,0740,Old Rochester,2024,
MA,0745,Pentucket,2509450,st_leaid,0745,Pentucket,2024,
MA,0750,Pioneer Valley,2509600,st_leaid,0750,Pioneer Valley,2024,
MA,0753,Quabbin,2500001,st_leaid,0753,Quabbin,2024,
MA,0755,Ralph C Mahar,2509900,st_leaid,0755,Ralph C Mahar,2024,
MA,0760,Silver Lake,2510830,st_leaid,0760,Silver Lake,2024,
MA,0763,Somerset Berkley Regional School District,2500541,st_leaid,0763,Somerset Berkley Regional School District,2024,
MA,0765,Southern Berkshire,2511040,st_leaid,0765,Southern Berkshire,2024,
MA,0766,Southwick-Tolland-Granville Regional School District,2500013,st_leaid,0766,Southwick-Tolland-Granville Regional School District,2024,
MA,0767,Spencer-E Brookfield,2500002,st_leaid,0767,Spencer-E Brookfield,2024,
MA,0770,Tantasqua,2511490,st_leaid,0770,Tantasqua,2024,
MA,0773,Triton,2511740,st_leaid,0773,Triton,2024,
MA,0775,Wachusett,2511880,st_leaid,0775,Wachusett,2024,
MA,0778,Quaboag Regional,2512100,st_leaid,0778,Quaboag Regional,2024,
MA,0780,Whitman-Hanson,2512930,st_leaid,0780,Whitman-Hanson,2024,
MA,0801,Assabet Valley Regional Vocational Technical,2502110,st_leaid,0801,Assabet Valley Regional Vocational Technical,2024,
MA,0805,Blackstone Valley Regional Vocational Technical,2502710,st_leaid,0805,Blackstone Valley Regional Vocational Technical,2024,
MA,0806,Blue Hills Regional Vocational Technical,2502740,st_leaid,0806,Blue Hills Regional Vocational Technical,2024,
MA,0810,Bristol-Plymouth Regional Vocational Technical,2503080,st_leaid,0810,Bristol-Plymouth Regional Vocational Technical,2024,
MA,0815,Cape Cod Regional Vocational Technical,2503310,st_leaid,0815,Cape Cod Regional Vocational Technical,2024,
MA,0817,Essex North Shore Agricultural and Technical School District,2500554,st_leaid,0817,Essex North Shore Agricultural and Technical School District,2024,
MA,0818,Franklin County Regional Vocational Technical,2505020,st_leaid,0818,Franklin County Regional Vocational Technical,2024,
MA,0821,Greater Fall River Regional Vocational Technical,2505485,st_leaid,0821,Greater Fall River Regional Vocational Technical,2024,
MA,0823,Greater Lawrence Regional Vocational Technical,2505470,st_leaid,0823,Greater Lawrence Regional Vocational Technical,2024,
MA,0825,Greater New Bedford Regional Vocational Technical,2508440,st_leaid,0825,Greater New Bedford Regional Vocational Technical,2024,
MA,0828,Greater Lowell Regional Vocational Technical,2505480,st_leaid,0828,Greater Lowell Regional Vocational Technical,2024,
MA,0829,South Middlesex Regional Vocational Technical,2511060,st_leaid,0829,South Middlesex Regional Vocational Technical,2024,
MA,0830,Minuteman Regional Vocational Technical,2507985,st_leaid,0830,Minuteman Regional Vocational Technical,2024,
MA,0832,Montachusett Regional Vocational Technical,2508050,st_leaid,0832,Montachusett Regional Vocational Technical,2024,
MA,0851,Northern Berkshire Regional Vocational Technical,2508950,st_leaid,0851,Northern Berkshire Regional Vocational Technical,2024,
MA,0852,Nashoba Valley Regional Vocational Technical,2508320,st_leaid,0852,Nashoba Valley Regional Vocational Technical,2024,
MA,0853,Northeast Metropolitan Regional Vocational Technical,2508960,st_leaid,0853,Northeast Metropolitan Regional Vocational Technical,2024,
MA,0855,Old Colony Regional Vocational Technical,2509140,st_leaid,0855,Old Colony Regional Vocational Technical,2024,
MA,0860,Pathfinder Regional Vocational Technical,2509310,st_leaid,0860,Pathfinder Regional Vocational Technical,2024,
MA,0871,Shawsheen Valley Regional Vocational Technical,2510615,st_leaid,0871,Shawsheen Valley Regional Vocational Technical,2024,
MA,0872,Southeastern Regional Vocational Technical,2511020,st_leaid,0872,Southeastern Regional Vocational Technical,2024,
MA,0873,South Shore Regional Vocational Technical,2510930,st_leaid,0873,South Shore Regional Vocational Technical,2024,
MA,0876,Southern Worcester County Regional Vocational School District,2511050,st_leaid,0876,Southern Worcester County Regional Vocational District,2024,
MA,0878,Tri-County Regional Vocational Technical,2511735,st_leaid,0878,Tri-County Regional Vocational Technical,2024,
MA,0879,Upper Cape Cod Regional Vocational Technical,2511800,st_leaid,0879,Upper Cape Cod Regional Vocational Technical,2024,
MA,0885,Whittier Regional Vocational Technical,2512950,st_leaid,0885,Whittier Regional Vocational Technical,2024,
MA,0910,Bristol County Agricultural,2503070,st_leaid,0910,Bristol County Agricultural,2024,
MA,0915,Norfolk County Agricultural,2508650,st_leaid,0915,Norfolk County Agricultural,2024,
MA,3901,Greater Commonwealth Virtual District,2500551,st_leaid,3901,Greater Commonwealth Virtual District,2024,
MA,3902,TEC Connections Academy Commonwealth Virtual School District,2500556,st_leaid,3902,TEC Connections Academy Commonwealth Virtual School District,2024,
MN,010001,Aitkin Public School District,2702760,st_leaid,010001,AITKIN PUBLIC SCHOOL DISTRICT,2024,
MN,010002,Hill City Public School District,2714010,st_leaid,010002,HILL CITY PUBLIC SCHOOL DISTRICT,2024,
MN,010004,McGregor Public School District,2719170,st_leaid,010004,MCGREGOR PUBLIC SCHOOL DISTRICT,2024,
MN,010011,Anoka-Hennepin Public School District,2703180,st_leaid,010011,Anoka-Hennepin School District,2024,
MN,010012,Centennial Public School District,2708100,st_leaid,010012,CENTENNIAL PUBLIC SCHOOL DISTRICT,2024,
MN,010013,Columbia Heights Public School District,2709510,st_leaid,010013,COLUMBIA HEIGHTS PUBLIC SCHOOL DIST,2024,
MN,010014,Fridley Public School District,2712420,st_leaid,010014,FRIDLEY PUBLIC SCHOOL DISTRICT,2024,
MN,010015,St. Francis Area Schools,2733540,st_leaid,010015,St. Francis Area Schools,2024,
MN,010016,Spring Lake Park Public Schools,2733330,st_leaid,010016,SPRING LAKE PARK PUBLIC SCHOOLS,2024,
MN,010022,Detroit Lakes Public School District,2710230,st_leaid,010022,DETROIT LAKES PUBLIC SCHOOL DIST.,2024,
MN,010023,Frazee-Vergas Public School District,2712360,st_leaid,010023,FRAZEE-VERGAS PUBLIC SCHOOL DIST.,2024,
MN,010031,Bemidji Public School District,2704440,st_leaid,010031,BEMIDJI PUBLIC SCHOOL DISTRICT,2024,
MN,010032,Blackduck Public School District,2705730,st_leaid,010032,BLACKDUCK PUBLIC SCHOOL DISTRICT,2024,
MN,010036,Kelliher Public School District,2717010,st_leaid,010036,KELLIHER PUBLIC SCHOOL DISTRICT,2024,
MN,010038,Red Lake Public School District,2730510,st_leaid,010038,RED LAKE PUBLIC SCHOOL DISTRICT,2024,
MN,010047,Sauk Rapids-Rice Public Schools,2732880,st_leaid,010047,SAUK RAPIDS-RICE PUBLIC SCHOOLS,2024,
MN,010051,Foley Public School District,2712240,st_leaid,010051,FOLEY PUBLIC SCHOOL DISTRICT,2024,
MN,010075,St. Clair Public School District,2733480,st_leaid,010075,ST. CLAIR PUBLIC SCHOOL DISTRICT,2024,
MN,010077,Mankato Public School District,2718780,st_leaid,010077,MANKATO PUBLIC SCHOOL DISTRICT,2024,
MN,010081,Comfrey Public School District,2709540,st_leaid,010081,COMFREY PUBLIC SCHOOL DISTRICT,2024,
MN,010084,Sleepy Eye Public School District,2733210,st_leaid,010084,SLEEPY EYE PUBLIC SCHOOL DISTRICT,2024,
MN,010085,Springfield Public School District,2733390,st_leaid,010085,SPRINGFIELD PUBLIC SCHOOL DISTRICT,2024,
MN,010088,New Ulm Public School District,2723490,st_leaid,010088,NEW ULM PUBLIC SCHOOL DISTRICT,2024,
MN,010091,Barnum Public School District,2703690,st_leaid,010091,BARNUM PUBLIC SCHOOL DISTRICT,2024,
MN,010093,Carlton Public School District,2707590,st_leaid,010093,CARLTON PUBLIC SCHOOL DISTRICT,2024,
MN,010094,Cloquet Public School District,2709420,st_leaid,010094,CLOQUET PUBLIC SCHOOL DISTRICT,2024,
MN,010095,Cromwell-Wright Public Schools,2709690,st_leaid,010095,CROMWELL-WRIGHT PUBLIC SCHOOLS,2024,
MN,010097,Moose Lake Public School District,2721450,st_leaid,010097,MOOSE LAKE PUBLIC SCHOOL DISTRICT,2024,
MN,010099,Esko Public School District,2738880,st_leaid,010099,ESKO PUBLIC SCHOOL DISTRICT,2024,
MN,010100,Wrenshall Public School District,2744190,st_leaid,010100,WRENSHALL PUBLIC SCHOOL DISTRICT,2024,
MN,010108,Central Public School District,2723910,st_leaid,010108,CENTRAL PUBLIC SCHOOL DISTRICT,2024,
MN,010110,Waconia Public School District,2741460,st_leaid,010110,WACONIA PUBLIC SCHOOL DISTRICT,2024,
MN,010111,Watertown-Mayer Public School District,2741910,st_leaid,010111,Watertown-Mayer Public School Dist,2024,
MN,010112,Eastern Carver County Public Schools,2708190,st_leaid,010112,EASTERN CARVER COUNTY PUBLIC SCHOOL,2024,
MN,010113,Walker-Hackensack-Akeley School District,2702910,st_leaid,010113,WALKER-HACKENSACK-AKELEY SCHL. DIST,2024,
MN,010115,Cass Lake-Bena Public Schools,2708070,st_leaid,010115,CASS LAKE-BENA PUBLIC SCHOOLS,2024,
MN,010116,Pillager Public School District,2728350,st_leaid,010116,PILLAGER PUBLIC SCHOOL DISTRICT,2024,
MN,010118,Northland Community Schools,2730870,st_leaid,010118,NORTHLAND COMMUNITY SCHOOLS,2024,
MN,010129,Montevideo Public School District,2721320,st_leaid,010129,MONTEVIDEO PUBLIC SCHOOL DISTRICT,2024,
MN,010138,North Branch Area Public Schools,2723820,st_leaid,010138,North Branch Area Public Schools,2024,
MN,010139,Rush City Public School District,2732550,st_leaid,010139,RUSH CITY PUBLIC SCHOOL DISTRICT,2024,
MN,010146,Barnesville Public School District,2703660,st_leaid,010146,BARNESVILLE PUBLIC SCHOOL DIST.,2024,
MN,010150,Hawley Public School District,2713560,st_leaid,010150,HAWLEY PUBLIC SCHOOL DISTRICT,2024,
MN,010152,Moorhead Area Public School District,2721420,st_leaid,010152,Moorhead Area Public Schools,2024,
MN,010162,Bagley Public School District,2703570,st_leaid,010162,BAGLEY PUBLIC SCHOOL DISTRICT,2024,
MN,010166,Cook County Public Schools,2713110,st_leaid,010166,COOK COUNTY PUBLIC SCHOOLS,2024,
MN,010173,Mountain Lake Public Schools,2723010,st_leaid,010173,MOUNTAIN LAKE PUBLIC SCHOOLS,2024,
MN,010177,Windom Public School District,2742780,st_leaid,010177,WINDOM PUBLIC SCHOOL DISTRICT,2024,
MN,010181,Brainerd Public School District,2706090,st_leaid,010181,BRAINERD PUBLIC SCHOOL DISTRICT,2024,
MN,010182,Crosby-Ironton Public School District,2709750,st_leaid,010182,CROSBY-IRONTON PUBLIC SCHOOL DIST.,2024,
MN,010186,Pequot Lakes Public Schools,2728200,st_leaid,010186,PEQUOT LAKES PUBLIC SCHOOLS,2024,
MN,010191,Burnsville-Eagan-Savage School District,2707290,st_leaid,010191,Burnsville-Eagan-Savage Schools,2024,
MN,010192,Farmington Public School District,2711820,st_leaid,010192,FARMINGTON PUBLIC SCHOOL DISTRICT,2024,
MN,010194,Lakeville Area Schools,2717780,st_leaid,010194,Lakeville Area Schools,2024,
MN,010195,Randolph Public School District,2730150,st_leaid,010195,RANDOLPH PUBLIC SCHOOL DISTRICT,2024,
MN,010196,Rosemount-Apple Valley-Eagan,2732390,st_leaid,010196,ROSEMOUNT-APPLE VALLEY-EAGAN,2024,
MN,010197,West St. Paul-Mendota Heights-Eagan,2742270,st_leaid,010197,West St. Paul-Mendota Heights-Eagan,2024,
MN,010199,Inver Grove Heights Schools,2715030,st_leaid,010199,INVER GROVE HEIGHTS SCHOOLS,2024,
MN,010200,Hastings Public School District,2713530,st_leaid,010200,HASTINGS PUBLIC SCHOOL DISTRICT,2024,
MN,010203,Hayfield Public School District,2713590,st_leaid,010203,HAYFIELD PUBLIC SCHOOL DISTRICT,2024,
MN,010204,Kasson-Mantorville School District,2716980,st_leaid,010204,KASSON-MANTORVILLE SCHOOL DISTRICT,2024,
MN,010206,Alexandria Public School District,2703060,st_leaid,010206,ALEXANDRIA PUBLIC SCHOOL DISTRICT,2024,
MN,010213,Osakis Public School District,2725140,st_leaid,010213,OSAKIS PUBLIC SCHOOL DISTRICT,2024,
MN,010227,Chatfield Public Schools,2708220,st_leaid,010227,CHATFIELD PUBLIC SCHOOLS,2024,
MN,010229,Lanesboro Public School District,2717910,st_leaid,010229,LANESBORO PUBLIC SCHOOL DISTRICT,2024,
MN,010238,Mabel-Canton Public School District,2718540,st_leaid,010238,Mabel-Canton Public School District,2024,
MN,010239,Rushford-Peterson Public Schools,2728290,st_leaid,010239,RUSHFORD-PETERSON PUBLIC SCHOOLS,2024,
MN,010241,Albert Lea Public School District,2702970,st_leaid,010241,ALBERT LEA PUBLIC SCHOOL DISTRICT,2024,
MN,010242,Alden-Conger Public School District,2703030,st_leaid,010242,ALDEN-CONGER PUBLIC SCHOOL DISTRICT,2024,
MN,010252,Cannon Falls Public School District,2707500,st_leaid,010252,CANNON FALLS PUBLIC SCHOOL DISTRICT,2024,
MN,010253,Goodhue Public School District,2712900,st_leaid,010253,GOODHUE PUBLIC SCHOOL DISTRICT,2024,
MN,010255,Pine Island Public School District,2728950,st_leaid,010255,Pine Island Public School District,2024,
MN,010256,Red Wing Public School District,2730480,st_leaid,010256,Red Wing Public School District,2024,
MN,010261,Ashby Public School District,2703300,st_leaid,010261,ASHBY PUBLIC SCHOOL DISTRICT,2024,
MN,010264,Herman-Norcross School District,2713890,st_leaid,010264,HERMAN-NORCROSS SCHOOL DISTRICT,2024,
MN,010270,Hopkins Public School District,2714260,st_leaid,010270,HOPKINS PUBLIC SCHOOL DISTRICT,2024,
MN,010271,Bloomington Public School District,2705790,st_leaid,010271,BLOOMINGTON PUBLIC SCHOOL DISTRICT,2024,
MN,010272,Eden Prairie Public School District,2714220,st_leaid,010272,EDEN PRAIRIE PUBLIC SCHOOL DISTRICT,2024,
MN,010273,Edina Public School District,2711250,st_leaid,010273,EDINA PUBLIC SCHOOL DISTRICT,2024,
MN,010276,Minnetonka Public School District,2711670,st_leaid,010276,MINNETONKA PUBLIC SCHOOL DISTRICT,2024,
MN,010277,Westonka Public School District,2722920,st_leaid,010277,WESTONKA PUBLIC SCHOOL DISTRICT,2024,
MN,010278,Orono Public School District,2725080,st_leaid,010278,ORONO PUBLIC SCHOOL DISTRICT,2024,
MN,010279,Osseo Public School District,2725200,st_leaid,010279,OSSEO PUBLIC SCHOOL DISTRICT,2024,
MN,010280,Richfield Public School District,2731750,st_leaid,010280,RICHFIELD PUBLIC SCHOOL DISTRICT,2024,
MN,010281,Robbinsdale Public School District,2731780,st_leaid,010281,ROBBINSDALE PUBLIC SCHOOL DISTRICT,2024,
MN,010282,St. Anthony-New Brighton Schools,2733420,st_leaid,010282,ST. ANTHONY-NEW BRIGHTON SCHOOLS,2024,
MN,010283,St. Louis Park Public School District,2733780,st_leaid,010283,ST. LOUIS PARK PUBLIC SCHOOL DIST.,2024,
MN,010284,Wayzata Public School District,2742160,st_leaid,010284,WAYZATA PUBLIC SCHOOL DISTRICT,2024,
MN,010286,Brooklyn Center School District,2706240,st_leaid,010286,Brooklyn Center Community Schools,2024,
MN,010294,Houston Public School District,2714280,st_leaid,010294,HOUSTON PUBLIC SCHOOL DISTRICT,2024,
MN,010297,Spring Grove School District,2733300,st_leaid,010297,SPRING GROVE SCHOOL DISTRICT,2024,
MN,010299,Caledonia Public School District,2707380,st_leaid,010299,CALEDONIA PUBLIC SCHOOL DISTRICT,2024,
MN,010300,La Crescent-Hokah School District,2717250,st_leaid,010300,LA CRESCENT-HOKAH SCHOOL DISTRICT,2024,
MN,010306,Laporte Public School District,2717940,st_leaid,010306,Laporte Public School District,2024,
MN,010308,Nevis Public School District,2723370,st_leaid,010308,NEVIS PUBLIC SCHOOL DISTRICT,2024,
MN,010309,Park Rapids Public School District,2728080,st_leaid,010309,PARK RAPIDS PUBLIC SCHOOL DISTRICT,2024,
MN,010314,Braham Public School District,2706060,st_leaid,010314,BRAHAM PUBLIC SCHOOL DISTRICT,2024,
MN,010316,Greenway Public School District,2709480,st_leaid,010316,GREENWAY PUBLIC SCHOOL DISTRICT,2024,
MN,010317,Deer River Public School District,2710140,st_leaid,010317,DEER RIVER PUBLIC SCHOOL DISTRICT,2024,
MN,010318,Grand Rapids Public School District,2713170,st_leaid,010318,GRAND RAPIDS PUBLIC SCHOOL DISTRICT,2024,
MN,010319,Nashwauk-Keewatin School District,2723310,st_leaid,010319,NASHWAUK-KEEWATIN SCHOOL DISTRICT,2024,
MN,010330,Heron Lake-Okabena School District,2713930,st_leaid,010330,HERON LAKE-OKABENA SCHOOL DISTRICT,2024,
MN,010332,Mora Public School District,2721480,st_leaid,010332,MORA PUBLIC SCHOOL DISTRICT,2024,
MN,010333,Ogilvie Public School District,2723970,st_leaid,010333,OGILVIE PUBLIC SCHOOL DISTRICT,2024,
MN,010345,New London-Spicer School District,2723400,st_leaid,010345,NEW LONDON-SPICER SCHOOL DISTRICT,2024,
MN,010347,Willmar Public School District,2742720,st_leaid,010347,WILLMAR PUBLIC SCHOOL DISTRICT,2024,
MN,010356,Lancaster Public School District,2717880,st_leaid,010356,LANCASTER PUBLIC SCHOOL DISTRICT,2024,
MN,010361,International Falls School District,2715000,st_leaid,010361,INTERNATIONAL FALLS SCHOOL DISTRICT,2024,
MN,010362,Littlefork-Big Falls School Dist.,2718270,st_leaid,010362,LITTLEFORK-BIG FALLS SCHOOL DIST.,2024,
MN,010363,South Koochiching School District,2732700,st_leaid,010363,SOUTH KOOCHICHING SCHOOL DISTRICT,2024,
MN,010378,Dawson-Boyd Public School District,2710090,st_leaid,010378,DAWSON-BOYD PUBLIC SCHOOL DISTRICT,2024,
MN,010381,Lake Superior Public School District,2740740,st_leaid,010381,LAKE SUPERIOR PUBLIC SCHOOL DIST.,2024,
MN,010390,Lake of the Woods School District,2717570,st_leaid,010390,LAKE OF THE WOODS SCHOOL DISTRICT,2024,
MN,010391,Cleveland Public School District,2709330,st_leaid,010391,CLEVELAND PUBLIC SCHOOL DISTRICT,2024,
MN,010402,Hendricks Public School District,2713680,st_leaid,010402,HENDRICKS PUBLIC SCHOOL DISTRICT,2024,
MN,010404,Lake Benton Public School District,2717460,st_leaid,010404,LAKE BENTON PUBLIC SCHOOL DISTRICT,2024,
MN,010413,Marshall Public School District,2718940,st_leaid,010413,MARSHALL PUBLIC SCHOOL DISTRICT,2024,
MN,010414,Minneota Public School District,2721270,st_leaid,010414,MINNEOTA PUBLIC SCHOOL DISTRICT,2024,
MN,010423,Hutchinson Public School District,2714970,st_leaid,010423,HUTCHINSON PUBLIC SCHOOL DISTRICT,2024,
MN,010424,Lester Prairie Public School Dist.,2702640,st_leaid,010424,LESTER PRAIRIE PUBLIC SCHOOL DIST.,2024,
MN,010432,Mahnomen Public School District,2718660,st_leaid,010432,MAHNOMEN PUBLIC SCHOOL DISTRICT,2024,
MN,010435,Waubun-Ogema-White Earth Schools,2742120,st_leaid,010435,Waubun-Ogema-White Earth Schools,2024,
MN,010441,Marshall County Central Schools,2723550,st_leaid,010441,MARSHALL COUNTY CENTRAL SCHOOLS,2024,
MN,010447,Grygla Public School District,2718920,st_leaid,010447,GRYGLA PUBLIC SCHOOL DISTRICT,2024,
MN,010458,Truman Public School District,2740680,st_leaid,010458,TRUMAN PUBLIC SCHOOL DISTRICT,2024,
MN,010463,Eden Valley-Watkins School District,2711190,st_leaid,010463,EDEN VALLEY-WATKINS SCHOOL DISTRICT,2024,
MN,010465,Litchfield Public School District,2718210,st_leaid,010465,LITCHFIELD PUBLIC SCHOOL DISTRICT,2024,
MN,010466,Dassel-Cokato Public School District,2710060,st_leaid,010466,Dassel-Cokato Public Schools,2024,
MN,010473,Isle Public School District,2715510,st_leaid,010473,ISLE PUBLIC SCHOOL DISTRICT,2024,
MN,010477,Princeton Public School District,2730030,st_leaid,010477,PRINCETON PUBLIC SCHOOL DISTRICT,2024,
MN,010480,Onamia Public School District,2725050,st_leaid,010480,ONAMIA PUBLIC SCHOOL DISTRICT,2024,
MN,010482,Little Falls Community Schools,2718240,st_leaid,010482,Little Falls Community Schools,2024,
MN,010484,Pierz Public School District,2728320,st_leaid,010484,PIERZ PUBLIC SCHOOL DISTRICT,2024,
MN,010485,Royalton Public School District,2732520,st_leaid,010485,ROYALTON PUBLIC SCHOOL DISTRICT,2024,
MN,010486,Swanville Public School District,2738280,st_leaid,010486,SWANVILLE PUBLIC SCHOOL DISTRICT,2024,
MN,010487,Upsala Public School District,2740860,st_leaid,010487,UPSALA PUBLIC SCHOOL DISTRICT,2024,
MN,010492,Austin Public School District,2703450,st_leaid,010492,AUSTIN PUBLIC SCHOOL DISTRICT,2024,
MN,010495,Grand Meadow Public School District,2713140,st_leaid,010495,GRAND MEADOW PUBLIC SCHOOL DISTRICT,2024,
MN,010497,Lyle Public School District,2718360,st_leaid,010497,LYLE PUBLIC SCHOOL DISTRICT,2024,
MN,010499,LeRoy-Ostrander Public Schools,2718060,st_leaid,010499,LEROY-OSTRANDER PUBLIC SCHOOLS,2024,
MN,010500,Southland Public School District,2702720,st_leaid,010500,SOUTHLAND PUBLIC SCHOOL DISTRICT,2024,
MN,010505,Fulda Public School District,2712480,st_leaid,010505,FULDA PUBLIC SCHOOL DISTRICT,2024,
MN,010507,Nicollet Public School District,2723580,st_leaid,010507,NICOLLET PUBLIC SCHOOL DISTRICT,2024,
MN,010508,St. Peter Public School District,2733870,st_leaid,010508,ST. PETER PUBLIC SCHOOL DISTRICT,2024,
MN,010511,Adrian Public School District,2702730,st_leaid,010511,ADRIAN PUBLIC SCHOOL DISTRICT,2024,
MN,010514,Ellsworth Public School District,2711460,st_leaid,010514,ELLSWORTH PUBLIC SCHOOL DISTRICT,2024,
MN,010518,Worthington Public School District,2744160,st_leaid,010518,WORTHINGTON PUBLIC SCHOOL DISTRICT,2024,
MN,010531,Byron Public School District,2707350,st_leaid,010531,BYRON PUBLIC SCHOOL DISTRICT,2024,
MN,010533,Dover-Eyota Public School District,2711010,st_leaid,010533,DOVER-EYOTA PUBLIC SCHOOL DISTRICT,2024,
MN,010534,Stewartville Public School District,2738160,st_leaid,010534,STEWARTVILLE PUBLIC SCHOOL DISTRICT,2024,
MN,010535,Rochester Public School District,2731800,st_leaid,010535,ROCHESTER PUBLIC SCHOOL DISTRICT,2024,
MN,010542,Battle Lake Public School District,2703750,st_leaid,010542,BATTLE LAKE PUBLIC SCHOOL DISTRICT,2024,
MN,010544,Fergus Falls Public School District,2711880,st_leaid,010544,FERGUS FALLS PUBLIC SCHOOL DISTRICT,2024,
MN,010545,Henning Public School District,2713860,st_leaid,010545,HENNING PUBLIC SCHOOL DISTRICT,2024,
MN,010547,Parkers Prairie Public School Dist.,2728110,st_leaid,010547,PARKERS PRAIRIE PUBLIC SCHOOL DIST.,2024,
MN,010548,Pelican Rapids Public School District,2728170,st_leaid,010548,Pelican Rapids Public Schools,2024,
MN,010549,Perham-Dent Public School District,2728230,st_leaid,010549,PERHAM-DENT PUBLIC SCHOOL DISTRICT,2024,
MN,010550,Underwood Public School District,2740830,st_leaid,010550,UNDERWOOD PUBLIC SCHOOL DISTRICT,2024,
MN,010553,New York Mills Public School Dist.,2723520,st_leaid,010553,NEW YORK MILLS PUBLIC SCHOOL DIST.,2024,
MN,010561,Goodridge Public School District,2713020,st_leaid,010561,GOODRIDGE PUBLIC SCHOOL DISTRICT,2024,
MN,010564,Thief River Falls School District,2738850,st_leaid,010564,THIEF RIVER FALLS SCHOOL DISTRICT,2024,
MN,010577,Willow River Public School District,2742750,st_leaid,010577,WILLOW RIVER PUBLIC SCHOOL DISTRICT,2024,
MN,010578,Pine City Public School District,2728380,st_leaid,010578,PINE CITY PUBLIC SCHOOL DISTRICT,2024,
MN,010581,Edgerton Public School District,2711220,st_leaid,010581,EDGERTON PUBLIC SCHOOL DISTRICT,2024,
MN,010592,Climax-Shelly Public Schools,2709360,st_leaid,010592,CLIMAX-SHELLY PUBLIC SCHOOLS,2024,
MN,010593,Crookston Public School District,2709720,st_leaid,010593,CROOKSTON PUBLIC SCHOOL DISTRICT,2024,
MN,010595,East Grand Forks Public Schools,2711130,st_leaid,010595,East Grand Forks Public Schools,2024,
MN,010599,Fertile-Beltrami School District,2711910,st_leaid,010599,FERTILE-BELTRAMI SCHOOL DISTRICT,2024,
MN,010600,Fisher Public School District,2712180,st_leaid,010600,FISHER PUBLIC SCHOOL DISTRICT,2024,
MN,010601,Fosston Public School District,2712300,st_leaid,010601,FOSSTON PUBLIC SCHOOL DISTRICT,2024,
MN,010621,Mounds View Public School District,2722950,st_leaid,010621,MOUNDS VIEW PUBLIC SCHOOL DISTRICT,2024,
MN,010622,North St. Paul-Maplewood Oakdale Public School District,2723850,st_leaid,010622,North St. Paul-Maplewood Oakdale,2024,
MN,010623,Roseville Public School District,2732430,st_leaid,010623,ROSEVILLE PUBLIC SCHOOL DISTRICT,2024,
MN,010624,White Bear Lake School District,2742360,st_leaid,010624,WHITE BEAR LAKE SCHOOL DISTRICT,2024,
MN,010625,Saint Paul Public Schools,2733840,st_leaid,010625,Saint Paul Public Schools,2024,
MN,010630,Red Lake Falls Public School Dist.,2730450,st_leaid,010630,RED LAKE FALLS PUBLIC SCHOOL DIST.,2024,
MN,010640,Wabasso Public School District,2741430,st_leaid,010640,WABASSO PUBLIC SCHOOL DISTRICT,2024,
MN,010656,Faribault Public School District,2711760,st_leaid,010656,FARIBAULT PUBLIC SCHOOL DISTRICT,2024,
MN,010659,Northfield Public School District,2723880,st_leaid,010659,NORTHFIELD PUBLIC SCHOOL DISTRICT,2024,
MN,010671,Hills-Beaver Creek School District,2714040,st_leaid,010671,HILLS-BEAVER CREEK SCHOOL DISTRICT,2024,
MN,010676,Badger Public School District,2703540,st_leaid,010676,BADGER PUBLIC SCHOOL DISTRICT,2024,
MN,010682,Roseau Public School District,2732250,st_leaid,010682,ROSEAU PUBLIC SCHOOL DISTRICT,2024,
MN,010690,Warroad Public School District,2741850,st_leaid,010690,WARROAD PUBLIC SCHOOL DISTRICT,2024,
MN,010695,Chisholm Public School District,2708910,st_leaid,010695,CHISHOLM PUBLIC SCHOOL DISTRICT,2024,
MN,010696,Ely Public School District,2711520,st_leaid,010696,ELY PUBLIC SCHOOL DISTRICT,2024,
MN,010698,Floodwood Public School District,2712210,st_leaid,010698,FLOODWOOD PUBLIC SCHOOL DISTRICT,2024,
MN,010700,Hermantown Community Schools,2713920,st_leaid,010700,Hermantown Community Schools,2024,
MN,010701,Hibbing Public School District,2713980,st_leaid,010701,HIBBING PUBLIC SCHOOL DISTRICT,2024,
MN,010704,Proctor Public School District,2730090,st_leaid,010704,PROCTOR PUBLIC SCHOOL DISTRICT,2024,
MN,010709,Duluth Public School District,2711040,st_leaid,010709,DULUTH PUBLIC SCHOOL DISTRICT,2024,
MN,010712,Mountain Iron-Buhl School District,2700001,st_leaid,010712,MOUNTAIN IRON-BUHL SCHOOL DISTRICT,2024,
MN,010716,Belle Plaine Public School District,2704050,st_leaid,010716,BELLE PLAINE PUBLIC SCHOOL DISTRICT,2024,
MN,010717,Jordan Public School District,2715750,st_leaid,010717,JORDAN PUBLIC SCHOOL DISTRICT,2024,
MN,010719,Prior Lake-Savage Area Schools,2730060,st_leaid,010719,PRIOR LAKE-SAVAGE AREA SCHOOLS,2024,
MN,010720,Shakopee Public School District,2733000,st_leaid,010720,SHAKOPEE PUBLIC SCHOOL DISTRICT,2024,
MN,010721,New Prague Area Schools,2723430,st_leaid,010721,NEW PRAGUE AREA SCHOOLS,2024,
MN,010726,Becker Public School District,2703870,st_leaid,010726,BECKER PUBLIC SCHOOL DISTRICT,2024,
MN,010727,Big Lake Public School District,2705460,st_leaid,010727,BIG LAKE PUBLIC SCHOOL DISTRICT,2024,
MN,010728,Elk River Public School District,2711370,st_leaid,010728,Elk River Public School District,2024,
MN,010738,Holdingford Public School District,2714190,st_leaid,010738,HOLDINGFORD PUBLIC SCHOOL DISTRICT,2024,
MN,010739,Kimball Public School District,2717220,st_leaid,010739,KIMBALL PUBLIC SCHOOL DISTRICT,2024,
MN,010740,Melrose Public School District,2720550,st_leaid,010740,MELROSE PUBLIC SCHOOL DISTRICT,2024,
MN,010741,Paynesville Public School District,2728140,st_leaid,010741,Paynesville Area Schools,2024,
MN,010742,St. Cloud Public School District,2733510,st_leaid,010742,ST. CLOUD PUBLIC SCHOOL DISTRICT,2024,
MN,010743,Sauk Centre Public School District,2732850,st_leaid,010743,SAUK CENTRE PUBLIC SCHOOL DISTRICT,2024,
MN,010745,Albany Public School District,2702930,st_leaid,010745,ALBANY PUBLIC SCHOOL DISTRICT,2024,
MN,010748,Sartell-St. Stephen School District,2732820,st_leaid,010748,SARTELL-ST. STEPHEN SCHOOL DISTRICT,2024,
MN,010750,Rocori Public School District,2709440,st_leaid,010750,ROCORI PUBLIC SCHOOL DISTRICT,2024,
MN,010756,Blooming Prairie Public School Dist,2705760,st_leaid,010756,Blooming Prairie Public Schools,2024,
MN,010761,Owatonna Public School District,2728050,st_leaid,010761,OWATONNA PUBLIC SCHOOL DISTRICT,2024,
MN,010763,Medford Public School District,2719320,st_leaid,010763,MEDFORD PUBLIC SCHOOL DISTRICT,2024,
MN,010768,Hancock Public School District,2713380,st_leaid,010768,HANCOCK PUBLIC SCHOOL DISTRICT,2024,
MN,010771,Chokio-Alberta Public Schools,2708940,st_leaid,010771,Chokio-Alberta Public Schools,2024,
MN,010775,Kerkhoven-Murdock-Sunburg,2717120,st_leaid,010775,KERKHOVEN-MURDOCK-SUNBURG,2024,
MN,010777,Benson Public School District,2704470,st_leaid,010777,BENSON PUBLIC SCHOOL DISTRICT,2024,
MN,010786,Bertha-Hewitt Public School District,2705430,st_leaid,010786,BERTHA-HEWITT PUBLIC SCHOOL DIST.,2024,
MN,010787,Browerville Public School District,2706300,st_leaid,010787,BROWERVILLE PUBLIC SCHOOL DISTRICT,2024,
MN,010801,Browns Valley Public School District,2707110,st_leaid,010801,Browns Valley Public School Dist,2024,
MN,010803,Wheaton Area Public School District,2742330,st_leaid,010803,WHEATON AREA PUBLIC SCHOOL DISTRICT,2024,
MN,010811,Wabasha-Kellogg Public School District,2741060,st_leaid,010811,Wabasha-Kellogg School District,2024,
MN,010813,Lake City Public School District,2717520,st_leaid,010813,LAKE CITY PUBLIC SCHOOL DISTRICT,2024,
MN,010818,Verndale Public School District,2740920,st_leaid,010818,VERNDALE PUBLIC SCHOOL DISTRICT,2024,
MN,010820,Sebeka Public School District,2732970,st_leaid,010820,SEBEKA PUBLIC SCHOOL DISTRICT,2024,
MN,010821,Menahga Public School District,2720580,st_leaid,010821,MENAHGA PUBLIC SCHOOL DISTRICT,2024,
MN,010829,Waseca Public School District,2741880,st_leaid,010829,WASECA PUBLIC SCHOOL DISTRICT,2024,
MN,010831,Forest Lake Public School District,2712270,st_leaid,010831,FOREST LAKE PUBLIC SCHOOL DISTRICT,2024,
MN,010832,Mahtomedi Public School District,2718750,st_leaid,010832,MAHTOMEDI PUBLIC SCHOOL DISTRICT,2024,
MN,010833,South Washington County Schools,2733810,st_leaid,010833,South Washington County Schools,2024,
MN,010834,Stillwater Area Public Schools,2738190,st_leaid,010834,Stillwater Area Public Schools,2024,
MN,010836,Butterfield Public School District,2707320,st_leaid,010836,Butterfield-Odin Public Schools,2024,
MN,010837,Madelia Public School District,2718570,st_leaid,010837,MADELIA PUBLIC SCHOOL DISTRICT,2024,
MN,010840,St. James Public School District,2733600,st_leaid,010840,ST. JAMES PUBLIC SCHOOL DISTRICT,2024,
MN,010846,Breckenridge Public School District,2706150,st_leaid,010846,BRECKENRIDGE PUBLIC SCHOOL DISTRICT,2024,
MN,010850,Rothsay Public School District,2732460,st_leaid,010850,ROTHSAY PUBLIC SCHOOL DISTRICT,2024,
MN,010852,Campbell-Tintah Public School District,2707450,st_leaid,010852,Campbell-Tintah Public Schools,2024,
MN,010857,Lewiston-Altura Public School District,2718090,st_leaid,010857,Lewiston-Altura Public School Dist,2024,
MN,010858,St. Charles Public School District,2733450,st_leaid,010858,ST. CHARLES PUBLIC SCHOOL DISTRICT,2024,
MN,010861,Winona Area Public School District,2744070,st_leaid,010861,WINONA AREA PUBLIC SCHOOL DISTRICT,2024,
MN,010876,Annandale Public School District,2703150,st_leaid,010876,ANNANDALE PUBLIC SCHOOL DISTRICT,2024,
MN,010877,Buffalo-Hanover-Montrose Schools,2707200,st_leaid,010877,Buffalo-Hanover-Montrose Schools,2024,
MN,010879,Delano Public School District,2710170,st_leaid,010879,DELANO PUBLIC SCHOOL DISTRICT,2024,
MN,010881,Maple Lake Public School District,2718810,st_leaid,010881,MAPLE LAKE PUBLIC SCHOOL DISTRICT,2024,
MN,010882,Monticello Public School District,2721390,st_leaid,010882,MONTICELLO PUBLIC SCHOOL DISTRICT,2024,
MN,010883,Rockford Public School District,2732070,st_leaid,010883,ROCKFORD PUBLIC SCHOOL DISTRICT,2024,
MN,010885,St. Michael-Albertville School District,2733790,st_leaid,010885,St. Michael-Albertville Schools,2024,
MN,010891,Canby Public School District,2707470,st_leaid,010891,CANBY PUBLIC SCHOOL DISTRICT,2024,
MN,010911,Cambridge-Isanti Public School District,2707410,st_leaid,010911,CAMBRIDGE-ISANTI PUBLIC SCHOOL DIST,2024,
MN,010912,Milaca Public School District,2720670,st_leaid,010912,MILACA PUBLIC SCHOOL DISTRICT,2024,
MN,010914,Ulen-Hitterdal Public School Dist,2740810,st_leaid,010914,ULEN-HITTERDAL PUBLIC SCHOOL DIST,2024,
MN,012071,Lake Crystal-Wellcome Memorial,2791445,st_leaid,012071,LAKE CRYSTAL-WELLCOME MEMORIAL,2024,
MN,012125,Triton School District,2740665,st_leaid,012125,TRITON SCHOOL DISTRICT,2024,
MN,012134,United South Central School District,2700005,st_leaid,012134,United South Central Schools,2024,
MN,012135,Maple River School District,2700006,st_leaid,012135,MAPLE RIVER SCHOOL DISTRICT,2024,
MN,012137,Kingsland Public School District,2700007,st_leaid,012137,KINGSLAND PUBLIC SCHOOL DISTRICT,2024,
MN,012142,St. Louis County School District,2700008,st_leaid,012142,ST. LOUIS COUNTY SCHOOL DISTRICT,2024,
MN,012143,Waterville-Elysian-Morristown Public School District,2700013,st_leaid,012143,WATERVILLE-ELYSIAN-MORRISTOWN,2024,
MN,012144,Chisago Lakes School District,2700017,st_leaid,012144,CHISAGO LAKES SCHOOL DISTRICT,2024,
MN,012149,Minnewaska School District,2700019,st_leaid,012149,MINNEWASKA SCHOOL DISTRICT,2024,
MN,012155,Wadena-Deer Creek School District,2700022,st_leaid,012155,WADENA-DEER CREEK SCHOOL DISTRICT,2024,
MN,012159,Buffalo Lake-Hector-Stewart Public Schools,2700023,st_leaid,012159,Buffalo Lake-Hector-Stewart,2024,
MN,012164,Dilworth-Glyndon-Felton,2710260,st_leaid,012164,DILWORTH-GLYNDON-FELTON,2024,
MN,012165,Hinckley-Finlayson School District,2714070,st_leaid,012165,HINCKLEY-FINLAYSON SCHOOL DISTRICT,2024,
MN,012167,Lakeview School District,2700088,st_leaid,012167,LAKEVIEW SCHOOL DISTRICT,2024,
MN,012168,NRHEG School District,2700089,st_leaid,012168,NRHEG SCHOOL DISTRICT,2024,
MN,012169,Murray County Central Schools,2700090,st_leaid,012169,Murray County Central Schools,2024,
MN,012170,Staples-Motley School District,2733900,st_leaid,012170,STAPLES-MOTLEY SCHOOL DISTRICT,2024,
MN,012171,Kittson Central School District,2791447,st_leaid,012171,KITTSON CENTRAL SCHOOL DISTRICT,2024,
MN,012172,Kenyon-Wanamingo School District,2717100,st_leaid,012172,KENYON-WANAMINGO SCHOOL DISTRICT,2024,
MN,012174,Pine River-Backus School District,2728970,st_leaid,012174,PINE RIVER-BACKUS SCHOOL DISTRICT,2024,
MN,012176,Warren-Alvarado-Oslo School District,2700024,st_leaid,012176,WARREN-ALVARADO-OSLO SCHOOL DIST.,2024,
MN,012180,MACCRAY School District,2700091,st_leaid,012180,MACCRAY School District,2024,
MN,012184,Luverne Public School District,2718330,st_leaid,012184,LUVERNE PUBLIC SCHOOL DISTRICT,2024,
MN,012190,Yellow Medicine East,2700099,st_leaid,012190,YELLOW MEDICINE EAST,2024,
MN,012198,Fillmore Central,2700100,st_leaid,012198,FILLMORE CENTRAL,2024,
MN,012215,Norman County East School District,2700101,st_leaid,012215,NORMAN COUNTY EAST SCHOOL DISTRICT,2024,
MN,012310,Sibley East School District,2700102,st_leaid,012310,SIBLEY EAST SCHOOL DISTRICT,2024,
MN,012311,Clearbrook-Gonvick School District,2700103,st_leaid,012311,CLEARBROOK-GONVICK SCHOOL DISTRICT,2024,
MN,012342,West Central Area,2700104,st_leaid,012342,WEST CENTRAL AREA,2024,
MN,012358,Tri-County School District,2791446,st_leaid,012358,TRI-COUNTY SCHOOL DISTRICT,2024,
MN,012364,Belgrade-Brooten-Elrosa Public School District,2700105,st_leaid,012364,BELGRADE-BROOTEN-ELROSA SCHOOL DIST,2024,
MN,012365,GFW Public Schools,2712580,st_leaid,012365,GFW Public Schools,2024,
MN,012396,A.C.G.C. Public School District,2700106,st_leaid,012396,A.C.G.C. Public School District,2024,
MN,012397,Le Sueur-Henderson School District,2718070,st_leaid,012397,LE SUEUR-HENDERSON SCHOOL DISTRICT,2024,
MN,012448,Martin County West School District,2718960,st_leaid,012448,MARTIN COUNTY WEST SCHOOL DISTRICT,2024,
MN,012534,Bird Island-Olivia-Lake Lillian Public School District,2705660,st_leaid,012534,BIRD ISLAND-OLIVIA-LAKE LILLIAN,2024,
MN,012536,Granada Huntley East Chain,2713040,st_leaid,012536,Granada Huntley East Chain,2024,
MN,012580,East Central School District,2711085,st_leaid,012580,EAST CENTRAL SCHOOL DISTRICT,2024,
MN,012609,Win-E-Mac School District,2791449,st_leaid,012609,WIN-E-MAC SCHOOL DISTRICT,2024,
MN,012683,Greenbush Middle River School District,2700107,st_leaid,012683,Greenbush Middle River Schools,2024,
MN,012687,Howard Lake-Waverly-Winsted,2700123,st_leaid,012687,HOWARD LAKE-WAVERLY-WINSTED,2024,
MN,012689,Pipestone Area School District,2700108,st_leaid,012689,PIPESTONE AREA SCHOOL DISTRICT,2024,
MN,012711,Mesabi East School District,2791450,st_leaid,012711,MESABI EAST SCHOOL DISTRICT,2024,
MN,012752,Fairmont Area School District,2700124,st_leaid,012752,FAIRMONT AREA SCHOOL DISTRICT,2024,
MN,012753,Long Prairie-Grey Eagle School District,2700109,st_leaid,012753,Long Prairie-Grey Eagle School Dist,2024,
MN,012754,Cedar Mountain School District,2700110,st_leaid,012754,CEDAR MOUNTAIN SCHOOL DISTRICT,2024,
MN,012769,Morris Area Public Schools,2700383,st_leaid,012769,MORRIS AREA PUBLIC SCHOOLS,2024,
MN,012805,Zumbrota-Mazeppa School District,2745735,st_leaid,012805,ZUMBROTA-MAZEPPA SCHOOL DISTRICT,2024,
MN,012835,Janesville-Waldorf-Pemberton,2791451,st_leaid,012835,JANESVILLE-WALDORF-PEMBERTON,2024,
MN,012853,Lac qui Parle Valley School District,2700125,st_leaid,012853,Lac qui Parle Valley Schools,2024,
MN,012856,Stephen-Argyle Central Schools,2700127,st_leaid,012856,STEPHEN-ARGYLE CENTRAL SCHOOLS,2024,
MN,012859,Glencoe-Silver Lake School District,2700128,st_leaid,012859,GLENCOE-SILVER LAKE SCHOOL DISTRICT,2024,
MN,012860,Blue Earth Area School District,2700130,st_leaid,012860,Blue Earth Area School District,2024,
MN,012884,Red Rock Central School District,2700132,st_leaid,012884,RED ROCK CENTRAL SCHOOL DISTRICT,2024,
MN,012886,Glenville-Emmons School District,2700148,st_leaid,012886,GLENVILLE-EMMONS SCHOOL DISTRICT,2024,
MN,012888,Clinton-Graceville-Beardsley,2700150,st_leaid,012888,CLINTON-GRACEVILLE-BEARDSLEY,2024,
MN,012889,Lake Park Audubon School District,2700162,st_leaid,012889,LAKE PARK AUDUBON SCHOOL DISTRICT,2024,
MN,012890,Renville County West School District,2700163,st_leaid,012890,Renville County West Schools,2024,
MN,012895,Jackson County Central School District,2700231,st_leaid,012895,JACKSON COUNTY CENTRAL SCHOOL DIST.,2024,
MN,012897,Redwood Area School District,2700182,st_leaid,012897,REDWOOD AREA SCHOOL DISTRICT,2024,
MN,012898,Westbrook-Walnut Grove Schools,2700183,st_leaid,012898,WESTBROOK-WALNUT GROVE SCHOOLS,2024,
MN,012899,Plainview-Elgin-Millville Community Schools,2700287,st_leaid,012899,PLAINVIEW-ELGIN-MILLVILLE,2024,
MN,012902,RTR Public Schools,2700294,st_leaid,012902,RTR PUBLIC SCHOOLS,2024,
MN,012903,Ortonville Public Schools,2700328,st_leaid,012903,ORTONVILLE PUBLIC SCHOOLS,2024,
MN,012904,Tracy Area Public School District,2700326,st_leaid,012904,TRACY AREA PUBLIC SCHOOL DISTRICT,2024,
MN,012905,Tri-City United School District,2700379,st_leaid,012905,TRI-CITY UNITED SCHOOL DISTRICT,2024,
MN,012906,Red Lake County Central Public Schools,2700385,st_leaid,012906,RED LAKE COUNTY CENTRAL PUBLIC SCH,2024,
MN,012908,Brandon-Evansville Public Schools,2700382,st_leaid,012908,BRANDON-EVANSVILLE PUBLIC SCHOOLS,2024,
MN,012909,Rock Ridge Public Schools,2700466,st_leaid,012909,Rock Ridge Public Schools,2024,
MN,012910,Ada-Borup-West Public Schools,2700480,st_leaid,012910,Ada-Borup-West Public Schools,2024,
MN,030001,Minneapolis Public School District,2721240,st_leaid,030001,Minneapolis Public School District,2024,
MN,030006,South St. Paul Public School District,2733270,st_leaid,030006,South St. Paul Public School Dist,2024,
MN,060287,Intermediate School District 287,2700025,st_leaid,060287,Intermediate School District 287,2024,
MN,060288,Southwest Metro Intermediate 288,2700420,st_leaid,060288,Southwest Metro Intermediate 288,2024,
MN,060916,Northeast Metro 916,2702264,st_leaid,060916,NORTHEAST METRO 916,2024,
MN,060917,Intermediate School District 917,2700026,st_leaid,060917,INTERMEDIATE SCHOOL DISTRICT 917,2024,
MN,074000,City Academy,2708955,st_leaid,074000,City Academy,2024,
MN,074003,"New Heights School, Inc.",2723380,st_leaid,074003,NEW HEIGHTS SCHOOL INC.,2024,
MN,074005,Metro Deaf School,2700028,st_leaid,074005,METRO DEAF SCHOOL,2024,
MN,074007,Minnesota New Country School,2700092,st_leaid,074007,Minnesota New Country School,2024,
MN,074008,PACT Charter School,2700093,st_leaid,074008,PACT CHARTER SCHOOL,2024,
MN,074015,Community of Peace Academy,2700115,st_leaid,074015,COMMUNITY OF PEACE ACADEMY,2024,
MN,074017,Minnesota Transitions Charter School,2700117,st_leaid,074017,Minnesota Transitions Charter Sch,2024,
MN,074025,Cyber Village Academy,2700138,st_leaid,074025,CYBER VILLAGE ACADEMY,2024,
MN,074026,E.C.H.O. Charter School,2700139,st_leaid,074026,E.C.H.O. CHARTER SCHOOL,2024,
MN,074027,Higher Ground Academy,2700140,st_leaid,074027,HIGHER GROUND ACADEMY,2024,
MN,074029,St. Paul City School,2700142,st_leaid,074029,ST. PAUL CITY SCHOOL,2024,
MN,074031,Jennings Community School,2700152,st_leaid,074031,Jennings Community School,2024,
MN,074036,Face to Face Academy,2700157,st_leaid,074036,FACE TO FACE ACADEMY,2024,
MN,074039,High School for Recording Arts,2700160,st_leaid,074039,HIGH SCHOOL FOR RECORDING ARTS,2024,
MN,074043,Math and Science Academy,2700167,st_leaid,074043,MATH AND SCIENCE ACADEMY,2024,
MN,074049,Northwest Passage High School,2700173,st_leaid,074049,NORTHWEST PASSAGE HIGH SCHOOL,2024,
MN,074053,North Lakes Academy,2700177,st_leaid,074053,NORTH LAKES ACADEMY,2024,
MN,074054,La Crescent Montessori & STEM School,2700178,st_leaid,074054,La Crescent Montessori & STEM Schoo,2024,
MN,074056,Rosa Parks Charter High School,2700180,st_leaid,074056,Rosa Parks Charter High School,2024,
MN,074057,El Colegio Charter School,2700181,st_leaid,074057,EL COLEGIO CHARTER SCHOOL,2024,
MN,074059,Crosslake Community Charter School,2700218,st_leaid,074059,CROSSLAKE COMMUNITY CHARTER SCHOOL,2024,
MN,074064,Riverway Learning Community Charter,2700221,st_leaid,074064,Riverway Learning Community Charter,2024,
MN,074066,Kato Public Charter School,2700226,st_leaid,074066,Kato Public Charter School,2024,
MN,074070,HOPE Community Academy,2700230,st_leaid,074070,HOPE COMMUNITY ACADEMY,2024,
MN,074073,Academias La Paz,2700185,st_leaid,074073,ACADEMIA CESAR CHAVEZ CHARTER SCH.,2024,
MN,074074,AFSA High School,2700186,st_leaid,074074,AFSA HIGH SCHOOL,2024,
MN,074075,Avalon School,2700187,st_leaid,074075,AVALON SCHOOL,2024,
MN,074080,Pillager Area Charter School,2700191,st_leaid,074080,Central Lakes Adventure School,2024,
MN,074081,Discovery Public School of Faribault,2700192,st_leaid,074081,Discovery Public School - Faribault,2024,
MN,074082,BlueSky Charter School,2700193,st_leaid,074082,BLUESKY CHARTER SCHOOL,2024,
MN,074085,Harbor City International Charter,2700209,st_leaid,074085,HARBOR CITY INTERNATIONAL CHARTER,2024,
MN,074087,SAGE Academy Charter School,2700211,st_leaid,074087,SAGE ACADEMY CHARTER SCHOOL,2024,
MN,074091,Arcadia Charter School,2700355,st_leaid,074091,ARCADIA CHARTER SCHOOL,2024,
MN,074092,Watershed High School,2700213,st_leaid,074092,WATERSHED HIGH SCHOOL,2024,
MN,074093,New Century Academy,2700214,st_leaid,074093,New Century Academy,2024,
MN,074095,TRIO Wolf Creek Distance Learning,2700235,st_leaid,074095,TRIO WOLF CREEK DISTANCE LEARNING,2024,
MN,074098,Nova Classical Academy,2700337,st_leaid,074098,Nova Classical Academy,2024,
MN,074102,Minnesota Internship Center,2700341,st_leaid,074102,MINNESOTA INTERNSHIP CENTER,2024,
MN,074103,Hmong College Prep Academy,2700342,st_leaid,074103,HMONG COLLEGE PREP ACADEMY,2024,
MN,074104,Paladin Career and Technical High School,2700343,st_leaid,074104,Paladin Career and Tech High School,2024,
MN,074105,Great River School,2700344,st_leaid,074105,GREAT RIVER SCHOOL,2024,
MN,074106,TrekNorth High School,2700345,st_leaid,074106,TREKNORTH HIGH SCHOOL,2024,
MN,074107,Voyageurs Expeditionary,2700346,st_leaid,074107,VOYAGEURS EXPEDITIONARY,2024,
MN,074110,PIM Arts High School,2700349,st_leaid,074110,PIM Arts High School,2024,
MN,074111,Augsburg Fairview Academy,2700350,st_leaid,074111,AUGSBURG FAIRVIEW ACADEMY,2024,
MN,074112,Saint Paul Conservatory for Performing Artists,2700351,st_leaid,074112,ST PAUL CONSERVATORY PERFORMING ART,2024,
MN,074116,Lakes International Language Academy,2700358,st_leaid,074116,Lakes International Language Academ,2024,
MN,074118,Kaleidoscope Charter School,2700360,st_leaid,074118,KALEIDOSCOPE CHARTER SCHOOL,2024,
MN,074119,Academic Arts High School,2700361,st_leaid,074119,ACADEMIC ARTS HIGH SCHOOL,2024,
MN,074120,St. Croix Preparatory Academy,2700362,st_leaid,074120,ST. CROIX PREPARATORY ACADEMY,2024,
MN,074121,Ubah Medical Academy Charter School,2700363,st_leaid,074121,Ubah Academy,2024,
MN,074122,Eagle Ridge Academy Charter School,2700364,st_leaid,074122,EAGLE RIDGE ACADEMY CHARTER SCHOOL,2024,
MN,074126,Prairie Seeds Academy,2700240,st_leaid,074126,PRAIRIE SEEDS ACADEMY,2024,
MN,074131,Metro Schools Charter,2700245,st_leaid,074131,METRO SCHOOLS CHARTER,2024,
MN,074132,Twin Cities Academy,2700246,st_leaid,074132,Twin Cities Academy,2024,
MN,074135,Rochester Math and Science Academy,2700247,st_leaid,074135,ROCHESTER MATH AND SCIENCE ACADEMY,2024,
MN,074146,Northern Lights Community School,2700256,st_leaid,074146,NORTHERN LIGHTS COMMUNITY SCHOOL,2024,
MN,074150,Minnesota Online High School,2700260,st_leaid,074150,MINNESOTA ONLINE HIGH SCHOOL,2024,
MN,074151,EdVisions Off Campus School,2700261,st_leaid,074151,EDVISIONS OFF CAMPUS SCHOOL,2024,
MN,074160,Spectrum High School,2700276,st_leaid,074160,SPECTRUM HIGH SCHOOL,2024,
MN,074166,East Range Academy of Technology and Science,2700291,st_leaid,074166,EAST RANGE ACADEMY OF TECH-SCIENCE,2024,
MN,074170,Hiawatha Academies,2700288,st_leaid,074170,HIAWATHA ACADEMIES,2024,
MN,074178,Lincoln International High School,2700299,st_leaid,074178,Lincoln International High School,2024,
MN,074181,Community School of Excellence,2700304,st_leaid,074181,COMMUNITY SCHOOL OF EXCELLENCE,2024,
MN,074183,Lionsgate Academy,2700315,st_leaid,074183,LIONSGATE ACADEMY,2024,
MN,074199,Parnassus Preparatory Charter School,2700333,st_leaid,074199,PARNASSUS PREPARATORY CHARTER SCH,2024,
MN,074200,STEP Academy,2700367,st_leaid,074200,STEP Academy,2024,
MN,074204,Rochester STEM Academy,2700370,st_leaid,074204,ROCHESTER STEM ACADEMY,2024,
MN,074207,Vermilion Country School,2700372,st_leaid,074207,Vermilion Country School,2024,
MN,074210,Upper Mississippi Academy,2700376,st_leaid,074210,Upper Mississippi Academy,2024,
MN,074215,Sejong Academy of Minnesota,2700386,st_leaid,074215,Sejong Academy of Minnesota,2024,
MN,074217,Technical Academies of Minnesota,2700389,st_leaid,074217,TECHNICAL ACADEMIES OF MINNESOTA,2024,
MN,074218,Venture Academy,2700384,st_leaid,074218,Venture Academy,2024,
MN,074225,Universal Academy Charter School,2700393,st_leaid,074225,Universal Academy Charter School,2024,
MN,074229,Jane Goodall Environmental Sciences Academy,2700403,st_leaid,074229,Terra Nova School,2024,
MN,074231,Minnesota Math and Science Academy,2700399,st_leaid,074231,Minnesota Math and Science Academy,2024,
MN,074237,Career Pathways,2700402,st_leaid,074237,Career Pathways,2024,
MN,074238,Rochester Beacon Academy,2700412,st_leaid,074238,Rochester Beacon Academy,2024,
MN,074240,New Century School,2700410,st_leaid,074240,New Century School,2024,
MN,074244,FIT Academy,2700425,st_leaid,074244,FIT Academy,2024,
MN,074279,Exploration High School,2700462,st_leaid,074279,Exploration High School,2024,
MN,074284,Gentry Academy Charter School,2700468,st_leaid,074284,Gentry Academy Charter School,2024,
MN,074285,Aim Academy of Science and Technology,2700469,st_leaid,074285,Aim Academy of Science & Technology,2024,
MN,074290,Kalon Prep Academy,2700474,st_leaid,074290,Kalon Prep Academy,2024,
MN,506076,Northland Learning Center,2700224,st_leaid,506076,NORTHLAND LEARNING CENTER,2024,
MN,510966,Wright Technical Center,2700036,st_leaid,510966,WRIGHT TECHNICAL CENTER,2024,
MN,520397,Lake Agassiz Education Cooperative,2700040,st_leaid,520397,Lake Agassiz Education Cooperative,2024,
MN,520915,Southern Plains Education Cooperative,2700046,st_leaid,520915,SOUTHERN PLAINS EDUCATION COOP.,2024,
MN,520938,Meeker and Wright Special Education,2700045,st_leaid,520938,MEEKER AND WRIGHT SPECIAL EDUCATION,2024,
MN,526079,Rum River Special Education Cooperative,2700318,st_leaid,526079,RUM RIVER SPECIAL EDUCATION COOP,2024,
MN,526083,Southern Minnesota Education Consortium,2700327,st_leaid,526083,SOUTHERN MN EDUCATION CONSORTIUM,2024,
MN,526090,Sherburne and Northern Wright Special Education Cooperative,2700413,st_leaid,526090,Sherburne and Northern Wright Speci,2024,
MN,526094,Cannon Valley Special Education Cooperative,2700424,st_leaid,526094,Cannon Valley Special Education Coo,2024,
MN,526095,Austin Albert Lea Area Special Education Cooperative (AALASEC),2700426,st_leaid,526095,Austin Albert Lea Area Special Educ,2024,
MN,526096,Northern Lights Academy Cooperative,2700442,st_leaid,526096,Northern Lights Academy Cooperative,2024,
MN,526099,Up North Learning Center,2700479,st_leaid,526099,Up North Learning Center,2024,
MN,616004,Freshwater Education District,2700014,st_leaid,616004,Freshwater Education District,2024,
MN,616009,St. Croix River Education District,2700015,st_leaid,616009,ST. CROIX RIVER EDUCATION DISTRICT,2024,
MN,616012,Zumbro Education District,2700054,st_leaid,616012,ZUMBRO EDUCATION DISTRICT,2024,
MN,616013,Hiawatha Valley Ed. District,2700055,st_leaid,616013,Hiawatha Valley Education District,2024,
MN,616014,Runestone Area Ed. District,2700016,st_leaid,616014,Runestone Area Education District,2024,
MN,616018,Minnesota River Valley Education District,2700058,st_leaid,616018,MN River Valley Education District,2024,
MN,616026,West Central Education District,2791455,st_leaid,616026,WEST CENTRAL EDUCATION DISTRICT,2024,
MN,616027,Minnesota Valley Education District,2700063,st_leaid,616027,Minnesota Valley Education District,2024,
MN,616049,River Bend Education District,2791353,st_leaid,616049,RIVER BEND EDUCATION DISTRICT,2024,
MN,616051,Goodhue County Education District,2791443,st_leaid,616051,Goodhue County Education District,2024,
MN,616383,Benton-Stearns Education District,2700071,st_leaid,616383,Benton-Stearns Education District,2024,
MN,616979,Mid-State Education District,2700073,st_leaid,616979,Mid-State Education District,2024,
MN,700160,Minnesota State Academies,2700129,st_leaid,700160,MINNESOTA STATE ACADEMIES,2024,
MN,701000,Perpich Center For Arts Education,2791456,st_leaid,701000,PERPICH CENTER FOR ARTS EDUCATION,2024,
MN,830926,Region 4-Lakes Country Service Cooperative,2700083,st_leaid,830926,REGION 4-LAKES COUNTRY SERVICE COOP,2024,
MN,830991,Region 6 and 8-SW/WC Service Cooperative,2700086,st_leaid,830991,Region 6 and 8-SW/WC Service Coop,2024,
MO,001090,ADAIR CO. R-I,2922980,st_leaid,001090,ADAIR CO. R-I,2024,
MO,001091,KIRKSVILLE R-III,2916740,st_leaid,001091,KIRKSVILLE R-III,2024,
MO,001092,ADAIR CO. R-II,2905790,st_leaid,001092,ADAIR CO. R-II,2024,
MO,002089,NORTH ANDREW CO. R-VI,2922710,st_leaid,002089,NORTH ANDREW CO. R-VI,2024,
MO,002090,AVENUE CITY R-IX,2904080,st_leaid,002090,AVENUE CITY R-IX,2024,
MO,002097,SAVANNAH R-III,2927570,st_leaid,002097,SAVANNAH R-III,2024,
MO,003031,TARKIO R-I,2929940,st_leaid,003031,TARKIO R-I,2024,
MO,003032,ROCK PORT R-II,2926790,st_leaid,003032,ROCK PORT R-II,2024,
MO,003033,FAIRFAX R-III,2911760,st_leaid,003033,FAIRFAX R-III,2024,
MO,004106,COMMUNITY R-VI,2910020,st_leaid,004106,COMMUNITY R-VI,2024,
MO,004109,VAN-FAR R-I,2930780,st_leaid,004109,VAN-FAR R-I,2024,
MO,004110,MEXICO 59,2920810,st_leaid,004110,MEXICO 59,2024,
MO,005120,WHEATON R-III,2931950,st_leaid,005120,WHEATON R-III,2024,
MO,005121,SOUTHWEST R-V,2928710,st_leaid,005121,SOUTHWEST R-V,2024,
MO,005122,EXETER R-VI,2911670,st_leaid,005122,EXETER R-VI,2024,
MO,005123,CASSVILLE R-IV,2908170,st_leaid,005123,CASSVILLE R-IV,2024,
MO,005124,PURDY R-II,2925620,st_leaid,005124,PURDY R-II,2024,
MO,005128,MONETT R-I,2921120,st_leaid,005128,MONETT R-I,2024,
MO,006101,LIBERAL R-II,2918510,st_leaid,006101,LIBERAL R-II,2024,
MO,006103,GOLDEN CITY R-III,2912930,st_leaid,006103,GOLDEN CITY R-III,2024,
MO,006104,LAMAR R-I,2917850,st_leaid,006104,LAMAR R-I,2024,
MO,007121,MIAMI R-I,2920820,st_leaid,007121,MIAMI R-I,2024,
MO,007122,BALLARD R-II,2904170,st_leaid,007122,BALLARD R-II,2024,
MO,007123,ADRIAN R-III,2902850,st_leaid,007123,ADRIAN R-III,2024,
MO,007124,RICH HILL R-IV,2926310,st_leaid,007124,RICH HILL R-IV,2024,
MO,007125,HUME R-VIII,2915330,st_leaid,007125,HUME R-VIII,2024,
MO,007129,BUTLER R-V,2906360,st_leaid,007129,BUTLER R-V,2024,
MO,008106,LINCOLN R-II,2918670,st_leaid,008106,LINCOLN R-II,2024,
MO,008107,WARSAW R-IX,2931070,st_leaid,008107,WARSAW R-IX,2024,
MO,008111,COLE CAMP R-I,2909900,st_leaid,008111,COLE CAMP R-I,2024,
MO,009077,MEADOW HEIGHTS R-II,2923640,st_leaid,009077,MEADOW HEIGHTS R-II,2024,
MO,009078,LEOPOLD R-III,2918420,st_leaid,009078,LEOPOLD R-III,2024,
MO,009079,ZALMA R-V,2932490,st_leaid,009079,ZALMA R-V,2024,
MO,009080,WOODLAND R-IV,2919350,st_leaid,009080,WOODLAND R-IV,2024,
MO,010087,SOUTHERN BOONE CO. R-I,2928560,st_leaid,010087,SOUTHERN BOONE CO. R-I,2024,
MO,010089,HALLSVILLE R-IV,2913560,st_leaid,010089,HALLSVILLE R-IV,2024,
MO,010090,STURGEON R-V,2929700,st_leaid,010090,STURGEON R-V,2024,
MO,010091,CENTRALIA R-VI,2908400,st_leaid,010091,CENTRALIA R-VI,2024,
MO,010092,HARRISBURG R-VIII,2913710,st_leaid,010092,HARRISBURG R-VIII,2024,
MO,010093,COLUMBIA 93,2901000,st_leaid,010093,COLUMBIA 93,2024,
MO,011076,EAST BUCHANAN CO. C-1,2911250,st_leaid,011076,EAST BUCHANAN CO. C-1,2024,
MO,011078,MID-BUCHANAN CO. R-V,2911940,st_leaid,011078,MID-BUCHANAN CO. R-V,2024,
MO,011079,BUCHANAN CO. R-IV,2910590,st_leaid,011079,BUCHANAN CO. R-IV,2024,
MO,011082,ST. JOSEPH,2927060,st_leaid,011082,ST. JOSEPH,2024,
MO,012108,NEELYVILLE R-IV,2921750,st_leaid,012108,NEELYVILLE R-IV,2024,
MO,012109,POPLAR BLUFF R-I,2925450,st_leaid,012109,POPLAR BLUFF R-I,2024,
MO,012110,TWIN RIVERS R-X,2930520,st_leaid,012110,TWIN RIVERS R-X,2024,
MO,013054,BRECKENRIDGE R-I,2905850,st_leaid,013054,BRECKENRIDGE R-I,2024,
MO,013055,HAMILTON R-II,2913590,st_leaid,013055,HAMILTON R-II,2024,
MO,013059,POLO R-VII,2925410,st_leaid,013059,POLO R-VII,2024,
MO,013061,BRAYMER C-4,2905820,st_leaid,013061,BRAYMER C-4,2024,
MO,014126,NORTH CALLAWAY CO. R-I,2922740,st_leaid,014126,NORTH CALLAWAY CO. R-I,2024,
MO,014127,NEW BLOOMFIELD R-III,2921875,st_leaid,014127,NEW BLOOMFIELD R-III,2024,
MO,014129,FULTON 58,2912550,st_leaid,014129,FULTON 58,2024,
MO,014130,SOUTH CALLAWAY CO. R-II,2928430,st_leaid,014130,SOUTH CALLAWAY CO. R-II,2024,
MO,014400,MO SCHOOL FOR THE DEAF,2900020,st_leaid,014400,MO SCHOOL FOR THE DEAF,2024,
MO,015001,STOUTLAND R-II,2929580,st_leaid,015001,STOUTLAND R-II,2024,
MO,015002,CAMDENTON R-III,2906990,st_leaid,015002,CAMDENTON R-III,2024,
MO,015003,CLIMAX SPRINGS R-IV,2909810,st_leaid,015003,CLIMAX SPRINGS R-IV,2024,
MO,015004,MACKS CREEK R-V,2919380,st_leaid,015004,MACKS CREEK R-V,2024,
MO,016090,JACKSON R-II,2915600,st_leaid,016090,JACKSON R-II,2024,
MO,016092,DELTA R-V,2910620,st_leaid,016092,DELTA R-V,2024,
MO,016094,OAK RIDGE R-VI,2923070,st_leaid,016094,OAK RIDGE R-VI,2024,
MO,016096,CAPE GIRARDEAU 63,2907120,st_leaid,016096,CAPE GIRARDEAU 63,2024,
MO,016097,NELL HOLCOMB R-IV,2907320,st_leaid,016097,NELL HOLCOMB R-IV,2024,
MO,017121,HALE R-I,2913500,st_leaid,017121,HALE R-I,2024,
MO,017122,TINA-AVALON R-II,2930300,st_leaid,017122,TINA-AVALON R-II,2024,
MO,017125,CARROLLTON R-VII,2907380,st_leaid,017125,CARROLLTON R-VII,2024,
MO,017126,NORBORNE R-VIII,2922620,st_leaid,017126,NORBORNE R-VIII,2024,
MO,018047,EAST CARTER CO. R-II,2911100,st_leaid,018047,EAST CARTER CO. R-II,2024,
MO,018050,VAN BUREN R-I,2930750,st_leaid,018050,VAN BUREN R-I,2024,
MO,019139,ARCHIE R-V,2903200,st_leaid,019139,ARCHIE R-V,2024,
MO,019142,RAYMORE-PECULIAR R-II,2923730,st_leaid,019142,RAYMORE-PECULIAR R-II,2024,
MO,019144,SHERWOOD CASS R-VIII,2910320,st_leaid,019144,SHERWOOD CASS R-VIII,2024,
MO,019147,EAST LYNNE 40,2911160,st_leaid,019147,EAST LYNNE 40,2024,
MO,019148,PLEASANT HILL R-III,2925330,st_leaid,019148,PLEASANT HILL R-III,2024,
MO,019149,HARRISONVILLE R-IX,2913760,st_leaid,019149,HARRISONVILLE R-IX,2024,
MO,019150,DREXEL R-IV,2911070,st_leaid,019150,DREXEL R-IV,2024,
MO,019151,MIDWAY R-I,2931800,st_leaid,019151,MIDWAY R-I,2024,
MO,019152,BELTON 124,2904620,st_leaid,019152,BELTON 124,2024,
MO,020001,STOCKTON R-I,2929520,st_leaid,020001,STOCKTON R-I,2024,
MO,020002,EL DORADO SPRINGS R-II,2911310,st_leaid,020002,EL DORADO SPRINGS R-II,2024,
MO,021148,NORTHWESTERN R-I,2922920,st_leaid,021148,NORTHWESTERN R-I,2024,
MO,021149,BRUNSWICK R-II,2906030,st_leaid,021149,BRUNSWICK R-II,2024,
MO,021150,KEYTESVILLE R-III,2916530,st_leaid,021150,KEYTESVILLE R-III,2024,
MO,021151,SALISBURY R-IV,2927520,st_leaid,021151,SALISBURY R-IV,2024,
MO,022088,CHADWICK R-I,2908430,st_leaid,022088,CHADWICK R-I,2024,
MO,022089,Nixa Public Schools,2922530,st_leaid,022089,Nixa Public Schools,2024,
MO,022090,SPARTA R-III,2928740,st_leaid,022090,SPARTA R-III,2024,
MO,022091,BILLINGS R-IV,2905070,st_leaid,022091,BILLINGS R-IV,2024,
MO,022092,CLEVER R-V,2909780,st_leaid,022092,CLEVER R-V,2024,
MO,022093,OZARK R-VI,2923430,st_leaid,022093,OZARK R-VI,2024,
MO,022094,SPOKANE R-VII,2928800,st_leaid,022094,SPOKANE R-VII,2024,
MO,023101,CLARK CO. R-I,2916380,st_leaid,023101,CLARK CO. R-I,2024,
MO,024086,KEARNEY R-I,2916450,st_leaid,024086,KEARNEY R-I,2024,
MO,024087,SMITHVILLE R-II,2928410,st_leaid,024087,SMITHVILLE R-II,2024,
MO,024089,EXCELSIOR SPRINGS 40,2911650,st_leaid,024089,EXCELSIOR SPRINGS 40,2024,
MO,024090,LIBERTY 53,2918540,st_leaid,024090,LIBERTY 53,2024,
MO,024093,NORTH KANSAS CITY 74,2922800,st_leaid,024093,NORTH KANSAS CITY 74,2024,
MO,025001,CAMERON R-I,2907020,st_leaid,025001,CAMERON R-I,2024,
MO,025002,LATHROP R-II,2917970,st_leaid,025002,LATHROP R-II,2024,
MO,025003,CLINTON CO. R-III,2925290,st_leaid,025003,CLINTON CO. R-III,2024,
MO,026001,COLE CO. R-I,2926970,st_leaid,026001,COLE CO. R-I,2024,
MO,026002,BLAIR OAKS R-II,2909930,st_leaid,026002,BLAIR OAKS R-II,2024,
MO,026005,COLE CO. R-V,2911550,st_leaid,026005,COLE CO. R-V,2024,
MO,026006,JEFFERSON CITY,2916190,st_leaid,026006,JEFFERSON CITY,2024,
MO,027056,COOPER CO. R-IV,2906150,st_leaid,027056,COOPER CO. R-IV,2024,
MO,027057,PRAIRIE HOME R-V,2925530,st_leaid,027057,PRAIRIE HOME R-V,2024,
MO,027058,OTTERVILLE R-VI,2923310,st_leaid,027058,OTTERVILLE R-VI,2024,
MO,027059,PILOT GROVE C-4,2925170,st_leaid,027059,PILOT GROVE C-4,2024,
MO,027061,BOONVILLE R-I,2905580,st_leaid,027061,BOONVILLE R-I,2024,
MO,028101,CRAWFORD CO. R-I,2905640,st_leaid,028101,CRAWFORD CO. R-I,2024,
MO,028102,CRAWFORD CO. R-II,2910410,st_leaid,028102,CRAWFORD CO. R-II,2024,
MO,028103,STEELVILLE R-III,2929430,st_leaid,028103,STEELVILLE R-III,2024,
MO,029001,LOCKWOOD R-I,2919140,st_leaid,029001,LOCKWOOD R-I,2024,
MO,029002,DADEVILLE R-II,2910440,st_leaid,029002,DADEVILLE R-II,2024,
MO,029003,EVERTON R-III,2911580,st_leaid,029003,EVERTON R-III,2024,
MO,029004,GREENFIELD R-IV,2913320,st_leaid,029004,GREENFIELD R-IV,2024,
MO,030093,DALLAS CO. R-I,2906120,st_leaid,030093,DALLAS CO. R-I,2024,
MO,031116,PATTONSBURG R-II,2923670,st_leaid,031116,PATTONSBURG R-II,2024,
MO,031117,WINSTON R-VI,2932250,st_leaid,031117,WINSTON R-VI,2024,
MO,031118,NORTH DAVIESS R-III,2915630,st_leaid,031118,NORTH DAVIESS R-III,2024,
MO,031121,GALLATIN R-V,2912660,st_leaid,031121,GALLATIN R-V,2024,
MO,031122,TRI-COUNTY R-VII,2930390,st_leaid,031122,TRI-COUNTY R-VII,2024,
MO,032054,OSBORN R-O,2923250,st_leaid,032054,OSBORN R-O,2024,
MO,032055,MAYSVILLE R-I,2920550,st_leaid,032055,MAYSVILLE R-I,2024,
MO,032056,UNION STAR R-II,2930600,st_leaid,032056,UNION STAR R-II,2024,
MO,032058,STEWARTSVILLE C-2,2929490,st_leaid,032058,STEWARTSVILLE C-2,2024,
MO,033090,SALEM R-80,2927090,st_leaid,033090,SALEM R-80,2024,
MO,033091,OAK HILL R-I,2923040,st_leaid,033091,OAK HILL R-I,2024,
MO,033092,GREEN FOREST R-II,2913260,st_leaid,033092,GREEN FOREST R-II,2024,
MO,033093,DENT-PHELPS R-III,2910710,st_leaid,033093,DENT-PHELPS R-III,2024,
MO,033094,NORTH WOOD R-IV,2910650,st_leaid,033094,NORTH WOOD R-IV,2024,
MO,034122,PLAINVIEW R-VIII,2911040,st_leaid,034122,PLAINVIEW R-VIII,2024,
MO,034124,AVA R-I,2904050,st_leaid,034124,AVA R-I,2024,
MO,035092,MALDEN R-I,2919890,st_leaid,035092,MALDEN R-I,2024,
MO,035093,CAMPBELL R-II,2907050,st_leaid,035093,CAMPBELL R-II,2024,
MO,035094,HOLCOMB R-III,2914460,st_leaid,035094,HOLCOMB R-III,2024,
MO,035097,CLARKTON C-4,2909120,st_leaid,035097,CLARKTON C-4,2024,
MO,035098,SENATH-HORNERSVILLE C-8,2927870,st_leaid,035098,SENATH-HORNERSVILLE C-8,2024,
MO,035099,SOUTHLAND C-9,2928620,st_leaid,035099,SOUTHLAND C-9,2024,
MO,035102,KENNETT 39,2916500,st_leaid,035102,KENNETT 39,2024,
MO,036123,FRANKLIN CO. R-II,2912510,st_leaid,036123,FRANKLIN CO. R-II,2024,
MO,036126,MERAMEC VALLEY R-III,2923460,st_leaid,036126,MERAMEC VALLEY R-III,2024,
MO,036131,UNION R-XI,2930570,st_leaid,036131,UNION R-XI,2024,
MO,036133,LONEDELL R-14,2919200,st_leaid,036133,LONEDELL R-14,2024,
MO,036136,ST. CLAIR R-XIII,2929100,st_leaid,036136,ST. CLAIR R-XIII,2024,
MO,036137,SULLIVAN,2929760,st_leaid,036137,SULLIVAN,2024,
MO,036138,NEW HAVEN,2921960,st_leaid,036138,NEW HAVEN,2024,
MO,036139,WASHINGTON,2931110,st_leaid,036139,WASHINGTON,2024,
MO,037037,GASCONADE CO. R-II,2923340,st_leaid,037037,GASCONADE CO. R-II,2024,
MO,037039,GASCONADE CO. R-I,2914280,st_leaid,037039,GASCONADE CO. R-I,2024,
MO,038044,KING CITY R-I,2916590,st_leaid,038044,KING CITY R-I,2024,
MO,038045,STANBERRY R-II,2929340,st_leaid,038045,STANBERRY R-II,2024,
MO,038046,ALBANY R-III,2902970,st_leaid,038046,ALBANY R-III,2024,
MO,039133,WILLARD R-II,2932010,st_leaid,039133,WILLARD R-II,2024,
MO,039134,REPUBLIC R-III,2926220,st_leaid,039134,REPUBLIC R-III,2024,
MO,039135,ASH GROVE R-IV,2903270,st_leaid,039135,ASH GROVE R-IV,2024,
MO,039136,WALNUT GROVE R-V,2930990,st_leaid,039136,WALNUT GROVE R-V,2024,
MO,039137,STRAFFORD R-VI,2929640,st_leaid,039137,STRAFFORD R-VI,2024,
MO,039139,LOGAN-ROGERSVILLE R-VIII,2919170,st_leaid,039139,LOGAN-ROGERSVILLE R-VIII,2024,
MO,039141,SPRINGFIELD R-XII,2928860,st_leaid,039141,SPRINGFIELD R-XII,2024,
MO,039142,FAIR GROVE R-X,2911700,st_leaid,039142,FAIR GROVE R-X,2024,
MO,040100,GRUNDY CO. R-V,2912690,st_leaid,040100,GRUNDY CO. R-V,2024,
MO,040107,TRENTON R-IX,2930360,st_leaid,040107,TRENTON R-IX,2024,
MO,041001,CAINSVILLE R-I,2906450,st_leaid,041001,CAINSVILLE R-I,2024,
MO,041002,SOUTH HARRISON CO. R-II,2900002,st_leaid,041002,SOUTH HARRISON CO. R-II,2024,
MO,041003,NORTH HARRISON R-III,2922770,st_leaid,041003,NORTH HARRISON R-III,2024,
MO,041004,GILMAN CITY R-IV,2912870,st_leaid,041004,GILMAN CITY R-IV,2024,
MO,041005,RIDGEWAY R-V,2926490,st_leaid,041005,RIDGEWAY R-V,2024,
MO,042111,HENRY CO. R-I,2932110,st_leaid,042111,HENRY CO. R-I,2024,
MO,042117,CALHOUN R-VIII,2906480,st_leaid,042117,CALHOUN R-VIII,2024,
MO,042121,MONTROSE R-XIV,2921360,st_leaid,042121,MONTROSE R-XIV,2024,
MO,042124,CLINTON,2909860,st_leaid,042124,CLINTON,2024,
MO,043001,HICKORY CO. R-I,2914320,st_leaid,043001,HICKORY CO. R-I,2024,
MO,043002,WHEATLAND R-II,2931920,st_leaid,043002,WHEATLAND R-II,2024,
MO,043003,WEAUBLEAU R-III,2931460,st_leaid,043003,WEAUBLEAU R-III,2024,
MO,043004,HERMITAGE R-IV,2914310,st_leaid,043004,HERMITAGE R-IV,2024,
MO,044078,CRAIG R-III,2910260,st_leaid,044078,CRAIG R-III,2024,
MO,044083,MOUND CITY R-II,2921480,st_leaid,044083,MOUND CITY R-II,2024,
MO,044084,SOUTH HOLT CO. R-I,2923190,st_leaid,044084,SOUTH HOLT CO. R-I,2024,
MO,045076,NEW FRANKLIN R-I,2921940,st_leaid,045076,NEW FRANKLIN R-I,2024,
MO,045077,FAYETTE R-III,2911990,st_leaid,045077,FAYETTE R-III,2024,
MO,045078,GLASGOW,2912900,st_leaid,045078,GLASGOW,2024,
MO,046130,MOUNTAIN VIEW-BIRCH TREE R-III,2921540,st_leaid,046130,MOUNTAIN VIEW-BIRCH TREE R-III,2024,
MO,046131,WILLOW SPRINGS R-IV,2932070,st_leaid,046131,WILLOW SPRINGS R-IV,2024,
MO,046134,WEST PLAINS R-VII,2931680,st_leaid,046134,WEST PLAINS R-VII,2024,
MO,047060,SOUTH IRON CO. R-I,2928470,st_leaid,047060,SOUTH IRON CO. R-I,2024,
MO,047062,ARCADIA VALLEY R-II,2903150,st_leaid,047062,ARCADIA VALLEY R-II,2024,
MO,047065,IRON CO. C-4,2915510,st_leaid,047065,IRON CO. C-4,2024,
MO,048066,FORT OSAGE R-I,2912290,st_leaid,048066,FORT OSAGE R-I,2024,
MO,048068,BLUE SPRINGS R-IV,2905310,st_leaid,048068,BLUE SPRINGS R-IV,2024,
MO,048069,GRAIN VALLEY R-V,2913080,st_leaid,048069,GRAIN VALLEY R-V,2024,
MO,048070,OAK GROVE R-VI,2923010,st_leaid,048070,OAK GROVE R-VI,2024,
MO,048071,LEE'S SUMMIT R-VII,2918300,st_leaid,048071,LEE'S SUMMIT R-VII,2024,
MO,048072,HICKMAN MILLS C-1,2914340,st_leaid,048072,HICKMAN MILLS C-1,2024,
MO,048073,RAYTOWN C-2,2926070,st_leaid,048073,RAYTOWN C-2,2024,
MO,048074,GRANDVIEW C-4,2913140,st_leaid,048074,GRANDVIEW C-4,2024,
MO,048075,LONE JACK C-6,2919230,st_leaid,048075,LONE JACK C-6,2024,
MO,048077,INDEPENDENCE 30,2915480,st_leaid,048077,INDEPENDENCE 30,2024,
MO,048078,KANSAS CITY 33,2916400,st_leaid,048078,KANSAS CITY 33,2024,
MO,048080,CENTER 58,2908250,st_leaid,048080,CENTER 58,2024,
MO,048901,UNIVERSITY ACADEMY,2900027,st_leaid,048901,UNIVERSITY ACADEMY,2024,
MO,048902,GUADALUPE CENTERS SCHOOLS,2900029,st_leaid,048902,GUADALUPE CENTERS SCHOOLS,2024,
MO,048904,HOGAN PREPARATORY ACADEMY,2900014,st_leaid,048904,HOGAN PREPARATORY ACADEMY,2024,
MO,048909,ALLEN VILLAGE,2900025,st_leaid,048909,ALLEN VILLAGE,2024,
MO,048912,KC INTERNATIONAL ACADEMY,2900013,st_leaid,048912,KC INTERNATIONAL ACADEMY,2024,
MO,048914,ACADEMIE LAFAYETTE,2900017,st_leaid,048914,ACADEMIE LAFAYETTE,2024,
MO,048915,SCUOLA VITA NUOVA,2900019,st_leaid,048915,SCUOLA VITA NUOVA,2024,
MO,048918,KIPP: ENDEAVOR ACADEMY,2900031,st_leaid,048918,KIPP: ENDEAVOR ACADEMY,2024,
MO,048922,FRONTIER SCHOOLS,2900590,st_leaid,048922,FRONTIER SCHOOLS,2024,
MO,048923,DELASALLE CHARTER SCHOOL,2900593,st_leaid,048923,DELASALLE CHARTER SCHOOL,2024,
MO,048924,EWING MARION KAUFFMAN SCHOOL,2900597,st_leaid,048924,EWING MARION KAUFFMAN SCHOOL,2024,
MO,048926,CROSSROADS CHARTER SCHOOLS,2900603,st_leaid,048926,CROSSROADS CHARTER SCHOOLS,2024,
MO,048929,KANSAS CITY GIRLS PREP ACADEMY,2900615,st_leaid,048929,KANSAS CITY GIRLS PREP ACADEMY,2024,
MO,049132,CARL JUNCTION R-I,2907350,st_leaid,049132,CARL JUNCTION R-I,2024,
MO,049135,AVILLA R-XIII,2904110,st_leaid,049135,AVILLA R-XIII,2024,
MO,049137,JASPER CO. R-V,2916140,st_leaid,049137,JASPER CO. R-V,2024,
MO,049140,SARCOXIE R-II,2927540,st_leaid,049140,SARCOXIE R-II,2024,
MO,049142,CARTHAGE R-IX,2907460,st_leaid,049142,CARTHAGE R-IX,2024,
MO,049144,WEBB CITY R-VII,2931500,st_leaid,049144,WEBB CITY R-VII,2024,
MO,049148,JOPLIN SCHOOLS,2916350,st_leaid,049148,JOPLIN SCHOOLS,2024,
MO,050001,NORTHWEST R-I,2922890,st_leaid,050001,NORTHWEST R-I,2024,
MO,050002,GRANDVIEW R-II,2913170,st_leaid,050002,GRANDVIEW R-II,2024,
MO,050003,HILLSBORO R-III,2914430,st_leaid,050003,HILLSBORO R-III,2024,
MO,050005,DUNKLIN R-V,2914250,st_leaid,050005,DUNKLIN R-V,2024,
MO,050006,FESTUS R-VI,2912030,st_leaid,050006,FESTUS R-VI,2024,
MO,050007,JEFFERSON CO. R-VII,2916230,st_leaid,050007,JEFFERSON CO. R-VII,2024,
MO,050009,SUNRISE R-IX,2929820,st_leaid,050009,SUNRISE R-IX,2024,
MO,050010,WINDSOR C-1,2932100,st_leaid,050010,WINDSOR C-1,2024,
MO,050012,FOX C-6,2912300,st_leaid,050012,FOX C-6,2024,
MO,050013,CRYSTAL CITY 47,2910380,st_leaid,050013,CRYSTAL CITY 47,2024,
MO,050014,DESOTO 73,2910500,st_leaid,050014,DESOTO 73,2024,
MO,051150,KINGSVILLE R-I,2916660,st_leaid,051150,KINGSVILLE R-I,2024,
MO,051152,HOLDEN R-III,2914490,st_leaid,051152,HOLDEN R-III,2024,
MO,051153,CHILHOWEE R-IV,2908730,st_leaid,051153,CHILHOWEE R-IV,2024,
MO,051154,JOHNSON CO. R-VII,2908320,st_leaid,051154,JOHNSON CO. R-VII,2024,
MO,051155,KNOB NOSTER R-VIII,2916830,st_leaid,051155,KNOB NOSTER R-VIII,2024,
MO,051156,LEETON R-X,2918360,st_leaid,051156,LEETON R-X,2024,
MO,051159,WARRENSBURG R-VI,2931020,st_leaid,051159,WARRENSBURG R-VI,2024,
MO,052096,KNOX CO. R-I,2911280,st_leaid,052096,KNOX CO. R-I,2024,
MO,053111,LACLEDE CO. R-I,2910110,st_leaid,053111,LACLEDE CO. R-I,2024,
MO,053113,LEBANON R-III,2918270,st_leaid,053113,LEBANON R-III,2024,
MO,053114,LACLEDE CO. C-5,2917000,st_leaid,053114,LACLEDE CO. C-5,2024,
MO,054037,CONCORDIA R-II,2910080,st_leaid,054037,CONCORDIA R-II,2024,
MO,054039,LAFAYETTE CO. C-1,2914400,st_leaid,054039,LAFAYETTE CO. C-1,2024,
MO,054041,ODESSA R-VII,2923100,st_leaid,054041,ODESSA R-VII,2024,
MO,054042,SANTA FE R-X,2903000,st_leaid,054042,SANTA FE R-X,2024,
MO,054043,WELLINGTON-NAPOLEON R-IX,2931560,st_leaid,054043,WELLINGTON-NAPOLEON R-IX,2024,
MO,054045,LEXINGTON R-V,2918480,st_leaid,054045,LEXINGTON R-V,2024,
MO,055104,MILLER R-II,2921000,st_leaid,055104,MILLER R-II,2024,
MO,055105,PIERCE CITY R-VI,2925110,st_leaid,055105,PIERCE CITY R-VI,2024,
MO,055106,MARIONVILLE R-IX,2920310,st_leaid,055106,MARIONVILLE R-IX,2024,
MO,055108,MT. VERNON R-V,2921600,st_leaid,055108,MT. VERNON R-V,2024,
MO,055110,AURORA R-VIII,2904020,st_leaid,055110,AURORA R-VIII,2024,
MO,055111,VERONA R-VII,2930810,st_leaid,055111,VERONA R-VII,2024,
MO,056015,CANTON R-V,2907080,st_leaid,056015,CANTON R-V,2024,
MO,056017,LEWIS CO. C-1,2918460,st_leaid,056017,LEWIS CO. C-1,2024,
MO,057001,SILEX R-I,2928290,st_leaid,057001,SILEX R-I,2024,
MO,057002,ELSBERRY R-II,2911400,st_leaid,057002,ELSBERRY R-II,2024,
MO,057003,TROY R-III,2930450,st_leaid,057003,TROY R-III,2024,
MO,057004,WINFIELD R-IV,2932190,st_leaid,057004,WINFIELD R-IV,2024,
MO,058106,LINN CO. R-I,2906000,st_leaid,058106,LINN CO. R-I,2024,
MO,058107,BUCKLIN R-II,2906090,st_leaid,058107,BUCKLIN R-II,2024,
MO,058108,MEADVILLE R-IV,2920640,st_leaid,058108,MEADVILLE R-IV,2024,
MO,058109,MARCELINE R-V,2920050,st_leaid,058109,MARCELINE R-V,2024,
MO,058112,BROOKFIELD R-III,2905940,st_leaid,058112,BROOKFIELD R-III,2024,
MO,059113,SOUTHWEST LIVINGSTON CO. R-I,2928680,st_leaid,059113,SOUTHWEST LIVINGSTON CO. R-I,2024,
MO,059117,CHILLICOTHE R-II,2908760,st_leaid,059117,CHILLICOTHE R-II,2024,
MO,060077,MCDONALD CO. R-I,2920610,st_leaid,060077,MCDONALD CO. R-I,2024,
MO,061150,ATLANTA C-3,2903480,st_leaid,061150,ATLANTA C-3,2024,
MO,061151,BEVIER C-4,2904980,st_leaid,061151,BEVIER C-4,2024,
MO,061154,LA PLATA R-II,2916950,st_leaid,061154,LA PLATA R-II,2024,
MO,061156,MACON CO. R-I,2919410,st_leaid,061156,MACON CO. R-I,2024,
MO,061158,MACON CO. R-IV,2921880,st_leaid,061158,MACON CO. R-IV,2024,
MO,062070,MARQUAND-ZION R-VI,2920370,st_leaid,062070,MARQUAND-ZION R-VI,2024,
MO,062072,FREDERICKTOWN R-I,2912540,st_leaid,062072,FREDERICKTOWN R-I,2024,
MO,063066,MARIES CO. R-I,2930870,st_leaid,063066,MARIES CO. R-I,2024,
MO,063067,MARIES CO. R-II,2900001,st_leaid,063067,MARIES CO. R-II,2024,
MO,064072,MARION CO. R-II,2920280,st_leaid,064072,MARION CO. R-II,2024,
MO,064074,PALMYRA R-I,2923490,st_leaid,064074,PALMYRA R-I,2024,
MO,064075,HANNIBAL 60,2913650,st_leaid,064075,HANNIBAL 60,2024,
MO,065096,NORTH MERCER CO. R-III,2920750,st_leaid,065096,NORTH MERCER CO. R-III,2024,
MO,065098,PRINCETON R-V,2925590,st_leaid,065098,PRINCETON R-V,2024,
MO,066102,ELDON R-I,2911340,st_leaid,066102,ELDON R-I,2024,
MO,066103,MILLER CO. R-III,2930510,st_leaid,066103,MILLER CO. R-III,2024,
MO,066104,ST. ELIZABETH R-IV,2929130,st_leaid,066104,ST. ELIZABETH R-IV,2024,
MO,066105,SCHOOL OF THE OSAGE,2927630,st_leaid,066105,SCHOOL OF THE OSAGE,2024,
MO,066107,IBERIA R-V,2915420,st_leaid,066107,IBERIA R-V,2024,
MO,067055,EAST PRAIRIE R-II,2911220,st_leaid,067055,EAST PRAIRIE R-II,2024,
MO,067061,CHARLESTON R-I,2908670,st_leaid,067061,CHARLESTON R-I,2024,
MO,068070,MONITEAU CO. R-I,2906510,st_leaid,068070,MONITEAU CO. R-I,2024,
MO,068073,TIPTON R-VI,2930330,st_leaid,068073,TIPTON R-VI,2024,
MO,068074,JAMESTOWN C-1,2915660,st_leaid,068074,JAMESTOWN C-1,2024,
MO,069106,MONROE CITY R-I,2921210,st_leaid,069106,MONROE CITY R-I,2024,
MO,069108,MADISON C-3,2919840,st_leaid,069108,MADISON C-3,2024,
MO,069109,PARIS R-II,2923530,st_leaid,069109,PARIS R-II,2024,
MO,070092,WELLSVILLE MIDDLETOWN R-I,2931620,st_leaid,070092,WELLSVILLE MIDDLETOWN R-I,2024,
MO,070093,MONTGOMERY CO. R-II,2921330,st_leaid,070093,MONTGOMERY CO. R-II,2024,
MO,071091,MORGAN CO. R-I,2929610,st_leaid,071091,MORGAN CO. R-I,2024,
MO,071092,MORGAN CO. R-II,2930840,st_leaid,071092,MORGAN CO. R-II,2024,
MO,072066,RISCO R-II,2926610,st_leaid,072066,RISCO R-II,2024,
MO,072068,PORTAGEVILLE,2900003,st_leaid,072068,PORTAGEVILLE,2024,
MO,072073,GIDEON 37,2912780,st_leaid,072073,GIDEON 37,2024,
MO,072074,NEW MADRID CO. R-I,2900004,st_leaid,072074,NEW MADRID CO. R-I,2024,
MO,073099,EAST NEWTON CO. R-VI,2930420,st_leaid,073099,EAST NEWTON CO. R-VI,2024,
MO,073102,DIAMOND R-IV,2910800,st_leaid,073102,DIAMOND R-IV,2024,
MO,073105,WESTVIEW C-6,2931890,st_leaid,073105,WESTVIEW C-6,2024,
MO,073106,SENECA R-VII,2927900,st_leaid,073106,SENECA R-VII,2024,
MO,073108,NEOSHO SCHOOL DISTRICT,2921810,st_leaid,073108,NEOSHO SCHOOL DISTRICT,2024,
MO,074187,NODAWAY-HOLT R-VII,2922560,st_leaid,074187,NODAWAY-HOLT R-VII,2024,
MO,074190,WEST NODAWAY CO. R-I,2930900,st_leaid,074190,WEST NODAWAY CO. R-I,2024,
MO,074194,NORTHEAST NODAWAY CO. R-V,2921660,st_leaid,074194,NORTHEAST NODAWAY CO. R-V,2024,
MO,074195,JEFFERSON C-123,2916200,st_leaid,074195,JEFFERSON C-123,2024,
MO,074197,NORTH NODAWAY CO. R-VI,2921690,st_leaid,074197,NORTH NODAWAY CO. R-VI,2024,
MO,074201,MARYVILLE R-II,2920490,st_leaid,074201,MARYVILLE R-II,2024,
MO,074202,SOUTH NODAWAY CO. R-IV,2928500,st_leaid,074202,SOUTH NODAWAY CO. R-IV,2024,
MO,075084,COUCH R-I,2910200,st_leaid,075084,COUCH R-I,2024,
MO,075085,THAYER R-II,2930270,st_leaid,075085,THAYER R-II,2024,
MO,075086,OREGON-HOWELL R-III,2916860,st_leaid,075086,OREGON-HOWELL R-III,2024,
MO,075087,ALTON R-IV,2903060,st_leaid,075087,ALTON R-IV,2024,
MO,076081,OSAGE CO. R-I,2908490,st_leaid,076081,OSAGE CO. R-I,2024,
MO,076082,OSAGE CO. R-II,2919080,st_leaid,076082,OSAGE CO. R-II,2024,
MO,076083,OSAGE CO. R-III,2931830,st_leaid,076083,OSAGE CO. R-III,2024,
MO,077101,BAKERSFIELD R-IV,2904140,st_leaid,077101,BAKERSFIELD R-IV,2024,
MO,077102,GAINESVILLE R-V,2912600,st_leaid,077102,GAINESVILLE R-V,2024,
MO,077103,DORA R-III,2910950,st_leaid,077103,DORA R-III,2024,
MO,077104,LUTIE R-VI,2923400,st_leaid,077104,LUTIE R-VI,2024,
MO,078001,NORTH PEMISCOT CO. R-I,2923760,st_leaid,078001,NORTH PEMISCOT CO. R-I,2024,
MO,078002,HAYTI R-II,2913800,st_leaid,078002,HAYTI R-II,2024,
MO,078003,PEMISCOT CO. R-III,2923790,st_leaid,078003,PEMISCOT CO. R-III,2024,
MO,078004,COOTER R-IV,2910140,st_leaid,078004,COOTER R-IV,2024,
MO,078005,SOUTH PEMISCOT CO. R-V,2928530,st_leaid,078005,SOUTH PEMISCOT CO. R-V,2024,
MO,078009,DELTA C-7,2905730,st_leaid,078009,DELTA C-7,2024,
MO,078012,CARUTHERSVILLE 18,2907470,st_leaid,078012,CARUTHERSVILLE 18,2024,
MO,079077,PERRY CO. 32,2924530,st_leaid,079077,PERRY CO. 32,2024,
MO,080116,PETTIS CO. R-V,2915270,st_leaid,080116,PETTIS CO. R-V,2024,
MO,080118,LA MONTE R-IV,2916920,st_leaid,080118,LA MONTE R-IV,2024,
MO,080119,SMITHTON R-VI,2928380,st_leaid,080119,SMITHTON R-VI,2024,
MO,080121,GREEN RIDGE R-VIII,2913290,st_leaid,080121,GREEN RIDGE R-VIII,2024,
MO,080125,SEDALIA 200,2927830,st_leaid,080125,SEDALIA 200,2024,
MO,081094,ST. JAMES R-I,2929250,st_leaid,081094,ST. JAMES R-I,2024,
MO,081095,NEWBURG R-II,2922140,st_leaid,081095,NEWBURG R-II,2024,
MO,081096,ROLLA 31,2926890,st_leaid,081096,ROLLA 31,2024,
MO,081097,PHELPS CO. R-III,2925080,st_leaid,081097,PHELPS CO. R-III,2024,
MO,082100,BOWLING GREEN R-I,2905660,st_leaid,082100,BOWLING GREEN R-I,2024,
MO,082101,PIKE CO. R-III,2925140,st_leaid,082101,PIKE CO. R-III,2024,
MO,082108,LOUISIANA R-II,2919260,st_leaid,082108,LOUISIANA R-II,2024,
MO,083001,NORTH PLATTE CO. R-I,2922830,st_leaid,083001,NORTH PLATTE CO. R-I,2024,
MO,083002,WEST PLATTE CO. R-II,2931710,st_leaid,083002,WEST PLATTE CO. R-II,2024,
MO,083003,PLATTE CO. R-III,2925230,st_leaid,083003,PLATTE CO. R-III,2024,
MO,083005,PARK HILL,2923550,st_leaid,083005,PARK HILL,2024,
MO,084001,BOLIVAR R-I,2905370,st_leaid,084001,BOLIVAR R-I,2024,
MO,084002,FAIR PLAY R-II,2911730,st_leaid,084002,FAIR PLAY R-II,2024,
MO,084003,HALFWAY R-III,2913530,st_leaid,084003,HALFWAY R-III,2024,
MO,084004,HUMANSVILLE R-IV,2915300,st_leaid,084004,HUMANSVILLE R-IV,2024,
MO,084005,MARION C. EARLY R-V,2920160,st_leaid,084005,MARION C. EARLY R-V,2024,
MO,084006,PLEASANT HOPE R-VI,2925350,st_leaid,084006,PLEASANT HOPE R-VI,2024,
MO,085044,RICHLAND R-IV,2926430,st_leaid,085044,RICHLAND R-IV,2024,
MO,085045,LAQUEY R-V,2917880,st_leaid,085045,LAQUEY R-V,2024,
MO,085046,WAYNESVILLE R-VI,2931440,st_leaid,085046,WAYNESVILLE R-VI,2024,
MO,085048,DIXON R-I,2910830,st_leaid,085048,DIXON R-I,2024,
MO,085049,CROCKER R-II,2910350,st_leaid,085049,CROCKER R-II,2024,
MO,086100,PUTNAM CO. R-I,2925640,st_leaid,086100,PUTNAM CO. R-I,2024,
MO,087083,RALLS CO. R-II,2925710,st_leaid,087083,RALLS CO. R-II,2024,
MO,088072,NORTHEAST RANDOLPH CO. R-IV,2922860,st_leaid,088072,NORTHEAST RANDOLPH CO. R-IV,2024,
MO,088075,HIGBEE R-VIII,2914370,st_leaid,088075,HIGBEE R-VIII,2024,
MO,088080,WESTRAN R-I,2931860,st_leaid,088080,WESTRAN R-I,2024,
MO,088081,MOBERLY,2921100,st_leaid,088081,MOBERLY,2024,
MO,089080,LAWSON R-XIV,2918220,st_leaid,089080,LAWSON R-XIV,2024,
MO,089087,ORRICK R-XI,2923220,st_leaid,089087,ORRICK R-XI,2024,
MO,089088,HARDIN-CENTRAL C-2,2913680,st_leaid,089088,HARDIN-CENTRAL C-2,2024,
MO,089089,RICHMOND R-XVI,2926480,st_leaid,089089,RICHMOND R-XVI,2024,
MO,090076,SOUTHERN REYNOLDS CO. R-II,2928590,st_leaid,090076,SOUTHERN REYNOLDS CO. R-II,2024,
MO,090077,BUNKER R-III,2906170,st_leaid,090077,BUNKER R-III,2024,
MO,090078,LESTERVILLE R-IV,2918450,st_leaid,090078,LESTERVILLE R-IV,2024,
MO,091091,NAYLOR R-II,2921720,st_leaid,091091,NAYLOR R-II,2024,
MO,091092,DONIPHAN R-I,2910920,st_leaid,091092,DONIPHAN R-I,2024,
MO,092087,FT. ZUMWALT R-II,2908370,st_leaid,092087,FORT ZUMWALT SCHOOL DISTRICT,2024,
MO,092088,FRANCIS HOWELL R-III,2928950,st_leaid,092088,FRANCIS HOWELL R-III,2024,
MO,092089,WENTZVILLE R-IV,2931650,st_leaid,092089,WENTZVILLE R-IV,2024,
MO,092090,ST. CHARLES R-VI,2928920,st_leaid,092090,ST. CHARLES R-VI,2024,
MO,092091,ORCHARD FARM R-V,2923160,st_leaid,092091,ORCHARD FARM R-V,2024,
MO,093120,APPLETON CITY R-II,2903120,st_leaid,093120,APPLETON CITY R-II,2024,
MO,093121,ROSCOE C-1,2926940,st_leaid,093121,ROSCOE C-1,2024,
MO,093123,LAKELAND R-III,2910520,st_leaid,093123,LAKELAND R-III,2024,
MO,093124,OSCEOLA,2923270,st_leaid,093124,OSCEOLA,2024,
MO,094076,BISMARCK R-V,2905130,st_leaid,094076,BISMARCK R-V,2024,
MO,094078,FARMINGTON R-VII,2911910,st_leaid,094078,FARMINGTON R-VII,2024,
MO,094083,NORTH ST. FRANCOIS CO. R-I,2905430,st_leaid,094083,NORTH ST. FRANCOIS CO. R-I,2024,
MO,094086,CENTRAL R-III,2929170,st_leaid,094086,CENTRAL R-III,2024,
MO,094087,WEST ST. FRANCOIS CO. R-IV,2918240,st_leaid,094087,WEST ST. FRANCOIS CO. R-IV,2024,
MO,095059,STE. GENEVIEVE CO. R-II,2929370,st_leaid,095059,STE. GENEVIEVE CO. R-II,2024,
MO,096088,HAZELWOOD,2913830,st_leaid,096088,HAZELWOOD,2024,
MO,096089,FERGUSON-FLORISSANT R-II,2912010,st_leaid,096089,FERGUSON-FLORISSANT R-II,2024,
MO,096090,PATTONVILLE R-III,2923700,st_leaid,096090,PATTONVILLE R-III,2024,
MO,096091,ROCKWOOD R-VI,2926850,st_leaid,096091,ROCKWOOD R-VI,2024,
MO,096092,KIRKWOOD R-VII,2916770,st_leaid,096092,KIRKWOOD R-VII,2024,
MO,096093,LINDBERGH SCHOOLS,2918690,st_leaid,096093,LINDBERGH SCHOOLS,2024,
MO,096094,MEHLVILLE R-IX,2920670,st_leaid,096094,MEHLVILLE R-IX,2024,
MO,096095,PARKWAY C-2,2923580,st_leaid,096095,PARKWAY C-2,2024,
MO,096098,AFFTON 101,2902910,st_leaid,096098,AFFTON 101,2024,
MO,096099,BAYLESS,2904500,st_leaid,096099,BAYLESS,2024,
MO,096101,BRENTWOOD,2905880,st_leaid,096101,BRENTWOOD,2024,
MO,096102,CLAYTON,2909720,st_leaid,096102,CLAYTON,2024,
MO,096103,HANCOCK PLACE,2913620,st_leaid,096103,HANCOCK PLACE,2024,
MO,096104,JENNINGS,2916290,st_leaid,096104,JENNINGS,2024,
MO,096106,LADUE,2917820,st_leaid,096106,LADUE,2024,
MO,096107,MAPLEWOOD-RICHMOND HEIGHTS,2920010,st_leaid,096107,MAPLEWOOD-RICHMOND HEIGHTS,2024,
MO,096109,NORMANDY SCHOOLS COLLABORATIVE,2922650,st_leaid,096109,NORMANDY SCHOOLS COLLABORATIVE,2024,
MO,096110,RITENOUR,2926640,st_leaid,096110,RITENOUR,2024,
MO,096111,RIVERVIEW GARDENS,2926670,st_leaid,096111,RIVERVIEW GARDENS,2024,
MO,096112,UNIVERSITY CITY,2930660,st_leaid,096112,UNIVERSITY CITY,2024,
MO,096113,VALLEY PARK,2930690,st_leaid,096113,VALLEY PARK,2024,
MO,096114,WEBSTER GROVES,2931530,st_leaid,096114,WEBSTER GROVES,2024,
MO,096119,SPECL. SCH. DST. ST. LOUIS CO.,2926760,st_leaid,096119,SPECL. SCH. DST. ST. LOUIS CO.,2024,
MO,097116,MIAMI R-I,2920840,st_leaid,097116,MIAMI R-I,2024,
MO,097119,MALTA BEND R-V,2919920,st_leaid,097119,MALTA BEND R-V,2024,
MO,097129,MARSHALL,2920410,st_leaid,097129,MARSHALL,2024,
MO,097130,SLATER,2928360,st_leaid,097130,SLATER,2024,
MO,097131,SWEET SPRINGS R-VII,2929880,st_leaid,097131,SWEET SPRINGS R-VII,2024,
MO,098080,SCHUYLER CO. R-I,2927660,st_leaid,098080,SCHUYLER CO. R-I,2024,
MO,099082,SCOTLAND CO. R-I,2920700,st_leaid,099082,SCOTLAND CO. R-I,2024,
MO,100059,SCOTT CITY R-I,2915450,st_leaid,100059,SCOTT CITY R-I,2024,
MO,100060,CHAFFEE R-II,2908460,st_leaid,100060,CHAFFEE R-II,2024,
MO,100061,SCOTT CO. R-IV,2904890,st_leaid,100061,SCOTT CO. R-IV,2024,
MO,100062,SCOTT CO. CENTRAL,2921420,st_leaid,100062,SCOTT CO. CENTRAL,2024,
MO,100063,SIKESTON R-6,2928260,st_leaid,100063,SIKESTON R-6,2024,
MO,100064,KELSO C-7,2916470,st_leaid,100064,KELSO C-7,2024,
MO,100065,ORAN R-III,2923130,st_leaid,100065,ORAN R-III,2024,
MO,101105,WINONA R-III,2932220,st_leaid,101105,WINONA R-III,2024,
MO,101107,EMINENCE R-I,2911450,st_leaid,101107,EMINENCE R-I,2024,
MO,102081,NORTH SHELBY,2928140,st_leaid,102081,NORTH SHELBY,2024,
MO,102085,SHELBY CO. R-IV,2928110,st_leaid,102085,SHELBY CO. R-IV,2024,
MO,103127,RICHLAND R-I,2926400,st_leaid,103127,RICHLAND R-I,2024,
MO,103128,BELL CITY R-II,2904530,st_leaid,103128,BELL CITY R-II,2024,
MO,103129,ADVANCE R-IV,2902880,st_leaid,103129,ADVANCE R-IV,2024,
MO,103130,PUXICO R-VIII,2925650,st_leaid,103130,PUXICO R-VIII,2024,
MO,103131,BLOOMFIELD R-XIV,2905250,st_leaid,103131,BLOOMFIELD R-XIV,2024,
MO,103132,DEXTER R-XI,2910770,st_leaid,103132,DEXTER R-XI,2024,
MO,103135,BERNIE R-XIII,2904950,st_leaid,103135,BERNIE R-XIII,2024,
MO,104041,HURLEY R-I,2915390,st_leaid,104041,HURLEY R-I,2024,
MO,104042,GALENA R-II,2912630,st_leaid,104042,GALENA R-II,2024,
MO,104043,CRANE R-III,2910290,st_leaid,104043,CRANE R-III,2024,
MO,104044,REEDS SPRING R-IV,2926160,st_leaid,104044,REEDS SPRING R-IV,2024,
MO,104045,BLUE EYE R-V,2905280,st_leaid,104045,BLUE EYE R-V,2024,
MO,105123,GREEN CITY R-I,2913230,st_leaid,105123,GREEN CITY R-I,2024,
MO,105124,MILAN C-2,2920940,st_leaid,105124,MILAN C-2,2024,
MO,105125,NEWTOWN-HARRIS R-III,2922470,st_leaid,105125,NEWTOWN-HARRIS R-III,2024,
MO,106001,BRADLEYVILLE R-I,2905700,st_leaid,106001,BRADLEYVILLE R-I,2024,
MO,106003,FORSYTH R-III,2912240,st_leaid,106003,FORSYTH R-III,2024,
MO,106004,BRANSON R-IV,2905760,st_leaid,106004,BRANSON R-IV,2024,
MO,106005,HOLLISTER R-V,2914550,st_leaid,106005,HOLLISTER R-V,2024,
MO,107152,HOUSTON R-I,2914840,st_leaid,107152,HOUSTON R-I,2024,
MO,107153,SUMMERSVILLE R-II,2929810,st_leaid,107153,SUMMERSVILLE R-II,2024,
MO,107154,LICKING R-VIII,2918600,st_leaid,107154,LICKING R-VIII,2024,
MO,107155,CABOOL R-IV,2906430,st_leaid,107155,CABOOL R-IV,2024,
MO,107156,PLATO R-V,2925210,st_leaid,107156,PLATO R-V,2024,
MO,108142,NEVADA R-V,2921840,st_leaid,108142,NEVADA R-V,2024,
MO,108143,BRONAUGH R-VII,2905910,st_leaid,108143,BRONAUGH R-VII,2024,
MO,108144,SHELDON R-VIII,2928170,st_leaid,108144,SHELDON R-VIII,2024,
MO,108147,NORTHEAST VERNON CO. R-I,2927600,st_leaid,108147,NORTHEAST VERNON CO. R-I,2024,
MO,109002,WRIGHT CITY R-II OF WARREN CO.,2932310,st_leaid,109002,WRIGHT CITY R-II OF WARREN CO.,2024,
MO,109003,WARREN CO. R-III,2931050,st_leaid,109003,WARREN CO. R-III,2024,
MO,110014,KINGSTON K-14,2931140,st_leaid,110014,KINGSTON K-14,2024,
MO,110029,POTOSI R-III,2925500,st_leaid,110029,POTOSI R-III,2024,
MO,110031,VALLEY R-VI,2930720,st_leaid,110031,VALLEY R-VI,2024,
MO,111086,GREENVILLE R-II,2913380,st_leaid,111086,GREENVILLE R-II,2024,
MO,111087,CLEARWATER R-I,2909750,st_leaid,111087,CLEARWATER R-I,2024,
MO,112099,NIANGUA R-V,2922500,st_leaid,112099,NIANGUA R-V,2024,
MO,112101,FORDLAND R-III,2912180,st_leaid,112101,FORDLAND R-III,2024,
MO,112102,MARSHFIELD R-I,2920430,st_leaid,112102,MARSHFIELD R-I,2024,
MO,112103,SEYMOUR R-II,2927930,st_leaid,112103,SEYMOUR R-II,2024,
MO,113001,WORTH CO. R-III,2932300,st_leaid,113001,WORTH CO. R-III,2024,
MO,114112,NORWOOD R-I,2922950,st_leaid,114112,NORWOOD R-I,2024,
MO,114113,HARTVILLE R-II,2913770,st_leaid,114113,HARTVILLE R-II,2024,
MO,114114,MOUNTAIN GROVE R-III,2921510,st_leaid,114114,MOUNTAIN GROVE R-III,2024,
MO,114115,MANSFIELD R-IV,2919980,st_leaid,114115,MANSFIELD R-IV,2024,
MO,115115,ST. LOUIS CITY,2929280,st_leaid,115115,ST. LOUIS CITY,2024,
MO,115414,MO SCHOOL FOR THE BLIND,2900021,st_leaid,115414,MO SCHOOL FOR THE BLIND,2024,
MO,115902,LIFT FOR LIFE ACADEMY,2900574,st_leaid,115902,LIFT FOR LIFE ACADEMY,2024,
MO,115906,CONFLUENCE ACADEMIES,2900579,st_leaid,115906,CONFLUENCE ACADEMIES,2024,
MO,115911,CITY GARDEN MONTESSORI,2900585,st_leaid,115911,CITY GARDEN MONTESSORI,2024,
MO,115914,KIPP ST LOUIS PUBLIC SCHOOLS,2900591,st_leaid,115914,KIPP ST LOUIS PUBLIC SCHOOLS,2024,
MO,115916,GATEWAY SCIENCE ACAD/ST LOUIS,2900592,st_leaid,115916,GATEWAY SCIENCE ACAD/ST LOUIS,2024,
MO,115924,LAFAYETTE PREPARATORY ACADEMY,2900606,st_leaid,115924,LAFAYETTE PREPARATORY ACADEMY,2024,
MO,115925,HAWTHORN LEADERSHIP SCHL GIRLS,2900608,st_leaid,115925,HAWTHORN LEADERSHIP SCHL GIRLS,2024,
MO,115931,KAIROS ACADEMIES,2900616,st_leaid,115931,KAIROS ACADEMIES,2024,
MO,115935,BELIEVE ACADEMY STL,,unmatched,,,,
MO,347347,DIVISION OF YOUTH SERVICE,2900009,st_leaid,347347,DIVISION OF YOUTH SERVICE,2024,
NC,010,Alamance-Burlington Schools,3700030,st_leaid,010,Alamance-Burlington Schools,2024,
NC,020,Alexander County Schools,3700090,st_leaid,020,Alexander County Schools,2024,
NC,030,Alleghany County Schools,3700120,st_leaid,030,Alleghany County Schools,2024,
NC,040,Anson County Schools,3700180,st_leaid,040,Anson County Schools,2024,
NC,050,Ashe County Schools,3700210,st_leaid,050,Ashe County Schools,2024,
NC,060,Avery County Schools,3700300,st_leaid,060,Avery County Schools,2024,
NC,070,Beaufort County Schools,3700330,st_leaid,070,Beaufort County Schools,2024,
NC,080,Bertie County Schools,3700360,st_leaid,080,Bertie County Schools,2024,
NC,090,Bladen County Schools,3700390,st_leaid,090,Bladen County Schools,2024,
NC,100,Brunswick County Schools,3700420,st_leaid,100,Brunswick County Schools,2024,
NC,110,Buncombe County Schools,3700450,st_leaid,110,Buncombe County Schools,2024,
NC,111,Asheville City Schools,3700270,st_leaid,111,Asheville City Schools,2024,
NC,120,Burke County Schools,3700480,st_leaid,120,Burke County Schools,2024,
NC,130,Cabarrus County Schools,3700530,st_leaid,130,Cabarrus County Schools,2024,
NC,132,Kannapolis City Schools,3702430,st_leaid,132,Kannapolis City Schools,2024,
NC,140,Caldwell County Schools,3700580,st_leaid,140,Caldwell County Schools,2024,
NC,150,Camden County Schools,3700600,st_leaid,150,Camden County Schools,2024,
NC,160,Carteret County Public Schools,3700630,st_leaid,160,Carteret County Public Schools,2024,
NC,170,Caswell County Schools,3700660,st_leaid,170,Caswell County Schools,2024,
NC,180,Catawba County Schools,3700690,st_leaid,180,Catawba County Schools,2024,
NC,181,Hickory City Schools,3702190,st_leaid,181,Hickory City Schools,2024,
NC,182,Newton Conover City Schools,3703360,st_leaid,182,Newton Conover City Schools,2024,
NC,190,Chatham County Schools,3700750,st_leaid,190,Chatham County Schools,2024,
NC,200,Cherokee County Schools,3700780,st_leaid,200,Cherokee County Schools,2024,
NC,210,Edenton-Chowan Schools,3700840,st_leaid,210,Edenton-Chowan Schools,2024,
NC,220,Clay County Schools,3700870,st_leaid,220,Clay County Schools,2024,
NC,230,Cleveland County Schools,3700900,st_leaid,230,Cleveland County Schools,2024,
NC,240,Columbus County Schools,3700960,st_leaid,240,Columbus County Schools,2024,
NC,241,Whiteville City Schools,3704920,st_leaid,241,Whiteville City Schools,2024,
NC,250,Craven County Schools,3703310,st_leaid,250,Craven County Board of Education,2024,
NC,260,Cumberland County Schools,3700011,st_leaid,260,Cumberland County Schools,2024,
NC,270,Currituck County Schools,3701080,st_leaid,270,Currituck County Schools,2024,
NC,280,Dare County Schools,3701110,st_leaid,280,Dare County Schools,2024,
NC,290,Davidson County Schools,3701140,st_leaid,290,Davidson County Schools,2024,
NC,291,Lexington City Schools,3702640,st_leaid,291,Lexington City Schools,2024,
NC,292,Thomasville City Schools,3704500,st_leaid,292,Thomasville City Schools,2024,
NC,300,Davie County Schools,3701170,st_leaid,300,Davie County Schools,2024,
NC,310,Duplin County Schools,3701200,st_leaid,310,Duplin County Schools,2024,
NC,320,Durham Public Schools,3701260,st_leaid,320,Durham Public Schools,2024,
NC,330,Edgecombe County Public School,3701320,st_leaid,330,Edgecombe County Public Schools,2024,
NC,340,Forsyth County Schools,3701500,st_leaid,340,Winston Salem / Forsyth County Schools,2024,
NC,350,Franklin County Schools,3701530,st_leaid,350,Franklin County Schools,2024,
NC,360,Gaston County Schools,3701620,st_leaid,360,Gaston County Schools,2024,
NC,370,Gates County Schools,3701680,st_leaid,370,Gates County Schools,2024,
NC,380,Graham County Schools,3701770,st_leaid,380,Graham County Schools,2024,
NC,390,Granville County Schools,3701800,st_leaid,390,Granville County Schools,2024,
NC,400,Greene County Schools,3701830,st_leaid,400,Greene County Schools,2024,
NC,410,Guilford County Schools,3701920,st_leaid,410,Guilford County Schools,2024,
NC,420,Halifax County Schools,3701950,st_leaid,420,Halifax County Schools,2024,
NC,421,Roanoke Rapids City Schools,3703900,st_leaid,421,Roanoke Rapids City Schools,2024,
NC,422,Weldon City Schools,3704890,st_leaid,422,Weldon City Schools,2024,
NC,430,Harnett County Schools,3702010,st_leaid,430,Harnett County Schools,2024,
NC,440,Haywood County Schools,3702040,st_leaid,440,Haywood County Schools,2024,
NC,450,Henderson County Schools,3702100,st_leaid,450,Henderson County Schools,2024,
NC,460,Hertford County Schools,3702160,st_leaid,460,Hertford County Schools,2024,
NC,470,Hoke County Schools,3702250,st_leaid,470,Hoke County Schools,2024,
NC,480,Hyde County Schools,3702280,st_leaid,480,Hyde County Schools,2024,
NC,490,Iredell-Statesville Schools,3702310,st_leaid,490,Iredell-Statesville Schools,2024,
NC,491,Mooresville City Schools,3703120,st_leaid,491,Mooresville Graded School District,2024,
NC,500,Jackson County Schools,3702340,st_leaid,500,Jackson County Public Schools,2024,
NC,510,Johnston County Schools,3702370,st_leaid,510,Johnston County Public Schools,2024,
NC,520,Jones County Schools,3702400,st_leaid,520,Jones County Schools,2024,
NC,530,Lee County Schools,3702560,st_leaid,530,Lee County Schools,2024,
NC,540,Lenoir County Public Schools,3702610,st_leaid,540,Lenoir County Public Schools,2024,
NC,550,Lincoln County Schools,3702680,st_leaid,550,Lincoln County Schools,2024,
NC,560,Macon County Schools,3702760,st_leaid,560,Macon County Schools,2024,
NC,570,Madison County Schools,3702820,st_leaid,570,Madison County Schools,2024,
NC,580,Martin County Schools,3702880,st_leaid,580,Martin County Schools,2024,
NC,590,McDowell County Schools,3702940,st_leaid,590,McDowell County Schools,2024,
NC,600,Charlotte-Mecklenburg Schools,3702970,st_leaid,600,Charlotte-Mecklenburg Schools,2024,
NC,610,Mitchell County Schools,3703000,st_leaid,610,Mitchell County Schools,2024,
NC,620,Montgomery County Schools,3703060,st_leaid,620,Montgomery County Schools,2024,
NC,630,Moore County Schools,3703090,st_leaid,630,Moore County Schools,2024,
NC,640,Nash County Public Schools,3703270,st_leaid,640,Nash County Public Schools,2024,
NC,650,New Hanover County Schools,3703330,st_leaid,650,New Hanover County Schools,2024,
NC,660,Northampton County Schools,3703420,st_leaid,660,Northampton County Schools,2024,
NC,670,Onslow County Schools,3703450,st_leaid,670,Onslow County Schools,2024,
NC,680,Orange County Schools,3703480,st_leaid,680,Orange County Schools,2024,
NC,681,Chapel Hill-Carrboro Schools,3700720,st_leaid,681,Chapel Hill-Carrboro City Schools,2024,
NC,690,Pamlico County Schools,3703510,st_leaid,690,Pamlico County Schools,2024,
NC,700,Pasquotank County Schools,3703540,st_leaid,700,Elizabeth City-Pasquotank Public Schools,2024,
NC,710,Pender County Schools,3703570,st_leaid,710,Pender County Schools,2024,
NC,720,Perquimans County Schools,3703600,st_leaid,720,Perquimans County Schools,2024,
NC,730,Person County Schools,3703630,st_leaid,730,Person County Schools,2024,
NC,740,Pitt County Schools,3700012,st_leaid,740,Pitt County Schools,2024,
NC,750,Polk County Schools,3703720,st_leaid,750,Polk County Schools,2024,
NC,760,Randolph County Schools,3703780,st_leaid,760,Randolph County School System,2024,
NC,761,Asheboro City Schools,3700240,st_leaid,761,Asheboro City Schools,2024,
NC,770,Richmond County Schools,3703870,st_leaid,770,Richmond County Schools,2024,
NC,780,Robeson County Schools,3703930,st_leaid,780,Public Schools of Robeson County,2024,
NC,790,Rockingham County Schools,3703990,st_leaid,790,Rockingham County Schools,2024,
NC,800,Rowan-Salisbury Schools,3704050,st_leaid,800,Rowan-Salisbury Schools,2024,
NC,810,Rutherford County Schools,3704080,st_leaid,810,Rutherford County Schools,2024,
NC,820,Sampson County Schools,3704140,st_leaid,820,Sampson County Schools,2024,
NC,821,Clinton City Schools,3700930,st_leaid,821,Clinton City Schools,2024,
NC,830,Scotland County Schools,3704200,st_leaid,830,Scotland County Schools,2024,
NC,840,Stanly County Schools,3704320,st_leaid,840,Stanly County Schools,2024,
NC,850,Stokes County Schools,3704380,st_leaid,850,Stokes County Schools,2024,
NC,860,Surry County Schools,3704410,st_leaid,860,Surry County Schools,2024,
NC,861,Elkin City Schools,3701380,st_leaid,861,Elkin City Schools,2024,
NC,862,Mount Airy City Schools,3703210,st_leaid,862,Mount Airy City Schools,2024,
NC,870,Swain County Schools,3704440,st_leaid,870,Swain County Schools,2024,
NC,880,Transylvania County Schools,3704530,st_leaid,880,Transylvania County Schools,2024,
NC,890,Tyrrell County Schools,3704590,st_leaid,890,Tyrrell County Schools,2024,
NC,900,Union County Public Schools,3704620,st_leaid,900,Union County Public Schools,2024,
NC,910,Vance County Schools,3704650,st_leaid,910,Vance County Schools,2024,
NC,920,Wake County Schools,3704720,st_leaid,920,Wake County Schools,2024,
NC,930,Warren County Schools,3704740,st_leaid,930,Warren County Schools,2024,
NC,940,Washington County Schools,3704800,st_leaid,940,Washington County Schools,2024,
NC,950,Watauga County Schools,3704830,st_leaid,950,Watauga County Schools,2024,
NC,960,Wayne County Public Schools,3704880,st_leaid,960,Wayne County Public Schools,2024,
NC,970,Wilkes County Schools,3704950,st_leaid,970,Wilkes County Schools,2024,
NC,980,Wilson County Schools,3705020,st_leaid,980,Wilson County Schools,2024,
NC,990,Yadkin County Schools,3705040,st_leaid,990,Yadkin County Schools,2024,
NC,995,Yancey County Schools,3705070,st_leaid,995,Yancey County Schools,2024,
ND,01013,Hettinger 13,3809410,st_leaid,01013,HETTINGER 13,2024,
ND,02002,Valley City Public School District,3818850,st_leaid,02002,VALLEY CITY 2,2024,
ND,02007,Barnes County North 7,3800060,st_leaid,02007,BARNES COUNTY NORTH 7,2024,
ND,03005,Minnewaukan Public School District,3812990,st_leaid,03005,MINNEWAUKAN 5,2024,
ND,03009,Maddock 9,3811700,st_leaid,03009,MADDOCK 9,2024,
ND,03029,Warwick 29,3819260,st_leaid,03029,WARWICK 29,2024,
ND,03030,Ft Totten 30,3807170,st_leaid,03030,FT TOTTEN 30,2024,
ND,05001,Bottineau Public School District,3803060,st_leaid,05001,BOTTINEAU 1,2024,
ND,05017,Westhope Public School District,3819470,st_leaid,05017,WESTHOPE 17,2024,
ND,06001,Bowman Co Public School District,3803200,st_leaid,06001,BOWMAN CO 1,2024,
ND,06033,Scranton 33,3800023,st_leaid,06033,SCRANTON 33,2024,
ND,07014,Bowbells 14,3803090,st_leaid,07014,BOWBELLS 14,2024,
ND,07027,Powers Lake Public School District,3800024,st_leaid,07027,POWERS LAKE 27,2024,
ND,08001,Bismarck Public School District,3800014,st_leaid,08001,BISMARCK 1,2024,
ND,09001,Fargo Public School District,3806780,st_leaid,09001,FARGO 1,2024,
ND,09002,Kindred Public School District,3800025,st_leaid,09002,KINDRED 2,2024,
ND,09004,Maple Valley 4,3812020,st_leaid,09004,MAPLE VALLEY 4,2024,
ND,09006,West Fargo Public School District,3819410,st_leaid,09006,WEST FARGO 6,2024,
ND,09017,Central Cass Public School District,3804090,st_leaid,09017,CENTRAL CASS 17,2024,
ND,09085,Hope Page 85,3800404,st_leaid,09085,HOPE-PAGE 85,2024,
ND,09097,Northern Cass Public School District,3800044,st_leaid,09097,NORTHERN CASS 97,2024,
ND,10023,Langdon Area 23,3810810,st_leaid,10023,LANGDON AREA 23,2024,
ND,11040,Ellendale 40,3806090,st_leaid,11040,ELLENDALE 40,2024,
ND,11041,Oakes 41,3814500,st_leaid,11041,OAKES 41,2024,
ND,12001,Divide County 1,3805160,st_leaid,12001,DIVIDE COUNTY 1,2024,
ND,13016,Killdeer 16,3810270,st_leaid,13016,KILLDEER 16,2024,
ND,14002,New Rockford-Sheyenne Public School District,3800059,st_leaid,14002,NEW ROCKFORD-SHEYENNE 2,2024,
ND,15006,Hazelton-Moffit-Braddock 6,3809130,st_leaid,15006,HAZELTON-MOFFIT-BRADDOCK 6,2024,
ND,15015,Strasburg 15,3800016,st_leaid,15015,STRASBURG 15,2024,
ND,15036,Linton Public School District,3800017,st_leaid,15036,LINTON 36,2024,
ND,16049,Carrington Public School District,3800053,st_leaid,16049,CARRINGTON 49,2024,
ND,17003,Beach Public School District,3802380,st_leaid,17003,BEACH 3,2024,
ND,18001,Grand Forks Public School District,3808130,st_leaid,18001,GRAND FORKS 1,2024,
ND,18044,Larimore Public School District,3810860,st_leaid,18044,LARIMORE 44,2024,
ND,18061,Thompson Public School District,3818280,st_leaid,18061,THOMPSON 61,2024,
ND,18128,Midway Public School District,3812920,st_leaid,18128,MIDWAY 128,2024,
ND,18129,Northwood 129,3814340,st_leaid,18129,NORTHWOOD 129,2024,
ND,19049,Elgin-New Leipzig 49,3800045,st_leaid,19049,ELGIN-NEW LEIPZIG 49,2024,
ND,20007,Midkota Public School District,3800042,st_leaid,20007,MIDKOTA 7,2024,
ND,20018,Griggs County Central Public School District,3804560,st_leaid,20018,GRIGGS COUNTY CENTRAL 18,2024,
ND,21001,Mott-Regent Public School District,3800046,st_leaid,21001,MOTT-REGENT 1,2024,
ND,21009,New England 9,3800027,st_leaid,21009,NEW ENGLAND 9,2024,
ND,22001,Kidder County 1,3800389,st_leaid,22001,KIDDER COUNTY 1,2024,
ND,23003,Edgeley Public School District,3805850,st_leaid,23003,EDGELEY 3,2024,
ND,23008,Lamoure 8,3810740,st_leaid,23008,LAMOURE 8,2024,
ND,24002,Napoleon 2,3813510,st_leaid,24002,NAPOLEON 2,2024,
ND,24056,Gackle-Streeter Public School District,3800043,st_leaid,24056,GACKLE-STREETER 56,2024,
ND,25001,Velva 1,3817040,st_leaid,25001,VELVA 1,2024,
ND,25057,Drake Public School District,3800029,st_leaid,25057,DRAKE 57,2024,
ND,25060,TGU 60,3800047,st_leaid,25060,TGU 60,2024,
ND,26019,Wishek Public School District,3820190,st_leaid,26019,WISHEK 19,2024,
ND,27001,McKenzie Co 1,3812540,st_leaid,27001,MCKENZIE CO 1,2024,
ND,27002,Alexander 2,3801760,st_leaid,27002,ALEXANDER 2,2024,
ND,27036,Mandaree Public School District,3811850,st_leaid,27036,MANDAREE 36,2024,
ND,28001,Wilton Public School District,3813200,st_leaid,28001,WILTON 1,2024,
ND,28004,Washburn Public School District,3819290,st_leaid,28004,WASHBURN 4,2024,
ND,28008,Underwood Public School District,3818660,st_leaid,28008,UNDERWOOD 8,2024,
ND,28050,Max 50,3812350,st_leaid,28050,MAX 50,2024,
ND,28051,Garrison Public School District,3807590,st_leaid,28051,GARRISON 51,2024,
ND,28085,White Shield Public School District,3819680,st_leaid,28085,WHITE SHIELD 85,2024,
ND,29003,Hazen 3,3800031,st_leaid,29003,HAZEN 3,2024,
ND,29027,Beulah Public School District,3800032,st_leaid,29027,BEULAH 27,2024,
ND,30001,Mandan Public School District,3811820,st_leaid,30001,MANDAN 1,2024,
ND,30013,Hebron 13,3809180,st_leaid,30013,HEBRON 13,2024,
ND,30039,Flasher 39,3806930,st_leaid,30039,FLASHER 39,2024,
ND,30048,Glen Ullin 48,3807830,st_leaid,30048,GLEN ULLIN 48,2024,
ND,30049,New Salem-Almont 49,3800392,st_leaid,30049,NEW SALEM-ALMONT 49,2024,
ND,31001,New Town 1,3813920,st_leaid,31001,NEW TOWN 1,2024,
ND,31002,Stanley 2,3817570,st_leaid,31002,STANLEY 2,2024,
ND,31003,Parshall 3,3814940,st_leaid,31003,PARSHALL 3,2024,
ND,32001,Dakota Prairie 1,3800040,st_leaid,32001,DAKOTA PRAIRIE 1,2024,
ND,32066,Lakota 66,3810600,st_leaid,32066,LAKOTA 66,2024,
ND,33001,Center-Stanton 1,3800052,st_leaid,33001,CENTER-STANTON 1,2024,
ND,34006,Cavalier Public School District,3800018,st_leaid,34006,CAVALIER 6,2024,
ND,34019,Drayton 19,3805340,st_leaid,34019,DRAYTON 19,2024,
ND,34100,North Border 100,3800054,st_leaid,34100,NORTH BORDER 100,2024,
ND,34118,Valley-Edinburg Public School District,3800397,st_leaid,34118,VALLEY-EDINBURG 118,2024,
ND,35005,Rugby Public School District,3816130,st_leaid,35005,RUGBY 5,2024,
ND,36001,Devils Lake Public School District,3805040,st_leaid,36001,DEVILS LAKE 1,2024,
ND,37019,Lisbon Public School District,3811430,st_leaid,37019,LISBON 19,2024,
ND,37024,Enderlin Area 24,3800061,st_leaid,37024,ENDERLIN AREA 24,2024,
ND,38001,Mohall-Lansford-Sherwood Public School District,3800050,st_leaid,38001,MOHALL-LANSFORD-SHERWOOD 1,2024,
ND,38026,Glenburn 26,3807850,st_leaid,38026,GLENBURN 26,2024,
ND,39008,Hankinson 8,3808710,st_leaid,39008,HANKINSON 8,2024,
ND,39018,Fairmount 18,3806690,st_leaid,39018,FAIRMOUNT 18,2024,
ND,39028,Lidgerwood Public School District,3811140,st_leaid,39028,LIDGERWOOD 28,2024,
ND,39037,Wahpeton Public School District,3819020,st_leaid,39037,WAHPETON 37,2024,
ND,39042,Wyndmere 42,3820310,st_leaid,39042,WYNDMERE 42,2024,
ND,39044,Richland 44,3800036,st_leaid,39044,RICHLAND 44,2024,
ND,40001,Dunseith 1,3805460,st_leaid,40001,DUNSEITH 1,2024,
ND,40003,St John Public School District,3817460,st_leaid,40003,ST JOHN 3,2024,
ND,40004,Mt Pleasant Public School District,3813400,st_leaid,40004,MT PLEASANT 4,2024,
ND,40007,Belcourt 7,3802530,st_leaid,40007,BELCOURT 7,2024,
ND,40029,Rolette 29,3816050,st_leaid,40029,ROLETTE 29,2024,
ND,41002,Milnor 2,3812930,st_leaid,41002,MILNOR 2,2024,
ND,41003,North Sargent 3,3814290,st_leaid,41003,NORTH SARGENT 3,2024,
ND,41006,Sargent Central 6,3816430,st_leaid,41006,SARGENT CENTRAL 6,2024,
ND,43003,Solen 3,3816980,st_leaid,43003,SOLEN 3,2024,
ND,45001,Dickinson Public School District,3800038,st_leaid,45001,DICKINSON 1,2024,
ND,45009,South Heart 9,3817130,st_leaid,45009,SOUTH HEART 9,2024,
ND,45013,Belfield 13,3806210,st_leaid,45013,BELFIELD 13,2024,
ND,45034,Richardton-Taylor 34,3800048,st_leaid,45034,RICHARDTON-TAYLOR 34,2024,
ND,46019,Finley-Sharon Public School District,3806910,st_leaid,46019,FINLEY-SHARON 19,2024,
ND,47001,Jamestown 1,3800021,st_leaid,47001,JAMESTOWN 1,2024,
ND,47003,Medina Public School District,3812660,st_leaid,47003,MEDINA 3,2024,
ND,48010,North Star Public School District,3800390,st_leaid,48010,NORTH STAR 10,2024,
ND,49003,Central Valley 3,3804140,st_leaid,49003,CENTRAL VALLEY 3,2024,
ND,49007,Hatton Eielson 7,3809000,st_leaid,49007,HATTON EIELSON 7,2024,
ND,49009,Hillsboro 9,3809570,st_leaid,49009,HILLSBORO 9,2024,
ND,49014,May-Port Cg Public School District,3800041,st_leaid,49014,MAY-PORT CG 14,2024,
ND,50008,Park River Area Public School District,3800401,st_leaid,50008,PARK RIVER AREA 8,2024,
ND,50018,Grafton 18,3800406,st_leaid,50018,GRAFTON 18,2024,
ND,50020,Minto 20,3813050,st_leaid,50020,MINTO 20,2024,
ND,51001,Minot 1,3813030,st_leaid,51001,MINOT 1,2024,
ND,51004,Nedrose 4,3813660,st_leaid,51004,NEDROSE 4,2024,
ND,51007,United 7,3818730,st_leaid,51007,UNITED 7,2024,
ND,51028,Kenmare Public School District,3810180,st_leaid,51028,KENMARE 28,2024,
ND,51041,Surrey 41,3817910,st_leaid,51041,SURREY 41,2024,
ND,51070,South Prairie 70,3817170,st_leaid,51070,SOUTH PRAIRIE 70,2024,
ND,51161,Lewis And Clark Public School District,3800058,st_leaid,51161,LEWIS AND CLARK 161,2024,
ND,52025,Fessenden-Bowdon 25,3800049,st_leaid,52025,FESSENDEN-BOWDON 25,2024,
ND,52038,Harvey Public School District,3808890,st_leaid,52038,HARVEY 38,2024,
ND,53002,Nesson Public School District,3813710,st_leaid,53002,NESSON 2,2024,
ND,53006,Eight Mile 6,3806010,st_leaid,53006,EIGHT MILE 6,2024,
ND,53007,Williston Basin Public School District,3800405,st_leaid,53007,WILLISTON BASIN 7,2024,
ND,53015,Tioga 15,3800039,st_leaid,53015,TIOGA 15,2024,
ND,53099,Grenora Public School District,3808460,st_leaid,53099,GRENORA 99,2024,
ND,99999,State of North Dakota,,unmatched,,,,
NE,010003000,KENESAW PUBLIC SCHOOLS,3172420,st_leaid,010003000,KENESAW PUBLIC SCHOOLS,2024,
NE,010018000,HASTINGS PUBLIC SCHOOLS,3171580,st_leaid,010018000,HASTINGS PUBLIC SCHOOLS,2024,
NE,010090000,ADAMS CENTRAL PUBLIC SCHOOLS,3102770,st_leaid,010090000,ADAMS CENTRAL PUBLIC SCHOOLS,2024,
NE,010123000,SILVER LAKE PUBLIC SCHOOLS,3100066,st_leaid,010123000,SILVER LAKE PUBLIC SCHOOLS,2024,
NE,010600000,WEST HASTINGS SCHOOL,3100190,st_leaid,010600000,WEST HASTINGS SCHOOL,2024,
NE,020009000,NELIGH-OAKDALE SCHOOLS,3174220,st_leaid,020009000,NELIGH-OAKDALE SCHOOLS,2024,
NE,020018000,ELGIN PUBLIC SCHOOLS,3170050,st_leaid,020018000,ELGIN PUBLIC SCHOOLS,2024,
NE,020115000,SUMMERLAND PUBLIC SCHOOLS,3100189,st_leaid,020115000,SUMMERLAND PUBLIC SCHOOLS,2024,
NE,030500000,ARTHUR COUNTY SCHOOLS,3103210,st_leaid,030500000,ARTHUR COUNTY SCHOOLS,2024,
NE,040001000,BANNER COUNTY PUBLIC SCHOOLS,3100067,st_leaid,040001000,BANNER COUNTY PUBLIC SCHOOLS,2024,
NE,050071000,SANDHILLS PUBLIC SCHOOLS,3176380,st_leaid,050071000,SANDHILLS PUBLIC SCHOOLS,2024,
NE,060001000,BOONE CENTRAL SCHOOLS,3102820,st_leaid,060001000,BOONE CENTRAL SCHOOLS,2024,
NE,060017000,ST EDWARD PUBLIC SCHOOLS,3176980,st_leaid,060017000,ST EDWARD PUBLIC SCHOOLS,2024,
NE,060075000,RIVERSIDE PUBLIC SCHOOLS,3100184,st_leaid,060075000,RIVERSIDE PUBLIC SCHOOLS,2024,
NE,070006000,ALLIANCE PUBLIC SCHOOLS,3102910,st_leaid,070006000,ALLIANCE PUBLIC SCHOOLS,2024,
NE,070010000,HEMINGFORD PUBLIC SCHOOLS,3171730,st_leaid,070010000,HEMINGFORD PUBLIC SCHOOLS,2024,
NE,080051000,BOYD COUNTY SCHOOLS,3100187,st_leaid,080051000,BOYD COUNTY SCHOOLS,2024,
NE,090010000,AINSWORTH COMMUNITY SCHOOLS,3102790,st_leaid,090010000,AINSWORTH COMMUNITY SCHOOLS,2024,
NE,100002000,GIBBON PUBLIC SCHOOLS,3170980,st_leaid,100002000,GIBBON PUBLIC SCHOOLS,2024,
NE,100007000,KEARNEY PUBLIC SCHOOLS,3172390,st_leaid,100007000,KEARNEY PUBLIC SCHOOLS,2024,
NE,100009000,ELM CREEK PUBLIC SCHOOLS,3170140,st_leaid,100009000,ELM CREEK PUBLIC SCHOOLS,2024,
NE,100019000,SHELTON PUBLIC SCHOOLS,3176620,st_leaid,100019000,SHELTON PUBLIC SCHOOLS,2024,
NE,100069000,RAVENNA PUBLIC SCHOOLS,3175960,st_leaid,100069000,RAVENNA PUBLIC SCHOOLS,2024,
NE,100105000,PLEASANTON PUBLIC SCHOOLS,3175690,st_leaid,100105000,PLEASANTON PUBLIC SCHOOLS,2024,
NE,100119000,AMHERST PUBLIC SCHOOLS,3100070,st_leaid,100119000,AMHERST PUBLIC SCHOOLS,2024,
NE,100600000,WEST KEARNEY HIGH SCHOOL,3100046,st_leaid,100600000,WEST KEARNEY HIGH SCHOOL,2024,
NE,110001000,TEKAMAH-HERMAN COMMUNITY SCHS,3100071,st_leaid,110001000,TEKAMAH-HERMAN COMMUNITY SCHS,2024,
NE,110014000,OAKLAND CRAIG PUBLIC SCHOOLS,3174640,st_leaid,110014000,OAKLAND CRAIG PUBLIC SCHOOLS,2024,
NE,110020000,LYONS-DECATUR NORTHEAST SCHS,3173210,st_leaid,110020000,LYONS-DECATUR NORTHEAST SCHS,2024,
NE,120056000,DAVID CITY PUBLIC SCHOOLS,3100002,st_leaid,120056000,DAVID CITY PUBLIC SCHOOLS,2024,
NE,120502000,EAST BUTLER PUBLIC SCHOOLS,3100003,st_leaid,120502000,EAST BUTLER PUBLIC SCHOOLS,2024,
NE,130001000,PLATTSMOUTH COMMUNITY SCHOOLS,3175660,st_leaid,130001000,PLATTSMOUTH COMMUNITY SCHOOLS,2024,
NE,130022000,WEEPING WATER PUBLIC SCHOOLS,3178540,st_leaid,130022000,WEEPING WATER PUBLIC SCHOOLS,2024,
NE,130032000,LOUISVILLE PUBLIC SCHOOLS,3173050,st_leaid,130032000,LOUISVILLE PUBLIC SCHOOLS,2024,
NE,130056000,CONESTOGA PUBLIC SCHOOLS,3174200,st_leaid,130056000,CONESTOGA PUBLIC SCHOOLS,2024,
NE,130097000,ELMWOOD-MURDOCK PUBLIC SCHOOLS,3101992,st_leaid,130097000,ELMWOOD-MURDOCK PUBLIC SCHOOLS,2024,
NE,140008000,HARTINGTON NEWCASTLE PUBLIC SCHOOLS,3171520,st_leaid,140008000,HARTINGTON NEWCASTLE PUBLIC SCHOOLS,2024,
NE,140045000,RANDOLPH PUBLIC SCHOOLS,3175930,st_leaid,140045000,RANDOLPH PUBLIC SCHOOLS,2024,
NE,140054000,LAUREL-CONCORD-COLERIDGE SCHOOL,3100004,st_leaid,140054000,LAUREL-CONCORD-COLERIDGE SCHOOL,2024,
NE,140101000,WYNOT PUBLIC SCHOOLS,3178990,st_leaid,140101000,WYNOT PUBLIC SCHOOLS,2024,
NE,150010000,CHASE COUNTY SCHOOLS,3100163,st_leaid,150010000,CHASE COUNTY SCHOOLS,2024,
NE,150536000,WAUNETA-PALISADE PUBLIC SCHS,3100018,st_leaid,150536000,WAUNETA-PALISADE PUBLIC SCHS,2024,
NE,160006000,VALENTINE COMMUNITY SCHOOLS,3178020,st_leaid,160006000,VALENTINE COMMUNITY SCHOOLS,2024,
NE,160030000,CODY-KILGORE PUBLIC SCHS,3105280,st_leaid,160030000,CODY-KILGORE PUBLIC SCHS,2024,
NE,170001000,SIDNEY PUBLIC SCHOOLS,3176710,st_leaid,170001000,SIDNEY PUBLIC SCHOOLS,2024,
NE,170003000,LEYTON PUBLIC SCHOOLS,3100072,st_leaid,170003000,LEYTON PUBLIC SCHOOLS,2024,
NE,170009000,POTTER-DIX PUBLIC SCHOOLS,3175810,st_leaid,170009000,POTTER-DIX PUBLIC SCHOOLS,2024,
NE,180002000,SUTTON PUBLIC SCHOOLS,3177520,st_leaid,180002000,SUTTON PUBLIC SCHOOLS,2024,
NE,180011000,HARVARD PUBLIC SCHOOLS,3171550,st_leaid,180011000,HARVARD PUBLIC SCHOOLS,2024,
NE,180501000,SANDY CREEK SCHOOLS,,unmatched,,,,
NE,190039000,LEIGH COMMUNITY SCHOOLS,3172720,st_leaid,190039000,LEIGH COMMUNITY SCHOOLS,2024,
NE,190058000,CLARKSON PUBLIC SCHOOLS,3105160,st_leaid,190058000,CLARKSON PUBLIC SCHOOLS,2024,
NE,190070000,HOWELLS-DODGE CONSOLIDATED SCHOOLS,3100183,st_leaid,190070000,HOWELLS-DODGE CONSOLIDATED SCHOOLS,2024,
NE,190123000,SCHUYLER COMMUNITY SCHOOLS,3176450,st_leaid,190123000,SCHUYLER COMMUNITY SCHOOLS,2024,
NE,200001000,WEST POINT PUBLIC SCHOOLS,3100006,st_leaid,200001000,WEST POINT PUBLIC SCHOOLS,2024,
NE,200020000,BANCROFT-ROSALIE COMM SCHOOLS,3103440,st_leaid,200020000,BANCROFT-ROSALIE COMM SCHOOLS,2024,
NE,200030000,WISNER-PILGER PUBLIC SCHOOLS,3100008,st_leaid,200030000,WISNER-PILGER PUBLIC SCHOOLS,2024,
NE,210015000,ANSELMO-MERNA PUBLIC SCHOOLS,3100010,st_leaid,210015000,ANSELMO-MERNA PUBLIC SCHOOLS,2024,
NE,210025000,BROKEN BOW PUBLIC SCHOOLS,3100011,st_leaid,210025000,BROKEN BOW PUBLIC SCHOOLS,2024,
NE,210044000,ANSLEY PUBLIC SCHOOLS,3103060,st_leaid,210044000,ANSLEY PUBLIC SCHOOLS,2024,
NE,210084000,SARGENT PUBLIC SCHOOLS,3176410,st_leaid,210084000,SARGENT PUBLIC SCHOOLS,2024,
NE,210089000,ARNOLD PUBLIC SCHOOLS,3100073,st_leaid,210089000,ARNOLD PUBLIC SCHOOLS,2024,
NE,210180000,CALLAWAY PUBLIC SCHOOLS,3100012,st_leaid,210180000,CALLAWAY PUBLIC SCHOOLS,2024,
NE,220011000,SO SIOUX CITY COMMUNITY SCHS,3176860,st_leaid,220011000,SO SIOUX CITY COMMUNITY SCHS,2024,
NE,220031000,HOMER COMMUNITY SCHOOLS,3172000,st_leaid,220031000,HOMER COMMUNITY SCHOOLS,2024,
NE,230002000,CHADRON PUBLIC SCHOOLS,3104980,st_leaid,230002000,CHADRON PUBLIC SCHOOLS,2024,
NE,230071000,CRAWFORD PUBLIC SCHOOLS,3105520,st_leaid,230071000,CRAWFORD PUBLIC SCHOOLS,2024,
NE,230601000,PINE RIDGE JOB CORPS,3100047,st_leaid,230601000,PINE RIDGE JOB CORPS,2024,
NE,240001000,LEXINGTON PUBLIC SCHOOLS,3172810,st_leaid,240001000,LEXINGTON PUBLIC SCHOOLS,2024,
NE,240004000,OVERTON PUBLIC SCHOOLS,3175060,st_leaid,240004000,OVERTON PUBLIC SCHOOLS,2024,
NE,240011000,COZAD COMMUNITY SCHOOLS,3105460,st_leaid,240011000,COZAD COMMUNITY SCHOOLS,2024,
NE,240020000,GOTHENBURG PUBLIC SCHOOLS,3171100,st_leaid,240020000,GOTHENBURG PUBLIC SCHOOLS,2024,
NE,240101000,SUMNER-EDDYVILLE-MILLER SCHS,3177340,st_leaid,240101000,SUMNER-EDDYVILLE-MILLER SCHS,2024,
NE,250025000,CREEK VALLEY SCHOOLS,3100140,st_leaid,250025000,CREEK VALLEY SCHOOLS,2024,
NE,250095000,SOUTH PLATTE PUBLIC SCHOOLS,3100110,st_leaid,250095000,SOUTH PLATTE PUBLIC SCHOOLS,2024,
NE,260001000,PONCA PUBLIC SCHOOLS,3175770,st_leaid,260001000,PONCA PUBLIC SCHOOLS,2024,
NE,260070000,ALLEN CONSOLIDATED SCHOOLS,3102880,st_leaid,260070000,ALLEN CONSOLIDATED SCHOOLS,2024,
NE,260561000,EMERSON-HUBBARD PUBLIC SCHOOLS,3100141,st_leaid,260561000,EMERSON-HUBBARD PUBLIC SCHOOLS,2024,
NE,270001000,FREMONT PUBLIC SCHOOLS,3170710,st_leaid,270001000,FREMONT PUBLIC SCHOOLS,2024,
NE,270062000,SCRIBNER-SNYDER COMMUNITY SCHS,3100076,st_leaid,270062000,SCRIBNER-SNYDER COMMUNITY SCHS,2024,
NE,270594000,LOGAN VIEW PUBLIC SCHOOLS,3100114,st_leaid,270594000,LOGAN VIEW PUBLIC SCHOOLS,2024,
NE,270595000,NORTH BEND CENTRAL PUBLIC SCHS,3100115,st_leaid,270595000,NORTH BEND CENTRAL PUBLIC SCHS,2024,
NE,280001000,OMAHA PUBLIC SCHOOLS,3174820,st_leaid,280001000,OMAHA PUBLIC SCHOOLS,2024,
NE,280010000,ELKHORN PUBLIC SCHOOLS,3170110,st_leaid,280010000,ELKHORN PUBLIC SCHOOLS,2024,
NE,280015000,DOUGLAS CO WEST COMMUNITY SCHS,3100165,st_leaid,280015000,DOUGLAS CO WEST COMMUNITY SCHS,2024,
NE,280017000,MILLARD PUBLIC SCHOOLS,3173740,st_leaid,280017000,MILLARD PUBLIC SCHOOLS,2024,
NE,280054000,RALSTON PUBLIC SCHOOLS,3175900,st_leaid,280054000,RALSTON PUBLIC SCHOOLS,2024,
NE,280059000,BENNINGTON PUBLIC SCHOOLS,3103990,st_leaid,280059000,BENNINGTON PUBLIC SCHOOLS,2024,
NE,280066000,WESTSIDE COMMUNITY SCHOOLS,3178660,st_leaid,280066000,WESTSIDE COMMUNITY SCHOOLS,2024,
NE,280602000,NCYF COMMUNITY HIGH SCHOOL,3100177,st_leaid,280602000,NCYF COMMUNITY HIGH SCHOOL,2024,
NE,290117000,DUNDY CO STRATTON PUBLIC SCHS,3100077,st_leaid,290117000,DUNDY CO STRATTON PUBLIC SCHS,2024,
NE,300001000,EXETER-MILLIGAN PUBLIC SCHOOLS,3100133,st_leaid,300001000,EXETER-MILLIGAN PUBLIC SCHOOLS,2024,
NE,300025000,FILLMORE CENTRAL PUBLIC SCHS,3100118,st_leaid,300025000,FILLMORE CENTRAL PUBLIC SCHS,2024,
NE,300054000,SHICKLEY PUBLIC SCHOOLS,3176650,st_leaid,300054000,SHICKLEY PUBLIC SCHOOLS,2024,
NE,300600000,WEST HASTINGS SCHOOLS (DHHS),3100051,st_leaid,300600000,WEST HASTINGS SCHOOLS (DHHS),2023,
NE,310506000,FRANKLIN PUBLIC SCHOOLS,3100065,st_leaid,310506000,FRANKLIN PUBLIC SCHOOLS,2024,
NE,320046000,MAYWOOD PUBLIC SCHOOLS,3173440,st_leaid,320046000,MAYWOOD PUBLIC SCHOOLS,2024,
NE,320095000,EUSTIS-FARNAM PUBLIC SCHOOLS,3100111,st_leaid,320095000,EUSTIS-FARNAM PUBLIC SCHOOLS,2024,
NE,320125000,MEDICINE VALLEY PUBLIC SCHOOLS,3173600,st_leaid,320125000,MEDICINE VALLEY PUBLIC SCHOOLS,2024,
NE,330018000,ARAPAHOE PUBLIC SCHOOLS,3103090,st_leaid,330018000,ARAPAHOE PUBLIC SCHOOLS,2024,
NE,330021000,CAMBRIDGE PUBLIC SCHOOLS,3100015,st_leaid,330021000,CAMBRIDGE PUBLIC SCHOOLS,2024,
NE,330540000,SOUTHERN VALLEY SCHOOLS,3100109,st_leaid,330540000,SOUTHERN VALLEY SCHOOLS,2024,
NE,340001000,SOUTHERN SCHOOL DISTRICT 1,3177180,st_leaid,340001000,SOUTHERN SCHOOL DISTRICT 1,2024,
NE,340015000,BEATRICE PUBLIC SCHOOLS,3103600,st_leaid,340015000,BEATRICE PUBLIC SCHOOLS,2024,
NE,340034000,FREEMAN PUBLIC SCHOOLS,3100116,st_leaid,340034000,FREEMAN PUBLIC SCHOOLS,2024,
NE,340100000,DILLER-ODELL PUBLIC SCHOOLS,3100125,st_leaid,340100000,DILLER-ODELL PUBLIC SCHOOLS,2024,
NE,350001000,GARDEN COUNTY SCHOOLS,3170800,st_leaid,350001000,GARDEN COUNTY SCHOOLS,2024,
NE,360100000,BURWELL PUBLIC SCHOOLS,3104640,st_leaid,360100000,BURWELL PUBLIC SCHOOLS,2024,
NE,370030000,ELWOOD PUBLIC SCHOOLS,3170220,st_leaid,370030000,ELWOOD PUBLIC SCHOOLS,2024,
NE,380011000,HYANNIS AREA SCHOOLS,3172210,st_leaid,380011000,HYANNIS AREA SCHOOLS,2024,
NE,390060000,CENTRAL VALLEY PUBLIC SCHOOLS,3100185,st_leaid,390060000,CENTRAL VALLEY PUBLIC SCHOOLS,2024,
NE,400002000,GRAND ISLAND PUBLIC SCHOOLS,3100016,st_leaid,400002000,GRAND ISLAND PUBLIC SCHOOLS,2024,
NE,400082000,NORTHWEST PUBLIC SCHOOLS,3174580,st_leaid,400082000,NORTHWEST PUBLIC SCHOOLS,2024,
NE,400083000,WOOD RIVER RURAL SCHOOLS,3178940,st_leaid,400083000,WOOD RIVER RURAL SCHOOLS,2024,
NE,400126000,DONIPHAN-TRUMBULL PUBLIC SCHS,3100121,st_leaid,400126000,DONIPHAN-TRUMBULL PUBLIC SCHS,2024,
NE,410002000,GILTNER PUBLIC SCHOOLS,3171010,st_leaid,410002000,GILTNER PUBLIC SCHOOLS,2024,
NE,410091000,HAMPTON PUBLIC SCHOOL,3171370,st_leaid,410091000,HAMPTON PUBLIC SCHOOL,2024,
NE,410504000,AURORA PUBLIC SCHOOLS,3103360,st_leaid,410504000,AURORA PUBLIC SCHOOLS,2024,
NE,420002000,ALMA PUBLIC SCHOOLS,3100080,st_leaid,420002000,ALMA PUBLIC SCHOOLS,2024,
NE,430079000,HAYES CENTER PUBLIC SCHOOLS,3109120,st_leaid,430079000,HAYES CENTER PUBLIC SCHOOLS,2024,
NE,440070000,HITCHCOCK CO SCH SYSTEM,3100120,st_leaid,440070000,HITCHCOCK CO SCH SYSTEM,2024,
NE,450007000,O'NEILL PUBLIC SCHOOLS,3174850,st_leaid,450007000,O'NEILL PUBLIC SCHOOLS,2024,
NE,450044000,STUART PUBLIC SCHOOLS,3100082,st_leaid,450044000,STUART PUBLIC SCHOOLS,2024,
NE,450137000,CHAMBERS PUBLIC SCHOOLS,3105010,st_leaid,450137000,CHAMBERS PUBLIC SCHOOLS,2024,
NE,450239000,WEST HOLT PUBLIC SCHOOLS,3100172,st_leaid,450239000,WEST HOLT PUBLIC SCHOOLS,2024,
NE,460001000,MULLEN PUBLIC SCHOOLS,3174040,st_leaid,460001000,MULLEN PUBLIC SCHOOLS,2024,
NE,470001000,ST PAUL PUBLIC SCHOOLS,3100085,st_leaid,470001000,ST PAUL PUBLIC SCHOOLS,2024,
NE,470100000,CENTURA PUBLIC SCHOOLS,3162950,st_leaid,470100000,CENTURA PUBLIC SCHOOLS,2024,
NE,470103000,ELBA PUBLIC SCHOOLS,3170020,st_leaid,470103000,ELBA PUBLIC SCHOOLS,2024,
NE,480008000,FAIRBURY PUBLIC SCHOOLS,3170440,st_leaid,480008000,FAIRBURY PUBLIC SCHOOLS,2024,
NE,480300000,TRI COUNTY PUBLIC SCHOOLS,3105970,st_leaid,480300000,TRI COUNTY PUBLIC SCHOOLS,2024,
NE,480303000,MERIDIAN PUBLIC SCHOOLS,3173660,st_leaid,480303000,MERIDIAN PUBLIC SCHOOLS,2024,
NE,490033000,STERLING PUBLIC SCHOOLS,3177190,st_leaid,490033000,STERLING PUBLIC SCHOOLS,2024,
NE,490050000,JOHNSON CO CENTRAL PUBLIC SCHS,3100176,st_leaid,490050000,JOHNSON CO CENTRAL PUBLIC SCHS,2024,
NE,500001000,WILCOX-HILDRETH PUBLIC SCHOOLS,3100134,st_leaid,500001000,WILCOX-HILDRETH PUBLIC SCHOOLS,2024,
NE,500501000,AXTELL COMMUNITY SCHOOLS,3103420,st_leaid,500501000,AXTELL COMMUNITY SCHOOLS,2024,
NE,500503000,MINDEN PUBLIC SCHOOLS,3173830,st_leaid,500503000,MINDEN PUBLIC SCHOOLS,2024,
NE,510001000,OGALLALA PUBLIC SCHOOLS,3174760,st_leaid,510001000,OGALLALA PUBLIC SCHOOLS,2024,
NE,510006000,PAXTON CONSOLIDATED SCHOOLS,3175360,st_leaid,510006000,PAXTON CONSOLIDATED SCHOOLS,2024,
NE,520100000,KEYA PAHA COUNTY SCHOOLS,3172480,st_leaid,520100000,KEYA PAHA COUNTY SCHOOLS,2024,
NE,530001000,KIMBALL PUBLIC SCHOOLS,3172570,st_leaid,530001000,KIMBALL PUBLIC SCHOOLS,2024,
NE,540013000,CREIGHTON COMMUNITY PUBLIC SCHOOLS,3105550,st_leaid,540013000,CREIGHTON COMMUNITY PUBLIC SCHOOLS,2024,
NE,540096000,CROFTON COMMUNITY SCHOOLS,3105630,st_leaid,540096000,CROFTON COMMUNITY SCHOOLS,2024,
NE,540501000,NIOBRARA PUBLIC SCHOOLS,3174370,st_leaid,540501000,NIOBRARA PUBLIC SCHOOLS,2024,
NE,540505000,ISANTI COMMUNITY SCHOOL,3176400,st_leaid,540505000,ISANTI COMMUNITY SCHOOL,2024,
NE,540576000,WAUSA PUBLIC SCHOOLS,3178450,st_leaid,540576000,WAUSA PUBLIC SCHOOLS,2024,
NE,540583000,VERDIGRE PUBLIC SCHOOLS,3178120,st_leaid,540583000,VERDIGRE PUBLIC SCHOOLS,2024,
NE,540586000,BLOOMFIELD COMMUNITY SCHOOLS,3104140,st_leaid,540586000,BLOOMFIELD COMMUNITY SCHOOLS,2024,
NE,550001000,LINCOLN PUBLIC SCHOOLS,3172840,st_leaid,550001000,LINCOLN PUBLIC SCHOOLS,2024,
NE,550145000,WAVERLY SCHOOL DISTRICT 145,3100021,st_leaid,550145000,WAVERLY SCHOOL DISTRICT 145,2024,
NE,550148000,MALCOLM PUBLIC SCHOOLS,3173290,st_leaid,550148000,MALCOLM PUBLIC SCHOOLS,2024,
NE,550160000,NORRIS SCHOOL DIST 160,3100088,st_leaid,550160000,NORRIS SCHOOL DIST 160,2024,
NE,550161000,RAYMOND CENTRAL PUBLIC SCHOOLS,3104950,st_leaid,550161000,RAYMOND CENTRAL PUBLIC SCHOOLS,2024,
NE,550605000,UNIVERSITY OF NEBRASKA HIGH SCHOOL,3100059,st_leaid,550605000,UNIVERSITY OF NEBRASKA HIGH SCHOOL,2024,
NE,560001000,NORTH PLATTE PUBLIC SCHOOLS,3100022,st_leaid,560001000,NORTH PLATTE PUBLIC SCHOOLS,2024,
NE,560006000,BRADY PUBLIC SCHOOLS,3104290,st_leaid,560006000,BRADY PUBLIC SCHOOLS,2024,
NE,560007000,MAXWELL PUBLIC SCHOOLS,3100023,st_leaid,560007000,MAXWELL PUBLIC SCHOOLS,2024,
NE,560037000,HERSHEY PUBLIC SCHOOLS,3171820,st_leaid,560037000,HERSHEY PUBLIC SCHOOLS,2024,
NE,560055000,SUTHERLAND PUBLIC SCHOOLS,3100024,st_leaid,560055000,SUTHERLAND PUBLIC SCHOOLS,2024,
NE,560565000,WALLACE PUBLIC SCH DIST 65 R,3178260,st_leaid,560565000,WALLACE PUBLIC SCH DIST 65 R,2024,
NE,570501000,STAPLETON PUBLIC SCHOOLS,3177100,st_leaid,570501000,STAPLETON PUBLIC SCHOOLS,2024,
NE,580025000,LOUP COUNTY PUBLIC SCHOOLS,3173120,st_leaid,580025000,LOUP COUNTY PUBLIC SCHOOLS,2024,
NE,590001000,MADISON PUBLIC SCHOOLS,3173230,st_leaid,590001000,MADISON PUBLIC SCHOOLS,2024,
NE,590002000,NORFOLK PUBLIC SCHOOLS,3174430,st_leaid,590002000,NORFOLK PUBLIC SCHOOLS,2024,
NE,590005000,BATTLE CREEK PUBLIC SCHOOLS,3103540,st_leaid,590005000,BATTLE CREEK PUBLIC SCHOOLS,2024,
NE,590013000,NEWMAN GROVE PUBLIC SCHOOLS,3174340,st_leaid,590013000,NEWMAN GROVE PUBLIC SCHOOLS,2024,
NE,590080000,ELKHORN VALLEY SCHOOLS,3100025,st_leaid,590080000,ELKHORN VALLEY SCHOOLS,2024,
NE,600090000,MC PHERSON COUNTY SCHOOLS,3173560,st_leaid,600090000,MC PHERSON COUNTY SCHOOLS,2024,
NE,610004000,CENTRAL CITY PUBLIC SCHOOLS,3104920,st_leaid,610004000,CENTRAL CITY PUBLIC SCHOOLS,2024,
NE,610049000,PALMER PUBLIC SCHOOLS,3100089,st_leaid,610049000,PALMER PUBLIC SCHOOLS,2024,
NE,620021000,BAYARD PUBLIC SCHOOLS,3100090,st_leaid,620021000,BAYARD PUBLIC SCHOOLS,2024,
NE,620063000,BRIDGEPORT PUBLIC SCHOOLS,3100105,st_leaid,620063000,BRIDGEPORT PUBLIC SCHOOLS,2024,
NE,630001000,FULLERTON PUBLIC SCHOOLS,3100091,st_leaid,630001000,FULLERTON PUBLIC SCHOOLS,2024,
NE,630030000,TWIN RIVER PUBLIC SCHOOLS,3100129,st_leaid,630030000,TWIN RIVER PUBLIC SCHOOLS,2024,
NE,640023000,JOHNSON-BROCK PUBLIC SCHOOLS,3172335,st_leaid,640023000,JOHNSON-BROCK PUBLIC SCHOOLS,2024,
NE,640029000,AUBURN PUBLIC SCHOOLS,3103330,st_leaid,640029000,AUBURN PUBLIC SCHOOLS,2024,
NE,650005000,LAWRENCE - NELSON PUBLIC SCHOOLS,,unmatched,,,,
NE,650011000,SUPERIOR PUBLIC SCHOOLS,3100029,st_leaid,650011000,SUPERIOR PUBLIC SCHOOLS,2024,
NE,652005000,SOUTH CENTRAL NEBRASKA UNIFIED 5,3100122,st_leaid,652005000,SOUTH CENTRAL NEBRASKA UNIFIED 5,2024,
NE,660027000,SYRACUSE-DUNBAR-AVOCA SCHOOLS,3177550,st_leaid,660027000,SYRACUSE-DUNBAR-AVOCA SCHOOLS,2024,
NE,660111000,NEBRASKA CITY PUBLIC SCHOOLS,3174160,st_leaid,660111000,NEBRASKA CITY PUBLIC SCHOOLS,2024,
NE,660501000,PALMYRA DISTRICT O R 1,3175210,st_leaid,660501000,PALMYRA DISTRICT O R 1,2024,
NE,670001000,PAWNEE CITY PUBLIC SCHOOLS,3175330,st_leaid,670001000,PAWNEE CITY PUBLIC SCHOOLS,2024,
NE,670069000,LEWISTON CONSOLIDATED SCHOOLS,3172780,st_leaid,670069000,LEWISTON CONSOLIDATED SCHOOLS,2024,
NE,680020000,PERKINS COUNTY SCHOOLS,3100157,st_leaid,680020000,PERKINS COUNTY SCHOOLS,2024,
NE,690044000,HOLDREGE PUBLIC SCHOOLS,3171940,st_leaid,690044000,HOLDREGE PUBLIC SCHOOLS,2024,
NE,690054000,BERTRAND PUBLIC SCHOOLS,3104020,st_leaid,690054000,BERTRAND PUBLIC SCHOOLS,2024,
NE,690055000,LOOMIS PUBLIC SCHOOLS,3172990,st_leaid,690055000,LOOMIS PUBLIC SCHOOLS,2024,
NE,700002000,PIERCE PUBLIC SCHOOLS,3175510,st_leaid,700002000,PIERCE PUBLIC SCHOOLS,2024,
NE,700005000,PLAINVIEW PUBLIC SCHOOLS,3175570,st_leaid,700005000,PLAINVIEW PUBLIC SCHOOLS,2024,
NE,700542000,OSMOND COMMUNITY SCHOOLS,3175030,st_leaid,700542000,OSMOND COMMUNITY SCHOOLS,2024,
NE,710001000,COLUMBUS PUBLIC SCHOOLS,3105340,st_leaid,710001000,COLUMBUS PUBLIC SCHOOLS,2024,
NE,710005000,LAKEVIEW COMMUNITY SCHOOLS,3100112,st_leaid,710005000,LAKEVIEW COMMUNITY SCHOOLS,2024,
NE,710067000,HUMPHREY PUBLIC SCHOOLS,3172150,st_leaid,710067000,HUMPHREY PUBLIC SCHOOLS,2024,
NE,720015000,CROSS COUNTY COMMUNITY SCHOOLS,3100130,st_leaid,720015000,CROSS COUNTY COMMUNITY SCHOOLS,2024,
NE,720019000,OSCEOLA PUBLIC SCHOOLS,3175000,st_leaid,720019000,OSCEOLA PUBLIC SCHOOLS,2024,
NE,720032000,SHELBY - RISING CITY PUBLIC SCHOOLS,3176590,st_leaid,720032000,SHELBY - RISING CITY PUBLIC SCHOOLS,2024,
NE,720075000,HIGH PLAINS COMMUNITY SCHOOLS,3100123,st_leaid,720075000,HIGH PLAINS COMMUNITY SCHOOLS,2024,
NE,730017000,MC COOK PUBLIC SCHOOLS,3173470,st_leaid,730017000,MC COOK PUBLIC SCHOOLS,2024,
NE,730179000,SOUTHWEST PUBLIC SCHOOLS,3100178,st_leaid,730179000,SOUTHWEST PUBLIC SCHOOLS,2024,
NE,740056000,FALLS CITY PUBLIC SCHOOLS,3170530,st_leaid,740056000,FALLS CITY PUBLIC SCHOOLS,2024,
NE,740070000,HUMBOLDT TABLE ROCK STEINAUER,3100179,st_leaid,740070000,HUMBOLDT TABLE ROCK STEINAUER,2024,
NE,750100000,ROCK COUNTY PUBLIC SCHOOLS,3176170,st_leaid,750100000,ROCK COUNTY PUBLIC SCHOOLS,2024,
NE,760002000,CRETE PUBLIC SCHOOLS,3100095,st_leaid,760002000,CRETE PUBLIC SCHOOLS,2024,
NE,760044000,DORCHESTER PUBLIC SCHOOL,3169840,st_leaid,760044000,DORCHESTER PUBLIC SCHOOL,2024,
NE,760068000,FRIEND PUBLIC SCHOOLS,3100096,st_leaid,760068000,FRIEND PUBLIC SCHOOLS,2024,
NE,760082000,WILBER-CLATONIA PUBLIC SCHOOLS,3178720,st_leaid,760082000,WILBER-CLATONIA PUBLIC SCHOOLS,2024,
NE,770001000,BELLEVUE PUBLIC SCHOOLS,3103810,st_leaid,770001000,BELLEVUE PUBLIC SCHOOLS,2024,
NE,770027000,PAPILLION LA VISTA COMMUNITY SCHOOLS,3175270,st_leaid,770027000,PAPILLION LA VISTA COMMUNITY SCHOOLS,2024,
NE,770037000,GRETNA PUBLIC SCHOOLS,3171220,st_leaid,770037000,GRETNA PUBLIC SCHOOLS,2024,
NE,770046000,SPRINGFIELD PLATTEVIEW COMMUNITY SCHOOLS,3175630,st_leaid,770046000,SPRINGFIELD PLATTEVIEW COMMUNITY SCHOOLS,2024,
NE,780001000,ASHLAND-GREENWOOD PUBLIC SCHS,3100034,st_leaid,780001000,ASHLAND-GREENWOOD PUBLIC SCHS,2024,
NE,780009000,YUTAN PUBLIC SCHOOLS,3179080,st_leaid,780009000,YUTAN PUBLIC SCHOOLS,2024,
NE,780039000,WAHOO PUBLIC SCHOOLS,3178210,st_leaid,780039000,WAHOO PUBLIC SCHOOLS,2024,
NE,780072000,MEAD PUBLIC SCHOOLS,3173590,st_leaid,780072000,MEAD PUBLIC SCHOOLS,2024,
NE,780107000,CEDAR BLUFFS PUBLIC SCHOOLS,3104870,st_leaid,780107000,CEDAR BLUFFS PUBLIC SCHOOLS,2024,
NE,790002000,MINATARE PUBLIC SCHOOLS,3173800,st_leaid,790002000,MINATARE PUBLIC SCHOOLS,2024,
NE,790011000,MORRILL PUBLIC SCHOOLS,3100097,st_leaid,790011000,MORRILL PUBLIC SCHOOLS,2024,
NE,790016000,GERING PUBLIC SCHOOLS,3100098,st_leaid,790016000,GERING PUBLIC SCHOOLS,2024,
NE,790031000,MITCHELL PUBLIC SCHOOLS,3173890,st_leaid,790031000,MITCHELL PUBLIC SCHOOLS,2024,
NE,790032000,SCOTTSBLUFF PUBLIC SCHOOLS,3176470,st_leaid,790032000,SCOTTSBLUFF PUBLIC SCHOOLS,2024,
NE,800005000,MILFORD PUBLIC SCHOOLS,3173710,st_leaid,800005000,MILFORD PUBLIC SCHOOLS,2024,
NE,800009000,SEWARD PUBLIC SCHOOLS,3176560,st_leaid,800009000,SEWARD PUBLIC SCHOOLS,2024,
NE,800567000,CENTENNIAL PUBLIC SCHOOLS,3100099,st_leaid,800567000,CENTENNIAL PUBLIC SCHOOLS,2024,
NE,810003000,HAY SPRINGS PUBLIC SCHOOLS,3171610,st_leaid,810003000,HAY SPRINGS PUBLIC SCHOOLS,2024,
NE,810010000,GORDON-RUSHVILLE PUBLIC SCHS,3100170,st_leaid,810010000,GORDON-RUSHVILLE PUBLIC SCHS,2024,
NE,820001000,LOUP CITY PUBLIC SCHOOLS,3173090,st_leaid,820001000,LOUP CITY PUBLIC SCHOOLS,2024,
NE,820015000,LITCHFIELD PUBLIC SCHOOLS,3172910,st_leaid,820015000,LITCHFIELD PUBLIC SCHOOLS,2024,
NE,830500000,SIOUX COUNTY PUBLIC SCHOOLS,3176800,st_leaid,830500000,SIOUX COUNTY PUBLIC SCHOOLS,2024,
NE,840003000,STANTON COMMUNITY SCHOOLS,3100041,st_leaid,840003000,STANTON COMMUNITY SCHOOLS,2024,
NE,850060000,DESHLER PUBLIC SCHOOLS,3105910,st_leaid,850060000,DESHLER PUBLIC SCHOOLS,2024,
NE,850070000,THAYER CENTRAL COMMUNITY SCHS,3100132,st_leaid,850070000,THAYER CENTRAL COMMUNITY SCHS,2024,
NE,852001000,BRUNING-DAVENPORT UNIFIED SYS,3100124,st_leaid,852001000,BRUNING-DAVENPORT UNIFIED SYS,2024,
NE,860001000,THEDFORD PUBLIC SCHOOLS,3177730,st_leaid,860001000,THEDFORD PUBLIC SCHOOLS,2024,
NE,870001000,PENDER PUBLIC SCHOOLS,3175390,st_leaid,870001000,PENDER PUBLIC SCHOOLS,2024,
NE,870013000,WALTHILL PUBLIC SCHOOLS,3178300,st_leaid,870013000,WALTHILL PUBLIC SCHOOLS,2024,
NE,870016000,UMO N HO N NATION PUBLIC SCHS,3119560,st_leaid,870016000,UMO N HO N NATION PUBLIC SCHS,2024,
NE,870017000,WINNEBAGO PUBLIC SCHOOLS DISTRICT 17,3178810,st_leaid,870017000,WINNEBAGO PUBLIC SCHOOLS DISTRICT 17,2024,
NE,880005000,ORD PUBLIC SCHOOLS,3174940,st_leaid,880005000,ORD PUBLIC SCHOOLS,2024,
NE,880021000,ARCADIA PUBLIC SCHOOLS,3103120,st_leaid,880021000,ARCADIA PUBLIC SCHOOLS,2024,
NE,890001000,BLAIR COMMUNITY SCHOOLS,3104100,st_leaid,890001000,BLAIR COMMUNITY SCHOOLS,2024,
NE,890003000,FORT CALHOUN COMMUNITY SCHS,3170650,st_leaid,890003000,FORT CALHOUN COMMUNITY SCHS,2024,
NE,890024000,ARLINGTON PUBLIC SCHOOLS,3103130,st_leaid,890024000,ARLINGTON PUBLIC SCHOOLS,2024,
NE,900017000,WAYNE COMMUNITY SCHOOLS,3178520,st_leaid,900017000,WAYNE COMMUNITY SCHOOLS,2024,
NE,900560000,WAKEFIELD PUBLIC SCHOOLS,3178240,st_leaid,900560000,WAKEFIELD PUBLIC SCHOOLS,2024,
NE,900595000,WINSIDE PUBLIC SCHOOLS,3178840,st_leaid,900595000,WINSIDE PUBLIC SCHOOLS,2024,
NE,910002000,RED CLOUD COMMUNITY SCHOOLS,3175990,st_leaid,910002000,RED CLOUD COMMUNITY SCHOOLS,2024,
NE,910074000,BLUE HILL COMMUNITY SCHOOLS,3104200,st_leaid,910074000,BLUE HILL COMMUNITY SCHOOLS,2024,
NE,920045000,WHEELER CENTRAL SCHOOLS,3178670,st_leaid,920045000,WHEELER CENTRAL SCHOOLS,2024,
NE,930012000,YORK PUBLIC SCHOOLS,3179050,st_leaid,930012000,YORK PUBLIC SCHOOLS,2024,
NE,930083000,MC COOL JUNCTION PUBLIC SCHS,3173500,st_leaid,930083000,MC COOL JUNCTION PUBLIC SCHS,2024,
NE,930096000,HEARTLAND COMMUNITY SCHOOLS,3100117,st_leaid,930096000,HEARTLAND COMMUNITY SCHOOLS,2024,
NH,,Academy for Science and Design Charter School,3300040,name,725,Academy for Science and Design Charter School,2024,confirmed 2026-09-16
NH,,Andover,3301500,name,019,Andover School District,2024,confirmed 2026-09-16
NH,,Arts Academy of New Hampshire Chartered Public High School,3303296,name,702,Arts Academy of New Hampshire Chartered Public High School,2024,confirmed 2026-09-16
NH,,Auburn,3301590,name,029,Auburn School District,2024,confirmed 2026-09-16
NH,,Bedford,3301740,name,041,Bedford School District,2024,confirmed 2026-09-16
NH,,Berlin,3301860,name,051,Berlin School District,2024,confirmed 2026-09-16
NH,,Bow,3301950,name,057,Bow School District,2024,confirmed 2026-09-16
NH,,Candia,3302130,name,079,Candia School District,2024,confirmed 2026-09-16
NH,,Chester,3302250,name,093,Chester School District,2024,confirmed 2026-09-16
NH,,Claremont,3302340,name,101,Claremont School District,2024,confirmed 2026-09-16
NH,,Cocheco Academy for the Arts,3300036,name,707,Cocheco Academy for the Arts,2023,confirmed 2026-09-16
NH,,Coe-Brown Northwood Academy,3307330,name,998,Coe-Brown Northwood Academy School District,2024,confirmed 2026-09-16
NH,,Colebrook,3302400,name,105,Colebrook School District,2024,confirmed 2026-09-16
NH,,Compass Classical Academy Charter School,3303301,name,743,Compass Classical Academy Charter School,2024,confirmed 2026-09-16
NH,,Concord,3302460,name,111,Concord School District,2024,confirmed 2026-09-16
NH,,Contoocook Valley,3302480,name,112,Contoocook Valley School District,2024,confirmed 2026-09-16
NH,,Conway,3302490,name,113,Conway School District,2024,confirmed 2026-09-16
NH,,CSI Charter School,3300041,name,723,CSI Charter School,2024,confirmed 2026-09-16
NH,,Derry Cooperative,3302610,name,131,Derry Cooperative School District,2024,confirmed 2026-09-16
NH,,Dover,3302640,name,141,Dover School District,2024,confirmed 2026-09-16
NH,,Dresden,3302670,name,142,Dresden School District,2024,confirmed 2026-09-16
NH,,Epping,3302880,name,165,Epping School District,2024,confirmed 2026-09-16
NH,,Epsom,3302910,name,167,Epsom School District,2024,confirmed 2026-09-16
NH,,Exeter Region Cooperative,3300017,name,172,Exeter Region Cooperative School District,2024,confirmed 2026-09-16
NH,,Fall Mountain Regional,3302990,name,174,Fall Mountain Regional School District,2024,confirmed 2026-09-16
NH,,Farmington,3303000,name,175,Farmington School District,2024,confirmed 2026-09-16
NH,,Franklin,3303090,name,185,Franklin School District,2024,confirmed 2026-09-16
NH,,Gathering Waters Charter School,3303318,name,750,Gathering Waters Charter School,2024,confirmed 2026-09-16
NH,,Gilford,3303180,name,191,Gilford School District,2024,confirmed 2026-09-16
NH,,Goffstown,3303240,name,199,Goffstown School District,2024,confirmed 2026-09-16
NH,,Gorham Randolph Shelburne Cooperative,3300035,name,203,Gorham Randolph Shelburne Cooperative School District,2024,confirmed 2026-09-16
NH,,Governor Wentworth Regional,3303330,name,208,Governor Wentworth Regional School District,2024,confirmed 2026-09-16
NH,,Great Bay Charter School,3300048,name,709,Great Bay Charter School,2024,confirmed 2026-09-16
NH,,Hampstead,3303480,name,223,Hampstead School District,2024,confirmed 2026-09-16
NH,,Haverhill Cooperative,3303660,name,238,Haverhill Cooperative School District,2024,confirmed 2026-09-16
NH,,Hillsboro-Deering Cooperative,3303750,name,251,Hillsboro-Deering Cooperative School District,2024,confirmed 2026-09-16
NH,,Hinsdale,3303780,name,255,Hinsdale School District,2024,confirmed 2026-09-16
NH,,Hollis-Brookline Cooperative,3303850,name,260,Hollis-Brookline Cooperative School District,2024,confirmed 2026-09-16
NH,,Hooksett,3303870,name,261,Hooksett School District,2024,confirmed 2026-09-16
NH,,Hopkinton,3303900,name,263,Hopkinton School District,2024,confirmed 2026-09-16
NH,,Hudson,3303930,name,267,Hudson School District,2024,confirmed 2026-09-16
NH,,Inter-Lakes Cooperative,3303960,name,269,Inter-Lakes Cooperative School District,2024,confirmed 2026-09-16
NH,,Jaffrey-Rindge Cooperative,3304030,name,274,Jaffrey-Rindge Cooperative School District,2024,confirmed 2026-09-16
NH,,John Stark Regional,3300003,name,275,John Stark Regional School District,2024,confirmed 2026-09-16
NH,,Kearsarge Regional,3304040,name,276,Kearsarge Regional School District,2024,confirmed 2026-09-16
NH,,Keene,3304050,name,279,Keene School District,2024,confirmed 2026-09-16
NH,,Kreiva Academy Public Charter School,3303308,name,708,Kreiva Academy Public Charter School,2024,confirmed 2026-09-16
NH,,Kreiva Academy Public Charter School District,3303308,name,708,Kreiva Academy Public Charter School,2024,confirmed 2026-09-16
NH,,Laconia,3304140,name,285,Laconia School District,2024,confirmed 2026-09-16
NH,,LEAF Charter School,3303305,name,706,LEAF Charter School,2024,confirmed 2026-09-16
NH,,Lebanon,3304230,name,295,Lebanon School District,2024,confirmed 2026-09-16
NH,,Ledyard Charter School,3300043,name,719,Ledyard Charter School,2024,confirmed 2026-09-16
NH,,Lincoln-Woodstock Cooperative,3304260,name,305,Lincoln-Woodstock Cooperative School District,2024,confirmed 2026-09-16
NH,,Lisbon Regional,3304290,name,306,Lisbon Regional School District,2024,confirmed 2026-09-16
NH,,Litchfield,3304350,name,315,Litchfield School District,2024,confirmed 2026-09-16
NH,,Littleton,3304380,name,317,Littleton School District,2024,confirmed 2026-09-16
NH,,Londonderry,3304410,name,319,Londonderry School District,2024,confirmed 2026-09-16
NH,,Making Community Connections Charter School,3303289,name,733,Making Community Connections Charter School,2024,confirmed 2026-09-16
NH,,Manchester,3304590,name,335,Manchester School District,2024,confirmed 2026-09-16
NH,,Mascenic Regional,3304670,name,342,Mascenic Regional School District,2024,confirmed 2026-09-16
NH,,Mascoma Valley Regional,3304680,name,343,Mascoma Valley Regional School District,2024,confirmed 2026-09-16
NH,,Merrimack,3304740,name,351,Merrimack School District,2024,confirmed 2026-09-16
NH,,Merrimack Valley,3304760,name,352,Merrimack Valley School District,2024,confirmed 2026-09-16
NH,,Milford,3304830,name,357,Milford School District,2024,confirmed 2026-09-16
NH,,Milton,3300616,name,359,Milton School District,2024,confirmed 2026-09-16
NH,,Monadnock Regional,3304890,name,363,Monadnock Regional School District,2024,confirmed 2026-09-16
NH,,Moultonborough,3304960,name,369,Moultonborough School District,2024,confirmed 2026-09-16
NH,,Nashua,3304980,name,371,Nashua School District,2024,confirmed 2026-09-16
NH,,New Boston,3305040,name,377,New Boston School District,2024,confirmed 2026-09-16
NH,,Newfound Area,3305220,name,388,Newfound Area School District,2024,confirmed 2026-09-16
NH,,Newmarket,3305280,name,399,Newmarket School District,2024,confirmed 2026-09-16
NH,,Newport,3305310,name,401,Newport School District,2024,confirmed 2026-09-16
NH,,Next Charter School,3303291,name,740,Next Charter School,2024,confirmed 2026-09-16
NH,,North Country Charter Academy,3300030,name,703,North Country Charter Academy,2024,confirmed 2026-09-16
NH,,Northumberland,3305400,name,407,Northumberland School District,2024,confirmed 2026-09-16
NH,,Nottingham,3305460,name,413,Nottingham School District,2024,confirmed 2026-09-16
NH,,Oyster River Coop,3305520,name,423,Oyster River Coop School District,2024,confirmed 2026-09-16
NH,,Pelham,3305550,name,425,Pelham School District,2024,confirmed 2026-09-16
NH,,Pembroke,3305580,name,427,Pembroke School District,2024,confirmed 2026-09-16
NH,,Pemi-Baker Regional,3399965,name,428,Pemi-Baker Regional School District,2024,confirmed 2026-09-16
NH,,Pinkerton Academy,3307360,name,999,Pinkerton Academy School District,2024,confirmed 2026-09-16
NH,,Pittsburg,3305700,name,437,Pittsburg School District,2024,confirmed 2026-09-16
NH,,Pittsfield,3305730,name,439,Pittsfield School District,2024,confirmed 2026-09-16
NH,,Portsmouth,3305820,name,449,Portsmouth School District,2024,confirmed 2026-09-16
NH,,Profile,3305830,name,450,Profile School District,2024,confirmed 2026-09-16
NH,,Prospect Mountain JMA,,ambiguous,,,,
NH,,Raymond,3305880,name,453,Raymond School District,2024,confirmed 2026-09-16
NH,,Rivendell,,unmatched,,,,
NH,,River View Chartered Public School,3399975,name,724,River View Chartered Public School,2024,confirmed 2026-09-16
NH,,Robert Frost Charter School,3303287,name,737,Robert Frost Charter School,2024,confirmed 2026-09-16
NH,,Rochester,3305940,name,461,Rochester School District,2024,confirmed 2026-09-16
NH,,Salem,3306060,name,473,Salem School District,2024,confirmed 2026-09-16
NH,,Sanborn Regional,3306080,name,476,Sanborn Regional School District,2024,confirmed 2026-09-16
NH,,SAU #23 King Street School,3399971,name,1093,SAU #23 King Street School School District,2024,confirmed 2026-09-16
NH,,Shaker Regional,3306180,name,486,Shaker Regional School District,2024,confirmed 2026-09-16
NH,,Somersworth,3306240,name,491,Somersworth School District,2024,confirmed 2026-09-16
NH,,Souhegan Cooperative,3306260,name,493,Souhegan Cooperative School District,2024,confirmed 2026-09-16
NH,,Spark Academy of Advanced Technologies,3303315,name,714,Spark Academy of Advanced Technologies,2024,confirmed 2026-09-16
NH,,Sunapee,3306540,name,515,Sunapee School District,2024,confirmed 2026-09-16
NH,,Tamworth,3306600,name,525,Tamworth School District,2024,confirmed 2026-09-16
NH,,The Founders Academy Charter School,3303298,name,741,The Founders Academy Charter School,2024,confirmed 2026-09-16
NH,,Timberlane Regional,3306720,name,534,Timberlane Regional School District,2024,confirmed 2026-09-16
NH,,Virtual Learning Academy Charter School,3303271,name,727,Virtual Learning Academy Charter School,2024,confirmed 2026-09-16
NH,,Wakefield,3306780,name,543,Wakefield School District,2024,confirmed 2026-09-16
NH,,White Mountains Regional,3307050,name,568,White Mountains Regional School District,2024,confirmed 2026-09-16
NH,,Wilton-Lyndeborough Cooperative,3307115,name,572,Wilton-Lyndeborough Cooperative School District,2024,confirmed 2026-09-16
NH,,Windham,3307170,name,575,Windham School District,2024,confirmed 2026-09-16
NH,,Winnacunnet Cooperative,3307230,name,581,Winnacunnet Cooperative School District,2024,confirmed 2026-09-16
NH,,Winnisquam Regional,3307300,name,582,Winnisquam Regional School District,2024,confirmed 2026-09-16
NJ,010010,Absecon Public Schools District,3400660,st_leaid,010010,Absecon Public Schools District,2024,
NJ,010110,Atlantic City School District,3400960,st_leaid,010110,Atlantic City School District,2024,
NJ,010120,Atlantic County Vocational School District,3400990,st_leaid,010120,Atlantic County Vocational School District,2024,
NJ,010570,Brigantine Public School District,3402340,st_leaid,010570,Brigantine Public School District,2024,
NJ,010590,Buena Regional School District,3402400,st_leaid,010590,Buena Regional School District,2024,
NJ,011300,Egg Harbor City School District,3404530,st_leaid,011300,Egg Harbor City School District,2024,
NJ,011310,Egg Harbor Township School District,3404560,st_leaid,011310,Egg Harbor Township School District,2024,
NJ,011410,Estell Manor School District,3404860,st_leaid,011410,Estell Manor School District,2024,
NJ,011540,Folsom Borough School District,3405280,st_leaid,011540,Folsom Borough School District,2024,
NJ,011690,Galloway Township Public School District,3405730,st_leaid,011690,Galloway Township Public School District,2024,
NJ,011790,Greater Egg Harbor Regional High School District,3406060,st_leaid,011790,Greater Egg Harbor Regional High School District,2024,
NJ,011940,Hamilton Township School District,3406510,st_leaid,011940,Hamilton Township School District,2024,
NJ,011960,Hammonton School District,3406570,st_leaid,011960,Hammonton School District,2024,
NJ,012680,Linwood City School District,3408670,st_leaid,012680,Linwood City School District,2024,
NJ,012910,Mainland Regional High School,3409360,st_leaid,012910,Mainland Regional High School,2024,
NJ,013020,Margate City School District,3409690,st_leaid,013020,Margate City School District,2024,
NJ,013480,Mullica Township School District,3411070,st_leaid,013480,Mullica Township School District,2024,
NJ,013720,Northfield City School District,3411790,st_leaid,013720,Northfield City School District,2024,
NJ,014180,Pleasantville Public School District,3413200,st_leaid,014180,Pleasantville Public School District,2024,
NJ,014240,Port Republic School District,3413380,st_leaid,014240,Port Republic School District,2024,
NJ,014800,Somers Point School District,3415030,st_leaid,014800,Somers Point School District,2024,
NJ,015350,Ventnor City School District,3416680,st_leaid,015350,Ventnor City School District,2024,
NJ,015760,Weymouth Township School District,3417850,st_leaid,015760,Weymouth Township School District,2024,
NJ,030040,Allendale Public School District,3400750,st_leaid,030040,Allendale Public School District,2024,
NJ,030080,Alpine School District,3400870,st_leaid,030080,Alpine Public School District,2024,
NJ,030285,Bergen County Special Services School District,3401450,st_leaid,030285,Bergen County Special Services School District,2024,
NJ,030290,Bergen County Vocational Technical School District,3401470,st_leaid,030290,Bergen County Vocational Technical School District,2024,
NJ,030300,Bergenfield Borough School District,3401500,st_leaid,030300,Bergenfield Borough School District,2024,
NJ,030440,Bogota Public School District,3401920,st_leaid,030440,Bogota Public School District,2024,
NJ,030740,Carlstadt Public School District,3402790,st_leaid,030740,Carlstadt Public School District,2024,
NJ,030745,Carlstadt-East Rutherford Regional High School District,3402800,st_leaid,030745,Carlstadt-East Rutherford Regional High School District,2024,
NJ,030890,Cliffside Park School District,3403270,st_leaid,030890,Cliffside Park School District,2024,
NJ,030930,Closter Public School District,3403390,st_leaid,030930,Closter Public School District,2024,
NJ,030990,Cresskill Public School District,3403600,st_leaid,030990,Cresskill Public School District,2024,
NJ,031070,Demarest School District,3403810,st_leaid,031070,Demarest School District,2024,
NJ,031130,Dumont Public School District,3403990,st_leaid,031130,Dumont Public School District,2024,
NJ,031230,East Rutherford School District,3404290,st_leaid,031230,East Rutherford School District,2024,
NJ,031345,Elmwood Park School District,3404660,st_leaid,031345,Elmwood Park School District,2024,
NJ,031360,Emerson Public School District,3404710,st_leaid,031360,Emerson Public School District,2024,
NJ,031370,Englewood Public School District,3404740,st_leaid,031370,Englewood Public School District,2024,
NJ,031380,Englewood Cliffs School District,3404770,st_leaid,031380,Englewood Cliffs School District,2024,
NJ,031450,Fair Lawn Public School District,3404980,st_leaid,031450,Fair Lawn Public School District,2024,
NJ,031470,Fairview Public School District,3405070,st_leaid,031470,Fairview Public School District,2024,
NJ,031550,Fort Lee School District,3405310,st_leaid,031550,Fort Lee School District,2024,
NJ,031580,Franklin Lakes School District,3405370,st_leaid,031580,Franklin Lakes School District,2024,
NJ,031700,Garfield Public School District,3405760,st_leaid,031700,Garfield Public School District,2024,
NJ,031760,Glen Rock Public School District,3405970,st_leaid,031760,Glen Rock Public School District,2024,
NJ,031860,Hackensack School District,3406270,st_leaid,031860,Hackensack School District,2024,
NJ,032050,Harrington Park School District,3406840,st_leaid,032050,Harrington Park School District,2024,
NJ,032080,Hasbrouck Heights School District,3406930,st_leaid,032080,Hasbrouck Heights School District,2024,
NJ,032090,Haworth Public School District,3406960,st_leaid,032090,Haworth Public School District,2024,
NJ,032180,Hillsdale School District,3407260,st_leaid,032180,Hillsdale School District,2024,
NJ,032200,Ho-Ho-Kus School District,3407320,st_leaid,032200,Ho-Ho-Kus School District,2024,
NJ,032620,Leonia Public School District,3408520,st_leaid,032620,Leonia Public School District,2024,
NJ,032710,Little Ferry Public School District,3408760,st_leaid,032710,Little Ferry Public School District,2024,
NJ,032740,Lodi School District,3408850,st_leaid,032740,Lodi School District,2024,
NJ,032860,Lyndhurst Public School District,3409210,st_leaid,032860,Lyndhurst Public School District,2024,
NJ,032900,Mahwah Township Public School District,3409330,st_leaid,032900,Mahwah Township Public School District,2024,
NJ,033060,Maywood School District,3409810,st_leaid,033060,Maywood School District,2024,
NJ,033170,Midland Park School District,3410140,st_leaid,033170,Midland Park School District,2024,
NJ,033330,Montvale Board Of Education School District,3410620,st_leaid,033330,Montvale Board of Education School District,2024,
NJ,033350,Moonachie School District,3410680,st_leaid,033350,Moonachie School District,2024,
NJ,033550,New Milford Public School District,3411280,st_leaid,033550,New Milford Public School District,2024,
NJ,033600,North Arlington School District,3411430,st_leaid,033600,North Arlington School District,2024,
NJ,033700,Northern Highlands Regional High School District,3411730,st_leaid,033700,Northern Highlands Regional High School District,2024,
NJ,033710,Northern Valley Regional High School District,3411760,st_leaid,033710,Northern Valley Regional High School District,2024,
NJ,033730,Northvale Public School District,3411820,st_leaid,033730,Northvale Public School District,2024,
NJ,033740,Norwood Public School District,3411850,st_leaid,033740,Norwood Public School District,2024,
NJ,033760,Oakland Public School District,3411910,st_leaid,033760,Oakland Public School District,2024,
NJ,033850,Old Tappan Public School District,3412180,st_leaid,033850,Old Tappan Public School District,2024,
NJ,033910,Palisades Park School District,3412360,st_leaid,033910,Palisades Park School District,2024,
NJ,033930,Paramus Public School District,3412420,st_leaid,033930,Paramus Public School District,2024,
NJ,033940,Park Ridge School District,3412450,st_leaid,033940,Park Ridge School District,2024,
NJ,033960,Pascack Valley Regional High School District,3412510,st_leaid,033960,Pascack Valley Regional High School District,2024,
NJ,034300,Ramapo Indian Hills Regional High School District,3413560,st_leaid,034300,Ramapo Indian Hills Regional High School District,2024,
NJ,034310,Ramsey School District,3413590,st_leaid,034310,Ramsey School District,2024,
NJ,034370,Ridgefield School District,3413770,st_leaid,034370,Ridgefield School District,2024,
NJ,034380,Ridgefield Park Public School District,3413800,st_leaid,034380,Ridgefield Park Public School District,2024,
NJ,034390,Ridgewood Public School District,3413830,st_leaid,034390,Ridgewood Public School District,2024,
NJ,034405,River Dell Regional School District,3412260,st_leaid,034405,River Dell Regional School District,2024,
NJ,034430,River Vale Public School District,3413950,st_leaid,034430,River Vale Public School District,2024,
NJ,034470,Rochelle Park School District,3414070,st_leaid,034470,Rochelle Park School District,2024,
NJ,034600,Rutherford School District,3414460,st_leaid,034600,Rutherford School District,2024,
NJ,034610,Saddle Brook School District,3414490,st_leaid,034610,Saddle Brook School District,2024,
NJ,034870,South Hackensack School District,3415240,st_leaid,034870,South Hackensack School District,2024,
NJ,035150,Teaneck School District,3416080,st_leaid,035150,Teaneck School District,2024,
NJ,035160,Tenafly Public School District,3416110,st_leaid,035160,Tenafly Public School District,2024,
NJ,035330,Upper Saddle River School District,3416620,st_leaid,035330,Upper Saddle River School District,2024,
NJ,035410,Waldwick School District,3416860,st_leaid,035410,Waldwick School District,2024,
NJ,035430,Wallington Boro School District,3416920,st_leaid,035430,Wallington Boro School District,2024,
NJ,035755,Westwood Regional School District,3417820,st_leaid,035755,Westwood Regional School District,2024,
NJ,035830,Wood-Ridge School District,3418300,st_leaid,035830,Wood-Ridge School District,2024,
NJ,035880,Woodcliff Lake School District,3418210,st_leaid,035880,Woodcliff Lake School District,2024,
NJ,035920,Wyckoff Township Public School District,3418360,st_leaid,035920,Wyckoff Township Public School District,2024,
NJ,050475,Bordentown Regional School District,3402030,st_leaid,050475,Bordentown Regional School District,2024,
NJ,050600,Burlington City Public School District,3402430,st_leaid,050600,Burlington City Public School District,2024,
NJ,050605,Burlington County Special Services School District,3402440,st_leaid,050605,Burlington County Special Services School District,2024,
NJ,050610,Burlington County Institute Of Technology School District,3402490,st_leaid,050610,Burlington County Institute of Technology School District,2024,
NJ,050620,Burlington Township School District,3402460,st_leaid,050620,Burlington Township School District,2024,
NJ,050840,Cinnaminson Township School District,3403120,st_leaid,050840,Cinnaminson Township School District,2024,
NJ,051030,Delanco Township School District,3403690,st_leaid,051030,Delanco Township School District,2024,
NJ,051060,Delran Township School District,3403780,st_leaid,051060,Delran Township School District,2024,
NJ,051250,Eastampton Township School District,3404350,st_leaid,051250,Eastampton Township School District,2024,
NJ,051280,Edgewater Park Township School District,3404470,st_leaid,051280,Edgewater Park Township School District,2024,
NJ,051420,Evesham Township School District,3404890,st_leaid,051420,Evesham Township School District,2024,
NJ,051520,Florence Township School District,3405220,st_leaid,051520,Florence Township School District,2024,
NJ,051910,Hainesport Township School District,3406420,st_leaid,051910,Hainesport Township School District,2024,
NJ,052610,Lenape Regional High School District,3408490,st_leaid,052610,Lenape Regional High School District,2024,
NJ,052850,Lumberton Township Board Of Education,3409180,st_leaid,052850,Lumberton Township Board of Education,2024,
NJ,053010,Maple Shade School District,3409660,st_leaid,053010,Maple Shade School District,2024,
NJ,053070,Medford Lakes School District,3409840,st_leaid,053070,Medford Lakes School District,2024,
NJ,053080,Medford Township School District,3409870,st_leaid,053080,Medford Township School District,2024,
NJ,053360,Moorestown Township Public School District,3410710,st_leaid,053360,Moorestown Township Public School District,2024,
NJ,053430,Mount Holly Township Public School District,3410920,st_leaid,053430,Mount Holly Township Public School District,2024,
NJ,053440,Mount Laurel Township School District,3410950,st_leaid,053440,Mount Laurel Township School District,2024,
NJ,053540,New Hanover Township,3411250,st_leaid,053540,New Hanover Township,2024,
NJ,053690,Northern Burlington County Regional School District,3411700,st_leaid,053690,Northern Burlington County Regional School District,2024,
NJ,053920,Palmyra Public School District,3412390,st_leaid,053920,Palmyra Public School District,2024,
NJ,054050,Pemberton Township School District,3412810,st_leaid,054050,Pemberton Township School District,2024,
NJ,054320,Rancocas Valley Regional High School District,3413620,st_leaid,054320,Rancocas Valley Regional High School District,2024,
NJ,054450,Riverside Township School District,3414010,st_leaid,054450,Riverside Township School District,2024,
NJ,054460,Riverton School District,3414040,st_leaid,054460,Riverton School District,2024,
NJ,054740,Shamong Township School District,3414880,st_leaid,054740,Shamong Township School District,2024,
NJ,054930,Southampton Township School District,3415420,st_leaid,054930,Southampton Township School District,2024,
NJ,055130,Tabernacle Township School District,3416020,st_leaid,055130,Tabernacle Township School District,2024,
NJ,055720,Westampton Township Public School District,3417730,st_leaid,055720,Westampton Township Public School District,2024,
NJ,055805,Willingboro Public School District,3418000,st_leaid,055805,Willingboro Public School District,2024,
NJ,055890,Woodland Township School District,3418240,st_leaid,055890,Woodland Township School District,2024,
NJ,070150,Audubon Public School District,3401050,st_leaid,070150,Audubon Public School District,2024,
NJ,070190,Barrington School District,3401170,st_leaid,070190,Barrington School District,2024,
NJ,070260,Bellmawr Public School District,3401380,st_leaid,070260,Bellmawr Public School District,2024,
NJ,070330,Berlin Borough School District,3401590,st_leaid,070330,Berlin Borough School District,2024,
NJ,070340,Berlin Township School District,3401620,st_leaid,070340,Berlin Township School District,2024,
NJ,070390,Black Horse Pike Regional School District,3401770,st_leaid,070390,Black Horse Pike Regional School District,2024,
NJ,070580,Brooklawn Public School District,3402370,st_leaid,070580,Brooklawn Public School District,2024,
NJ,070680,Camden City School District,3402640,st_leaid,070680,Camden City School District,2024,
NJ,070700,Camden County Technical School District,3402670,st_leaid,070700,Camden County Technical School District,2024,
NJ,070800,Cherry Hill School District,3403000,st_leaid,070800,Cherry Hill School District,2024,
NJ,070880,Clementon Elementary School District,3403240,st_leaid,070880,Clementon Elementary School District,2024,
NJ,070940,Collingswood Public School District,3403420,st_leaid,070940,Collingswood Public School District,2024,
NJ,071255,Eastern Camden County Regional School District,3404380,st_leaid,071255,Eastern Camden County Regional School District,2024,
NJ,071720,Gibbsboro Elementary School District,3405850,st_leaid,071720,Gibbsboro Elementary School District,2024,
NJ,071770,Gloucester City Public School District,3406000,st_leaid,071770,Gloucester City Public School District,2024,
NJ,071780,Gloucester Township Public Schools,3406030,st_leaid,071780,Gloucester Township Public Schools,2024,
NJ,071799,Kipp: Cooper Norcross A New Jersey Nonprofit Corporation,3400777,st_leaid,071799,KIPP: Cooper Norcross A New Jersey Nonprofit Corporation,2024,
NJ,071801,Camden Prep Inc.,3400776,st_leaid,071801,Camden Prep Inc.,2024,
NJ,071802,Mastery Schools Of Camden Inc.,3400772,st_leaid,071802,Mastery Schools of Camden Inc.,2024,
NJ,071880,Haddon Heights School District,3406330,st_leaid,071880,HADDON HEIGHTS School District,2024,
NJ,071890,Haddon Township School District,3406360,st_leaid,071890,Haddon Township School District,2024,
NJ,071900,Haddonfield School District,3406390,st_leaid,071900,Haddonfield School District,2024,
NJ,072560,Lawnside School Distric,3408340,st_leaid,072560,Lawnside School District,2024,
NJ,072670,Lindenwold Public School District,3408640,st_leaid,072670,Lindenwold Public School District,2024,
NJ,072890,Magnolia School District,3409300,st_leaid,072890,Magnolia School District,2024,
NJ,073110,Merchantville School District,3409960,st_leaid,073110,Merchantville School District,2024,
NJ,073420,Mt. Ephraim School District,3410890,st_leaid,073420,Mt. Ephraim School District,2024,
NJ,074060,Pennsauken Township Board Of Education School District,3412870,st_leaid,074060,Pennsauken Township Board of Education School District,2024,
NJ,074110,Pine Hill School District,3412990,st_leaid,074110,Pine Hill School District,2024,
NJ,074590,Runnemede Public School District,3414430,st_leaid,074590,Runnemede Public School District,2024,
NJ,074790,Somerdale School District,3415000,st_leaid,074790,Somerdale School District,2024,
NJ,075035,Sterling Regional School District,3402880,st_leaid,075035,Sterling Regional School District,2024,
NJ,075080,Stratford School District,3415870,st_leaid,075080,Stratford School District,2024,
NJ,075400,Voorhees Township School District,3416830,st_leaid,075400,Voorhees Township School District,2024,
NJ,075820,Winslow Township School District,3418060,st_leaid,075820,Winslow Township School District,2024,
NJ,075900,Woodlynne School District,3418270,st_leaid,075900,Woodlynne School District,2024,
NJ,090170,Avalon School District,3401110,st_leaid,090170,Avalon School District,2024,
NJ,090715,Cape May County Special Services School District,3402740,st_leaid,090715,Cape May County Special Services School District,2024,
NJ,090720,Cape May County Technical High School District,3402730,st_leaid,090720,Cape May County Technical High School District,2024,
NJ,091080,Dennis Township School District,3403840,st_leaid,091080,Dennis Township School District,2024,
NJ,092820,Lower Cape May Regional School District,3409090,st_leaid,092820,Lower Cape May Regional School District,2024,
NJ,093130,Middle Township Public School District,3410020,st_leaid,093130,Middle Township Public School District,2024,
NJ,093780,Ocean City School District,3411970,st_leaid,093780,Ocean City School District,2024,
NJ,095340,Upper Township School District,3416650,st_leaid,095340,Upper Township School District,2024,
NJ,095790,Wildwood City School District,3417940,st_leaid,095790,Wildwood City School District,2024,
NJ,095800,Wildwood Crest Borough School District,3417970,st_leaid,095800,Wildwood Crest Borough School District,2024,
NJ,110540,Bridgeton City School District,3402250,st_leaid,110540,Bridgeton City School District,2024,
NJ,110950,Commercial Township School District,3403480,st_leaid,110950,Commercial Township School District,2024,
NJ,110995,Cumberland County Board Of Vocational Education,3403610,st_leaid,110995,Cumberland County Board of Vocational Education,2024,
NJ,110997,Cumberland Regional School District,3403620,st_leaid,110997,Cumberland Regional School District,2024,
NJ,111020,Deerfield Township School District,3403660,st_leaid,111020,Deerfield Township School District,2024,
NJ,111120,Downe Township School District,3403960,st_leaid,111120,Downe Township School District,2024,
NJ,111820,Greenwich Township School District,3406150,st_leaid,111820,Greenwich Township School District,2024,
NJ,112270,Hopewell Township School District,3407500,st_leaid,112270,Hopewell Township School District,2024,
NJ,112570,Lawrence Township School District,3408370,st_leaid,112570,Lawrence Township School District,2024,
NJ,113050,Maurice River Township School District,3409780,st_leaid,113050,Maurice River Township School District,2024,
NJ,113230,Millville School District,3410320,st_leaid,113230,Millville School District,2024,
NJ,115070,Stow Creek Township School District,3415840,st_leaid,115070,Stow Creek Township School District,2024,
NJ,115300,Upper Deerfield Township School District,3416530,st_leaid,115300,Upper Deerfield Township School District,2024,
NJ,115390,Vineland Public School District,3416800,st_leaid,115390,Vineland Public School District,2024,
NJ,130250,Belleville Public School District,3401350,st_leaid,130250,Belleville Public School District,2024,
NJ,130410,Bloomfield Township School District,3401830,st_leaid,130410,Bloomfield Township School District,2024,
NJ,130660,Caldwell-West School District,3402580,st_leaid,130660,Caldwell-West School District,2024,
NJ,130760,Cedar Grove Township School District,3402850,st_leaid,130760,Cedar Grove Township School District,2024,
NJ,131210,East Orange School District,3404230,st_leaid,131210,East Orange School District,2024,
NJ,131387,Essex Regional Educational Services Commission,3480300,st_leaid,131387,Essex Regional Educational Services Commission,2024,
NJ,131390,Essex County Schools Of Technology,3404800,st_leaid,131390,Essex County Schools of Technology,2024,
NJ,131750,Glen Ridge Public School District,3405940,st_leaid,131750,Glen Ridge Public School District,2024,
NJ,132330,Irvington Public School District,3407680,st_leaid,132330,Irvington Public School District,2024,
NJ,132730,Livingston Board Of Education School District,3408820,st_leaid,132730,Livingston Board of Education School District,2024,
NJ,133190,Millburn Township School District,3410200,st_leaid,133190,Millburn Township School District,2024,
NJ,133310,Montclair Public School District,3410560,st_leaid,133310,Montclair Public School District,2024,
NJ,133570,Newark Public School District,3411340,st_leaid,133570,Newark Public School District,2024,
NJ,133750,Nutley Public School District,3411880,st_leaid,133750,Nutley Public School District,2024,
NJ,133880,Orange Board Of Education School District,3412270,st_leaid,133880,ORANGE BOARD OF EDUCATION School District,2024,
NJ,134900,South Orange-Maplewood School District,3415330,st_leaid,134900,South Orange-Maplewood School District,2024,
NJ,135370,Verona Public School District,3416740,st_leaid,135370,Verona Public School District,2024,
NJ,135630,West Essex Regional School District,3417460,st_leaid,135630,West Essex Regional School District,2024,
NJ,135680,West Orange Public Schools,3417610,st_leaid,135680,West Orange Public Schools,2024,
NJ,150860,Clayton Public School District,3403180,st_leaid,150860,Clayton Public School District,2024,
NJ,150870,Clearview Regional High School District,3403210,st_leaid,150870,Clearview Regional High School District,2024,
NJ,151100,Deptford Township Public School District,3403900,st_leaid,151100,Deptford Township Public School District,2024,
NJ,151715,Gateway Regional High School District,3405820,st_leaid,151715,Gateway Regional High School District,2024,
NJ,151730,Glassboro School District,3405880,st_leaid,151730,Glassboro School District,2024,
NJ,151774,Gloucester County Special Services School District,3480363,st_leaid,151774,Gloucester County Special Services School District,2024,
NJ,151775,Gloucester County Vocational-Technical School District,3406040,st_leaid,151775,Gloucester County Vocational-Technical School District,2024,
NJ,151830,Greenwich Township School District,3406180,st_leaid,151830,Greenwich Township School District,2024,
NJ,152440,Kingsway Regional School District,3407980,st_leaid,152440,Kingsway Regional School District,2024,
NJ,152750,Logan Township School District,3408880,st_leaid,152750,Logan Township School District,2024,
NJ,153280,Monroe Township Public School District,3410470,st_leaid,153280,Monroe Township Public School District,2024,
NJ,154020,Paulsboro School District,3412720,st_leaid,154020,Paulsboro School District,2024,
NJ,154140,Pitman Boro School District,3413080,st_leaid,154140,Pitman Boro School District,2024,
NJ,154940,Delsea Regional High School District,3415450,st_leaid,154940,Delsea Regional High School District,2024,
NJ,155500,Washington Township School District,3417070,st_leaid,155500,Washington Township School District,2024,
NJ,155620,West Deptford Township School District,3417430,st_leaid,155620,West Deptford Township School District,2024,
NJ,155860,Woodbury City Public School District,3418150,st_leaid,155860,Woodbury City Public School District,2024,
NJ,170220,Bayonne School District,3401260,st_leaid,170220,Bayonne School District,2024,
NJ,171850,Guttenberg School District,3406240,st_leaid,171850,Guttenberg School District,2024,
NJ,172060,Harrison Public Schools,3406870,st_leaid,172060,Harrison Public Schools,2024,
NJ,172210,Hoboken Public School District,3407350,st_leaid,172210,Hoboken Public School District,2024,
NJ,172295,Hudson County Schools Of Technology School District,3407570,st_leaid,172295,Hudson County Schools of Technology School District,2024,
NJ,172390,Jersey City Public Schools,3407830,st_leaid,172390,Jersey City Public Schools,2024,
NJ,172410,Kearny,3407890,st_leaid,172410,Kearny,2024,
NJ,173610,North Bergen School District,3411460,st_leaid,173610,North Bergen School District,2024,
NJ,174730,Secaucus School District,3414850,st_leaid,174730,Secaucus School District,2024,
NJ,175240,Union City School District,3416380,st_leaid,175240,Union City School District,2024,
NJ,175580,Weehawken Public School District,3417310,st_leaid,175580,Weehawken Public School District,2024,
NJ,175670,West New York School District,3417580,st_leaid,175670,West New York School District,2024,
NJ,190020,Alexandria Township School District,3400690,st_leaid,190020,Alexandria Township School District,2024,
NJ,190370,Bethlehem Township School District,3401710,st_leaid,190370,Bethlehem Township School District,2024,
NJ,190430,Bloomsbury Borough School District,3401890,st_leaid,190430,Bloomsbury Borough School District,2024,
NJ,190670,Califon Borough School District,3402610,st_leaid,190670,Califon Borough School District,2024,
NJ,190910,Clinton-Glen Gardner School District,3403330,st_leaid,190910,Clinton-Glen Gardner School District,2024,
NJ,190920,Clinton Township School District,3403360,st_leaid,190920,Clinton Township School District,2024,
NJ,191040,Delaware Township School District,3403720,st_leaid,191040,Delaware Township School District,2024,
NJ,191050,Delaware Valley Regional High School District,3403750,st_leaid,191050,Delaware Valley Regional High School District,2024,
NJ,191160,East Amwell Township School District,3404080,st_leaid,191160,East Amwell Township School District,2024,
NJ,191376,South Hunterdon Regional School District,3400769,st_leaid,191376,South Hunterdon Regional School District,2024,
NJ,191510,Flemington-Raritan Regional School District,3405190,st_leaid,191510,Flemington-Raritan Regional School District,2024,
NJ,191600,Franklin Township School District,3405460,st_leaid,191600,Franklin Township School District,2024,
NJ,191680,Frenchtown Borough School District,3405700,st_leaid,191680,Frenchtown Borough School District,2024,
NJ,192140,High Bridge Borough School District,3407110,st_leaid,192140,High Bridge Borough School District,2024,
NJ,192220,Holland Township School District,3407380,st_leaid,192220,Holland Township School District,2024,
NJ,192300,Hunterdon Central Regional High School District,3407590,st_leaid,192300,Hunterdon Central Regional High School District,2024,
NJ,192308,Hunterdon County Vocational School District,3400050,st_leaid,192308,Hunterdon County Vocational School District,2024,
NJ,192450,Kingwood Township School District,3408010,st_leaid,192450,Kingwood Township School District,2024,
NJ,192600,Lebanon Township School District,3408460,st_leaid,192600,Lebanon Township School District,2024,
NJ,193660,North Hunterdon-Voorhees Regional High School District,3411610,st_leaid,193660,North Hunterdon-Voorhees Regional High School District,2024,
NJ,194350,Readington Township School District,3413710,st_leaid,194350,Readington Township School District,2024,
NJ,195180,Tewksbury Township School District,3416170,st_leaid,195180,Tewksbury Township School District,2024,
NJ,195270,Union Township School District,3416440,st_leaid,195270,Union Township School District,2024,
NJ,211245,East Windsor Regional School District,3404320,st_leaid,211245,East Windsor Regional School District,2024,
NJ,211430,Ewing Township School District,3404920,st_leaid,211430,Ewing Township School District,2024,
NJ,211431,Marie H. Katzenbach School For The Deaf,3400778,st_leaid,211431,Marie H. Katzenbach School for the Deaf,2024,
NJ,211950,Hamilton Township Public School District,3406540,st_leaid,211950,Hamilton Township Public School District,2024,
NJ,212280,Hopewell Valley Regional School District,3407530,st_leaid,212280,Hopewell Valley Regional School District,2024,
NJ,212580,Lawrence Township Public School District,3408400,st_leaid,212580,Lawrence Township Public School District,2024,
NJ,213103,Mercer County Special Services School District,3480200,st_leaid,213103,Mercer County Special Services School District,2024,
NJ,213105,Area Vocational Technical School District Of Mercer County,3409950,st_leaid,213105,Area Vocational Technical School District of Mercer County,2024,
NJ,214255,Princeton Public School District,3413410,st_leaid,214255,Princeton Public School District,2024,
NJ,215210,Trenton Public School District,3416290,st_leaid,215210,Trenton Public School District,2024,
NJ,215510,Robbinsville Public Schools,3417100,st_leaid,215510,Robbinsville Public School District,2024,
NJ,215715,West Windsor-Plainsboro Regional School District,3417700,st_leaid,215715,West Windsor-Plainsboro Regional School District,2024,
NJ,230750,Carteret Public School District,3402820,st_leaid,230750,Carteret Public School District,2024,
NJ,230970,Cranbury Township School District,3403540,st_leaid,230970,Cranbury Township School District,2024,
NJ,231140,Dunellen Public School District,3404020,st_leaid,231140,Dunellen Public School District,2024,
NJ,231170,East Brunswick Township School District,3404110,st_leaid,231170,East Brunswick Township School District,2024,
NJ,231290,Edison Township School District,3404500,st_leaid,231290,Edison Township School District,2024,
NJ,232150,Highland Park Boro School District,3407170,st_leaid,232150,Highland Park Boro School District,2024,
NJ,232370,Jamesburg Public School District,3407770,st_leaid,232370,Jamesburg Public School District,2024,
NJ,233120,Metuchen Public School District,3409990,st_leaid,233120,Metuchen Public School District,2024,
NJ,233140,Middlesex Borough School District,3410050,st_leaid,233140,Middlesex Borough School District,2024,
NJ,233150,Middlesex County Vocational And Technical School District,3410080,st_leaid,233150,Middlesex County Vocational and Technical School District,2024,
NJ,233220,Milltown School District,3410290,st_leaid,233220,Milltown School District,2024,
NJ,233290,Monroe Township School District,3410500,st_leaid,233290,Monroe Township School District,2024,
NJ,233530,New Brunswick School District,3411220,st_leaid,233530,New Brunswick School District,2024,
NJ,233620,North Brunswick Township School District,3411490,st_leaid,233620,North Brunswick Township School District,2024,
NJ,233845,Old Bridge Township School District,3409270,st_leaid,233845,Old Bridge Township School District,2024,
NJ,234090,Perth Amboy Public School District,3412930,st_leaid,234090,Perth Amboy Public School District,2024,
NJ,234130,Piscataway Township School District,3413050,st_leaid,234130,Piscataway Township School District,2024,
NJ,234660,Sayreville School District,3414640,st_leaid,234660,Sayreville School District,2024,
NJ,234830,South Amboy School District,3415120,st_leaid,234830,South Amboy School District,2024,
NJ,234860,South Brunswick School District,3415210,st_leaid,234860,South Brunswick School District,2024,
NJ,234910,South Plainfield School District,3415360,st_leaid,234910,South Plainfield School District,2024,
NJ,234920,South River Public School District,3415390,st_leaid,234920,South River Public School District,2024,
NJ,234970,Spotswood Public School District,3415540,st_leaid,234970,Spotswood Public School District,2024,
NJ,235850,Woodbridge Township School District,3418120,st_leaid,235850,Woodbridge Township School District,2024,
NJ,250100,Asbury Park School District,3400930,st_leaid,250100,Asbury Park School District,2024,
NJ,250180,Avon Boro School District,3401140,st_leaid,250180,Avon Boro School District,2024,
NJ,250225,Bayshore Jointure Commission School District,3400069,st_leaid,250225,Bayshore Jointure Commission School District,2024,
NJ,250270,Belmar Elementary School District,3401410,st_leaid,250270,Belmar Elementary School District,2024,
NJ,250500,Bradley Beach School District,3402130,st_leaid,250500,Bradley Beach School District,2024,
NJ,250560,Brielle Boro School District,3402310,st_leaid,250560,Brielle Boro School District,2024,
NJ,250945,Colts Neck Township School District,3403450,st_leaid,250945,Colts Neck Township School District,2024,
NJ,251000,Deal Boro School District,3403630,st_leaid,251000,Deal Boro School District,2024,
NJ,251260,Eatontown Public School District,3404410,st_leaid,251260,Eatontown Public School District,2024,
NJ,251440,Fair Haven School District,3404950,st_leaid,251440,Fair Haven School District,2024,
NJ,251456,Henry Hudson Regional School District,,unmatched,,,,
NJ,251490,Farmingdale Public School District,3405130,st_leaid,251490,Farmingdale Public School District,2024,
NJ,251640,Freehold Borough School District,3405580,st_leaid,251640,Freehold Borough School District,2024,
NJ,251650,Freehold Regional High School District,3405610,st_leaid,251650,Freehold Regional High School District,2024,
NJ,251660,Freehold Township School District,3405640,st_leaid,251660,Freehold Township School District,2024,
NJ,252105,Hazlet Township Public School District,3413680,st_leaid,252105,Hazlet Township Public School District,2024,
NJ,252120,Henry Hudson Regional School District,3407050,st_leaid,252120,Henry Hudson Regional School District,2024,
NJ,252230,Holmdel Township School District,3407410,st_leaid,252230,Holmdel Township School District,2024,
NJ,252290,Howell Township Public School District,3407560,st_leaid,252290,Howell Township Public School District,2024,
NJ,252400,Keansburg School District,3407860,st_leaid,252400,Keansburg School District,2024,
NJ,252430,Keyport School District,3407950,st_leaid,252430,Keyport School District,2024,
NJ,252720,Little Silver Boro School District,3408790,st_leaid,252720,Little Silver Boro School District,2024,
NJ,252770,Long Branch Public School District,3408940,st_leaid,252770,LONG BRANCH PUBLIC SCHOOL District,2024,
NJ,252920,Manalapan-Englishtown Regional School District,3409390,st_leaid,252920,Manalapan-Englishtown Regional School District,2024,
NJ,252930,Manasquan School District,3409420,st_leaid,252930,Manasquan School District,2024,
NJ,253030,Marlboro Township School District,3409720,st_leaid,253030,Marlboro Township School District,2024,
NJ,253040,Matawan-Aberdeen Regional School District,3409750,st_leaid,253040,Matawan-Aberdeen Regional School District,2024,
NJ,253160,Middletown Township Public School District,3410110,st_leaid,253160,Middletown Township Public School District,2024,
NJ,253200,Millstone Township School District,3410230,st_leaid,253200,Millstone Township School District,2024,
NJ,253250,Monmouth Beach School District,3410380,st_leaid,253250,Monmouth Beach School District,2024,
NJ,253260,Monmouth County Vocational School District,3417500,st_leaid,253260,Monmouth County Vocational School District,2024,
NJ,253270,Monmouth Regional High School,3410440,st_leaid,253270,Monmouth Regional High School,2024,
NJ,253500,Neptune City School District,3411130,st_leaid,253500,Neptune City School District,2024,
NJ,253510,Neptune Township School District,3411160,st_leaid,253510,Neptune Township School District,2024,
NJ,253810,Township Of Ocean School District,3412060,st_leaid,253810,Township of Ocean School District,2024,
NJ,253830,Oceanport School District,3412120,st_leaid,253830,Oceanport School District,2024,
NJ,254360,Red Bank Borough Public School District,3413740,st_leaid,254360,Red Bank Borough Public School District,2024,
NJ,254365,Red Bank Regional School District,3413750,st_leaid,254365,Red Bank Regional School District,2024,
NJ,254570,Rumson Borough School District,3414370,st_leaid,254570,Rumson Borough School District,2024,
NJ,254580,Rumson-Fair Haven Regional High School District,3414400,st_leaid,254580,Rumson-Fair Haven Regional High School District,2024,
NJ,254690,Sea Girt Borough School District,3414730,st_leaid,254690,Sea Girt Borough School District,2024,
NJ,254760,Shore Regional High School District,3414940,st_leaid,254760,Shore Regional High School District,2024,
NJ,254770,Shrewsbury Borough School District,3414970,st_leaid,254770,Shrewsbury Borough School District,2024,
NJ,254980,Spring Lake Borough,3415570,st_leaid,254980,Spring Lake Borough,2024,
NJ,254990,Spring Lake Heights School District,3415600,st_leaid,254990,Spring Lake Heights School District,2024,
NJ,255185,Tinton Falls School District,3416200,st_leaid,255185,Tinton Falls School District,2024,
NJ,255230,Union Beach Public School District,3416350,st_leaid,255230,Union Beach Public School District,2024,
NJ,255310,Upper Freehold Regional School District,3416560,st_leaid,255310,Upper Freehold Regional School District,2024,
NJ,255420,Wall Township Public School District,3416890,st_leaid,255420,Wall Township Public School District,2024,
NJ,255640,West Long Branch School District,3417490,st_leaid,255640,West Long Branch School District,2024,
NJ,270450,Boonton Town Public School District,3401950,st_leaid,270450,Boonton Town Public School District,2024,
NJ,270460,Boonton Township School District,3401980,st_leaid,270460,Boonton Township School District,2024,
NJ,270630,Butler Public School District,3402520,st_leaid,270630,Butler Public School District,2024,
NJ,270785,School District Of The Chathams,3400004,st_leaid,270785,School District of the Chathams,2024,
NJ,270820,Chester Township School District,3403060,st_leaid,270820,Chester Township School District,2024,
NJ,271090,Denville Township K-8 School District,3403870,st_leaid,271090,Denville Township K-8 School District,2024,
NJ,271110,Dover Public School District,3403930,st_leaid,271110,Dover Public School District,2024,
NJ,271190,East Hanover Township School District,3404170,st_leaid,271190,East Hanover Township School District,2024,
NJ,271530,Florham Park School District,3405250,st_leaid,271530,Florham Park School District,2024,
NJ,271990,Hanover Park Regional High School District,3406660,st_leaid,271990,Hanover Park Regional High School District,2024,
NJ,272000,Hanover Township School District,3406690,st_leaid,272000,Hanover Township School District,2024,
NJ,272010,Harding Township School District,3406720,st_leaid,272010,Harding Township School District,2024,
NJ,272380,Jefferson Township Public School District,3407800,st_leaid,272380,Jefferson Township Public School District,2024,
NJ,272460,Kinnelon School District,3408040,st_leaid,272460,Kinnelon School District,2024,
NJ,272650,Lincoln Park School District,3408580,st_leaid,272650,Lincoln Park School District,2024,
NJ,272870,Madison Public School District,3409240,st_leaid,272870,Madison Public School District,2024,
NJ,273090,Mendham Borough School District,3409900,st_leaid,273090,Mendham Borough School District,2024,
NJ,273100,Mendham Township School District,3409930,st_leaid,273100,Mendham Township School District,2024,
NJ,273340,Montville Township School District,3410650,st_leaid,273340,Montville Township School District,2024,
NJ,273365,Morris County Vocational School District,3410720,st_leaid,273365,Morris County Vocational School District,2024,
NJ,273370,Morris Hills Regional School District,3410740,st_leaid,273370,Morris Hills Regional School District,2024,
NJ,273380,Morris Plains School District,3410770,st_leaid,273380,Morris Plains School District,2024,
NJ,273385,Morris School District,3410810,st_leaid,273385,Morris School District,2024,
NJ,273410,Mount Arlington Public School District,3410860,st_leaid,273410,Mount Arlington Public School District,2024,
NJ,273450,Mount Olive Township School District,3410980,st_leaid,273450,Mount Olive Township School District,2024,
NJ,273460,Mountain Lakes Public School District,3411010,st_leaid,273460,Mountain Lakes Public School District,2024,
NJ,273520,Netcong School District,3411190,st_leaid,273520,Netcong School District,2024,
NJ,273950,Parsippany-Troy Hills Township School District,3412480,st_leaid,273950,Parsippany-Troy Hills Township School District,2024,
NJ,274000,Long Hill Township School District,3412660,st_leaid,274000,Long Hill Township School District,2024,
NJ,274080,Pequannock Township School District,3412900,st_leaid,274080,Pequannock Township School District,2024,
NJ,274330,Randolph Township School District,3413650,st_leaid,274330,Randolph Township School District,2024,
NJ,274440,Riverdale School District,3413980,st_leaid,274440,Riverdale School District,2024,
NJ,274480,Rockaway Borough School District,3414100,st_leaid,274480,Rockaway Borough School District,2024,
NJ,274490,Rockaway Township School District,3414130,st_leaid,274490,Rockaway Township School District,2024,
NJ,274560,Roxbury Township School District,3414340,st_leaid,274560,Roxbury Township School District,2024,
NJ,275520,Washington Township School District,3417130,st_leaid,275520,Washington Township School District,2024,
NJ,275660,West Morris Regional High School District,3417550,st_leaid,275660,West Morris Regional High School District,2024,
NJ,275770,Wharton Borough School District,3417880,st_leaid,275770,Wharton Borough School District,2024,
NJ,290185,Barnegat Township School District,3416470,st_leaid,290185,Barnegat Township School District,2024,
NJ,290210,Bay Head Borough School District,3401230,st_leaid,290210,Bay Head Borough School District,2024,
NJ,290530,Brick Township Public School District,3402220,st_leaid,290530,Brick Township Public School District,2024,
NJ,290770,Central Regional School District,3402910,st_leaid,290770,Central Regional School District,2024,
NJ,292360,Jackson Township School District,3407740,st_leaid,292360,Jackson Township School District,2024,
NJ,292480,Lacey Township School District,3408100,st_leaid,292480,Lacey Township School District,2024,
NJ,292500,Lakehurst School District,3408160,st_leaid,292500,Lakehurst School District,2024,
NJ,292520,Lakewood Township School District,3408220,st_leaid,292520,Lakewood Township School District,2024,
NJ,292550,Lavallette Borough School District,3408310,st_leaid,292550,Lavallette Borough School District,2024,
NJ,292940,Manchester Township School District,3409450,st_leaid,292940,Manchester Township School District,2024,
NJ,293790,Ocean County Vocational Technical School District,3411980,st_leaid,293790,Ocean County Vocational Technical School District,2024,
NJ,294105,Pinelands Regional School District,3413000,st_leaid,294105,Pinelands Regional School District,2024,
NJ,294190,Plumsted Township School District,3413230,st_leaid,294190,Plumsted Township School District,2024,
NJ,294210,Point Pleasant Borough School District,3413290,st_leaid,294210,Point Pleasant Borough School District,2024,
NJ,294220,Point Pleasant Beach School District,3413320,st_leaid,294220,Point Pleasant Beach School District,2024,
NJ,294950,Southern Regional School District,3415480,st_leaid,294950,Southern Regional School District,2024,
NJ,295190,Toms River Regional School District,3416230,st_leaid,295190,Toms River Regional School District,2024,
NJ,310420,Bloomingdale School District,3401860,st_leaid,310420,Bloomingdale School District,2024,
NJ,310900,Clifton Public School District,3403300,st_leaid,310900,Clifton Public School District,2024,
NJ,312100,Hawthorne Public School District,3406990,st_leaid,312100,Hawthorne Public School District,2024,
NJ,312510,Lakeland Regional High School District,3408190,st_leaid,312510,Lakeland Regional High School District,2024,
NJ,312700,Little Falls Township Public School District,3408730,st_leaid,312700,Little Falls Township Public School District,2024,
NJ,313640,North Haledon School District,3411550,st_leaid,313640,North Haledon School District,2024,
NJ,313970,Passaic City School District,3412540,st_leaid,313970,Passaic City School District,2024,
NJ,313980,Passaic County Manchester Regional High School District,3412600,st_leaid,313980,Passaic County Manchester Regional High School District,2024,
NJ,313990,Passaic Valley Regional High School District #1,3412570,st_leaid,313990,Passaic Valley Regional High School District,2024,
NJ,313995,Passaic County Technical-Vocational School District,3412630,st_leaid,313995,Passaic County Technical-Vocational School District,2024,
NJ,314010,Paterson Public School District,3412690,st_leaid,314010,Paterson Public School District,2024,
NJ,314230,Pompton Lakes School District,3413350,st_leaid,314230,Pompton Lakes School District,2024,
NJ,314270,Prospect Park Public School District,3413470,st_leaid,314270,Prospect Park Public School District,2024,
NJ,314400,Ringwood School District,3413860,st_leaid,314400,Ringwood School District,2024,
NJ,315200,Totowa Public School District,3416260,st_leaid,315200,Totowa Public School District,2024,
NJ,315440,Wanaque School District,3416950,st_leaid,315440,Wanaque School District,2024,
NJ,315570,Wayne Township Public School District,3417280,st_leaid,315570,Wayne Township Public School District,2024,
NJ,315650,West Milford Township Public School District,3417520,st_leaid,315650,West Milford Township Public School District,2024,
NJ,315690,Woodland Park School District,3417640,st_leaid,315690,Woodland Park School District,2024,
NJ,330060,Alloway Twp School District,3400810,st_leaid,330060,Alloway Twp School District,2024,
NJ,332800,The Lower Alloways Creek School District,3409030,st_leaid,332800,The Lower Alloways Creek School District,2024,
NJ,332950,Mannington Township School District,3409480,st_leaid,332950,Mannington Township School District,2024,
NJ,333860,Oldmans Township School District,3412210,st_leaid,333860,Oldmans Township School District,2024,
NJ,334070,Penns Grove-Carneys Point Regional School District,3412840,st_leaid,334070,Penns Grove-Carneys Point Regional School District,2024,
NJ,334075,Pennsville School District,3409120,st_leaid,334075,Pennsville School District,2024,
NJ,334150,Pittsgrove Township School District,3413110,st_leaid,334150,Pittsgrove Township School District,2024,
NJ,334280,Quinton Township School District,3413500,st_leaid,334280,Quinton Township School District,2024,
NJ,334630,Salem City School District,3414550,st_leaid,334630,Salem City School District,2024,
NJ,334635,Salem County Special Services School District,3480361,st_leaid,334635,Salem County Special Services School District,2024,
NJ,334640,Salem County Vocational Technical School District,3414580,st_leaid,334640,Salem County Vocational Technical School District,2024,
NJ,335320,Upper Pittsgrove Twp School District,3416590,st_leaid,335320,UPPER PITTSGROVE TWP School District,2024,
NJ,335910,Woodstown-Pilesgrove Regional School District,3418330,st_leaid,335910,Woodstown-Pilesgrove Regional School District,2024,
NJ,350240,Bedminster Township Public School District,3401320,st_leaid,350240,Bedminster Township Public School District,2024,
NJ,350350,Bernards Township School District,3401650,st_leaid,350350,Bernards Township School District,2024,
NJ,350490,Bound Brook School District,3402100,st_leaid,350490,Bound Brook School District,2024,
NJ,350510,Branchburg Township School District,3402160,st_leaid,350510,Branchburg Township School District,2024,
NJ,350555,Bridgewater-Raritan Regional School District,3402280,st_leaid,350555,Bridgewater-Raritan Regional School District,2024,
NJ,351610,Franklin Township Public School District,3405490,st_leaid,351610,Franklin Township Public School District,2024,
NJ,351810,Green Brook Township Public School District,3406120,st_leaid,351810,Green Brook Township Public School District,2024,
NJ,352170,Hillsborough Township Public School District,3407230,st_leaid,352170,Hillsborough Township Public School District,2024,
NJ,353000,Manville School District,3409630,st_leaid,353000,Manville School District,2024,
NJ,353320,Montgomery Township School District,3410590,st_leaid,353320,Montgomery Township School District,2024,
NJ,353670,North Plainfield School District,3411640,st_leaid,353670,North Plainfield School District,2024,
NJ,354810,Somerset County Vocational And Technical School District,3415060,st_leaid,354810,Somerset County Vocational and Technical School District,2024,
NJ,354815,Somerset Hills Regional School District,3400009,st_leaid,354815,Somerset Hills Regional School District,2024,
NJ,354820,Somerville Public School District,3415090,st_leaid,354820,Somerville Public School District,2024,
NJ,354850,South Bound Brook Public School District,3415180,st_leaid,354850,South Bound Brook Public School District,2024,
NJ,355470,Warren Township School District,3416980,st_leaid,355470,Warren Township School District,2024,
NJ,355540,Watchung Borough School District,3417190,st_leaid,355540,Watchung Borough School District,2024,
NJ,355550,Watchung Hills Regional High School District,3417220,st_leaid,355550,Watchung Hills Regional High School District,2024,
NJ,370090,Andover Regional School District,3400900,st_leaid,370090,Andover Regional School District,2024,
NJ,370640,Byram Township School District,3402550,st_leaid,370640,Byram Township School District,2024,
NJ,371560,Frankford Township Consolidated School District,3405340,st_leaid,371560,Frankford Township Consolidated School District,2024,
NJ,371570,Franklin Borough School District,3405400,st_leaid,371570,Franklin Borough School District,2024,
NJ,371800,Green Township School District,3406090,st_leaid,371800,Green Township School District,2024,
NJ,371930,Hamburg School District,3406480,st_leaid,371930,Hamburg School District,2024,
NJ,372030,Hardyston Township School District,3406780,st_leaid,372030,Hardyston Township School District,2024,
NJ,372165,High Point Regional High School District,3407140,st_leaid,372165,High Point Regional High School District,2024,
NJ,372240,Hopatcong Borough School District,3407440,st_leaid,372240,Hopatcong Borough School District,2024,
NJ,372465,Kittatinny Regional School District,3408060,st_leaid,372465,Kittatinny Regional School District,2024,
NJ,372490,Lafayette Township School District,3408130,st_leaid,372490,Lafayette Township School District,2024,
NJ,372615,Lenape Valley Regional High School District,3408500,st_leaid,372615,Lenape Valley Regional High School District,2024,
NJ,373590,Newton Public School District,3411400,st_leaid,373590,Newton Public School District,2024,
NJ,373840,Ogdensburg Borough School District,3412150,st_leaid,373840,Ogdensburg Borough School District,2024,
NJ,374960,Sparta Township Public School District,3415510,st_leaid,374960,Sparta Township Public School District,2024,
NJ,375030,Stanhope School District,3415720,st_leaid,375030,Stanhope School District,2024,
NJ,375100,Sussex-Wantage Regional School District,3415960,st_leaid,375100,Sussex-Wantage Regional School District,2024,
NJ,375110,Sussex County Technical School District,3415930,st_leaid,375110,Sussex County Technical School District,2024,
NJ,375360,Vernon Township School District,3416710,st_leaid,375360,Vernon Township School District,2024,
NJ,375435,Wallkill Valley Regional High School,3416870,st_leaid,375435,Wallkill Valley Regional High School,2024,
NJ,390310,Berkeley Heights School District,3401530,st_leaid,390310,Berkeley Heights School District,2024,
NJ,390850,Clark Township Public School District,3403150,st_leaid,390850,Clark Township Public School District,2024,
NJ,390980,Cranford Public School District,3403570,st_leaid,390980,Cranford Public School District,2024,
NJ,391320,Elizabeth Public Schools,3404590,st_leaid,391320,Elizabeth Public Schools,2024,
NJ,391710,Garwood Boro,3405790,st_leaid,391710,Garwood Boro,2024,
NJ,392190,Hillside Public School District,3407290,st_leaid,392190,Hillside Public School District,2024,
NJ,392420,Kenilworth School District,3407920,st_leaid,392420,Kenilworth School District,2024,
NJ,392660,Linden Public School District,3408610,st_leaid,392660,Linden Public School District,2024,
NJ,393470,Mountainside School District,3411040,st_leaid,393470,Mountainside School District,2024,
NJ,393560,New Providence School District,3411310,st_leaid,393560,New Providence School District,2024,
NJ,394160,Plainfield Public School District,3413140,st_leaid,394160,Plainfield Public School District,2024,
NJ,394290,Rahway Public School District,3413530,st_leaid,394290,Rahway Public School District,2024,
NJ,394540,Roselle Public School District,3414280,st_leaid,394540,Roselle Public School District,2024,
NJ,394550,Roselle Park Public School District,3414310,st_leaid,394550,Roselle Park Public School District,2024,
NJ,394670,Scotch Plains-Fanwood School District,3414670,st_leaid,394670,Scotch Plains-Fanwood School District,2024,
NJ,395000,Springfield Public School District,3415630,st_leaid,395000,Springfield Public School District,2024,
NJ,395090,Summit Public School District,3415900,st_leaid,395090,Summit Public School District,2024,
NJ,395245,Union County Educational Services Commission,3416400,st_leaid,395245,Union County Educational Services Commission,2024,
NJ,395260,Union County Vocational-Technical School District,3418040,st_leaid,395260,Union County Vocational-Technical School District,2024,
NJ,395290,Township Of Union School District,3416500,st_leaid,395290,Township of Union School District,2024,
NJ,395730,Westfield Public School District,3417760,st_leaid,395730,Westfield Public School District,2024,
NJ,395810,Winfield Township,3418030,st_leaid,395810,Winfield Township,2024,
NJ,410030,Allamuchy Township School District,3400720,st_leaid,410030,Allamuchy Township School District,2024,
NJ,410070,Alpha Borough School District,3400840,st_leaid,410070,Alpha Borough School District,2024,
NJ,410280,Belvidere School District,3401440,st_leaid,410280,Belvidere School District,2024,
NJ,411785,Great Meadows Regional School District,3400008,st_leaid,411785,Great Meadows Regional School District,2024,
NJ,411840,Greenwich Township School District,3406210,st_leaid,411840,Greenwich Township School District,2024,
NJ,411870,Hackettstown Public School District,3406300,st_leaid,411870,Hackettstown Public School District,2024,
NJ,412040,Harmony Township School District,3406810,st_leaid,412040,Harmony Township School District,2024,
NJ,412250,Hope Township School District,3407470,st_leaid,412250,Hope Township School District,2024,
NJ,412790,Lopatcong Township School District,3409000,st_leaid,412790,Lopatcong Township School District,2024,
NJ,413675,North Warren Regional School District,3409550,st_leaid,413675,North Warren Regional School District,2024,
NJ,413890,Oxford Township School District,3412300,st_leaid,413890,Oxford Township School District,2024,
NJ,414100,Phillipsburg School District,3412960,st_leaid,414100,Phillipsburg School District,2024,
NJ,414200,Pohatcong Township School District,3413260,st_leaid,414200,Pohatcong Township School District,2024,
NJ,415460,Warren County Vocational Technical School,3417920,st_leaid,415460,Warren County Vocational Technical School,2024,
NJ,415465,Warren Hills Regional School District,3416970,st_leaid,415465,Warren Hills Regional School District,2024,
NJ,415780,White Township Consolidated School District,3417910,st_leaid,415780,White Township Consolidated School District,2024,
NJ,806010,Academy Charter High School,3400048,st_leaid,806010,Academy Charter High School,2024,
NJ,806013,Bergen Arts And Science Charter School,3400715,st_leaid,806013,Bergen Arts and Science Charter School,2024,
NJ,806017,Foundation Academy Charter School,3400717,st_leaid,806017,Foundation Academy Charter School,2024,
NJ,806018,Central Jersey College Prep Charter School,3400090,st_leaid,806018,Central Jersey College Prep Charter School,2024,
NJ,806020,Pride Academy Charter School District,3400719,st_leaid,806020,Pride Academy Charter School District,2024,
NJ,806025,Paul Robeson Charter School For The Humanities,3400723,st_leaid,806025,Paul Robeson Charter School for the Humanities,2024,
NJ,806030,The Ethical Community Charter School,3400727,st_leaid,806030,The Ethical Community Charter School School Distirct,2024,
NJ,806032,Academy For Urban Leadership Charter School,3400741,st_leaid,806032,Academy for Urban Leadership Charter School,2024,
NJ,806033,The Barack Obama Green Charter High School District,3400740,st_leaid,806033,The Barack Obama Green Charter High School District,2024,
NJ,806036,Hoboken Dual Language Charter School,3400734,st_leaid,806036,Hoboken Dual Language Charter School,2024,
NJ,806041,Hatikvah International Academy Charter School,3400735,st_leaid,806041,Hatikvah International Academy Charter School,2024,
NJ,806053,Great Oaks Legacy Charter School,3400751,st_leaid,806053,Great Oaks Legacy Charter School,2024,
NJ,806057,Peoples Preparatory Charter School District,3400754,st_leaid,806057,Peoples Preparatory Charter School,2024,
NJ,806069,Millville Public Charter School,3400749,st_leaid,806069,Millville Public Charter School,2024,
NJ,806076,Benjamin Banneker Preparatory Charter School,3400744,st_leaid,806076,Benjamin Banneker Preparatory Charter School,2024,
NJ,806079,John P Holland Charter School,3400748,st_leaid,806079,John P Holland Charter School School District,2024,
NJ,806080,Passaic Arts And Science Charter School,3400745,st_leaid,806080,Passaic Arts and Science Charter School,2024,
NJ,806081,Thomas Edison Energysmart Charter School,3400746,st_leaid,806081,Thomas Edison EnergySmart Charter School,2024,
NJ,806082,Beloved Community Charter School,3400759,st_leaid,806082,BelovED Community Charter,2024,
NJ,806094,Phillip'S Academy  Charter School,3400764,st_leaid,806094,Phillip's Academy Charter School,2024,
NJ,806096,Paterson Arts And Science Charter School,3400765,st_leaid,806096,Paterson Arts and Science Charter School,2024,
NJ,806101,College Achieve Central Charter School,3400779,st_leaid,806101,College Achieve Central Charter School,2024,
NJ,806102,Cresthaven Academy Charter School,3400786,st_leaid,806102,Cresthaven Academy Charter School,2024,
NJ,806103,Empowerment Academy Charter School,3400781,st_leaid,806103,Empowerment Academy Charter School,2024,
NJ,806105,Hudson Arts And Science Charter School,3400787,st_leaid,806105,Hudson Arts and Science Charter School,2024,
NJ,806107,Camden'S Promise Charter School,3400785,st_leaid,806107,Camden's Promise Charter School,2024,
NJ,806109,Lead Charter School,3400788,st_leaid,806109,LEAD Charter School,2024,
NJ,806183,Trenton Stem-To-Civics Charter School,3400770,st_leaid,806183,Trenton Stem-to-Civics Charter School,2024,
NJ,806230,Classical Academy Charter School Of Clifton,3400052,st_leaid,806230,Classical Academy Charter School of Clifton,2024,
NJ,806240,Freedom Prep Charter School,3400080,st_leaid,806240,Freedom Prep Charter School,2024,
NJ,806420,Elysian Charter School,3400029,st_leaid,806420,Elysian Charter School,2024,
NJ,806635,Greater Brunswick Charter School,3400047,st_leaid,806635,Greater Brunswick Charter School,2024,
NJ,806720,Hoboken Charter School,3400032,st_leaid,806720,Hoboken Charter School District,2024,
NJ,806910,Jersey City Community Charter School,3400033,st_leaid,806910,Jersey City Community Charter School,2024,
NJ,806915,Jersey City Golden Door Charter School,3400034,st_leaid,806915,Jersey City Golden Door Charter School,2024,
NJ,807021,People'S Achieve Community Charter School,3480365,st_leaid,807021,People's Achieve Community Charter School,2024,
NJ,807109,Leap Academy University Charter School,3400078,st_leaid,807109,LEAP Academy University Charter School,2024,
NJ,807115,The Learning Community Charter School,3400035,st_leaid,807115,The Learning Community Charter School,2024,
NJ,807210,Marion P. Thomas Charter School,3400022,st_leaid,807210,Marion P. Thomas Charter School,2024,
NJ,807320,North Star Academy Charter School,3400024,st_leaid,807320,North Star Academy Charter School,2024,
NJ,807325,Team Academy Charter School,3400070,st_leaid,807325,TEAM Academy Charter School,2024,
NJ,807410,Chartertech High School For The Performing Arts,3400019,st_leaid,807410,Chartertech High School for the Performing Arts,2024,
NJ,807500,Pace Charter School Of Hamilton,3400042,st_leaid,807500,Pace Charter School of Hamilton,2024,
NJ,807503,Paterson Charter School For Science And Technology,3400087,st_leaid,807503,Paterson Charter School for Science and Technology,2024,
NJ,807540,Princeton Charter School,3400043,st_leaid,807540,Princeton Charter School,2024,
NJ,807600,The Queen City Academy Charter School District,3400061,st_leaid,807600,The Queen City Academy Charter School District,2024,
NJ,807720,Red Bank Charter School,3400049,st_leaid,807720,Red Bank Charter School,2024,
NJ,807727,Ridge And Valley Charter School,3400082,st_leaid,807727,Ridge and Valley Charter School,2024,
NJ,807730,Robert Treat Academy Charter School,3400025,st_leaid,807730,Robert Treat Academy Charter School,2024,
NJ,807735,Maria L. Varisco-Rogers Charter School,3400026,st_leaid,807735,Maria L. Varisco-Rogers Charter School,2024,
NJ,807850,Sussex County Technology Charter School,3400055,st_leaid,807850,Sussex County Technology Charter School,2024,
NJ,807890,Teaneck Community Charter School,3400015,st_leaid,807890,Teaneck Community Charter School,2024,
NJ,807891,College Achieve Greater Asbury Park Charter School,3400791,st_leaid,807891,College Achieve Greater Asbury Park Charter School,2024,
NJ,807892,College Achieve Paterson Charter School,3400793,st_leaid,807892,College Achieve Paterson Charter School,2024,
NJ,807893,Ocean Academy Charter School,3400789,st_leaid,807893,Ocean Academy Charter School,2024,
NJ,807895,Achievers Early College Prep Charter School,3400794,st_leaid,807895,Achievers Early College Prep Charter School,2024,
NJ,807896,Middlesex County Stem Charter School,3400795,st_leaid,807896,Middlesex County STEM Charter School,2024,
NJ,807897,Creativity Colaboratory Charter School,3400805,st_leaid,807897,Creativity CoLaboratory Charter School,2024,
NJ,807902,Mccorristin Charter School District,,unmatched,,,,
NJ,808010,Union County Teams Charter School-High School/College La,3400083,st_leaid,808010,Union County TEAMS Charter School-High School/College LA,2024,
NJ,808050,Unity Charter School,3400051,st_leaid,808050,Unity Charter School,2024,
NJ,808060,University Academy Charter High School,3400073,st_leaid,808060,University Academy Charter High School,2024,
NM,001,ALBUQUERQUE PUBLIC SCHOOLS,3500060,st_leaid,001,ALBUQUERQUE,2024,
NM,002,RESERVE PUBLIC SCHOOLS,3502220,st_leaid,002,RESERVE,2024,
NM,003,QUEMADO INDEPENDENT SCHOOLS,3502130,st_leaid,003,QUEMADO,2024,
NM,004,ROSWELL INDEPENDENT SCHOOLS,3502250,st_leaid,004,ROSWELL,2024,
NM,005,HAGERMAN MUNICIPAL SCHOOLS,3501200,st_leaid,005,HAGERMAN,2024,
NM,006,DEXTER CONSOLIDATED SCHOOLS,3500750,st_leaid,006,DEXTER,2024,
NM,007,LAKE ARTHUR MUNICIPAL SCHOOLS,3501470,st_leaid,007,LAKE ARTHUR,2024,
NM,008,CIMARRON MUNICIPAL SCHOOLS,3500480,st_leaid,008,CIMARRON,2024,
NM,009,RATON PUBLIC SCHOOLS,3502190,st_leaid,009,RATON,2024,
NM,010,SPRINGER MUNICIPAL SCHOOLS,3502490,st_leaid,010,SPRINGER,2024,
NM,011,MAXWELL MUNICIPAL SCHOOLS,3501800,st_leaid,011,MAXWELL,2024,
NM,012,CLOVIS MUNICIPAL SCHOOLS,3500570,st_leaid,012,CLOVIS,2024,
NM,013,TEXICO MUNICIPAL SCHOOLS,3502580,st_leaid,013,TEXICO,2024,
NM,014,MELROSE PUBLIC SCHOOLS,3501830,st_leaid,014,MELROSE,2024,
NM,015,GRADY MUNICIPAL SCHOOLS,3501140,st_leaid,015,GRADY,2024,
NM,016,FORT SUMNER MUNICIPAL SCHOOLS,3501050,st_leaid,016,FORT SUMNER,2024,
NM,017,LAS CRUCES PUBLIC SCHOOLS,3501500,st_leaid,017,LAS CRUCES,2024,
NM,018,HATCH VALLEY PUBLIC SCHOOLS,3501230,st_leaid,018,HATCH VALLEY,2024,
NM,019,GADSDEN INDEPENDENT SCHOOLS,3501080,st_leaid,019,GADSDEN,2024,
NM,020,CARLSBAD MUNICIPAL SCHOOLS,3500300,st_leaid,020,CARLSBAD,2024,
NM,021,LOVING MUNICIPAL SCHOOLS,3501710,st_leaid,021,LOVING,2024,
NM,022,ARTESIA PUBLIC SCHOOLS,3500120,st_leaid,022,ARTESIA,2024,
NM,023,SILVER CONSOLIDATED SCHOOLS,3502430,st_leaid,023,SILVER CITY,2024,
NM,024,COBRE CONSOLIDATED SCHOOLS,3500600,st_leaid,024,COBRE,2024,
NM,025,SANTA ROSA CONSOLIDATED SCHOOLS,3502400,st_leaid,025,SANTA ROSA,2024,
NM,026,VAUGHN MUNICIPAL SCHOOLS,3500001,st_leaid,026,VAUGHN,2024,
NM,027,ROY MUNICIPAL SCHOOLS,3502280,st_leaid,027,ROY,2024,
NM,028,MOSQUERO MUNICIPAL SCHOOLS,3501920,st_leaid,028,MOSQUERO,2024,
NM,029,LORDSBURG MUNICIPAL SCHOOLS,3501620,st_leaid,029,LORDSBURG,2024,
NM,030,ANIMAS PUBLIC SCHOOLS,3500090,st_leaid,030,ANIMAS,2024,
NM,031,LOVINGTON MUNICIPAL SCHOOLS,3501740,st_leaid,031,LOVINGTON,2024,
NM,032,EUNICE MUNICIPAL SCHOOLS,3500960,st_leaid,032,EUNICE,2024,
NM,033,HOBBS MUNICIPAL SCHOOLS,3501260,st_leaid,033,HOBBS,2024,
NM,034,JAL PUBLIC SCHOOLS,3501350,st_leaid,034,JAL,2024,
NM,035,TATUM MUNICIPAL SCHOOLS,3502550,st_leaid,035,TATUM,2024,
NM,036,RUIDOSO MUNICIPAL SCHOOLS,3502310,st_leaid,036,RUIDOSO,2024,
NM,037,CARRIZOZO MUNICIPAL SCHOOLS,3500330,st_leaid,037,CARRIZOZO,2024,
NM,038,CORONA MUNICIPAL SCHOOLS,3500630,st_leaid,038,CORONA,2024,
NM,039,HONDO VALLEY PUBLIC SCHOOLS,3501290,st_leaid,039,HONDO VALLEY,2024,
NM,040,CAPITAN MUNICIPAL SCHOOLS,3500270,st_leaid,040,CAPITAN,2024,
NM,041,LOS ALAMOS PUBLIC SCHOOLS,3501650,st_leaid,041,LOS ALAMOS,2024,
NM,042,DEMING PUBLIC SCHOOLS,3500690,st_leaid,042,DEMING,2024,
NM,043,GALLUP-MCKINLEY CTY SCHOOLS,3501110,st_leaid,043,GALLUP,2024,
NM,044,MORA INDEPENDENT SCHOOLS,3501860,st_leaid,044,MORA,2024,
NM,045,WAGON MOUND PUBLIC SCHOOLS,3502730,st_leaid,045,WAGON MOUND,2024,
NM,046,ALAMOGORDO PUBLIC SCHOOLS,3500030,st_leaid,046,ALAMOGORDO,2024,
NM,047,TULAROSA MUNICIPAL SCHOOLS,3502670,st_leaid,047,TULAROSA,2024,
NM,048,CLOUDCROFT MUNICIPAL SCHOOLS,3500540,st_leaid,048,CLOUDCROFT,2024,
NM,049,TUCUMCARI PUBLIC SCHOOLS,3502640,st_leaid,049,TUCUMCARI,2024,
NM,050,HOUSE MUNICIPAL SCHOOLS,3501320,st_leaid,050,HOUSE,2024,
NM,051,LOGAN MUNICIPAL SCHOOLS,3501590,st_leaid,051,LOGAN,2024,
NM,052,SAN JON MUNICIPAL SCHOOLS,3502340,st_leaid,052,SAN JON,2024,
NM,053,CHAMA VALLEY INDEP. SCHOOLS,3500420,st_leaid,053,CHAMA VALLEY,2024,
NM,054,DULCE INDEPENDENT SCHOOLS,3500810,st_leaid,054,DULCE,2024,
NM,055,ESPANOLA PUBLIC SCHOOLS,3500900,st_leaid,055,ESPANOLA,2024,
NM,056,JEMEZ MOUNTAIN PUBLIC SCHOOLS,3501380,st_leaid,056,JEMEZ MTN,2024,
NM,057,PORTALES MUNICIPAL SCHOOLS,3502100,st_leaid,057,PORTALES,2024,
NM,058,ELIDA MUNICIPAL SCHOOLS,3500840,st_leaid,058,ELIDA,2024,
NM,059,FLOYD MUNICIPAL SCHOOLS,3501020,st_leaid,059,FLOYD,2024,
NM,060,DORA MUNICIPAL SCHOOLS,3500790,st_leaid,060,DORA,2024,
NM,061,BERNALILLO PUBLIC SCHOOLS,3500210,st_leaid,061,BERNALILLO,2024,
NM,062,CUBA INDEPENDENT SCHOOLS,3500660,st_leaid,062,CUBA,2024,
NM,063,JEMEZ VALLEY PUBLIC SCHOOLS,3501410,st_leaid,063,JEMEZ VALLEY,2024,
NM,064,AZTEC MUNICIPAL SCHOOLS,3500150,st_leaid,064,AZTEC,2024,
NM,065,FARMINGTON MUNICIPAL SCHOOLS,3500990,st_leaid,065,FARMINGTON,2024,
NM,066,BLOOMFIELD SCHOOLS,3500240,st_leaid,066,BLOOMFIELD,2024,
NM,067,CENTRAL CONSOLIDATED SCHOOLS,3500390,st_leaid,067,CENTRAL,2024,
NM,068,WEST LAS VEGAS PUBLIC SCHOOLS,3501560,st_leaid,068,WEST LAS VEGAS,2024,
NM,069,LAS VEGAS CITY PUBLIC SCHOOLS,3501530,st_leaid,069,LAS VEGAS CITY,2024,
NM,070,PECOS INDEPENDENT SCHOOLS,3502010,st_leaid,070,PECOS,2024,
NM,071,SANTA FE PUBLIC SCHOOLS,3502370,st_leaid,071,SANTA FE,2024,
NM,072,POJOAQUE VALLEY PUBLIC SCHOOLS,3502070,st_leaid,072,POJOAQUE,2024,
NM,073,T OR C MUNICIPAL SCHOOLS,3502610,st_leaid,073,T OR C,2024,
NM,074,SOCORRO CONSOLIDATED SCHOOLS,3502460,st_leaid,074,SOCORRO,2024,
NM,075,MAGDALENA MUNICIPAL SCHOOLS,3501770,st_leaid,075,MAGDALENA,2024,
NM,076,TAOS MUNICIPAL SCHOOLS,3502520,st_leaid,076,TAOS,2024,
NM,077,PENASCO INDEPENDENT SCHOOLS,3502040,st_leaid,077,PENASCO,2024,
NM,078,MESA VISTA CONSOLIDATED SCHOOLS,3501980,st_leaid,078,MESA VISTA,2024,
NM,079,QUESTA,3502160,st_leaid,079,QUESTA,2024,
NM,080,ESTANCIA MUNICIPAL SCHOOLS,3500930,st_leaid,080,ESTANCIA,2024,
NM,081,MORIARTY-EDGEWOOD SCHOOL DISTRICT,3501890,st_leaid,081,MORIARTY-EDGEWOOD,2024,
NM,082,MOUNTAINAIR PUBLIC SCHOOLS,3501950,st_leaid,082,MOUNTAINAIR,2024,
NM,083,RIO RANCHO PUBLIC SCHOOLS,3500010,st_leaid,083,RIO RANCHO,2024,
NM,084,CLAYTON MUNICIPAL SCHOOLS,3500510,st_leaid,084,CLAYTON,2024,
NM,085,DES MOINES MUNICIPAL SCHOOLS,3500720,st_leaid,085,DES MOINES,2024,
NM,086,LOS LUNAS PUBLIC SCHOOLS,3501680,st_leaid,086,LOS LUNAS,2024,
NM,087,BELEN CONSOLIDATED SCHOOLS,3500180,st_leaid,087,BELEN,2024,
NM,088,GRANTS-CIBOLA COUNTY SCHOOLS,3501170,st_leaid,088,GRANTS,2024,
NM,089,ZUNI PUBLIC SCHOOLS,3502800,st_leaid,089,ZUNI,2024,
NM,501,MEDIA ARTS COLLABORATIVE CHARTER,3500109,st_leaid,501,NEW MEXICO ACADEMY FOR THE MEDIA ARTS,2024,
NM,502,COTTONWOOD CLASSICAL CHARTER SCHOOL,3500108,st_leaid,502,COTTONWOOD CLASSICAL PREP,2024,
NM,505,SCHOOL OF DREAMS ACADEMY,3500112,st_leaid,505,SCHOOL OF DREAMS ACADEMY,2024,
NM,509,NM SCHOOL FOR ARTS,3500119,st_leaid,509,NM SCHOOL FOR THE ARTS,2024,
NM,510,TAOS ACADEMY,3500118,st_leaid,510,TAOS ACADEMY,2024,
NM,511,ALMA DARTE CHARTER,3500116,st_leaid,511,ALMA D'ARTE CHARTER,2024,
NM,512,CESAR CHAVEZ COMMUNITY SCHOOL,3500117,st_leaid,512,CESAR CHAVEZ COMMUNITY  SCHOOL,2024,
NM,516,ABQ SCHOOL OF EXCELLENCE,3500122,st_leaid,516,ABQ SCHOOL OF EXCELLENCE,2024,
NM,517,ABQ SIGN LANGUAGE ACADEMY,3500123,st_leaid,517,ABQ SIGN LANGUAGE ACADEMY,2024,
NM,518,TIERRA ADENTRO,3500124,st_leaid,518,TIERRA ADENTRO,2024,
NM,519,THE MASTERS PROGRAM,3500125,st_leaid,519,THE MASTERS PROGRAM,2024,
NM,520,THE ASK ACADEMY,3500126,st_leaid,520,THE ASK ACADEMY,2024,
NM,524,ALBUQUERQUE INSTITUTE OF MATH & SCIENCE,3500130,st_leaid,524,ALBUQUERQUE INSTITUTE OF MATH & SCIENCE,2024,
NM,525,AMY BIEHL CHARTER HIGH SCHOOL,3500131,st_leaid,525,AMY BIEHL CHARTER HIGH SCHOOL,2024,
NM,531,SOUTHWEST SECONDARY LEARNING CENTER,3500137,st_leaid,531,SOUTHWEST SECONDARY LEARNING CENTER,2024,
NM,532,ALDO LEOPOLD CHARTER,3500138,st_leaid,532,ALDO LEOPOLD CHARTER,2024,
NM,536,THE GREAT ACADEMY,3500142,st_leaid,536,THE GREAT ACADEMY,2024,
NM,542,MISSION ACHIEVEMENT AND SUCCESS,3500148,st_leaid,542,MISSION ACHIEVEMENT AND SUCCESS,2024,
NM,544,SW AERONAUTICS MATHEMATICS AND SCIENCE A,3500151,st_leaid,544,SW AERONAUTICS MATHEMATICS AND SCIENCE ACADEMY,2024,
NM,547,MCCURDY CHARTER SCHOOL,3500153,st_leaid,547,MCCURDY CHARTER SCHOOL,2024,
NM,549,NEW AMERICA SCHOOL - LAS CRUCES,3500156,st_leaid,549,NEW AMERICA SCHOOL - LAS CRUCES,2024,
NM,550,ESTANCIA VALLEY CLASSICAL ACADEMY,3500152,st_leaid,550,ESTANCIA VALLEY CLASSICAL ACADEMY,2024,
NM,552,WALATOWA CHARTER HIGH,3500158,st_leaid,552,WALATOWA CHARTER HIGH,2024,
NM,554,NEW MEXICO CONNECTIONS ACADEMY,3500160,st_leaid,554,NEW MEXICO CONNECTIONS ACADEMY,2024,
NM,557,EXPLORE ACADEMY,3500167,st_leaid,557,EXPLORE ACADEMY,2024,
NM,562,DZIT DIT LOOL SCHOOL OF EMPOWERMENT ACTI,3500174,st_leaid,562,DZIT DIT LOOL SCHOOL OF EMPOWERMENT ACTION AND PERSEVERANCE,2024,
NM,564,MONTE DEL SOL CHARTER,3500170,st_leaid,564,MONTE DEL SOL CHARTER,2024,
NM,565,TIERRA ENCANTADA CHARTER SCHOOL,3500173,st_leaid,565,TIERRA ENCANTADA CHARTER SCHOOL,2024,
NM,567,LAS MONTANAS CHARTER,3500168,st_leaid,567,LAS MONTANAS CHARTER,2024,
NM,568,SIX DIRECTIONS INDIGENOUS SCHOOL,3500177,st_leaid,568,SIX DIRECTIONS INDIGENOUS SCHOOL,2024,
NM,573,HOZHO ACADEMY,3500179,st_leaid,573,HOZHO ACADEMY,2024,
NM,578,MIDDLE COLLEGE HIGH,3500186,st_leaid,578,MIDDLE COLLEGE HIGH SCHOOL CHARTER - GALLUP,2024,
NM,581,EXPLORE ACADEMY - LAS CRUCES,3500188,st_leaid,581,EXPLORE ACADEMY LAS CRUCES,2024,
NM,584,INDEPENDENT NEW MEXICO STATE CHARTER,3502801,st_leaid,584,PECOS CYBER ACADEMY,2024,
NM,585,VISTA GRANDE CHARTER HIGH SCHOOL,3502802,st_leaid,585,VISTA GRANDE HIGH SCHOOL,2024,
NV,01,Churchill,3200030,st_leaid,01,Churchill,2024,
NV,02,Clark,3200060,st_leaid,02,Clark County,2024,
NV,03,Douglas,3200090,st_leaid,03,Douglas,2024,
NV,04,Elko,3200120,st_leaid,04,Elko,2024,
NV,05,Esmeralda,3200150,st_leaid,05,Esmeralda,2024,
NV,06,Eureka,3200180,st_leaid,06,Eureka,2024,
NV,07,Humboldt,3200210,st_leaid,07,Humboldt,2024,
NV,08,Lander,3200240,st_leaid,08,Lander,2024,
NV,09,Lincoln,3200270,st_leaid,09,Lincoln,2024,
NV,10,Lyon,3200300,st_leaid,10,Lyon,2024,
NV,11,Mineral,3200330,st_leaid,11,Mineral,2024,
NV,12,Nye,3200360,st_leaid,12,Nye,2024,
NV,13,Carson City,3200390,st_leaid,13,Carson City,2024,
NV,14,Pershing,3200420,st_leaid,14,Pershing,2024,
NV,15,Storey,3200450,st_leaid,15,Storey,2024,
NV,16,Washoe,3200480,st_leaid,16,Washoe County,2024,
NV,17,White Pine,3200510,st_leaid,17,White Pine County School District,2024,
NV,18,State Charters,3200001,st_leaid,18,State Sponsored Charter Schools,2024,
NV,19,University,3200021,st_leaid,19,Davidson Academy,2024,
NV,20,Correctional,3200023,st_leaid,20,Correctional School District,2024,
NY,010100010000,ALBANY CITY SD,3602460,st_leaid,010100010000,ALBANY CITY SCHOOL DISTRICT,2024,
NY,010201040000,BERNE-KNOX-WESTERLO CSD,3604650,st_leaid,010201040000,BERNE-KNOX-WESTERLO CENTRAL SCHOOL DISTRICT,2024,
NY,010306060000,BETHLEHEM CSD,3604710,st_leaid,010306060000,BETHLEHEM CENTRAL SCHOOL DISTRICT,2024,
NY,010402060000,RAVENA-COEYMANS-SELKIRK CSD,3624150,st_leaid,010402060000,RAVENA-COEYMANS-SELKIRK CENTRAL SCHOOL DISTRICT,2024,
NY,010500010000,COHOES CITY SD,3607980,st_leaid,010500010000,COHOES CITY SCHOOL DISTRICT,2024,
NY,010601060000,SOUTH COLONIE CSD,3627210,st_leaid,010601060000,SOUTH COLONIE CENTRAL SCHOOL DISTRICT,2024,
NY,010615020000,MENANDS UFSD,3618990,st_leaid,010615020000,MENANDS UNION FREE SCHOOL DISTRICT,2024,
NY,010623060000,NORTH COLONIE CSD,3621000,st_leaid,010623060000,NORTH COLONIE CSD,2024,
NY,010701030000,GREEN ISLAND UFSD,3612660,st_leaid,010701030000,GREEN ISLAND UNION FREE SCHOOL DISTRICT,2024,
NY,010802060000,GUILDERLAND CSD,3613080,st_leaid,010802060000,GUILDERLAND CENTRAL SCHOOL DISTRICT,2024,
NY,011003060000,VOORHEESVILLE CSD,3629670,st_leaid,011003060000,VOORHEESVILLE CENTRAL SCHOOL DISTRICT,2024,
NY,011200010000,WATERVLIET CITY SD,3630210,st_leaid,011200010000,WATERVLIET CITY SCHOOL DISTRICT,2024,
NY,020101040000,ALFRED-ALMOND CSD,3602700,st_leaid,020101040000,ALFRED-ALMOND CENTRAL SCHOOL DISTRICT,2024,
NY,020601040000,ANDOVER CSD,3603030,st_leaid,020601040000,ANDOVER CENTRAL SCHOOL DISTRICT,2024,
NY,020702040000,GENESEE VALLEY CSD,3600017,st_leaid,020702040000,GENESEE VALLEY CENTRAL SCHOOL DISTRICT,2024,
NY,020801040000,BELFAST CSD,3604350,st_leaid,020801040000,BELFAST CENTRAL SCHOOL DISTRICT,2024,
NY,021102040000,CANASERAGA CSD,3606360,st_leaid,021102040000,CANASERAGA CENTRAL SCHOOL DISTRICT,2024,
NY,021601040000,FRIENDSHIP CSD,3611640,st_leaid,021601040000,FRIENDSHIP CENTRAL SCHOOL DISTRICT,2024,
NY,022001040000,FILLMORE CSD,3611070,st_leaid,022001040000,FILLMORE CENTRAL SCHOOL DISTRICT,2024,
NY,022101040000,WHITESVILLE CSD,3631350,st_leaid,022101040000,WHITESVILLE CENTRAL SCHOOL DISTRICT,2024,
NY,022302040000,CUBA-RUSHFORD CSD,3632010,st_leaid,022302040000,CUBA-RUSHFORD CENTRAL SCHOOL DISTRICT,2024,
NY,022401040000,SCIO CSD,3626190,st_leaid,022401040000,SCIO CENTRAL SCHOOL DISTRICT,2024,
NY,022601060000,WELLSVILLE CSD,3630480,st_leaid,022601060000,WELLSVILLE CENTRAL SCHOOL DISTRICT,2024,
NY,022902040000,BOLIVAR-RICHBURG CSD,3600012,st_leaid,022902040000,BOLIVAR-RICHBURG CENTRAL SCHOOL DISTRICT,2024,
NY,030101060000,CHENANGO FORKS CSD,3607260,st_leaid,030101060000,CHENANGO FORKS CENTRAL SCHOOL DISTRICT,2024,
NY,030200010000,BINGHAMTON CITY SD,3604870,st_leaid,030200010000,BINGHAMTON CITY SCHOOL DISTRICT,2024,
NY,030501040000,HARPURSVILLE CSD,3613710,st_leaid,030501040000,HARPURSVILLE CENTRAL SCHOOL DISTRICT,2024,
NY,030601060000,SUSQUEHANNA VALLEY CSD,3628380,st_leaid,030601060000,SUSQUEHANNA VALLEY CENTRAL SCHOOL DISTRICT,2024,
NY,030701060000,CHENANGO VALLEY CSD,3607290,st_leaid,030701060000,CHENANGO VALLEY CENTRAL SCHOOL DISTRICT,2024,
NY,031101060000,MAINE-ENDWELL CSD,3618150,st_leaid,031101060000,MAINE-ENDWELL CENTRAL SCHOOL DISTRICT,2024,
NY,031301040000,DEPOSIT CSD,3609060,st_leaid,031301040000,DEPOSIT CENTRAL SCHOOL DISTRICT,2024,
NY,031401060000,WHITNEY POINT CSD,3631380,st_leaid,031401060000,WHITNEY POINT CENTRAL SCHOOL DISTRICT,2024,
NY,031501060000,UNION-ENDICOTT CSD,3610710,st_leaid,031501060000,UNION-ENDICOTT CENTRAL SCHOOL DISTRICT,2024,
NY,031502060000,JOHNSON CITY CSD,3615900,st_leaid,031502060000,JOHNSON CITY CENTRAL SCHOOL DISTRICT,2024,
NY,031601060000,VESTAL CSD,3629610,st_leaid,031601060000,VESTAL CENTRAL SCHOOL DISTRICT,2024,
NY,031701060000,WINDSOR CSD,3602730,st_leaid,031701060000,WINDSOR CENTRAL SCHOOL DISTRICT,2024,
NY,040204040000,WEST VALLEY CSD,3630900,st_leaid,040204040000,WEST VALLEY CENTRAL SCHOOL DISTRICT,2024,
NY,040302060000,ALLEGANY-LIMESTONE CSD,3600015,st_leaid,040302060000,ALLEGANY-LIMESTONE CENTRAL SCHOOL DISTRICT,2024,
NY,040901040000,ELLICOTTVILLE CSD,3610530,st_leaid,040901040000,ELLICOTTVILLE CENTRAL SCHOOL DISTRICT,2024,
NY,041101040000,FRANKLINVILLE CSD,3611490,st_leaid,041101040000,FRANKLINVILLE CENTRAL SCHOOL DISTRICT,2024,
NY,041401040000,HINSDALE CSD,3614490,st_leaid,041401040000,HINSDALE CENTRAL SCHOOL DISTRICT,2024,
NY,042302040000,CATTARAUGUS-LITTLE VALLEY CSD,3600024,st_leaid,042302040000,CATTARAUGUS-LITTLE VALLEY CENTRAL SCHOOL DISTRICT,2024,
NY,042400010000,OLEAN CITY SD,3621720,st_leaid,042400010000,OLEAN CITY SCHOOL DISTRICT,2024,
NY,042801060000,GOWANDA CSD,3612390,st_leaid,042801060000,GOWANDA CENTRAL SCHOOL DISTRICT,2024,
NY,042901040000,PORTVILLE CSD,3623640,st_leaid,042901040000,PORTVILLE CENTRAL SCHOOL DISTRICT,2024,
NY,043001040000,RANDOLPH CSD,3624090,st_leaid,043001040000,RANDOLPH CENTRAL SCHOOL DISTRICT,2024,
NY,043011020000,RANDOLPH ACAD UFSD,3607440,st_leaid,043011020000,RANDOLPH ACADEMY UNION FREE SCHOOL DISTRICT,2024,
NY,043200050000,SALAMANCA CITY SD,3625440,st_leaid,043200050000,SALAMANCA CITY SCHOOL DISTRICT,2024,
NY,043501060000,YORKSHIRE-PIONEER CSD,3608970,st_leaid,043501060000,YORKSHIRE-PIONEER CENTRAL SCHOOL DISTRICT,2024,
NY,050100010000,AUBURN CITY SD,3603480,st_leaid,050100010000,AUBURN CITY SCHOOL DISTRICT,2024,
NY,050301040000,WEEDSPORT CSD,3630420,st_leaid,050301040000,WEEDSPORT CENTRAL SCHOOL DISTRICT,2024,
NY,050401040000,CATO-MERIDIAN CSD,3606690,st_leaid,050401040000,CATO-MERIDIAN CENTRAL SCHOOL DISTRICT,2024,
NY,050701040000,SOUTHERN CAYUGA CSD,3627570,st_leaid,050701040000,SOUTHERN CAYUGA CENTRAL SCHOOL DISTRICT,2024,
NY,051101040000,PORT BYRON CSD,3623430,st_leaid,051101040000,PORT BYRON CENTRAL SCHOOL DISTRICT,2024,
NY,051301040000,MORAVIA CSD,3619800,st_leaid,051301040000,MORAVIA CENTRAL SCHOOL DISTRICT,2024,
NY,051901040000,UNION SPRINGS CSD,3629250,st_leaid,051901040000,UNION SPRINGS CENTRAL SCHOOL DISTRICT,2024,
NY,060201060000,SOUTHWESTERN CSD AT JAMESTOWN,3627660,st_leaid,060201060000,SOUTHWESTERN CENTRAL SCHOOL DISTRICT AT JAMESTOWN,2024,
NY,060301040000,FREWSBURG CSD,3611610,st_leaid,060301040000,FREWSBURG CENTRAL SCHOOL DISTRICT,2024,
NY,060401040000,CASSADAGA VALLEY CSD,3606660,st_leaid,060401040000,CASSADAGA VALLEY CENTRAL SCHOOL DISTRICT,2024,
NY,060503040000,CHAUTAUQUA LAKE CSD,3600018,st_leaid,060503040000,CHAUTAUQUA LAKE CENTRAL SCHOOL DISTRICT,2024,
NY,060601040000,PINE VALLEY CSD (SOUTH DAYTON),3623070,st_leaid,060601040000,PINE VALLEY CENTRAL SCHOOL DISTRICT (SOUTH DAYTON),2024,
NY,060701040000,CLYMER CSD,3607890,st_leaid,060701040000,CLYMER CENTRAL SCHOOL DISTRICT,2024,
NY,060800010000,DUNKIRK CITY SD,3609420,st_leaid,060800010000,DUNKIRK CITY SCHOOL DISTRICT,2024,
NY,061001040000,BEMUS POINT CSD,3604530,st_leaid,061001040000,BEMUS POINT CENTRAL SCHOOL DISTRICT,2024,
NY,061101040000,FALCONER CSD,3610920,st_leaid,061101040000,FALCONER CENTRAL SCHOOL DISTRICT,2024,
NY,061501040000,SILVER CREEK CSD,3626880,st_leaid,061501040000,SILVER CREEK CENTRAL SCHOOL DISTRICT,2024,
NY,061503040000,FORESTVILLE CSD,3611250,st_leaid,061503040000,FORESTVILLE CENTRAL SCHOOL DISTRICT,2024,
NY,061601040000,PANAMA CSD,3622410,st_leaid,061601040000,PANAMA CENTRAL SCHOOL DISTRICT,2024,
NY,061700010000,JAMESTOWN CITY SD,3615630,st_leaid,061700010000,JAMESTOWN CITY SCHOOL DISTRICT,2024,
NY,062201060000,FREDONIA CSD,3611520,st_leaid,062201060000,FREDONIA CENTRAL SCHOOL DISTRICT,2024,
NY,062301040000,BROCTON CSD,3605610,st_leaid,062301040000,BROCTON CENTRAL SCHOOL DISTRICT,2024,
NY,062601040000,SHERMAN CSD,3626730,st_leaid,062601040000,SHERMAN CENTRAL SCHOOL DISTRICT,2024,
NY,062901040000,WESTFIELD CSD,3630990,st_leaid,062901040000,WESTFIELD CENTRAL SCHOOL DISTRICT,2024,
NY,070600010000,ELMIRA CITY SD,3610560,st_leaid,070600010000,ELMIRA CITY SCHOOL DISTRICT,2024,
NY,070901060000,HORSEHEADS CSD,3614850,st_leaid,070901060000,HORSEHEADS CENTRAL SCHOOL DISTRICT,2024,
NY,070902060000,ELMIRA HEIGHTS CSD,3610590,st_leaid,070902060000,ELMIRA HEIGHTS CENTRAL SCHOOL DISTRICT,2024,
NY,080101040000,AFTON CSD,3602400,st_leaid,080101040000,AFTON CENTRAL SCHOOL DISTRICT,2024,
NY,080201040000,BAINBRIDGE-GUILFORD CSD,3603810,st_leaid,080201040000,BAINBRIDGE-GUILFORD CENTRAL SCHOOL DISTRICT,2024,
NY,080601040000,GREENE CSD,3612750,st_leaid,080601040000,GREENE CENTRAL SCHOOL DISTRICT,2024,
NY,081003040000,UNADILLA VALLEY CSD,3600019,st_leaid,081003040000,UNADILLA VALLEY CENTRAL SCHOOL DISTRICT,2024,
NY,081200050000,NORWICH CITY SD,3621330,st_leaid,081200050000,NORWICH CITY SCHOOL DISTRICT,2024,
NY,081401040000,OTSELIC VALLEY CSD,3622100,st_leaid,081401040000,OTSELIC VALLEY CSD,2024,
NY,081501040000,OXFORD ACADEMY & CSD,3622260,st_leaid,081501040000,OXFORD ACADEMY AND CENTRAL SCHOOL DISTRICT,2024,
NY,082001040000,SHERBURNE-EARLVILLE CSD,3626700,st_leaid,082001040000,SHERBURNE-EARLVILLE CENTRAL SCHOOL DISTRICT,2024,
NY,090201040000,AUSABLE VALLEY CSD,3616170,st_leaid,090201040000,AUSABLE VALLEY CENTRAL SCHOOL DISTRICT,2024,
NY,090301060000,BEEKMANTOWN CSD,3604290,st_leaid,090301060000,BEEKMANTOWN CENTRAL SCHOOL DISTRICT,2024,
NY,090501040000,NORTHEASTERN CLINTON CSD,3621250,st_leaid,090501040000,NORTHEASTERN CLINTON CENTRAL SCHOOL DISTRICT,2024,
NY,090601020000,CHAZY UFSD,3607170,st_leaid,090601020000,CHAZY UNION FREE SCHOOL DISTRICT,2024,
NY,090901040000,NORTHERN ADIRONDACK CSD,3621260,st_leaid,090901040000,NORTHERN ADIRONDACK CENTRAL SCHOOL DISTRICT,2024,
NY,091101060000,PERU CSD,3622830,st_leaid,091101060000,PERU CENTRAL SCHOOL DISTRICT,2024,
NY,091200010000,PLATTSBURGH CITY SD,3623280,st_leaid,091200010000,PLATTSBURGH CITY SCHOOL DISTRICT,2024,
NY,091402060000,SARANAC CSD,3600009,st_leaid,091402060000,SARANAC CENTRAL SCHOOL DISTRICT,2024,
NY,100501040000,TACONIC HILLS CSD,3628620,st_leaid,100501040000,TACONIC HILLS CENTRAL SCHOOL DISTRICT,2024,
NY,100902040000,GERMANTOWN CSD,3612030,st_leaid,100902040000,GERMANTOWN CENTRAL SCHOOL DISTRICT,2024,
NY,101001040000,CHATHAM CSD,3607110,st_leaid,101001040000,CHATHAM CENTRAL SCHOOL DISTRICT,2024,
NY,101300010000,HUDSON CITY SD,3614940,st_leaid,101300010000,HUDSON CITY SCHOOL DISTRICT,2024,
NY,101401040000,KINDERHOOK CSD,3615210,st_leaid,101401040000,KINDERHOOK CENTRAL SCHOOL DISTRICT,2024,
NY,101601040000,NEW LEBANON CSD,3620430,st_leaid,101601040000,NEW LEBANON CENTRAL SCHOOL DISTRICT,2024,
NY,110101040000,CINCINNATUS CSD,3607560,st_leaid,110101040000,CINCINNATUS CENTRAL SCHOOL DISTRICT,2024,
NY,110200010000,CORTLAND CITY SD,3608460,st_leaid,110200010000,CORTLAND CITY SCHOOL DISTRICT,2024,
NY,110304040000,MCGRAW CSD,3618840,st_leaid,110304040000,MCGRAW CENTRAL SCHOOL DISTRICT,2024,
NY,110701060000,HOMER CSD,3614640,st_leaid,110701060000,HOMER CENTRAL SCHOOL DISTRICT,2024,
NY,110901040000,MARATHON CSD,3618450,st_leaid,110901040000,MARATHON CENTRAL SCHOOL DISTRICT,2024,
NY,120102040000,ANDES CSD,3603000,st_leaid,120102040000,ANDES CENTRAL SCHOOL DISTRICT,2024,
NY,120301040000,DOWNSVILLE CSD,3609240,st_leaid,120301040000,DOWNSVILLE CENTRAL SCHOOL DISTRICT,2024,
NY,120401040000,CHARLOTTE VALLEY CSD,3607050,st_leaid,120401040000,CHARLOTTE VALLEY CENTRAL SCHOOL DISTRICT,2024,
NY,120501040000,DELAWARE ACADEMY CSD AT DELHI,3608910,st_leaid,120501040000,DELAWARE ACADEMY CENTRAL SCHOOL DISTRICT AT DELHI,2024,
NY,120701040000,FRANKLIN CSD,3611430,st_leaid,120701040000,FRANKLIN CENTRAL SCHOOL DISTRICT,2024,
NY,120906040000,HANCOCK CSD,3613560,st_leaid,120906040000,HANCOCK CENTRAL SCHOOL DISTRICT,2024,
NY,121401040000,MARGARETVILLE CSD,3618510,st_leaid,121401040000,MARGARETVILLE CENTRAL SCHOOL DISTRICT,2024,
NY,121502040000,ROXBURY CSD,3625110,st_leaid,121502040000,ROXBURY CENTRAL SCHOOL DISTRICT,2024,
NY,121601060000,SIDNEY CSD,3626850,st_leaid,121601060000,SIDNEY CENTRAL SCHOOL DISTRICT,2024,
NY,121701040000,STAMFORD CSD,3628020,st_leaid,121701040000,STAMFORD CENTRAL SCHOOL DISTRICT,2024,
NY,121702040000,SOUTH KORTRIGHT CSD,3627330,st_leaid,121702040000,SOUTH KORTRIGHT CENTRAL SCHOOL DISTRICT,2024,
NY,121901040000,WALTON CSD,3629820,st_leaid,121901040000,WALTON CENTRAL SCHOOL DISTRICT,2024,
NY,130200010000,BEACON CITY SD,3604140,st_leaid,130200010000,BEACON CITY SCHOOL DISTRICT,2024,
NY,130502020000,DOVER UFSD,3609210,st_leaid,130502020000,DOVER UNION FREE SCHOOL DISTRICT,2024,
NY,130801060000,HYDE PARK CSD,3615180,st_leaid,130801060000,HYDE PARK CENTRAL SCHOOL DISTRICT,2024,
NY,131101040000,NORTHEAST CSD,3630390,st_leaid,131101040000,NORTHEAST CENTRAL SCHOOL DISTRICT,2024,
NY,131201040000,PAWLING CSD,3622530,st_leaid,131201040000,PAWLING CENTRAL SCHOOL DISTRICT,2024,
NY,131301040000,PINE PLAINS CSD,3623040,st_leaid,131301040000,PINE PLAINS CENTRAL SCHOOL DISTRICT,2024,
NY,131500010000,POUGHKEEPSIE CITY SD,3623760,st_leaid,131500010000,POUGHKEEPSIE CITY SCHOOL DISTRICT,2024,
NY,131601060000,ARLINGTON CSD,3603270,st_leaid,131601060000,ARLINGTON CENTRAL SCHOOL DISTRICT,2024,
NY,131602020000,SPACKENKILL UFSD,3606500,st_leaid,131602020000,SPACKENKILL UNION FREE SCHOOL DISTRICT,2024,
NY,131701060000,RED HOOK CSD,3624240,st_leaid,131701060000,RED HOOK CENTRAL SCHOOL DISTRICT,2024,
NY,131801040000,RHINEBECK CSD,3624480,st_leaid,131801040000,RHINEBECK CENTRAL SCHOOL DISTRICT,2024,
NY,132101060000,WAPPINGERS CSD,3629880,st_leaid,132101060000,WAPPINGERS CENTRAL SCHOOL DISTRICT,2024,
NY,132201040000,MILLBROOK CSD,3619380,st_leaid,132201040000,MILLBROOK CENTRAL SCHOOL DISTRICT,2024,
NY,140101060000,ALDEN CSD,3602550,st_leaid,140101060000,ALDEN CENTRAL SCHOOL DISTRICT,2024,
NY,140201060000,AMHERST CSD,3602920,st_leaid,140201060000,AMHERST CENTRAL SCHOOL DISTRICT,2024,
NY,140203060000,WILLIAMSVILLE CSD,3631470,st_leaid,140203060000,WILLIAMSVILLE CENTRAL SCHOOL DISTRICT,2024,
NY,140207060000,SWEET HOME CSD,3628500,st_leaid,140207060000,SWEET HOME CENTRAL SCHOOL DISTRICT,2024,
NY,140301030000,EAST AURORA UFSD,3609540,st_leaid,140301030000,EAST AURORA UNION FREE SCHOOL DISTRICT,2024,
NY,140600010000,BUFFALO CITY SD,3605850,st_leaid,140600010000,BUFFALO CITY SCHOOL DISTRICT,2024,
NY,140701060000,CHEEKTOWAGA CSD,3607230,st_leaid,140701060000,CHEEKTOWAGA CENTRAL SCHOOL DISTRICT,2024,
NY,140702030000,CHEEKTOWAGA-MARYVALE UFSD,3618600,st_leaid,140702030000,CHEEKTOWAGA-MARYVALE UNION FREE SCHOOL DISTRICT,2024,
NY,140703020000,CLEVELAND HILL UFSD,3607680,st_leaid,140703020000,CLEVELAND HILL UNION FREE SCHOOL DISTRICT,2024,
NY,140707030000,DEPEW UFSD,3609030,st_leaid,140707030000,DEPEW UNION FREE SCHOOL DISTRICT,2024,
NY,140709030000,CHEEKTOWAGA-SLOAN UFSD,3627000,st_leaid,140709030000,CHEEKTOWAGA-SLOAN UNION FREE SCHOOL DISTRICT,2024,
NY,140801060000,CLARENCE CSD,3607590,st_leaid,140801060000,CLARENCE CENTRAL SCHOOL DISTRICT,2024,
NY,141101060000,SPRINGVILLE-GRIFFITH INST CSD,3612990,st_leaid,141101060000,SPRINGVILLE-GRIFFITH INSTITUTE CENTRAL SCHOOL DISTRICT,2024,
NY,141201060000,EDEN CSD,3610170,st_leaid,141201060000,EDEN CENTRAL SCHOOL DISTRICT,2024,
NY,141301060000,IROQUOIS CSD,3615360,st_leaid,141301060000,IROQUOIS CENTRAL SCHOOL DISTRICT,2024,
NY,141401060000,EVANS-BRANT CSD (LAKE SHORE),3616560,st_leaid,141401060000,EVANS-BRANT CENTRAL SCHOOL DISTRICT (LAKE SHORE),2024,
NY,141501060000,GRAND ISLAND CSD,3607020,st_leaid,141501060000,GRAND ISLAND CENTRAL SCHOOL DISTRICT,2024,
NY,141601060000,HAMBURG CSD,3613350,st_leaid,141601060000,HAMBURG CENTRAL SCHOOL DISTRICT,2024,
NY,141604060000,FRONTIER CSD,3611670,st_leaid,141604060000,FRONTIER CENTRAL SCHOOL DISTRICT,2024,
NY,141701040000,HOLLAND CSD,3614550,st_leaid,141701040000,HOLLAND CENTRAL SCHOOL DISTRICT,2024,
NY,141800010000,LACKAWANNA CITY SD,3616440,st_leaid,141800010000,LACKAWANNA CITY SCHOOL DISTRICT,2024,
NY,141901060000,LANCASTER CSD,3616680,st_leaid,141901060000,LANCASTER CENTRAL SCHOOL DISTRICT,2024,
NY,142101040000,AKRON CSD,3602430,st_leaid,142101040000,AKRON CENTRAL SCHOOL DISTRICT,2024,
NY,142201040000,NORTH COLLINS CSD,3620970,st_leaid,142201040000,NORTH COLLINS CENTRAL SCHOOL DISTRICT,2024,
NY,142301060000,ORCHARD PARK CSD,3621900,st_leaid,142301060000,ORCHARD PARK CENTRAL SCHOOL DISTRICT,2024,
NY,142500010000,TONAWANDA CITY SD,3628740,st_leaid,142500010000,TONAWANDA CITY SCHOOL DISTRICT,2024,
NY,142601030000,KENMORE-TONAWANDA UFSD,3616230,st_leaid,142601030000,KENMORE-TONAWANDA UNION FREE SCHOOL DISTRICT,2024,
NY,142801060000,WEST SENECA CSD,3630780,st_leaid,142801060000,WEST SENECA CENTRAL SCHOOL DISTRICT,2024,
NY,150203040000,CROWN POINT CSD,3608610,st_leaid,150203040000,CROWN POINT CENTRAL SCHOOL DISTRICT,2024,
NY,150601040000,KEENE CSD,3616140,st_leaid,150601040000,KEENE CENTRAL SCHOOL DISTRICT,2024,
NY,150801040000,MINERVA CSD,3619530,st_leaid,150801040000,MINERVA CENTRAL SCHOOL DISTRICT,2024,
NY,150901040000,MORIAH CSD,3619830,st_leaid,150901040000,MORIAH CENTRAL SCHOOL DISTRICT,2024,
NY,151001040000,NEWCOMB CSD,3620730,st_leaid,151001040000,NEWCOMB CENTRAL SCHOOL DISTRICT,2024,
NY,151102040000,LAKE PLACID CSD,3616500,st_leaid,151102040000,LAKE PLACID CENTRAL SCHOOL DISTRICT,2024,
NY,151401040000,SCHROON LAKE CSD,3626130,st_leaid,151401040000,SCHROON LAKE CENTRAL SCHOOL DISTRICT,2024,
NY,151501060000,TICONDEROGA CSD,3628680,st_leaid,151501060000,TICONDEROGA CENTRAL SCHOOL DISTRICT,2024,
NY,151701040000,WILLSBORO CSD,3631500,st_leaid,151701040000,WILLSBORO CENTRAL SCHOOL DISTRICT,2024,
NY,151801040000,BOQUET VALLEY CSD,3601189,st_leaid,151801040000,BOQUET VALLEY CSD,2024,
NY,160101060000,TUPPER LAKE CSD,3629160,st_leaid,160101060000,TUPPER LAKE CENTRAL SCHOOL DISTRICT,2024,
NY,160801040000,CHATEAUGAY CSD,3607080,st_leaid,160801040000,CHATEAUGAY CENTRAL SCHOOL DISTRICT,2024,
NY,161201040000,SALMON RIVER CSD,3625500,st_leaid,161201040000,SALMON RIVER CENTRAL SCHOOL DISTRICT,2024,
NY,161401060000,SARANAC LAKE CSD,3625740,st_leaid,161401060000,SARANAC LAKE CENTRAL SCHOOL DISTRICT,2024,
NY,161501060000,MALONE CSD,3618180,st_leaid,161501060000,MALONE CENTRAL SCHOOL DISTRICT,2024,
NY,161601040000,BRUSHTON-MOIRA CSD,3605820,st_leaid,161601040000,BRUSHTON-MOIRA CENTRAL SCHOOL DISTRICT,2024,
NY,161801040000,ST REGIS FALLS CSD,3627990,st_leaid,161801040000,SAINT REGIS FALLS CENTRAL SCHOOL DISTRICT,2024,
NY,170301020000,WHEELERVILLE UFSD,3631200,st_leaid,170301020000,WHEELERVILLE UNION FREE SCHOOL DISTRICT,2024,
NY,170500010000,GLOVERSVILLE CITY SD,3612270,st_leaid,170500010000,GLOVERSVILLE CITY SCHOOL DISTRICT,2024,
NY,170600010000,JOHNSTOWN CITY SD,3615980,st_leaid,170600010000,JOHNSTOWN CITY SCHOOL DISTRICT,2024,
NY,170801040000,MAYFIELD CSD,3618750,st_leaid,170801040000,MAYFIELD CENTRAL SCHOOL DISTRICT,2024,
NY,170901040000,NORTHVILLE CSD,3621300,st_leaid,170901040000,NORTHVILLE CENTRAL SCHOOL DISTRICT,2024,
NY,171102040000,BROADALBIN-PERTH CSD,3600005,st_leaid,171102040000,BROADALBIN-PERTH CENTRAL SCHOOL DISTRICT,2024,
NY,180202040000,ALEXANDER CSD,3602580,st_leaid,180202040000,ALEXANDER CENTRAL SCHOOL DISTRICT,2024,
NY,180300010000,BATAVIA CITY SD,3603990,st_leaid,180300010000,BATAVIA CITY SCHOOL DISTRICT,2024,
NY,180701040000,BYRON-BERGEN CSD,3606090,st_leaid,180701040000,BYRON-BERGEN CENTRAL SCHOOL DISTRICT,2024,
NY,180901040000,ELBA CSD,3610380,st_leaid,180901040000,ELBA CENTRAL SCHOOL DISTRICT,2024,
NY,181001060000,LE ROY CSD,3616950,st_leaid,181001060000,LE ROY CENTRAL SCHOOL DISTRICT,2024,
NY,181101040000,OAKFIELD-ALABAMA CSD,3621510,st_leaid,181101040000,OAKFIELD-ALABAMA CENTRAL SCHOOL DISTRICT,2024,
NY,181201040000,PAVILION CSD,3622500,st_leaid,181201040000,PAVILION CENTRAL SCHOOL DISTRICT,2024,
NY,181302040000,PEMBROKE CSD,3608340,st_leaid,181302040000,PEMBROKE CENTRAL SCHOOL DISTRICT,2024,
NY,190301040000,CAIRO-DURHAM CSD,3606160,st_leaid,190301040000,CAIRO-DURHAM CENTRAL SCHOOL DISTRICT,2024,
NY,190401060000,CATSKILL CSD,3606720,st_leaid,190401060000,CATSKILL CENTRAL SCHOOL DISTRICT,2024,
NY,190501040000,COXSACKIE-ATHENS CSD,3608490,st_leaid,190501040000,COXSACKIE-ATHENS CENTRAL SCHOOL DISTRICT,2024,
NY,190701040000,GREENVILLE CSD,3612870,st_leaid,190701040000,GREENVILLE CENTRAL SCHOOL DISTRICT,2024,
NY,190901040000,HUNTER-TANNERSVILLE CSD,3615060,st_leaid,190901040000,HUNTER-TANNERSVILLE CENTRAL SCHOOL DISTRICT,2024,
NY,191401040000,WINDHAM-ASHLAND-JEWETT CSD,3631590,st_leaid,191401040000,WINDHAM-ASHLAND-JEWETT CENTRAL SCHOOL DISTRICT,2024,
NY,200401040000,INDIAN LAKE CSD,3615270,st_leaid,200401040000,INDIAN LAKE CENTRAL SCHOOL DISTRICT,2024,
NY,200601040000,LAKE PLEASANT CSD,3616530,st_leaid,200601040000,LAKE PLEASANT CENTRAL SCHOOL DISTRICT,2024,
NY,200701040000,LONG LAKE CSD,3617760,st_leaid,200701040000,LONG LAKE CENTRAL SCHOOL DISTRICT,2024,
NY,200901040000,WELLS CSD,3630450,st_leaid,200901040000,WELLS CENTRAL SCHOOL DISTRICT,2024,
NY,210302040000,WEST CANADA VALLEY CSD,3630600,st_leaid,210302040000,WEST CANADA VALLEY CENTRAL SCHOOL DISTRICT,2024,
NY,210402060000,FRANKFORT-SCHUYLER CSD,3611400,st_leaid,210402060000,FRANKFORT-SCHUYLER CENTRAL SCHOOL DISTRICT,2024,
NY,210601060000,HERKIMER CSD,3614220,st_leaid,210601060000,HERKIMER CENTRAL SCHOOL DISTRICT,2024,
NY,210800050000,LITTLE FALLS CITY SD,3617460,st_leaid,210800050000,LITTLE FALLS CITY SCHOOL DISTRICT,2024,
NY,211003040000,DOLGEVILLE CSD,3600001,st_leaid,211003040000,DOLGEVILLE CENTRAL SCHOOL DISTRICT,2024,
NY,211103040000,POLAND CSD,3623370,st_leaid,211103040000,POLAND CENTRAL SCHOOL DISTRICT,2024,
NY,211701040000,VAN HORNESVILLE-OWEN D YOUNG CSD,3622200,st_leaid,211701040000,VAN HORNESVILLE-OWEN D YOUNG CENTRAL SCHOOL DISTRICT,2024,
NY,211901020000,TOWN OF WEBB UFSD,3628800,st_leaid,211901020000,TOWN OF WEBB UNION FREE SCHOOL DISTRICT,2024,
NY,212001040000,MOUNT MARKHAM CSD,3630930,st_leaid,212001040000,MOUNT MARKHAM CENTRAL SCHOOL DISTRICT,2024,
NY,212101040000,CENTRAL VALLEY CSD AT ILION-MOHAWK,3601087,st_leaid,212101040000,CENTRAL VALLEY CSD AT ILION-MOHAWK,2024,
NY,220101040000,SOUTH JEFFERSON CSD,3602340,st_leaid,220101040000,SOUTH JEFFERSON CENTRAL SCHOOL DISTRICT,2024,
NY,220202040000,ALEXANDRIA CSD,3602670,st_leaid,220202040000,ALEXANDRIA CENTRAL SCHOOL DISTRICT,2024,
NY,220301060000,INDIAN RIVER CSD,3615300,st_leaid,220301060000,INDIAN RIVER CENTRAL SCHOOL DISTRICT,2024,
NY,220401040000,GENERAL BROWN CSD,3611910,st_leaid,220401040000,GENERAL BROWN CENTRAL SCHOOL DISTRICT,2024,
NY,220701040000,THOUSAND ISLANDS CSD,3607650,st_leaid,220701040000,THOUSAND ISLANDS CENTRAL SCHOOL DISTRICT,2024,
NY,220909040000,BELLEVILLE-HENDERSON CSD,3604370,st_leaid,220909040000,BELLEVILLE-HENDERSON CENTRAL SCHOOL DISTRICT,2024,
NY,221001040000,SACKETS HARBOR CSD,3614880,st_leaid,221001040000,SACKETS HARBOR CENTRAL SCHOOL DISTRICT,2024,
NY,221301040000,LYME CSD,3617880,st_leaid,221301040000,LYME CENTRAL SCHOOL DISTRICT,2024,
NY,221401040000,LA FARGEVILLE CSD,3616380,st_leaid,221401040000,LA FARGEVILLE CENTRAL SCHOOL DISTRICT,2024,
NY,222000010000,WATERTOWN CITY SD,3630120,st_leaid,222000010000,WATERTOWN CITY SCHOOL DISTRICT,2024,
NY,222201060000,CARTHAGE CSD,3606630,st_leaid,222201060000,CARTHAGE CENTRAL SCHOOL DISTRICT,2024,
NY,230201040000,COPENHAGEN CSD,3608280,st_leaid,230201040000,COPENHAGEN CENTRAL SCHOOL DISTRICT,2024,
NY,230301040000,HARRISVILLE CSD,3613770,st_leaid,230301040000,HARRISVILLE CENTRAL SCHOOL DISTRICT,2024,
NY,230901040000,LOWVILLE ACADEMY & CSD,3617820,st_leaid,230901040000,LOWVILLE ACADEMY & CENTRAL SCHOOL DISTRICT,2024,
NY,231101040000,SOUTH LEWIS CSD,3627360,st_leaid,231101040000,SOUTH LEWIS CENTRAL SCHOOL DISTRICT,2024,
NY,231301040000,BEAVER RIVER CSD,3604200,st_leaid,231301040000,BEAVER RIVER CENTRAL SCHOOL DISTRICT,2024,
NY,240101040000,AVON CSD,3603660,st_leaid,240101040000,AVON CENTRAL SCHOOL DISTRICT,2024,
NY,240201040000,CALEDONIA-MUMFORD CSD,3606180,st_leaid,240201040000,CALEDONIA-MUMFORD CENTRAL SCHOOL DISTRICT,2024,
NY,240401040000,GENESEO CSD,3611940,st_leaid,240401040000,GENESEO CENTRAL SCHOOL DISTRICT,2024,
NY,240801060000,LIVONIA CSD,3617640,st_leaid,240801060000,LIVONIA CENTRAL SCHOOL DISTRICT,2024,
NY,240901040000,MT MORRIS CSD,3620010,st_leaid,240901040000,MOUNT MORRIS CENTRAL SCHOOL DISTRICT,2024,
NY,241001060000,DANSVILLE CSD,3608790,st_leaid,241001060000,DANSVILLE CENTRAL SCHOOL DISTRICT,2024,
NY,241101040000,DALTON-NUNDA CSD (KESHEQUA),3621450,st_leaid,241101040000,DALTON-NUNDA CENTRAL SCHOOL DISTRICT (KESHEQUA),2024,
NY,241701040000,YORK CSD,3631950,st_leaid,241701040000,YORK CENTRAL SCHOOL DISTRICT,2024,
NY,250109040000,BROOKFIELD CSD,3605670,st_leaid,250109040000,BROOKFIELD CENTRAL SCHOOL DISTRICT,2024,
NY,250201060000,CAZENOVIA CSD,3606780,st_leaid,250201060000,CAZENOVIA CENTRAL SCHOOL DISTRICT,2024,
NY,250301040000,DERUYTER CSD,3608850,st_leaid,250301040000,DERUYTER CENTRAL SCHOOL DISTRICT,2024,
NY,250401040000,MORRISVILLE-EATON CSD,3619920,st_leaid,250401040000,MORRISVILLE-EATON CENTRAL SCHOOL DISTRICT,2024,
NY,250701040000,HAMILTON CSD,3613380,st_leaid,250701040000,HAMILTON CENTRAL SCHOOL DISTRICT,2024,
NY,250901060000,CANASTOTA CSD,3606390,st_leaid,250901060000,CANASTOTA CENTRAL SCHOOL DISTRICT,2024,
NY,251101040000,MADISON CSD,3618080,st_leaid,251101040000,MADISON CENTRAL SCHOOL DISTRICT,2024,
NY,251400010000,ONEIDA CITY SD,3600013,st_leaid,251400010000,ONEIDA CITY SCHOOL DISTRICT,2024,
NY,251501040000,STOCKBRIDGE VALLEY CSD,3628140,st_leaid,251501040000,STOCKBRIDGE VALLEY CENTRAL SCHOOL DISTRICT,2024,
NY,251601060000,CHITTENANGO CSD,3607470,st_leaid,251601060000,CHITTENANGO CENTRAL SCHOOL DISTRICT,2024,
NY,260101060000,BRIGHTON CSD,3605460,st_leaid,260101060000,BRIGHTON CENTRAL SCHOOL DISTRICT,2024,
NY,260401060000,GATES CHILI CSD,3611880,st_leaid,260401060000,GATES CHILI CENTRAL SCHOOL DISTRICT,2024,
NY,260501060000,GREECE CSD,3612630,st_leaid,260501060000,GREECE CENTRAL SCHOOL DISTRICT,2024,
NY,260801060000,EAST IRONDEQUOIT CSD,3609690,st_leaid,260801060000,EAST IRONDEQUOIT CENTRAL SCHOOL DISTRICT,2024,
NY,260803060000,WEST IRONDEQUOIT CSD,3615390,st_leaid,260803060000,WEST IRONDEQUOIT CENTRAL SCHOOL DISTRICT,2024,
NY,260901060000,HONEOYE FALLS-LIMA CSD,3614700,st_leaid,260901060000,HONEOYE FALLS-LIMA CENTRAL SCHOOL DISTRICT,2024,
NY,261001060000,SPENCERPORT CSD,3627780,st_leaid,261001060000,SPENCERPORT CENTRAL SCHOOL DISTRICT,2024,
NY,261101060000,HILTON CSD,3614460,st_leaid,261101060000,HILTON CENTRAL SCHOOL DISTRICT,2024,
NY,261201060000,PENFIELD CSD,3622710,st_leaid,261201060000,PENFIELD CENTRAL SCHOOL DISTRICT,2024,
NY,261301060000,FAIRPORT CSD,3610890,st_leaid,261301060000,FAIRPORT CENTRAL SCHOOL DISTRICT,2024,
NY,261313030000,EAST ROCHESTER UFSD,3609930,st_leaid,261313030000,EAST ROCHESTER UNION FREE SCHOOL DISTRICT,2024,
NY,261401060000,PITTSFORD CSD,3623160,st_leaid,261401060000,PITTSFORD CENTRAL SCHOOL DISTRICT,2024,
NY,261501060000,CHURCHVILLE-CHILI CSD,3607530,st_leaid,261501060000,CHURCHVILLE-CHILI CENTRAL SCHOOL DISTRICT,2024,
NY,261600010000,ROCHESTER CITY SD,3624750,st_leaid,261600010000,ROCHESTER CITY SCHOOL DISTRICT,2024,
NY,261701060000,RUSH-HENRIETTA CSD,3625170,st_leaid,261701060000,RUSH-HENRIETTA CENTRAL SCHOOL DISTRICT,2024,
NY,261801060000,BROCKPORT CSD,3605580,st_leaid,261801060000,BROCKPORT CENTRAL SCHOOL DISTRICT,2024,
NY,261901060000,WEBSTER CSD,3630360,st_leaid,261901060000,WEBSTER CENTRAL SCHOOL DISTRICT,2024,
NY,262001040000,WHEATLAND-CHILI CSD,3631170,st_leaid,262001040000,WHEATLAND-CHILI CENTRAL SCHOOL DISTRICT,2024,
NY,270100010000,AMSTERDAM CITY SD,3602970,st_leaid,270100010000,AMSTERDAM CITY SCHOOL DISTRICT,2024,
NY,270301040000,CANAJOHARIE CSD,3606300,st_leaid,270301040000,CANAJOHARIE CENTRAL SCHOOL DISTRICT,2024,
NY,270601040000,FONDA-FULTONVILLE CSD,3611190,st_leaid,270601040000,FONDA-FULTONVILLE CENTRAL SCHOOL DISTRICT,2024,
NY,270701040000,FORT PLAIN CSD,3611370,st_leaid,270701040000,FORT PLAIN CENTRAL SCHOOL DISTRICT,2024,
NY,271201040000,OPPENHEIM-EPHRATAH-ST. JOHNSVILLE CS,3601107,st_leaid,271201040000,OPPENHEIM-EPHRATAH-ST. JOHNSVILLE CSD,2024,
NY,280100010000,GLEN COVE CITY SD,3612180,st_leaid,280100010000,GLEN COVE CITY SCHOOL DISTRICT,2024,
NY,280201030000,HEMPSTEAD UFSD,3614130,st_leaid,280201030000,HEMPSTEAD UNION FREE SCHOOL DISTRICT,2024,
NY,280202030000,UNIONDALE UFSD,3629280,st_leaid,280202030000,UNIONDALE UNION FREE SCHOOL DISTRICT,2024,
NY,280203030000,EAST MEADOW UFSD,3609840,st_leaid,280203030000,EAST MEADOW UNION FREE SCHOOL DISTRICT,2024,
NY,280205030000,LEVITTOWN UFSD,3617160,st_leaid,280205030000,LEVITTOWN UNION FREE SCHOOL DISTRICT,2024,
NY,280206030000,SEAFORD UFSD,3626400,st_leaid,280206030000,SEAFORD UNION FREE SCHOOL DISTRICT,2024,
NY,280208030000,ROOSEVELT UFSD,3624990,st_leaid,280208030000,ROOSEVELT UNION FREE SCHOOL DISTRICT,2024,
NY,280209030000,FREEPORT UFSD,3611550,st_leaid,280209030000,FREEPORT UNION FREE SCHOOL DISTRICT,2024,
NY,280210030000,BALDWIN UFSD,3603840,st_leaid,280210030000,BALDWIN UNION FREE SCHOOL DISTRICT,2024,
NY,280211030000,OCEANSIDE UFSD,3621570,st_leaid,280211030000,OCEANSIDE UNION FREE SCHOOL DISTRICT,2024,
NY,280212030000,MALVERNE UFSD,3618210,st_leaid,280212030000,MALVERNE UNION FREE SCHOOL DISTRICT,2024,
NY,280214030000,HEWLETT-WOODMERE UFSD,3631710,st_leaid,280214030000,HEWLETT-WOODMERE UNION FREE SCHOOL DISTRICT,2024,
NY,280215030000,LAWRENCE UFSD,3616830,st_leaid,280215030000,LAWRENCE UNION FREE SCHOOL DISTRICT,2024,
NY,280218030000,GARDEN CITY UFSD,3611760,st_leaid,280218030000,GARDEN CITY UNION FREE SCHOOL DISTRICT,2024,
NY,280219030000,EAST ROCKAWAY UFSD,3609960,st_leaid,280219030000,EAST ROCKAWAY UNION FREE SCHOOL DISTRICT,2024,
NY,280220030000,LYNBROOK UFSD,3617910,st_leaid,280220030000,LYNBROOK UNION FREE SCHOOL DISTRICT,2024,
NY,280221030000,ROCKVILLE CENTRE UFSD,3624780,st_leaid,280221030000,ROCKVILLE CENTRE UNION FREE SCHOOL DISTRICT,2024,
NY,280223030000,WANTAGH UFSD,3629850,st_leaid,280223030000,WANTAGH UNION FREE SCHOOL DISTRICT,2024,
NY,280226030000,ISLAND TREES UFSD,3615510,st_leaid,280226030000,ISLAND TREES UNION FREE SCHOOL DISTRICT,2024,
NY,280227030000,WEST HEMPSTEAD UFSD,3630660,st_leaid,280227030000,WEST HEMPSTEAD UNION FREE SCHOOL DISTRICT,2024,
NY,280231020000,ISLAND PARK UFSD,3615480,st_leaid,280231020000,ISLAND PARK UNION FREE SCHOOL DISTRICT,2024,
NY,280251070000,VALLEY STREAM CENTRAL HS DISTRICT,3629520,st_leaid,280251070000,VALLEY STREAM CENTRAL HIGH SCHOOL DISTRICT,2024,
NY,280252070000,SEWANHAKA CENTRAL HS DISTRICT,3626520,st_leaid,280252070000,SEWANHAKA CENTRAL HIGH SCHOOL DISTRICT,2024,
NY,280253070000,BELLMORE-MERRICK CENTRAL HS DISTRICT,3619020,st_leaid,280253070000,BELLMORE-MERRICK CENTRAL HIGH SCHOOL DISTRICT,2024,
NY,280300010000,LONG BEACH CITY SD,3617730,st_leaid,280300010000,LONG BEACH CITY SCHOOL DISTRICT,2024,
NY,280401030000,WESTBURY UFSD,3630960,st_leaid,280401030000,WESTBURY UNION FREE SCHOOL DISTRICT,2024,
NY,280402030000,EAST WILLISTON UFSD,3610050,st_leaid,280402030000,EAST WILLISTON UNION FREE SCHOOL DISTRICT,2024,
NY,280403030000,ROSLYN UFSD,3625050,st_leaid,280403030000,ROSLYN UNION FREE SCHOOL DISTRICT,2024,
NY,280404030000,PORT WASHINGTON UFSD,3623580,st_leaid,280404030000,PORT WASHINGTON UNION FREE SCHOOL DISTRICT,2024,
NY,280406030000,MANHASSET UFSD,3618270,st_leaid,280406030000,MANHASSET UNION FREE SCHOOL DISTRICT,2024,
NY,280407030000,GREAT NECK UFSD,3612510,st_leaid,280407030000,GREAT NECK UNION FREE SCHOOL DISTRICT,2024,
NY,280409030000,HERRICKS UFSD,3614280,st_leaid,280409030000,HERRICKS UNION FREE SCHOOL DISTRICT,2024,
NY,280410030000,MINEOLA UFSD,3619500,st_leaid,280410030000,MINEOLA UNION FREE SCHOOL DISTRICT,2024,
NY,280411030000,CARLE PLACE UFSD,3606540,st_leaid,280411030000,CARLE PLACE UNION FREE SCHOOL DISTRICT,2024,
NY,280501060000,NORTH SHORE CSD,3626370,st_leaid,280501060000,NORTH SHORE CENTRAL SCHOOL DISTRICT,2024,
NY,280502060000,SYOSSET CSD,3628560,st_leaid,280502060000,SYOSSET CENTRAL SCHOOL DISTRICT,2024,
NY,280503060000,LOCUST VALLEY CSD,3617700,st_leaid,280503060000,LOCUST VALLEY CENTRAL SCHOOL DISTRICT,2024,
NY,280504060000,PLAINVIEW-OLD BETHPAGE CSD,3623220,st_leaid,280504060000,PLAINVIEW-OLD BETHPAGE CENTRAL SCHOOL DISTRICT,2024,
NY,280506060000,OYSTER BAY-EAST NORWICH CSD,3622290,st_leaid,280506060000,OYSTER BAY-EAST NORWICH CENTRAL SCHOOL DISTRICT,2024,
NY,280515030000,JERICHO UFSD,3615810,st_leaid,280515030000,JERICHO UNION FREE SCHOOL DISTRICT,2024,
NY,280517030000,HICKSVILLE UFSD,3614340,st_leaid,280517030000,HICKSVILLE UNION FREE SCHOOL DISTRICT,2024,
NY,280518030000,PLAINEDGE UFSD,3623190,st_leaid,280518030000,PLAINEDGE UNION FREE SCHOOL DISTRICT,2024,
NY,280521030000,BETHPAGE UFSD,3604740,st_leaid,280521030000,BETHPAGE UNION FREE SCHOOL DISTRICT,2024,
NY,280522030000,FARMINGDALE UFSD,3610980,st_leaid,280522030000,FARMINGDALE UNION FREE SCHOOL DISTRICT,2024,
NY,280523030000,MASSAPEQUA UFSD,3618630,st_leaid,280523030000,MASSAPEQUA UNION FREE SCHOOL DISTRICT,2024,
NY,310100010000,NYC GEOG DIST # 1 - MANHATTAN,3600076,st_leaid,310100010000,NEW YORK CITY GEOGRAPHIC DISTRICT # 1,2024,
NY,310200010000,NYC GEOG DIST # 2 - MANHATTAN,3600077,st_leaid,310200010000,NEW YORK CITY GEOGRAPHIC DISTRICT # 2,2024,
NY,310300010000,NYC GEOG DIST # 3 - MANHATTAN,3600078,st_leaid,310300010000,NEW YORK CITY GEOGRAPHIC DISTRICT # 3,2024,
NY,310400010000,NYC GEOG DIST # 4 - MANHATTAN,3600079,st_leaid,310400010000,NEW YORK CITY GEOGRAPHIC DISTRICT # 4,2024,
NY,310500010000,NYC GEOG DIST # 5 - MANHATTAN,3600081,st_leaid,310500010000,NEW YORK CITY GEOGRAPHIC DISTRICT # 5,2024,
NY,310600010000,NYC GEOG DIST # 6 - MANHATTAN,3600083,st_leaid,310600010000,NEW YORK CITY GEOGRAPHIC DISTRICT # 6,2024,
NY,320700010000,NYC GEOG DIST # 7 - BRONX,3600084,st_leaid,320700010000,NEW YORK CITY GEOGRAPHIC DISTRICT # 7,2024,
NY,320800010000,NYC GEOG DIST # 8 - BRONX,3600085,st_leaid,320800010000,NEW YORK CITY GEOGRAPHIC DISTRICT # 8,2024,
NY,320900010000,NYC GEOG DIST # 9 - BRONX,3600086,st_leaid,320900010000,NEW YORK CITY GEOGRAPHIC DISTRICT # 9,2024,
NY,321000010000,NYC GEOG DIST #10 - BRONX,3600087,st_leaid,321000010000,NEW YORK CITY GEOGRAPHIC DISTRICT #10,2024,
NY,321100010000,NYC GEOG DIST #11 - BRONX,3600088,st_leaid,321100010000,NEW YORK CITY GEOGRAPHIC DISTRICT #11,2024,
NY,321200010000,NYC GEOG DIST #12 - BRONX,3600090,st_leaid,321200010000,NEW YORK CITY GEOGRAPHIC DISTRICT #12,2024,
NY,331300010000,NYC GEOG DIST #13 - BROOKLYN,3600091,st_leaid,331300010000,NEW YORK CITY GEOGRAPHIC DISTRICT #13,2024,
NY,331400010000,NYC GEOG DIST #14 - BROOKLYN,3600119,st_leaid,331400010000,NEW YORK CITY GEOGRAPHIC DISTRICT #14,2024,
NY,331500010000,NYC GEOG DIST #15 - BROOKLYN,3600092,st_leaid,331500010000,NEW YORK CITY GEOGRAPHIC DISTRICT #15,2024,
NY,331600010000,NYC GEOG DIST #16 - BROOKLYN,3600094,st_leaid,331600010000,NEW YORK CITY GEOGRAPHIC DISTRICT #16,2024,
NY,331700010000,NYC GEOG DIST #17 - BROOKLYN,3600095,st_leaid,331700010000,NEW YORK CITY GEOGRAPHIC DISTRICT #17,2024,
NY,331800010000,NYC GEOG DIST #18 - BROOKLYN,3600096,st_leaid,331800010000,NEW YORK CITY GEOGRAPHIC DISTRICT #18,2024,
NY,331900010000,NYC GEOG DIST #19 - BROOKLYN,3600120,st_leaid,331900010000,NEW YORK CITY GEOGRAPHIC DISTRICT #19,2024,
NY,332000010000,NYC GEOG DIST #20 - BROOKLYN,3600151,st_leaid,332000010000,NEW YORK CITY GEOGRAPHIC DISTRICT #20,2024,
NY,332100010000,NYC GEOG DIST #21 - BROOKLYN,3600152,st_leaid,332100010000,NEW YORK CITY GEOGRAPHIC DISTRICT #21,2024,
NY,332200010000,NYC GEOG DIST #22 - BROOKLYN,3600153,st_leaid,332200010000,NEW YORK CITY GEOGRAPHIC DISTRICT #22,2024,
NY,332300010000,NYC GEOG DIST #23 - BROOKLYN,3600121,st_leaid,332300010000,NEW YORK CITY GEOGRAPHIC DISTRICT #23,2024,
NY,333200010000,NYC GEOG DIST #32 - BROOKLYN,3600097,st_leaid,333200010000,NEW YORK CITY GEOGRAPHIC DISTRICT #32,2024,
NY,342400010000,NYC GEOG DIST #24 - QUEENS,3600098,st_leaid,342400010000,NEW YORK CITY GEOGRAPHIC DISTRICT #24,2024,
NY,342500010000,NYC GEOG DIST #25 - QUEENS,3600122,st_leaid,342500010000,NEW YORK CITY GEOGRAPHIC DISTRICT #25,2024,
NY,342600010000,NYC GEOG DIST #26 - QUEENS,3600099,st_leaid,342600010000,NEW YORK CITY GEOGRAPHIC DISTRICT #26,2024,
NY,342700010000,NYC GEOG DIST #27 - QUEENS,3600123,st_leaid,342700010000,NEW YORK CITY GEOGRAPHIC DISTRICT #27,2024,
NY,342800010000,NYC GEOG DIST #28 - QUEENS,3600100,st_leaid,342800010000,NEW YORK CITY GEOGRAPHIC DISTRICT #28,2024,
NY,342900010000,NYC GEOG DIST #29 - QUEENS,3600101,st_leaid,342900010000,NEW YORK CITY GEOGRAPHIC DISTRICT #29,2024,
NY,343000010000,NYC GEOG DIST #30 - QUEENS,3600102,st_leaid,343000010000,NEW YORK CITY GEOGRAPHIC DISTRICT #30,2024,
NY,353100010000,NYC GEOG DIST #31 - STATEN ISLAND,3600103,st_leaid,353100010000,NEW YORK CITY GEOGRAPHIC DISTRICT #31,2024,
NY,400301060000,LEWISTON-PORTER CSD,3617190,st_leaid,400301060000,LEWISTON-PORTER CENTRAL SCHOOL DISTRICT,2024,
NY,400400010000,LOCKPORT CITY SD,3617670,st_leaid,400400010000,LOCKPORT CITY SCHOOL DISTRICT,2024,
NY,400601060000,NEWFANE CSD,3620760,st_leaid,400601060000,NEWFANE CENTRAL SCHOOL DISTRICT,2024,
NY,400701060000,NIAGARA-WHEATFIELD CSD,3620850,st_leaid,400701060000,NIAGARA-WHEATFIELD CENTRAL SCHOOL DISTRICT,2024,
NY,400800010000,NIAGARA FALLS CITY SD,3620820,st_leaid,400800010000,NIAGARA FALLS CITY SCHOOL DISTRICT,2024,
NY,400900010000,NORTH TONAWANDA CITY SD,3621240,st_leaid,400900010000,NORTH TONAWANDA CITY SCHOOL DISTRICT,2024,
NY,401001060000,STARPOINT CSD,3628050,st_leaid,401001060000,STARPOINT CENTRAL SCHOOL DISTRICT,2024,
NY,401201060000,ROYALTON-HARTLAND CSD,3625140,st_leaid,401201060000,ROYALTON-HARTLAND CENTRAL SCHOOL DISTRICT,2024,
NY,401301040000,BARKER CSD,3603960,st_leaid,401301040000,BARKER CENTRAL SCHOOL DISTRICT,2024,
NY,401501060000,WILSON CSD,3631560,st_leaid,401501060000,WILSON CENTRAL SCHOOL DISTRICT,2024,
NY,410401060000,ADIRONDACK CSD,3605040,st_leaid,410401060000,ADIRONDACK CENTRAL SCHOOL DISTRICT,2024,
NY,410601040000,CAMDEN CSD,3606240,st_leaid,410601040000,CAMDEN CENTRAL SCHOOL DISTRICT,2024,
NY,411101060000,CLINTON CSD,3607770,st_leaid,411101060000,CLINTON CENTRAL SCHOOL DISTRICT,2024,
NY,411501060000,NEW HARTFORD CSD,3620370,st_leaid,411501060000,NEW HARTFORD CENTRAL SCHOOL DISTRICT,2024,
NY,411504020000,NY MILLS UFSD,3620610,st_leaid,411504020000,NEW YORK MILLS UNION FREE SCHOOL DISTRICT,2024,
NY,411603040000,SAUQUOIT VALLEY CSD,3600002,st_leaid,411603040000,SAUQUOIT VALLEY CENTRAL SCHOOL DISTRICT,2024,
NY,411701040000,REMSEN CSD,3624360,st_leaid,411701040000,REMSEN CENTRAL SCHOOL DISTRICT,2024,
NY,411800010000,ROME CITY SD,3624900,st_leaid,411800010000,ROME CITY SCHOOL DISTRICT,2024,
NY,411902040000,WATERVILLE CSD,3630160,st_leaid,411902040000,WATERVILLE CENTRAL SCHOOL DISTRICT,2024,
NY,412000050000,SHERRILL CITY SD,3626760,st_leaid,412000050000,SHERRILL CITY SCHOOL DISTRICT,2024,
NY,412201060000,HOLLAND PATENT CSD,3614580,st_leaid,412201060000,HOLLAND PATENT CENTRAL SCHOOL DISTRICT,2024,
NY,412300010000,UTICA CITY SD,3629370,st_leaid,412300010000,UTICA CITY SCHOOL DISTRICT,2024,
NY,412801040000,WESTMORELAND CSD,3631050,st_leaid,412801040000,WESTMORELAND CENTRAL SCHOOL DISTRICT,2024,
NY,412901040000,ORISKANY CSD,3621960,st_leaid,412901040000,ORISKANY CENTRAL SCHOOL DISTRICT,2024,
NY,412902060000,WHITESBORO CSD,3631320,st_leaid,412902060000,WHITESBORO CENTRAL SCHOOL DISTRICT,2024,
NY,420101060000,WEST GENESEE CSD,3630630,st_leaid,420101060000,WEST GENESEE CENTRAL SCHOOL DISTRICT,2024,
NY,420303060000,NORTH SYRACUSE CSD,3621210,st_leaid,420303060000,NORTH SYRACUSE CENTRAL SCHOOL DISTRICT,2024,
NY,420401060000,EAST SYRACUSE MINOA CSD,3609990,st_leaid,420401060000,EAST SYRACUSE MINOA CENTRAL SCHOOL DISTRICT,2024,
NY,420411060000,JAMESVILLE-DEWITT CSD,3609090,st_leaid,420411060000,JAMESVILLE-DEWITT CENTRAL SCHOOL DISTRICT,2024,
NY,420501060000,JORDAN-ELBRIDGE CSD,3615990,st_leaid,420501060000,JORDAN-ELBRIDGE CENTRAL SCHOOL DISTRICT,2024,
NY,420601040000,FABIUS-POMPEY CSD,3610860,st_leaid,420601040000,FABIUS-POMPEY CENTRAL SCHOOL DISTRICT,2024,
NY,420701060000,WESTHILL CSD,3607320,st_leaid,420701060000,WESTHILL CENTRAL SCHOOL DISTRICT,2024,
NY,420702030000,SOLVAY UFSD,3627150,st_leaid,420702030000,SOLVAY UNION FREE SCHOOL DISTRICT,2024,
NY,420807040000,LAFAYETTE CSD,3616410,st_leaid,420807040000,LAFAYETTE CENTRAL SCHOOL DISTRICT,2024,
NY,420901060000,BALDWINSVILLE CSD,3603870,st_leaid,420901060000,BALDWINSVILLE CENTRAL SCHOOL DISTRICT,2024,
NY,421001060000,FAYETTEVILLE-MANLIUS CSD,3618330,st_leaid,421001060000,FAYETTEVILLE-MANLIUS CENTRAL SCHOOL DISTRICT,2024,
NY,421101060000,MARCELLUS CSD,3618480,st_leaid,421101060000,MARCELLUS CENTRAL SCHOOL DISTRICT,2024,
NY,421201040000,ONONDAGA CSD,3621810,st_leaid,421201040000,ONONDAGA CENTRAL SCHOOL DISTRICT,2024,
NY,421501060000,LIVERPOOL CSD,3617520,st_leaid,421501060000,LIVERPOOL CENTRAL SCHOOL DISTRICT,2024,
NY,421504020000,LYNCOURT UFSD,3617940,st_leaid,421504020000,LYNCOURT UNION FREE SCHOOL DISTRICT,2024,
NY,421601060000,SKANEATELES CSD,3626940,st_leaid,421601060000,SKANEATELES CENTRAL SCHOOL DISTRICT,2024,
NY,421800010000,SYRACUSE CITY SD,3628590,st_leaid,421800010000,SYRACUSE CITY SCHOOL DISTRICT,2024,
NY,421902040000,TULLY CSD,3629130,st_leaid,421902040000,TULLY CENTRAL SCHOOL DISTRICT,2024,
NY,430300050000,CANANDAIGUA CITY SD,3606330,st_leaid,430300050000,CANANDAIGUA CITY SCHOOL DISTRICT,2024,
NY,430501040000,EAST BLOOMFIELD CSD,3604920,st_leaid,430501040000,EAST BLOOMFIELD CENTRAL SCHOOL DISTRICT,2024,
NY,430700010000,GENEVA CITY SD,3611970,st_leaid,430700010000,GENEVA CITY SCHOOL DISTRICT,2024,
NY,430901060000,GORHAM-MIDDLESEX CSD (MARCUS WHITMAN,3612300,st_leaid,430901060000,GORHAM-MIDDLESEX CENTRAL SCHOOL DISTRICT (MARCUS WHITMAN),2024,
NY,431101040000,MANCHESTER-SHORTSVILLE CSD (RED JACK,3624270,st_leaid,431101040000,MANCHESTER-SHORTSVILLE CENTRAL SCHOOL DISTRICT (RED JACKET),2024,
NY,431201040000,NAPLES CSD,3620220,st_leaid,431201040000,NAPLES CENTRAL SCHOOL DISTRICT,2024,
NY,431301060000,PHELPS-CLIFTON SPRINGS CSD,3622890,st_leaid,431301060000,PHELPS-CLIFTON SPRINGS CENTRAL SCHOOL DISTRICT,2024,
NY,431401040000,HONEOYE CSD,3614670,st_leaid,431401040000,HONEOYE CENTRAL SCHOOL DISTRICT,2024,
NY,431701060000,VICTOR CSD,3629640,st_leaid,431701060000,VICTOR CENTRAL SCHOOL DISTRICT,2024,
NY,440102060000,WASHINGTONVILLE CSD,3630030,st_leaid,440102060000,WASHINGTONVILLE CENTRAL SCHOOL DISTRICT,2024,
NY,440201020000,CHESTER UFSD,3607380,st_leaid,440201020000,CHESTER UNION FREE SCHOOL DISTRICT,2024,
NY,440301060000,CORNWALL CSD,3608430,st_leaid,440301060000,CORNWALL CENTRAL SCHOOL DISTRICT,2024,
NY,440401060000,PINE BUSH CSD,3623010,st_leaid,440401060000,PINE BUSH CENTRAL SCHOOL DISTRICT,2024,
NY,440601040000,GOSHEN CSD,3612330,st_leaid,440601040000,GOSHEN CENTRAL SCHOOL DISTRICT,2024,
NY,440901040000,HIGHLAND FALLS CSD,3614430,st_leaid,440901040000,HIGHLAND FALLS CENTRAL SCHOOL DISTRICT,2024,
NY,441000010000,MIDDLETOWN CITY SD,3619320,st_leaid,441000010000,MIDDLETOWN CITY SCHOOL DISTRICT,2024,
NY,441101040000,MINISINK VALLEY CSD,3619560,st_leaid,441101040000,MINISINK VALLEY CENTRAL SCHOOL DISTRICT,2024,
NY,441201060000,MONROE-WOODBURY CSD,3619650,st_leaid,441201060000,MONROE-WOODBURY CENTRAL SCHOOL DISTRICT,2024,
NY,441202020000,KIRYAS JOEL VILLAGE UFSD,3604758,st_leaid,441202020000,KIRYAS JOEL VILLAGE UNION FREE SCHOOL DISTRICT,2024,
NY,441301060000,VALLEY CSD (MONTGOMERY),3619680,st_leaid,441301060000,VALLEY CENTRAL SCHOOL DISTRICT (MONTGOMERY),2024,
NY,441600010000,NEWBURGH CITY SD,3620700,st_leaid,441600010000,NEWBURGH CITY SCHOOL DISTRICT,2024,
NY,441800050000,PORT JERVIS CITY SD,3623520,st_leaid,441800050000,PORT JERVIS CITY SCHOOL DISTRICT,2024,
NY,441903020000,TUXEDO UFSD,3629190,st_leaid,441903020000,TUXEDO UNION FREE SCHOOL DISTRICT,2024,
NY,442101060000,WARWICK VALLEY CSD,3629970,st_leaid,442101060000,WARWICK VALLEY CENTRAL SCHOOL DISTRICT,2024,
NY,442111020000,GREENWOOD LAKE UFSD,3612960,st_leaid,442111020000,GREENWOOD LAKE UNION FREE SCHOOL DISTRICT,2024,
NY,442115020000,FLORIDA UFSD,3625320,st_leaid,442115020000,FLORIDA UNION FREE SCHOOL DISTRICT,2024,
NY,450101060000,ALBION CSD,3602520,st_leaid,450101060000,ALBION CENTRAL SCHOOL DISTRICT,2024,
NY,450607040000,KENDALL CSD,3616200,st_leaid,450607040000,KENDALL CENTRAL SCHOOL DISTRICT,2024,
NY,450704040000,HOLLEY CSD,3614610,st_leaid,450704040000,HOLLEY CENTRAL SCHOOL DISTRICT,2024,
NY,450801060000,MEDINA CSD,3618960,st_leaid,450801060000,MEDINA CENTRAL SCHOOL DISTRICT,2024,
NY,451001040000,LYNDONVILLE CSD,3617970,st_leaid,451001040000,LYNDONVILLE CENTRAL SCHOOL DISTRICT,2024,
NY,460102040000,ALTMAR-PARISH-WILLIAMSTOWN CSD,3602820,st_leaid,460102040000,ALTMAR-PARISH-WILLIAMSTOWN CENTRAL SCHOOL DISTRICT,2024,
NY,460500010000,FULTON CITY SD,3611700,st_leaid,460500010000,FULTON CITY SCHOOL DISTRICT,2024,
NY,460701040000,HANNIBAL CSD,3613590,st_leaid,460701040000,HANNIBAL CENTRAL SCHOOL DISTRICT,2024,
NY,460801060000,CENTRAL SQUARE CSD,3606900,st_leaid,460801060000,CENTRAL SQUARE CENTRAL SCHOOL DISTRICT,2024,
NY,460901060000,MEXICO CSD,3619170,st_leaid,460901060000,MEXICO CENTRAL SCHOOL DISTRICT,2024,
NY,461300010000,OSWEGO CITY SD,3622050,st_leaid,461300010000,OSWEGO CITY SCHOOL DISTRICT,2024,
NY,461801040000,PULASKI CSD,3623880,st_leaid,461801040000,PULASKI CENTRAL SCHOOL DISTRICT,2024,
NY,461901040000,SANDY CREEK CSD,3625650,st_leaid,461901040000,SANDY CREEK CENTRAL SCHOOL DISTRICT,2024,
NY,462001060000,PHOENIX CSD,3622920,st_leaid,462001060000,PHOENIX CENTRAL SCHOOL DISTRICT,2024,
NY,470202040000,GILBERTSVILLE-MOUNT UPTON CSD,3604757,st_leaid,470202040000,GILBERTSVILLE-MOUNT UPTON CENTRAL SCHOOL DISTRICT,2024,
NY,470501040000,EDMESTON CSD,3610260,st_leaid,470501040000,EDMESTON CENTRAL SCHOOL DISTRICT,2024,
NY,470801040000,LAURENS CSD,3616800,st_leaid,470801040000,LAURENS CENTRAL SCHOOL DISTRICT,2024,
NY,470901040000,SCHENEVUS CSD,3603060,st_leaid,470901040000,SCHENEVUS CENTRAL SCHOOL DISTRICT,2024,
NY,471101040000,MILFORD CSD,3619350,st_leaid,471101040000,MILFORD CENTRAL SCHOOL DISTRICT,2024,
NY,471201040000,MORRIS CSD,3619860,st_leaid,471201040000,MORRIS CENTRAL SCHOOL DISTRICT,2024,
NY,471400010000,ONEONTA CITY SD,3621780,st_leaid,471400010000,ONEONTA CITY SCHOOL DISTRICT,2024,
NY,471601040000,OTEGO-UNADILLA CSD,3629240,st_leaid,471601040000,OTEGO-UNADILLA CENTRAL SCHOOL DISTRICT,2024,
NY,471701040000,COOPERSTOWN CSD,3608250,st_leaid,471701040000,COOPERSTOWN CENTRAL SCHOOL DISTRICT,2024,
NY,472001040000,RICHFIELD SPRINGS CSD,3624570,st_leaid,472001040000,RICHFIELD SPRINGS CENTRAL SCHOOL DISTRICT,2024,
NY,472202040000,CHERRY VALLEY-SPRINGFIELD CSD,3600006,st_leaid,472202040000,CHERRY VALLEY-SPRINGFIELD CENTRAL SCHOOL DISTRICT,2024,
NY,472506040000,WORCESTER CSD,3631740,st_leaid,472506040000,WORCESTER CENTRAL SCHOOL DISTRICT,2024,
NY,480101060000,MAHOPAC CSD,3618120,st_leaid,480101060000,MAHOPAC CENTRAL SCHOOL DISTRICT,2024,
NY,480102060000,CARMEL CSD,3606570,st_leaid,480102060000,CARMEL CENTRAL SCHOOL DISTRICT,2024,
NY,480401040000,HALDANE CSD,3613230,st_leaid,480401040000,HALDANE CENTRAL SCHOOL DISTRICT,2024,
NY,480404020000,GARRISON UFSD,3611860,st_leaid,480404020000,GARRISON UNION FREE SCHOOL DISTRICT,2024,
NY,480503040000,PUTNAM VALLEY CSD,3624000,st_leaid,480503040000,PUTNAM VALLEY CENTRAL SCHOOL DISTRICT,2024,
NY,480601060000,BREWSTER CSD,3605310,st_leaid,480601060000,BREWSTER CENTRAL SCHOOL DISTRICT,2024,
NY,490101040000,BERLIN CSD,3604620,st_leaid,490101040000,BERLIN CENTRAL SCHOOL DISTRICT,2024,
NY,490202040000,BRUNSWICK CSD (BRITTONKILL),3605520,st_leaid,490202040000,BRUNSWICK CENTRAL SCHOOL DISTRICT (BRITTONKILL),2024,
NY,490301060000,EAST GREENBUSH CSD,3609630,st_leaid,490301060000,EAST GREENBUSH CENTRAL SCHOOL DISTRICT,2024,
NY,490501060000,HOOSICK FALLS CSD,3614760,st_leaid,490501060000,HOOSICK FALLS CENTRAL SCHOOL DISTRICT,2024,
NY,490601060000,LANSINGBURGH CSD,3616740,st_leaid,490601060000,LANSINGBURGH CENTRAL SCHOOL DISTRICT,2024,
NY,490804020000,WYNANTSKILL UFSD,3631830,st_leaid,490804020000,WYNANTSKILL UNION FREE SCHOOL DISTRICT,2024,
NY,491200010000,RENSSELAER CITY SD,3624450,st_leaid,491200010000,RENSSELAER CITY SCHOOL DISTRICT,2024,
NY,491302060000,AVERILL PARK CSD,3600016,st_leaid,491302060000,AVERILL PARK CENTRAL SCHOOL DISTRICT,2024,
NY,491401040000,HOOSIC VALLEY CSD,3614730,st_leaid,491401040000,HOOSIC VALLEY CENTRAL SCHOOL DISTRICT,2024,
NY,491501040000,SCHODACK CSD,3626070,st_leaid,491501040000,SCHODACK CENTRAL SCHOOL DISTRICT,2024,
NY,491700010000,TROY CITY SD,3628950,st_leaid,491700010000,TROY CITY SCHOOL DISTRICT,2024,
NY,500101060000,CLARKSTOWN CSD,3620340,st_leaid,500101060000,CLARKSTOWN CENTRAL SCHOOL DISTRICT,2024,
NY,500108030000,NANUET UFSD,3620190,st_leaid,500108030000,NANUET UNION FREE SCHOOL DISTRICT,2024,
NY,500201060000,HAVERSTRAW-STONY POINT CSD (NORTH RO,3614010,st_leaid,500201060000,HAVERSTRAW-STONY POINT CSD (NORTH ROCKLAND),2024,
NY,500301060000,SOUTH ORANGETOWN CSD,3627450,st_leaid,500301060000,SOUTH ORANGETOWN CENTRAL SCHOOL DISTRICT,2024,
NY,500304030000,NYACK UFSD,3621480,st_leaid,500304030000,NYACK UNION FREE SCHOOL DISTRICT,2024,
NY,500308030000,PEARL RIVER UFSD,3622560,st_leaid,500308030000,PEARL RIVER UNION FREE SCHOOL DISTRICT,2024,
NY,500401060000,SUFFERN CSD,3628320,st_leaid,500401060000,SUFFERN CENTRAL SCHOOL DISTRICT,2024,
NY,500402060000,EAST RAMAPO CSD (SPRING VALLEY),3627810,st_leaid,500402060000,EAST RAMAPO CENTRAL SCHOOL DISTRICT (SPRING VALLEY),2024,
NY,510101040000,BRASHER FALLS CSD,3627960,st_leaid,510101040000,BRASHER FALLS CENTRAL SCHOOL DISTRICT,2024,
NY,510201060000,CANTON CSD,3606470,st_leaid,510201060000,CANTON CENTRAL SCHOOL DISTRICT,2024,
NY,510401040000,CLIFTON-FINE CSD,3607710,st_leaid,510401040000,CLIFTON-FINE CENTRAL SCHOOL DISTRICT,2024,
NY,510501040000,COLTON-PIERREPONT CSD,3608100,st_leaid,510501040000,COLTON-PIERREPONT CENTRAL SCHOOL DISTRICT,2024,
NY,511101060000,GOUVERNEUR CSD,3612360,st_leaid,511101060000,GOUVERNEUR CENTRAL SCHOOL DISTRICT,2024,
NY,511201040000,HAMMOND CSD,3613440,st_leaid,511201040000,HAMMOND CENTRAL SCHOOL DISTRICT,2024,
NY,511301040000,HERMON-DEKALB CSD,3614250,st_leaid,511301040000,HERMON-DEKALB CENTRAL SCHOOL DISTRICT,2024,
NY,511602040000,LISBON CSD,3617430,st_leaid,511602040000,LISBON CENTRAL SCHOOL DISTRICT,2024,
NY,511901040000,MADRID-WADDINGTON CSD,3618090,st_leaid,511901040000,MADRID-WADDINGTON CENTRAL SCHOOL DISTRICT,2024,
NY,512001060000,MASSENA CSD,3618660,st_leaid,512001060000,MASSENA CENTRAL SCHOOL DISTRICT,2024,
NY,512101040000,MORRISTOWN CSD,3619890,st_leaid,512101040000,MORRISTOWN CENTRAL SCHOOL DISTRICT,2024,
NY,512201040000,NORWOOD-NORFOLK CSD,3621360,st_leaid,512201040000,NORWOOD-NORFOLK CENTRAL SCHOOL DISTRICT,2024,
NY,512300010000,OGDENSBURG CITY SD,3621660,st_leaid,512300010000,OGDENSBURG CITY SCHOOL DISTRICT,2024,
NY,512404040000,HEUVELTON CSD,3614310,st_leaid,512404040000,HEUVELTON CENTRAL SCHOOL DISTRICT,2024,
NY,512501040000,PARISHVILLE-HOPKINTON CSD,3622440,st_leaid,512501040000,PARISHVILLE-HOPKINTON CENTRAL SCHOOL DISTRICT,2024,
NY,512902060000,POTSDAM CSD,3623670,st_leaid,512902060000,POTSDAM CENTRAL SCHOOL DISTRICT,2024,
NY,513102040000,EDWARDS-KNOX CSD,3600003,st_leaid,513102040000,EDWARDS-KNOX CENTRAL SCHOOL DISTRICT,2024,
NY,520101060000,BURNT HILLS-BALLSTON LAKE CSD,3605940,st_leaid,520101060000,BURNT HILLS-BALLSTON LAKE CENTRAL SCHOOL DISTRICT,2024,
NY,520302060000,SHENENDEHOWA CSD,3626670,st_leaid,520302060000,SHENENDEHOWA CENTRAL SCHOOL DISTRICT,2024,
NY,520401040000,CORINTH CSD,3608370,st_leaid,520401040000,CORINTH CENTRAL SCHOOL DISTRICT,2024,
NY,520701040000,GALWAY CSD,3611730,st_leaid,520701040000,GALWAY CENTRAL SCHOOL DISTRICT,2024,
NY,521200050000,MECHANICVILLE CITY SD,3618900,st_leaid,521200050000,MECHANICVILLE CITY SCHOOL DISTRICT,2024,
NY,521301060000,BALLSTON SPA CSD,3603930,st_leaid,521301060000,BALLSTON SPA CENTRAL SCHOOL DISTRICT,2024,
NY,521401040000,SOUTH GLENS FALLS CSD,3627240,st_leaid,521401040000,SOUTH GLENS FALLS CENTRAL SCHOOL DISTRICT,2024,
NY,521701040000,SCHUYLERVILLE CSD,3626160,st_leaid,521701040000,SCHUYLERVILLE CENTRAL SCHOOL DISTRICT,2024,
NY,521800010000,SARATOGA SPRINGS CITY SD,3625770,st_leaid,521800010000,SARATOGA SPRINGS CITY SD,2024,
NY,522001040000,STILLWATER CSD,3628110,st_leaid,522001040000,STILLWATER CENTRAL SCHOOL DISTRICT,2024,
NY,522101030000,WATERFORD-HALFMOON UFSD,3630060,st_leaid,522101030000,WATERFORD-HALFMOON UNION FREE SCHOOL DISTRICT,2024,
NY,530101040000,DUANESBURG CSD,3609360,st_leaid,530101040000,DUANESBURG CENTRAL SCHOOL DISTRICT,2024,
NY,530202060000,SCOTIA-GLENVILLE CSD,3626310,st_leaid,530202060000,SCOTIA-GLENVILLE CENTRAL SCHOOL DISTRICT,2024,
NY,530301060000,NISKAYUNA CSD,3620880,st_leaid,530301060000,NISKAYUNA CENTRAL SCHOOL DISTRICT,2024,
NY,530501060000,SCHALMONT CSD,3625980,st_leaid,530501060000,SCHALMONT CENTRAL SCHOOL DISTRICT,2024,
NY,530515060000,ROTTERDAM-MOHONASEN CSD,3600004,st_leaid,530515060000,ROTTERDAM-MOHONASEN CENTRAL SCHOOL DISTRICT,2024,
NY,530600010000,SCHENECTADY CITY SD,3626010,st_leaid,530600010000,SCHENECTADY CITY SCHOOL DISTRICT,2024,
NY,540801040000,GILBOA-CONESVILLE CSD,3612120,st_leaid,540801040000,GILBOA-CONESVILLE CENTRAL SCHOOL DISTRICT,2024,
NY,540901040000,JEFFERSON CSD,3615720,st_leaid,540901040000,JEFFERSON CENTRAL SCHOOL DISTRICT,2024,
NY,541001040000,MIDDLEBURGH CSD,3619260,st_leaid,541001040000,MIDDLEBURGH CENTRAL SCHOOL DISTRICT,2024,
NY,541102060000,COBLESKILL-RICHMONDVILLE CSD,3600010,st_leaid,541102060000,COBLESKILL-RICHMONDVILLE CENTRAL SCHOOL DISTRICT,2024,
NY,541201040000,SCHOHARIE CSD,3626100,st_leaid,541201040000,SCHOHARIE CENTRAL SCHOOL DISTRICT,2024,
NY,541401040000,SHARON SPRINGS CSD,3626580,st_leaid,541401040000,SHARON SPRINGS CENTRAL SCHOOL DISTRICT,2024,
NY,550101040000,ODESSA-MONTOUR CSD,3621630,st_leaid,550101040000,ODESSA-MONTOUR CENTRAL SCHOOL DISTRICT,2024,
NY,550301060000,WATKINS GLEN CSD,3630240,st_leaid,550301060000,WATKINS GLEN CENTRAL SCHOOL DISTRICT,2024,
NY,560501040000,SOUTH SENECA CSD,3622140,st_leaid,560501040000,SOUTH SENECA CENTRAL SCHOOL DISTRICT,2024,
NY,560603040000,ROMULUS CSD,3624930,st_leaid,560603040000,ROMULUS CENTRAL SCHOOL DISTRICT,2024,
NY,560701060000,SENECA FALLS CSD,3626430,st_leaid,560701060000,SENECA FALLS CENTRAL SCHOOL DISTRICT,2024,
NY,561006060000,WATERLOO CSD,3600014,st_leaid,561006060000,WATERLOO CENTRAL SCHOOL DISTRICT,2024,
NY,570101040000,ADDISON CSD,3602370,st_leaid,570101040000,ADDISON CENTRAL SCHOOL DISTRICT,2024,
NY,570201040000,AVOCA CSD,3603630,st_leaid,570201040000,AVOCA CENTRAL SCHOOL DISTRICT,2024,
NY,570302060000,BATH CSD,3604050,st_leaid,570302060000,BATH CENTRAL SCHOOL DISTRICT,2024,
NY,570401040000,BRADFORD CSD,3605220,st_leaid,570401040000,BRADFORD CENTRAL SCHOOL DISTRICT,2024,
NY,570603040000,CAMPBELL-SAVONA CSD,3600020,st_leaid,570603040000,CAMPBELL-SAVONA CENTRAL SCHOOL DISTRICT,2024,
NY,571000010000,CORNING CITY SD,3608400,st_leaid,571000010000,CORNING CITY SCHOOL DISTRICT,2024,
NY,571502060000,CANISTEO-GREENWOOD CSD,3600124,st_leaid,571502060000,CANISTEO-GREENWOOD CSD,2024,
NY,571800010000,HORNELL CITY SD,3614820,st_leaid,571800010000,HORNELL CITY SCHOOL DISTRICT,2024,
NY,571901040000,ARKPORT CSD,3603240,st_leaid,571901040000,ARKPORT CENTRAL SCHOOL DISTRICT,2024,
NY,572301040000,PRATTSBURGH CSD,3623790,st_leaid,572301040000,PRATTSBURGH CENTRAL SCHOOL DISTRICT,2024,
NY,572702040000,JASPER-TROUPSBURG CSD,3600007,st_leaid,572702040000,JASPER-TROUPSBURG CENTRAL SCHOOL DISTRICT,2024,
NY,572901040000,HAMMONDSPORT CSD,3613470,st_leaid,572901040000,HAMMONDSPORT CENTRAL SCHOOL DISTRICT,2024,
NY,573002040000,WAYLAND-COHOCTON CSD,3600011,st_leaid,573002040000,WAYLAND-COHOCTON CENTRAL SCHOOL DISTRICT,2024,
NY,580101030000,BABYLON UFSD,3603720,st_leaid,580101030000,BABYLON UNION FREE SCHOOL DISTRICT,2024,
NY,580102030000,WEST BABYLON UFSD,3630540,st_leaid,580102030000,WEST BABYLON UNION FREE SCHOOL DISTRICT,2024,
NY,580103030000,NORTH BABYLON UFSD,3620910,st_leaid,580103030000,NORTH BABYLON UNION FREE SCHOOL DISTRICT,2024,
NY,580104030000,LINDENHURST UFSD,3617380,st_leaid,580104030000,LINDENHURST UNION FREE SCHOOL DISTRICT,2024,
NY,580105030000,COPIAGUE UFSD,3608310,st_leaid,580105030000,COPIAGUE UNION FREE SCHOOL DISTRICT,2024,
NY,580106030000,AMITYVILLE UFSD,3602940,st_leaid,580106030000,AMITYVILLE UNION FREE SCHOOL DISTRICT,2024,
NY,580107030000,DEER PARK UFSD,3608880,st_leaid,580107030000,DEER PARK UNION FREE SCHOOL DISTRICT,2024,
NY,580109020000,WYANDANCH UFSD,3631800,st_leaid,580109020000,WYANDANCH UNION FREE SCHOOL DISTRICT,2024,
NY,580201060000,THREE VILLAGE CSD,3628200,st_leaid,580201060000,THREE VILLAGE CENTRAL SCHOOL DISTRICT,2024,
NY,580203020000,BROOKHAVEN-COMSEWOGUE UFSD,3615780,st_leaid,580203020000,BROOKHAVEN-COMSEWOGUE UNION FREE SCHOOL DISTRICT,2024,
NY,580205060000,SACHEM CSD,3625350,st_leaid,580205060000,SACHEM CENTRAL SCHOOL DISTRICT,2024,
NY,580206020000,PORT JEFFERSON UFSD,3623490,st_leaid,580206020000,PORT JEFFERSON UNION FREE SCHOOL DISTRICT,2024,
NY,580207020000,MT SINAI UFSD,3620040,st_leaid,580207020000,MOUNT SINAI UNION FREE SCHOOL DISTRICT,2024,
NY,580208020000,MILLER PLACE UFSD,3619410,st_leaid,580208020000,MILLER PLACE UNION FREE SCHOOL DISTRICT,2024,
NY,580209020000,ROCKY POINT UFSD,3624840,st_leaid,580209020000,ROCKY POINT UNION FREE SCHOOL DISTRICT,2024,
NY,580211060000,MIDDLE COUNTRY CSD,3619200,st_leaid,580211060000,MIDDLE COUNTRY CENTRAL SCHOOL DISTRICT,2024,
NY,580212060000,LONGWOOD CSD,3619230,st_leaid,580212060000,LONGWOOD CENTRAL SCHOOL DISTRICT,2024,
NY,580224030000,PATCHOGUE-MEDFORD UFSD,3622470,st_leaid,580224030000,PATCHOGUE-MEDFORD UNION FREE SCHOOL DISTRICT,2024,
NY,580232030000,WILLIAM FLOYD UFSD,3618690,st_leaid,580232030000,WILLIAM FLOYD UNION FREE SCHOOL DISTRICT,2024,
NY,580233020000,CENTER MORICHES UFSD,3606840,st_leaid,580233020000,CENTER MORICHES UNION FREE SCHOOL DISTRICT,2024,
NY,580234020000,EAST MORICHES UFSD,3609870,st_leaid,580234020000,EAST MORICHES UNION FREE SCHOOL DISTRICT,2024,
NY,580235060000,SOUTH COUNTRY CSD,3600008,st_leaid,580235060000,SOUTH COUNTRY CENTRAL SCHOOL DISTRICT,2024,
NY,580301020000,EAST HAMPTON UFSD,3609660,st_leaid,580301020000,EAST HAMPTON UNION FREE SCHOOL DISTRICT,2024,
NY,580304020000,SPRINGS UFSD,3627900,st_leaid,580304020000,SPRINGS UNION FREE SCHOOL DISTRICT,2024,
NY,580305020000,SAG HARBOR UFSD,3625380,st_leaid,580305020000,SAG HARBOR UNION FREE SCHOOL DISTRICT,2024,
NY,580306020000,MONTAUK UFSD,3619710,st_leaid,580306020000,MONTAUK UNION FREE SCHOOL DISTRICT,2024,
NY,580401020000,ELWOOD UFSD,3610680,st_leaid,580401020000,ELWOOD UNION FREE SCHOOL DISTRICT,2024,
NY,580402060000,COLD SPRING HARBOR CSD,3608010,st_leaid,580402060000,COLD SPRING HARBOR CENTRAL SCHOOL DISTRICT,2024,
NY,580403030000,HUNTINGTON UFSD,3615090,st_leaid,580403030000,HUNTINGTON UNION FREE SCHOOL DISTRICT,2024,
NY,580404030000,NORTHPORT-EAST NORTHPORT UFSD,3621270,st_leaid,580404030000,NORTHPORT-EAST NORTHPORT UNION FREE SCHOOL DISTRICT,2024,
NY,580405060000,HALF HOLLOW HILLS CSD,3613290,st_leaid,580405060000,HALF HOLLOW HILLS CENTRAL SCHOOL DISTRICT,2024,
NY,580406060000,HARBORFIELDS CSD,3613620,st_leaid,580406060000,HARBORFIELDS CENTRAL SCHOOL DISTRICT,2024,
NY,580410030000,COMMACK UFSD,3608130,st_leaid,580410030000,COMMACK UNION FREE SCHOOL DISTRICT,2024,
NY,580413030000,SOUTH HUNTINGTON UFSD,3627300,st_leaid,580413030000,SOUTH HUNTINGTON UNION FREE SCHOOL DISTRICT,2024,
NY,580501030000,BAY SHORE UFSD,3604080,st_leaid,580501030000,BAY SHORE UNION FREE SCHOOL DISTRICT,2024,
NY,580502020000,ISLIP UFSD,3615540,st_leaid,580502020000,ISLIP UNION FREE SCHOOL DISTRICT,2024,
NY,580503030000,EAST ISLIP UFSD,3609720,st_leaid,580503030000,EAST ISLIP UNION FREE SCHOOL DISTRICT,2024,
NY,580504030000,SAYVILLE UFSD,3625920,st_leaid,580504030000,SAYVILLE UNION FREE SCHOOL DISTRICT,2024,
NY,580505020000,BAYPORT-BLUE POINT UFSD,3604110,st_leaid,580505020000,BAYPORT-BLUE POINT UNION FREE SCHOOL DISTRICT,2024,
NY,580506030000,HAUPPAUGE UFSD,3613980,st_leaid,580506030000,HAUPPAUGE UNION FREE SCHOOL DISTRICT,2024,
NY,580507060000,CONNETQUOT CSD,3608160,st_leaid,580507060000,CONNETQUOT CENTRAL SCHOOL DISTRICT,2024,
NY,580509030000,WEST ISLIP UFSD,3630690,st_leaid,580509030000,WEST ISLIP UNION FREE SCHOOL DISTRICT,2024,
NY,580512030000,BRENTWOOD UFSD,3605280,st_leaid,580512030000,BRENTWOOD UNION FREE SCHOOL DISTRICT,2024,
NY,580513030000,CENTRAL ISLIP UFSD,3606870,st_leaid,580513030000,CENTRAL ISLIP UNION FREE SCHOOL DISTRICT,2024,
NY,580601040000,SHOREHAM-WADING RIVER CSD,3626840,st_leaid,580601040000,SHOREHAM-WADING RIVER CENTRAL SCHOOL DISTRICT,2024,
NY,580602040000,RIVERHEAD CSD,3624690,st_leaid,580602040000,RIVERHEAD CENTRAL SCHOOL DISTRICT,2024,
NY,580603020000,LITTLE FLOWER UFSD,3617400,st_leaid,580603020000,LITTLE FLOWER UNION FREE SCHOOL DISTRICT,2024,
NY,580701020000,SHELTER ISLAND UFSD,3626640,st_leaid,580701020000,SHELTER ISLAND UNION FREE SCHOOL DISTRICT,2024,
NY,580801060000,SMITHTOWN CSD,3627060,st_leaid,580801060000,SMITHTOWN CENTRAL SCHOOL DISTRICT,2024,
NY,580805060000,KINGS PARK CSD,3616260,st_leaid,580805060000,KINGS PARK CENTRAL SCHOOL DISTRICT,2024,
NY,580902020000,WESTHAMPTON BEACH UFSD,3631020,st_leaid,580902020000,WESTHAMPTON BEACH UNION FREE SCHOOL DISTRICT,2024,
NY,580905020000,HAMPTON BAYS UFSD,3613530,st_leaid,580905020000,HAMPTON BAYS UNION FREE SCHOOL DISTRICT,2024,
NY,580906030000,SOUTHAMPTON UFSD,3627540,st_leaid,580906030000,SOUTHAMPTON UNION FREE SCHOOL DISTRICT,2024,
NY,580909020000,BRIDGEHAMPTON UFSD,3605370,st_leaid,580909020000,BRIDGEHAMPTON UNION FREE SCHOOL DISTRICT,2024,
NY,580912060000,EASTPORT-SOUTH MANOR CSD,3600125,st_leaid,580912060000,EASTPORT-SOUTH MANOR CSD,2024,
NY,580913080000,TUCKAHOE COMN SD,3629070,st_leaid,580913080000,TUCKAHOE COMMON SCHOOL DISTRICT,2024,
NY,581004020000,FISHERS ISLAND UFSD,3611100,st_leaid,581004020000,FISHERS ISLAND UNION FREE SCHOOL DISTRICT,2024,
NY,581005020000,SOUTHOLD UFSD,3627620,st_leaid,581005020000,SOUTHOLD UNION FREE SCHOOL DISTRICT,2024,
NY,581010020000,GREENPORT UFSD,3612840,st_leaid,581010020000,GREENPORT UNION FREE SCHOOL DISTRICT,2024,
NY,581012020000,MATTITUCK-CUTCHOGUE UFSD,3600021,st_leaid,581012020000,MATTITUCK-CUTCHOGUE UNION FREE SCHOOL DISTRICT,2024,
NY,590501060000,FALLSBURG CSD,3610950,st_leaid,590501060000,FALLSBURG CENTRAL SCHOOL DISTRICT,2024,
NY,590801040000,ELDRED CSD,3610410,st_leaid,590801040000,ELDRED CENTRAL SCHOOL DISTRICT,2024,
NY,590901060000,LIBERTY CSD,3617220,st_leaid,590901060000,LIBERTY CENTRAL SCHOOL DISTRICT,2024,
NY,591201040000,TRI-VALLEY CSD,3628890,st_leaid,591201040000,TRI-VALLEY CENTRAL SCHOOL DISTRICT,2024,
NY,591301040000,ROSCOE CSD,3625020,st_leaid,591301040000,ROSCOE CENTRAL SCHOOL DISTRICT,2024,
NY,591302040000,LIVINGSTON MANOR CSD,3617580,st_leaid,591302040000,LIVINGSTON MANOR CENTRAL SCHOOL DISTRICT,2024,
NY,591401060000,MONTICELLO CSD,3619740,st_leaid,591401060000,MONTICELLO CENTRAL SCHOOL DISTRICT,2024,
NY,591502040000,SULLIVAN WEST CSD,3600023,st_leaid,591502040000,SULLIVAN WEST CENTRAL SCHOOL DISTRICT,2024,
NY,600101060000,WAVERLY CSD,3630270,st_leaid,600101060000,WAVERLY CENTRAL SCHOOL DISTRICT,2024,
NY,600301040000,CANDOR CSD,3606420,st_leaid,600301040000,CANDOR CENTRAL SCHOOL DISTRICT,2024,
NY,600402040000,NEWARK VALLEY CSD,3620670,st_leaid,600402040000,NEWARK VALLEY CENTRAL SCHOOL DISTRICT,2024,
NY,600601060000,OWEGO-APALACHIN CSD,3622170,st_leaid,600601060000,OWEGO-APALACHIN CENTRAL SCHOOL DISTRICT,2024,
NY,600801040000,SPENCER-VAN ETTEN CSD,3627750,st_leaid,600801040000,SPENCER-VAN ETTEN CENTRAL SCHOOL DISTRICT,2024,
NY,600903040000,TIOGA CSD,3628710,st_leaid,600903040000,TIOGA CENTRAL SCHOOL DISTRICT,2024,
NY,610301060000,DRYDEN CSD,3609330,st_leaid,610301060000,DRYDEN CENTRAL SCHOOL DISTRICT,2024,
NY,610327020000,GEORGE JUNIOR REPUBLIC UFSD,3615030,st_leaid,610327020000,GEORGE JUNIOR REPUBLIC UNION FREE SCHOOL DISTRICT,2024,
NY,610501040000,GROTON CSD,3613020,st_leaid,610501040000,GROTON CENTRAL SCHOOL DISTRICT,2024,
NY,610600010000,ITHACA CITY SD,3615570,st_leaid,610600010000,ITHACA CITY SCHOOL DISTRICT,2024,
NY,610801040000,LANSING CSD,3616710,st_leaid,610801040000,LANSING CENTRAL SCHOOL DISTRICT,2024,
NY,610901040000,NEWFIELD CSD,3620790,st_leaid,610901040000,NEWFIELD CENTRAL SCHOOL DISTRICT,2024,
NY,611001040000,TRUMANSBURG CSD,3628980,st_leaid,611001040000,TRUMANSBURG CENTRAL SCHOOL DISTRICT,2024,
NY,620600010000,KINGSTON CITY SD,3616290,st_leaid,620600010000,KINGSTON CITY SCHOOL DISTRICT,2024,
NY,620803040000,HIGHLAND CSD,3614400,st_leaid,620803040000,HIGHLAND CENTRAL SCHOOL DISTRICT,2024,
NY,620901060000,RONDOUT VALLEY CSD,3624960,st_leaid,620901060000,RONDOUT VALLEY CENTRAL SCHOOL DISTRICT,2024,
NY,621001060000,MARLBORO CSD,3618570,st_leaid,621001060000,MARLBORO CENTRAL SCHOOL DISTRICT,2024,
NY,621101060000,NEW PALTZ CSD,3620460,st_leaid,621101060000,NEW PALTZ CENTRAL SCHOOL DISTRICT,2024,
NY,621201060000,ONTEORA CSD,3621840,st_leaid,621201060000,ONTEORA CENTRAL SCHOOL DISTRICT,2024,
NY,621601060000,SAUGERTIES CSD,3625800,st_leaid,621601060000,SAUGERTIES CENTRAL SCHOOL DISTRICT,2024,
NY,621801060000,WALLKILL CSD,3629790,st_leaid,621801060000,WALLKILL CENTRAL SCHOOL DISTRICT,2024,
NY,622002060000,ELLENVILLE CSD,3610500,st_leaid,622002060000,ELLENVILLE CENTRAL SCHOOL DISTRICT,2024,
NY,630101040000,BOLTON CSD,3605010,st_leaid,630101040000,BOLTON CENTRAL SCHOOL DISTRICT,2024,
NY,630202040000,NORTH WARREN CSD,3616960,st_leaid,630202040000,NORTH WARREN CENTRAL SCHOOL DISTRICT,2024,
NY,630300010000,GLENS FALLS CITY SD,3612240,st_leaid,630300010000,GLENS FALLS CITY SCHOOL DISTRICT,2024,
NY,630601040000,JOHNSBURG CSD,3615870,st_leaid,630601040000,JOHNSBURG CENTRAL SCHOOL DISTRICT,2024,
NY,630701040000,LAKE GEORGE CSD,3616470,st_leaid,630701040000,LAKE GEORGE CENTRAL SCHOOL DISTRICT,2024,
NY,630801040000,HADLEY-LUZERNE CSD,3613110,st_leaid,630801040000,HADLEY-LUZERNE CENTRAL SCHOOL DISTRICT,2024,
NY,630902030000,QUEENSBURY UFSD,3624030,st_leaid,630902030000,QUEENSBURY UNION FREE SCHOOL DISTRICT,2024,
NY,631201040000,WARRENSBURG CSD,3629910,st_leaid,631201040000,WARRENSBURG CENTRAL SCHOOL DISTRICT,2024,
NY,640101040000,ARGYLE CSD,3603210,st_leaid,640101040000,ARGYLE CENTRAL SCHOOL DISTRICT,2024,
NY,640502040000,FORT ANN CSD,3611280,st_leaid,640502040000,FORT ANN CENTRAL SCHOOL DISTRICT,2024,
NY,640601020000,FORT EDWARD UFSD,3611310,st_leaid,640601020000,FORT EDWARD UNION FREE SCHOOL DISTRICT,2024,
NY,640701040000,GRANVILLE CSD,3612450,st_leaid,640701040000,GRANVILLE CENTRAL SCHOOL DISTRICT,2024,
NY,640801040000,GREENWICH CSD,3612900,st_leaid,640801040000,GREENWICH CENTRAL SCHOOL DISTRICT,2024,
NY,641001040000,HARTFORD CSD,3613830,st_leaid,641001040000,HARTFORD CENTRAL SCHOOL DISTRICT,2024,
NY,641301060000,HUDSON FALLS CSD,3614970,st_leaid,641301060000,HUDSON FALLS CENTRAL SCHOOL DISTRICT,2024,
NY,641501040000,SALEM CSD,3625470,st_leaid,641501040000,SALEM CENTRAL SCHOOL DISTRICT,2024,
NY,641610040000,CAMBRIDGE CSD,3606210,st_leaid,641610040000,CAMBRIDGE CENTRAL SCHOOL DISTRICT,2024,
NY,641701060000,WHITEHALL CSD,3631290,st_leaid,641701060000,WHITEHALL CENTRAL SCHOOL DISTRICT,2024,
NY,650101060000,NEWARK CSD,3620640,st_leaid,650101060000,NEWARK CENTRAL SCHOOL DISTRICT,2024,
NY,650301040000,CLYDE-SAVANNAH CSD,3607860,st_leaid,650301040000,CLYDE-SAVANNAH CENTRAL SCHOOL DISTRICT,2024,
NY,650501040000,LYONS CSD,3618030,st_leaid,650501040000,LYONS CENTRAL SCHOOL DISTRICT,2024,
NY,650701040000,MARION CSD,3618540,st_leaid,650701040000,MARION CENTRAL SCHOOL DISTRICT,2024,
NY,650801060000,WAYNE CSD,3630330,st_leaid,650801060000,WAYNE CENTRAL SCHOOL DISTRICT,2024,
NY,650901060000,PALMYRA-MACEDON CSD,3622380,st_leaid,650901060000,PALMYRA-MACEDON CENTRAL SCHOOL DISTRICT,2024,
NY,650902040000,GANANDA CSD,3611740,st_leaid,650902040000,GANANDA CENTRAL SCHOOL DISTRICT,2024,
NY,651201060000,SODUS CSD,3627120,st_leaid,651201060000,SODUS CENTRAL SCHOOL DISTRICT,2024,
NY,651402040000,WILLIAMSON CSD,3631440,st_leaid,651402040000,WILLIAMSON CENTRAL SCHOOL DISTRICT,2024,
NY,651501060000,NORTH ROSE-WOLCOTT CSD,3616980,st_leaid,651501060000,NORTH ROSE-WOLCOTT CENTRAL SCHOOL DISTRICT,2024,
NY,651503040000,RED CREEK CSD,3624210,st_leaid,651503040000,RED CREEK CENTRAL SCHOOL DISTRICT,2024,
NY,660101030000,KATONAH-LEWISBORO UFSD,3616080,st_leaid,660101030000,KATONAH-LEWISBORO UNION FREE SCHOOL DISTRICT,2024,
NY,660102060000,BEDFORD CSD,3619950,st_leaid,660102060000,BEDFORD CENTRAL SCHOOL DISTRICT,2024,
NY,660202030000,CROTON-HARMON UFSD,3608580,st_leaid,660202030000,CROTON-HARMON UNION FREE SCHOOL DISTRICT,2024,
NY,660203060000,HENDRICK HUDSON CSD,3614190,st_leaid,660203060000,HENDRICK HUDSON CENTRAL SCHOOL DISTRICT,2024,
NY,660301030000,EASTCHESTER UFSD,3610080,st_leaid,660301030000,EASTCHESTER UNION FREE SCHOOL DISTRICT,2024,
NY,660302030000,TUCKAHOE UFSD,3629040,st_leaid,660302030000,TUCKAHOE UNION FREE SCHOOL DISTRICT,2024,
NY,660303030000,BRONXVILLE UFSD,3605640,st_leaid,660303030000,BRONXVILLE UNION FREE SCHOOL DISTRICT,2024,
NY,660401030000,UFSD-TARRYTOWNS,3628650,st_leaid,660401030000,UNION FREE SCHOOL DISTRICT OF THE TARRYTOWNS,2024,
NY,660402020000,IRVINGTON UFSD,3615450,st_leaid,660402020000,IRVINGTON UNION FREE SCHOOL DISTRICT,2024,
NY,660403030000,DOBBS FERRY UFSD,3609120,st_leaid,660403030000,DOBBS FERRY UNION FREE SCHOOL DISTRICT,2024,
NY,660404030000,HASTINGS-ON-HUDSON UFSD,3613950,st_leaid,660404030000,HASTINGS-ON-HUDSON UNION FREE SCHOOL DISTRICT,2024,
NY,660405030000,ARDSLEY UFSD,3603180,st_leaid,660405030000,ARDSLEY UNION FREE SCHOOL DISTRICT,2024,
NY,660406030000,EDGEMONT UFSD,3610200,st_leaid,660406030000,EDGEMONT UNION FREE SCHOOL DISTRICT,2024,
NY,660407060000,GREENBURGH CSD,3612720,st_leaid,660407060000,GREENBURGH CENTRAL SCHOOL DISTRICT,2024,
NY,660409020000,ELMSFORD UFSD,3610650,st_leaid,660409020000,ELMSFORD UNION FREE SCHOOL DISTRICT,2024,
NY,660411020000,GREENBURGH ELEVEN UFSD,3610140,st_leaid,660411020000,GREENBURGH ELEVEN UNION FREE SCHOOL DISTRICT,2024,
NY,660412020000,GREENBURGH-NORTH CASTLE UFSD,3627980,st_leaid,660412020000,GREENBURGH-NORTH CASTLE UNION FREE SCHOOL DISTRICT,2024,
NY,660501060000,HARRISON CSD,3613740,st_leaid,660501060000,HARRISON CENTRAL SCHOOL DISTRICT,2024,
NY,660701030000,MAMARONECK UFSD,3618240,st_leaid,660701030000,MAMARONECK UNION FREE SCHOOL DISTRICT,2024,
NY,660801060000,MT PLEASANT CSD,3620160,st_leaid,660801060000,MOUNT PLEASANT CENTRAL SCHOOL DISTRICT,2024,
NY,660802040000,POCANTICO HILLS CSD,3623340,st_leaid,660802040000,POCANTICO HILLS CENTRAL SCHOOL DISTRICT,2024,
NY,660803020000,HAWTHORNE-CEDAR KNOLLS UFSD,3614070,st_leaid,660803020000,HAWTHORNE-CEDAR KNOLLS UNION FREE SCHOOL DISTRICT,2024,
NY,660804020000,MT PLEASANT-COTTAGE UFSD,3608470,st_leaid,660804020000,MOUNT PLEASANT-COTTAGE UNION FREE SCHOOL DISTRICT,2024,
NY,660805030000,VALHALLA UFSD,3629400,st_leaid,660805030000,VALHALLA UNION FREE SCHOOL DISTRICT,2024,
NY,660806020000,MT PLEASANT-BLYTHEDALE UFSD,3620170,st_leaid,660806020000,MOUNT PLEASANT-BLYTHEDALE UNION FREE SCHOOL DISTRICT,2024,
NY,660809030000,PLEASANTVILLE UFSD,3623310,st_leaid,660809030000,PLEASANTVILLE UNION FREE SCHOOL DISTRICT,2024,
NY,660900010000,MT VERNON SCHOOL DISTRICT,3620100,st_leaid,660900010000,MOUNT VERNON SCHOOL DISTRICT,2024,
NY,661004060000,CHAPPAQUA CSD,3606990,st_leaid,661004060000,CHAPPAQUA CENTRAL SCHOOL DISTRICT,2024,
NY,661100010000,NEW ROCHELLE CITY SD,3620490,st_leaid,661100010000,NEW ROCHELLE CITY SCHOOL DISTRICT,2024,
NY,661201060000,BYRAM HILLS CSD,3606060,st_leaid,661201060000,BYRAM HILLS CENTRAL SCHOOL DISTRICT,2024,
NY,661301040000,NORTH SALEM CSD,3621180,st_leaid,661301040000,NORTH SALEM CENTRAL SCHOOL DISTRICT,2024,
NY,661401030000,OSSINING UFSD,3622020,st_leaid,661401030000,OSSINING UNION FREE SCHOOL DISTRICT,2024,
NY,661402020000,BRIARCLIFF MANOR UFSD,3605340,st_leaid,661402020000,BRIARCLIFF MANOR UNION FREE SCHOOL DISTRICT,2024,
NY,661500010000,PEEKSKILL CITY SD,3622650,st_leaid,661500010000,PEEKSKILL CITY SCHOOL DISTRICT,2024,
NY,661601030000,PELHAM UFSD,3622680,st_leaid,661601030000,PELHAM UNION FREE SCHOOL DISTRICT,2024,
NY,661800010000,RYE CITY SD,3625260,st_leaid,661800010000,RYE CITY SCHOOL DISTRICT,2024,
NY,661901030000,RYE NECK UFSD,3625290,st_leaid,661901030000,RYE NECK UNION FREE SCHOOL DISTRICT,2024,
NY,661904030000,PORT CHESTER-RYE UFSD,3623460,st_leaid,661904030000,PORT CHESTER-RYE UNION FREE SCHOOL DISTRICT,2024,
NY,661905020000,BLIND BROOK-RYE UFSD,3624630,st_leaid,661905020000,BLIND BROOK-RYE UNION FREE SCHOOL DISTRICT,2024,
NY,662001030000,SCARSDALE UFSD,3625950,st_leaid,662001030000,SCARSDALE UNION FREE SCHOOL DISTRICT,2024,
NY,662101060000,SOMERS CSD,3627180,st_leaid,662101060000,SOMERS CENTRAL SCHOOL DISTRICT,2024,
NY,662200010000,WHITE PLAINS CITY SD,3631260,st_leaid,662200010000,WHITE PLAINS CITY SCHOOL DISTRICT,2024,
NY,662300010000,YONKERS CITY SD,3631920,st_leaid,662300010000,YONKERS CITY SCHOOL DISTRICT,2024,
NY,662401060000,LAKELAND CSD,3616620,st_leaid,662401060000,LAKELAND CENTRAL SCHOOL DISTRICT,2024,
NY,662402060000,YORKTOWN CSD,3631980,st_leaid,662402060000,YORKTOWN CENTRAL SCHOOL DISTRICT,2024,
NY,670201060000,ATTICA CSD,3603420,st_leaid,670201060000,ATTICA CENTRAL SCHOOL DISTRICT,2024,
NY,670401040000,LETCHWORTH CSD,3617130,st_leaid,670401040000,LETCHWORTH CENTRAL SCHOOL DISTRICT,2024,
NY,671002040000,WYOMING CSD,3631860,st_leaid,671002040000,WYOMING CENTRAL SCHOOL DISTRICT,2024,
NY,671201060000,PERRY CSD,3622770,st_leaid,671201060000,PERRY CENTRAL SCHOOL DISTRICT,2024,
NY,671501040000,WARSAW CSD,3629940,st_leaid,671501040000,WARSAW CENTRAL SCHOOL DISTRICT,2024,
NY,680601060000,PENN YAN CSD,3622740,st_leaid,680601060000,PENN YAN CENTRAL SCHOOL DISTRICT,2024,
NY,680801040000,DUNDEE CSD,3609390,st_leaid,680801040000,DUNDEE CENTRAL SCHOOL DISTRICT,2024,
OH,000442,Manchester Local,3900537,st_leaid,000442,Manchester Local,2024,
OH,043489,Akron City,3904348,st_leaid,043489,Akron City,2024,
OH,043497,Alliance City,3904349,st_leaid,043497,Alliance City,2024,
OH,043505,Ashland City,3904350,st_leaid,043505,Ashland City,2024,
OH,043513,Ashtabula Area City,3904351,st_leaid,043513,Ashtabula Area City,2024,
OH,043521,Athens City,3904352,st_leaid,043521,Athens City,2024,
OH,043539,Barberton City,3904353,st_leaid,043539,Barberton City,2024,
OH,043547,Bay Village City,3904354,st_leaid,043547,Bay Village City,2024,
OH,043554,Beachwood City,3904355,st_leaid,043554,Beachwood City,2024,
OH,043562,Bedford City,3910017,st_leaid,043562,Bedford City,2024,
OH,043570,Bellaire Local,3904357,st_leaid,043570,Bellaire Local,2024,
OH,043588,Bellefontaine City,3904358,st_leaid,043588,Bellefontaine City,2024,
OH,043596,Bellevue City,3904359,st_leaid,043596,Bellevue City,2024,
OH,043604,Belpre City,3904361,st_leaid,043604,Belpre City,2024,
OH,043612,Berea City,3904360,st_leaid,043612,Berea City,2024,
OH,043620,Bexley City,3904362,st_leaid,043620,Bexley City,2024,
OH,043638,Bowling Green City School District,3904363,st_leaid,043638,Bowling Green City School District,2024,
OH,043646,Brecksville-Broadview Heights City,3904364,st_leaid,043646,Brecksville-Broadview Heights City,2024,
OH,043653,Brooklyn City,3904365,st_leaid,043653,Brooklyn City,2024,
OH,043661,Brunswick City,3904366,st_leaid,043661,Brunswick City,2024,
OH,043679,Bryan City,3904367,st_leaid,043679,Bryan City,2024,
OH,043687,Bucyrus City,3904368,st_leaid,043687,Bucyrus City,2024,
OH,043695,Cambridge City,3904369,st_leaid,043695,Cambridge City,2024,
OH,043703,Campbell City,3904370,st_leaid,043703,Campbell City,2024,
OH,043711,Canton City,3904371,st_leaid,043711,Canton City,2024,
OH,043729,Celina City,3910030,st_leaid,043729,Celina City,2024,
OH,043737,Centerville City,3904373,st_leaid,043737,Centerville City,2024,
OH,043745,Chillicothe City,3904374,st_leaid,043745,Chillicothe City,2024,
OH,043752,Cincinnati Public Schools,3904375,st_leaid,043752,Cincinnati Public Schools,2024,
OH,043760,Circleville City,3904376,st_leaid,043760,Circleville City,2024,
OH,043778,Claymont City,3904377,st_leaid,043778,Claymont City,2024,
OH,043786,Cleveland Municipal,3904378,st_leaid,043786,Cleveland Municipal,2024,
OH,043794,Cleveland Heights-University Heights City,3904379,st_leaid,043794,Cleveland Heights-University Heights City,2024,
OH,043802,Columbus City School District,3904380,st_leaid,043802,Columbus City Schools District,2024,
OH,043810,Conneaut Area City,3904381,st_leaid,043810,Conneaut Area City,2024,
OH,043828,Coshocton City,3904382,st_leaid,043828,Coshocton City,2024,
OH,043836,Cuyahoga Falls City,3904383,st_leaid,043836,Cuyahoga Falls City,2024,
OH,043844,Dayton City,3904384,st_leaid,043844,Dayton City,2024,
OH,043851,Deer Park Community City,3904385,st_leaid,043851,Deer Park Community City,2024,
OH,043869,Defiance City,3904386,st_leaid,043869,Defiance City,2024,
OH,043877,Delaware City,3904387,st_leaid,043877,Delaware City,2024,
OH,043885,Delphos City,3904388,st_leaid,043885,Delphos City,2024,
OH,043893,Dover City,3904389,st_leaid,043893,Dover City,2024,
OH,043901,East Cleveland City School District,3904390,st_leaid,043901,East Cleveland City School District,2024,
OH,043919,East Liverpool City,3904391,st_leaid,043919,East Liverpool City,2024,
OH,043927,East Palestine City,3904392,st_leaid,043927,East Palestine City,2024,
OH,043935,Eaton Community City,3904393,st_leaid,043935,Eaton Community City,2024,
OH,043943,Elyria City Schools,3904394,st_leaid,043943,Elyria City Schools,2024,
OH,043950,Euclid City,3904395,st_leaid,043950,Euclid City,2024,
OH,043968,Fairborn City,3904396,st_leaid,043968,Fairborn City,2024,
OH,043976,Fairview Park City,3904397,st_leaid,043976,Fairview Park City,2024,
OH,043984,Findlay City,3910000,st_leaid,043984,Findlay City,2024,
OH,043992,Fostoria City,3904399,st_leaid,043992,Fostoria City,2024,
OH,044008,Franklin City,3904400,st_leaid,044008,Franklin City,2024,
OH,044016,Fremont City,3904401,st_leaid,044016,Fremont City,2024,
OH,044024,Galion City,3904402,st_leaid,044024,Galion City,2024,
OH,044032,Gallipolis City,3904403,st_leaid,044032,Gallipolis City,2024,
OH,044040,Garfield Heights City Schools,3904404,st_leaid,044040,Garfield Heights City Schools,2024,
OH,044057,Geneva Area City,3904405,st_leaid,044057,Geneva Area City,2024,
OH,044065,Girard City School District,3904406,st_leaid,044065,Girard City School District,2024,
OH,044073,Grandview Heights Schools,3904407,st_leaid,044073,Grandview Heights Schools,2024,
OH,044081,Winton Woods City,3904408,st_leaid,044081,Winton Woods City,2024,
OH,044099,Greenville City,3904409,st_leaid,044099,Greenville City,2024,
OH,044107,Hamilton City,3904410,st_leaid,044107,Hamilton City,2024,
OH,044115,Heath City,3904411,st_leaid,044115,Heath City,2024,
OH,044123,Hillsboro City,3904412,st_leaid,044123,Hillsboro City,2024,
OH,044131,Huron City Schools,3904413,st_leaid,044131,Huron City Schools,2024,
OH,044149,Ironton City School District,3904414,st_leaid,044149,Ironton City School District,2024,
OH,044156,Jackson City,3904415,st_leaid,044156,Jackson City,2024,
OH,044164,Kent City,3904416,st_leaid,044164,Kent City,2024,
OH,044172,Kenton City,3910025,st_leaid,044172,Kenton City,2024,
OH,044180,Kettering City School District,3904418,st_leaid,044180,Kettering City School District,2024,
OH,044198,Lakewood City,3904419,st_leaid,044198,Lakewood City,2024,
OH,044206,Lancaster City,3904420,st_leaid,044206,Lancaster City,2024,
OH,044214,Lebanon City,3904421,st_leaid,044214,Lebanon City,2024,
OH,044222,Lima City,3904422,st_leaid,044222,Lima City,2024,
OH,044230,Lockland Local,3904423,st_leaid,044230,Lockland Local,2024,
OH,044248,Logan-Hocking Local,3904424,st_leaid,044248,Logan-Hocking Local,2024,
OH,044255,London City,3904425,st_leaid,044255,London City,2024,
OH,044263,Lorain City,3904426,st_leaid,044263,Lorain City,2024,
OH,044271,Loveland City,3904427,st_leaid,044271,Loveland City,2024,
OH,044289,Madeira City,3904428,st_leaid,044289,Madeira City,2024,
OH,044297,Mansfield City,3904429,st_leaid,044297,Mansfield City,2024,
OH,044305,Maple Heights City,3904430,st_leaid,044305,Maple Heights City,2024,
OH,044313,Mariemont City,3904431,st_leaid,044313,Mariemont City,2024,
OH,044321,Marietta City,3910019,st_leaid,044321,Marietta City,2024,
OH,044339,Marion City,3904433,st_leaid,044339,Marion City,2024,
OH,044347,Martins Ferry City,3904434,st_leaid,044347,Martins Ferry City,2024,
OH,044354,Massillon City,3904435,st_leaid,044354,Massillon City,2024,
OH,044362,Maumee City,3904436,st_leaid,044362,Maumee City,2024,
OH,044370,Mayfield City,3904437,st_leaid,044370,Mayfield City,2024,
OH,044388,Medina City SD,3904438,st_leaid,044388,Medina City SD,2024,
OH,044396,Miamisburg City,3904439,st_leaid,044396,Miamisburg City,2024,
OH,044404,Middletown City,3904440,st_leaid,044404,Middletown City,2024,
OH,044412,Mt Healthy City,3904441,st_leaid,044412,Mt Healthy City,2024,
OH,044420,Mount Vernon City,3910012,st_leaid,044420,Mount Vernon City,2024,
OH,044438,Napoleon Area City,3904443,st_leaid,044438,Napoleon Area City,2024,
OH,044446,Nelsonville-York City,3904444,st_leaid,044446,Nelsonville-York City,2024,
OH,044453,Newark City,3904445,st_leaid,044453,Newark City,2024,
OH,044461,New Boston Local,3904446,st_leaid,044461,New Boston Local,2024,
OH,044479,New Lexington School District,3904447,st_leaid,044479,New Lexington School District,2024,
OH,044487,New Philadelphia City,3904448,st_leaid,044487,New Philadelphia City,2024,
OH,044495,Niles City,3904449,st_leaid,044495,Niles City,2024,
OH,044503,North Canton City,3904450,st_leaid,044503,North Canton City,2024,
OH,044511,North College Hill City,3904451,st_leaid,044511,North College Hill City,2024,
OH,044529,North Olmsted City,3904452,st_leaid,044529,North Olmsted City,2024,
OH,044537,North Ridgeville City,3904453,st_leaid,044537,North Ridgeville City,2024,
OH,044545,North Royalton City,3904454,st_leaid,044545,North Royalton City,2024,
OH,044552,Norton City,3904455,st_leaid,044552,Norton City,2024,
OH,044560,Norwalk City,3904456,st_leaid,044560,Norwalk City,2024,
OH,044578,Norwood City,3904457,st_leaid,044578,Norwood City,2024,
OH,044586,Oakwood City,3904458,st_leaid,044586,Oakwood City,2024,
OH,044594,Oberlin City Schools,3904459,st_leaid,044594,Oberlin City Schools,2024,
OH,044602,Oregon City,3904460,st_leaid,044602,Oregon City,2024,
OH,044610,Orrville City,3904461,st_leaid,044610,Orrville City,2024,
OH,044628,Painesville City Local,3910015,st_leaid,044628,Painesville City Local,2024,
OH,044636,Parma City,3904463,st_leaid,044636,Parma City,2024,
OH,044644,Piqua City,3904464,st_leaid,044644,Piqua City,2024,
OH,044651,Port Clinton City,3904465,st_leaid,044651,Port Clinton City,2024,
OH,044669,Portsmouth City,3910027,st_leaid,044669,Portsmouth City,2024,
OH,044677,Princeton City,3904467,st_leaid,044677,Princeton City,2024,
OH,044685,Ravenna City,3904468,st_leaid,044685,Ravenna City,2024,
OH,044693,Reading Community City,3904469,st_leaid,044693,Reading Community City,2024,
OH,044701,Rocky River City,3904470,st_leaid,044701,Rocky River City,2024,
OH,044719,St Bernard-Elmwood Place City,3904471,st_leaid,044719,St Bernard-Elmwood Place City,2024,
OH,044727,St Marys City,3904472,st_leaid,044727,St Marys City,2024,
OH,044735,Salem City,3910006,st_leaid,044735,Salem City,2024,
OH,044743,Sandusky City,3904474,st_leaid,044743,Sandusky City,2024,
OH,044750,Shaker Heights City,3904475,st_leaid,044750,Shaker Heights City,2024,
OH,044768,Sheffield-Sheffield Lake City,3904476,st_leaid,044768,Sheffield-Sheffield Lake City,2024,
OH,044776,Shelby City,3910009,st_leaid,044776,Shelby City,2024,
OH,044784,Sidney City,3910003,st_leaid,044784,Sidney City,2024,
OH,044792,South Euclid-Lyndhurst City,3904479,st_leaid,044792,South Euclid-Lyndhurst City,2024,
OH,044800,South-Western City,3904480,st_leaid,044800,South-Western City,2024,
OH,044818,Springfield City School District,3904481,st_leaid,044818,Springfield City School District,2024,
OH,044826,Steubenville City,3904482,st_leaid,044826,Steubenville City,2024,
OH,044834,Stow-Munroe Falls City School District,3904483,st_leaid,044834,Stow-Munroe Falls City School District,2024,
OH,044842,Strongsville City,3904484,st_leaid,044842,Strongsville City,2024,
OH,044859,Struthers City,3904485,st_leaid,044859,Struthers City,2024,
OH,044867,Sycamore Community City,3904486,st_leaid,044867,Sycamore Community City,2024,
OH,044875,Sylvania Schools,3904487,st_leaid,044875,Sylvania Schools,2024,
OH,044883,Tallmadge City,3904488,st_leaid,044883,Tallmadge City,2024,
OH,044891,Tiffin City Schools,3904489,st_leaid,044891,Tiffin City Schools,2024,
OH,044909,Toledo City,3904490,st_leaid,044909,Toledo City,2024,
OH,044917,Toronto City,3904491,st_leaid,044917,Toronto City,2024,
OH,044925,Troy City,3904492,st_leaid,044925,Troy City,2024,
OH,044933,Upper Arlington City,3904493,st_leaid,044933,Upper Arlington City,2024,
OH,044941,Urbana City,3904494,st_leaid,044941,Urbana City,2024,
OH,044958,Vandalia-Butler City,3904495,st_leaid,044958,Vandalia-Butler City,2024,
OH,044966,Van Wert City,3910023,st_leaid,044966,Van Wert City,2024,
OH,044974,Wadsworth City,3910029,st_leaid,044974,Wadsworth City,2024,
OH,044982,Wapakoneta City,3904498,st_leaid,044982,Wapakoneta City,2024,
OH,044990,Warren City,3904499,st_leaid,044990,Warren City,2024,
OH,045005,Warrensville Heights City,3904500,st_leaid,045005,Warrensville Heights City,2024,
OH,045013,Washington Court House City,3910011,st_leaid,045013,Washington Court House City,2024,
OH,045021,Wellston City,3904502,st_leaid,045021,Wellston City,2024,
OH,045039,Wellsville Local,3904503,st_leaid,045039,Wellsville Local,2024,
OH,045047,Westerville City,3904504,st_leaid,045047,Westerville City,2024,
OH,045054,West Carrollton City,3904505,st_leaid,045054,West Carrollton City,2024,
OH,045062,Westlake City,3904506,st_leaid,045062,Westlake City,2024,
OH,045070,Whitehall City,3904507,st_leaid,045070,Whitehall City,2024,
OH,045088,Wickliffe City,3904508,st_leaid,045088,Wickliffe City,2024,
OH,045096,Willard City,3904509,st_leaid,045096,Willard City,2024,
OH,045104,Willoughby-Eastlake City,3904510,st_leaid,045104,Willoughby-Eastlake City,2024,
OH,045112,Wilmington City,3904511,st_leaid,045112,Wilmington City,2024,
OH,045120,Wooster City,3910032,st_leaid,045120,Wooster City,2024,
OH,045138,Worthington City,3904513,st_leaid,045138,Worthington City,2024,
OH,045146,Wyoming City,3904514,st_leaid,045146,Wyoming City,2024,
OH,045153,Xenia Community City,3904515,st_leaid,045153,Xenia Community City,2024,
OH,045161,Youngstown City,3904516,st_leaid,045161,Youngstown City,2024,
OH,045179,Zanesville City,3904517,st_leaid,045179,Zanesville City,2024,
OH,045187,Ada Exempted Village,3904518,st_leaid,045187,Ada Exempted Village,2024,
OH,045195,Amherst Exempted Village,3904519,st_leaid,045195,Amherst Exempted Village,2024,
OH,045203,Barnesville Exempted Village,3904520,st_leaid,045203,Barnesville Exempted Village,2024,
OH,045211,Bluffton Exempted Village,3904521,st_leaid,045211,Bluffton Exempted Village,2024,
OH,045229,Bradford Exempted Village,3904522,st_leaid,045229,Bradford Exempted Village,2024,
OH,045237,Bridgeport Exempted Village,3904523,st_leaid,045237,Bridgeport Exempted Village,2024,
OH,045245,Harrison Hills City,3904524,st_leaid,045245,Harrison Hills City,2024,
OH,045252,Caldwell Exempted Village,3904525,st_leaid,045252,Caldwell Exempted Village,2024,
OH,045260,Carey Exempted Village Schools,3904526,st_leaid,045260,Carey Exempted Village Schools,2024,
OH,045278,Carrollton Exempted Village,3904527,st_leaid,045278,Carrollton Exempted Village,2024,
OH,045286,Chagrin Falls Exempted Village,3904528,st_leaid,045286,Chagrin Falls Exempted Village,2024,
OH,045294,Chesapeake Union Exempted Village,3904529,st_leaid,045294,Chesapeake Union Exempted Village,2024,
OH,045302,Clyde-Green Springs Exempted Village,3910020,st_leaid,045302,Clyde-Green Springs Exempted Village,2024,
OH,045310,Coldwater Exempted Village,3904531,st_leaid,045310,Coldwater Exempted Village,2024,
OH,045328,Columbiana Exempted Village,3904532,st_leaid,045328,Columbiana Exempted Village,2024,
OH,045336,Covington Exempted Village,3904533,st_leaid,045336,Covington Exempted Village,2024,
OH,045344,Crestline Exempted Village,3910008,st_leaid,045344,Crestline Exempted Village,2024,
OH,045351,Crooksville Exempted Village,3904535,st_leaid,045351,Crooksville Exempted Village,2024,
OH,045369,Fairport Harbor Exempted Village,3904536,st_leaid,045369,Fairport Harbor Exempted Village,2024,
OH,045377,Georgetown Exempted Village,3904537,st_leaid,045377,Georgetown Exempted Village,2024,
OH,045385,Gibsonburg Exempted Village,3904538,st_leaid,045385,Gibsonburg Exempted Village,2024,
OH,045393,Granville Exempted Village,3904539,st_leaid,045393,Granville Exempted Village,2024,
OH,045401,Greenfield Exempted Village,3904540,st_leaid,045401,Greenfield Exempted Village,2024,
OH,045419,Hicksville Exempted Village,3904541,st_leaid,045419,Hicksville Exempted Village School District,2024,
OH,045427,Hubbard Exempted Village,3904542,st_leaid,045427,Hubbard Exempted Village,2024,
OH,045435,Indian Hill Exempted Village,3904543,st_leaid,045435,Indian Hill Exempted Village,2024,
OH,045443,Leetonia Exempted Village School District,3910007,st_leaid,045443,Leetonia Exempted Village School District,2024,
OH,045450,Lisbon Exempted Village,3904545,st_leaid,045450,Lisbon Exempted Village,2024,
OH,045468,Loudonville-Perrysville Exempted Village,3904546,st_leaid,045468,Loudonville-Perrysville Exempted Village,2024,
OH,045476,Marysville Exempted Village,3904547,st_leaid,045476,Marysville Exempted Village,2024,
OH,045484,Mechanicsburg Exempted Village,3904548,st_leaid,045484,Mechanicsburg Exempted Village,2024,
OH,045492,Mentor Exempted Village,3904549,st_leaid,045492,Mentor Exempted Village,2024,
OH,045500,Milford Exempted Village,3904550,st_leaid,045500,Milford Exempted Village,2024,
OH,045518,Milton-Union Exempted Village,3904551,st_leaid,045518,Milton-Union Exempted Village,2024,
OH,045526,Montpelier Exempted Village,3904552,st_leaid,045526,Montpelier Exempted Village,2024,
OH,045534,Mount Gilead Exempted Village,3904553,st_leaid,045534,Mount Gilead Exempted Village,2024,
OH,045542,Newcomerstown Exempted Village,3904554,st_leaid,045542,Newcomerstown Exempted Village,2024,
OH,045559,New Richmond Exempted Village,3904555,st_leaid,045559,New Richmond Exempted Village,2024,
OH,045567,Newton Falls Exempted Village,3904556,st_leaid,045567,Newton Falls Exempted Village,2024,
OH,045575,Paulding Exempted Village,3904557,st_leaid,045575,Paulding Exempted Village,2024,
OH,045583,Perrysburg Exempted Village,3904558,st_leaid,045583,Perrysburg Exempted Village,2024,
OH,045591,Rittman Exempted Village,3910028,st_leaid,045591,Rittman Exempted Village,2024,
OH,045609,Rossford Exempted Village,3904560,st_leaid,045609,Rossford Exempted Village,2024,
OH,045617,Tipp City Exempted Village,3904561,st_leaid,045617,Tipp City Exempted Village,2024,
OH,045625,Upper Sandusky Exempted Village,3910024,st_leaid,045625,Upper Sandusky Exempted Village,2024,
OH,045633,Versailles Exempted Village,3904563,st_leaid,045633,Versailles Exempted Village,2024,
OH,045641,Wauseon Exempted Village,3904564,st_leaid,045641,Wauseon Exempted Village,2024,
OH,045658,Wellington Exempted Village,3904565,st_leaid,045658,Wellington Exempted Village,2024,
OH,045666,Windham Exempted Village,3904566,st_leaid,045666,Windham Exempted Village,2024,
OH,045674,Yellow Springs Exempted Village,3904567,st_leaid,045674,Yellow Springs Exempted Village,2024,
OH,045757,Allen East Local,3904575,st_leaid,045757,Allen East Local,2024,
OH,045765,Bath Local,3904576,st_leaid,045765,Bath Local,2024,
OH,045773,Elida Local,3904577,st_leaid,045773,Elida Local,2024,
OH,045781,Perry Local,3904578,st_leaid,045781,Perry Local,2024,
OH,045799,Shawnee Local,3904579,st_leaid,045799,Shawnee Local,2024,
OH,045807,Spencerville Local,3904580,st_leaid,045807,Spencerville Local,2024,
OH,045823,Hillsdale Local,3904582,st_leaid,045823,Hillsdale Local,2024,
OH,045831,Mapleton Local,3904583,st_leaid,045831,Mapleton Local,2024,
OH,045856,Buckeye Local,3904585,st_leaid,045856,Buckeye Local,2024,
OH,045864,Grand Valley Local,3904586,st_leaid,045864,Grand Valley Local,2024,
OH,045872,Jefferson Area Local,3904587,st_leaid,045872,Jefferson Area Local,2024,
OH,045880,Pymatuning Valley Local,3904588,st_leaid,045880,Pymatuning Valley Local,2024,
OH,045906,Alexander Local,3904590,st_leaid,045906,Alexander Local,2024,
OH,045914,Federal Hocking Local,3904591,st_leaid,045914,Federal Hocking Local,2024,
OH,045922,Trimble Local,3904592,st_leaid,045922,Trimble Local,2024,
OH,045948,Minster Local,3904594,st_leaid,045948,Minster Local,2024,
OH,045955,New Bremen Local,3904595,st_leaid,045955,New Bremen Local,2024,
OH,045963,New Knoxville Local,3904596,st_leaid,045963,New Knoxville Local,2024,
OH,045971,Waynesfield-Goshen Local,3904597,st_leaid,045971,Waynesfield-Goshen Local,2024,
OH,045997,St Clairsville-Richland City,3904599,st_leaid,045997,St Clairsville-Richland City,2024,
OH,046003,Shadyside Local,3904600,st_leaid,046003,Shadyside Local,2024,
OH,046011,Union Local,3904601,st_leaid,046011,Union Local,2024,
OH,046037,Eastern Local School District,3904603,st_leaid,046037,Eastern Local School District,2024,
OH,046045,Fayetteville-Perry Local,3904604,st_leaid,046045,Fayetteville-Perry Local,2024,
OH,046060,Western Brown Local,3904606,st_leaid,046060,Western Brown Local,2024,
OH,046078,Ripley-Union-Lewis-Huntington Local,3904607,st_leaid,046078,Ripley-Union-Lewis-Huntington Local,2024,
OH,046094,Edgewood City,3904609,st_leaid,046094,Edgewood City School District,2024,
OH,046102,Fairfield City,3904610,st_leaid,046102,Fairfield City,2024,
OH,046110,Lakota Local,3904611,st_leaid,046110,Lakota Local,2024,
OH,046128,Madison Local,3904612,st_leaid,046128,Madison Local,2024,
OH,046136,New Miami Local,3904613,st_leaid,046136,New Miami Local,2024,
OH,046144,Ross Local,3904614,st_leaid,046144,Ross Local,2024,
OH,046151,Talawanda City,3904615,st_leaid,046151,Talawanda City,2024,
OH,046177,Brown Local,3904617,st_leaid,046177,Brown Local,2024,
OH,046193,Graham Local,3904619,st_leaid,046193,Graham Local,2024,
OH,046201,Triad Local,3904620,st_leaid,046201,Triad Local,2024,
OH,046219,West Liberty-Salem Local,3904621,st_leaid,046219,West Liberty-Salem Local,2024,
OH,046235,Greenon Local,3904623,st_leaid,046235,Greenon Local,2024,
OH,046243,Tecumseh Local,3904624,st_leaid,046243,Tecumseh Local,2024,
OH,046250,Northeastern Local,3904625,st_leaid,046250,Northeastern Local,2024,
OH,046268,Northwestern Local,3904626,st_leaid,046268,Northwestern Local,2024,
OH,046276,Southeastern Local,3904627,st_leaid,046276,Southeastern Local,2024,
OH,046284,Clark-Shawnee Local,3904628,st_leaid,046284,Clark-Shawnee Local,2024,
OH,046300,Batavia Local,3904630,st_leaid,046300,Batavia Local,2024,
OH,046318,Bethel-Tate Local,3904631,st_leaid,046318,Bethel-Tate Local,2024,
OH,046326,Clermont Northeastern Local,3904632,st_leaid,046326,Clermont Northeastern Local,2024,
OH,046334,Felicity-Franklin Local,3904633,st_leaid,046334,Felicity-Franklin Local,2024,
OH,046342,Goshen Local,3904634,st_leaid,046342,Goshen Local,2024,
OH,046359,West Clermont Local,3904635,st_leaid,046359,West Clermont Local,2024,
OH,046367,Williamsburg Local,3904636,st_leaid,046367,Williamsburg Local,2024,
OH,046383,Blanchester Local,3904638,st_leaid,046383,Blanchester Local,2024,
OH,046391,Clinton-Massie Local,3904639,st_leaid,046391,Clinton-Massie Local,2024,
OH,046409,East Clinton Local,3904640,st_leaid,046409,East Clinton Local,2024,
OH,046425,Beaver Local,3904642,st_leaid,046425,Beaver Local,2024,
OH,046433,Crestview Local,3904643,st_leaid,046433,Crestview Local,2024,
OH,046441,Southern Local,3904644,st_leaid,046441,Southern Local,2024,
OH,046458,United Local,3904645,st_leaid,046458,United Local,2024,
OH,046474,Ridgewood Local,3904647,st_leaid,046474,Ridgewood Local,2024,
OH,046482,River View Local,3904648,st_leaid,046482,River View Local,2024,
OH,046508,Buckeye Central Local,3904650,st_leaid,046508,Buckeye Central Local,2024,
OH,046516,Colonel Crawford Local,3904651,st_leaid,046516,Colonel Crawford Local,2024,
OH,046524,Wynford Local,3904652,st_leaid,046524,Wynford Local,2024,
OH,046557,Cuyahoga Heights Local,3904655,st_leaid,046557,Cuyahoga Heights Local,2024,
OH,046565,Independence Local,3904656,st_leaid,046565,Independence Local,2024,
OH,046573,Olmsted Falls City,3904657,st_leaid,046573,Olmsted Falls City,2024,
OH,046581,Orange City,3910016,st_leaid,046581,Orange City,2024,
OH,046599,Richmond Heights Local,3904659,st_leaid,046599,Richmond Heights Local,2024,
OH,046607,Solon City,3904660,st_leaid,046607,Solon City,2024,
OH,046623,Ansonia Local,3904662,st_leaid,046623,Ansonia Local,2024,
OH,046631,Arcanum-Butler Local,3904663,st_leaid,046631,Arcanum-Butler Local,2024,
OH,046649,Franklin Monroe Local,3904664,st_leaid,046649,Franklin Monroe Local,2024,
OH,046672,Mississinawa Valley Local,3904667,st_leaid,046672,Mississinawa Valley Local,2024,
OH,046680,Tri-Village Local,3904668,st_leaid,046680,Tri-Village Local,2024,
OH,046706,Ayersville Local,3904670,st_leaid,046706,Ayersville Local,2024,
OH,046714,Central Local,3904671,st_leaid,046714,Central Local,2024,
OH,046722,Northeastern Local,3904672,st_leaid,046722,Northeastern Local,2024,
OH,046748,Big Walnut Local,3904674,st_leaid,046748,Big Walnut Local,2024,
OH,046755,Buckeye Valley Local,3904675,st_leaid,046755,Buckeye Valley Local,2024,
OH,046763,Olentangy Local,3904676,st_leaid,046763,Olentangy Local,2024,
OH,046789,Edison Local (formerly Berlin-Milan),3904678,st_leaid,046789,Edison Local (formerly Berlin-Milan),2024,
OH,046805,Margaretta Local,3904680,st_leaid,046805,Margaretta Local,2024,
OH,046813,Perkins Local,3904681,st_leaid,046813,Perkins Local,2024,
OH,046821,Vermilion Local,3904682,st_leaid,046821,Vermilion Local,2024,
OH,046847,Amanda-Clearcreek Local,3904684,st_leaid,046847,Amanda-Clearcreek Local,2024,
OH,046854,Berne Union Local,3904685,st_leaid,046854,Berne Union Local,2024,
OH,046862,Bloom-Carroll Local,3904686,st_leaid,046862,Bloom-Carroll Local,2024,
OH,046870,Fairfield Union Local,3904687,st_leaid,046870,Fairfield Union Local,2024,
OH,046888,Liberty Union-Thurston Local,3904688,st_leaid,046888,Liberty Union-Thurston Local,2024,
OH,046896,Pickerington Local,3904689,st_leaid,046896,Pickerington Local,2024,
OH,046904,Walnut Township Local,3904690,st_leaid,046904,Walnut Township Local,2024,
OH,046920,Miami Trace Local,3910010,st_leaid,046920,Miami Trace Local,2024,
OH,046946,Canal Winchester Local,3904694,st_leaid,046946,Canal Winchester Local,2024,
OH,046953,Hamilton Local,3904695,st_leaid,046953,Hamilton Local,2024,
OH,046961,Gahanna-Jefferson City,3904696,st_leaid,046961,Gahanna-Jefferson City,2024,
OH,046979,Groveport Madison Local,3904697,st_leaid,046979,Groveport Madison Local,2024,
OH,046995,New Albany-Plain Local,3904699,st_leaid,046995,New Albany-Plain Local,2024,
OH,047001,Reynoldsburg City,3904700,st_leaid,047001,Reynoldsburg City,2024,
OH,047019,Hilliard City,3904701,st_leaid,047019,Hilliard City,2024,
OH,047027,Dublin City,3904702,st_leaid,047027,Dublin City,2024,
OH,047043,Archbold-Area Local,3904704,st_leaid,047043,Archbold-Area Local,2024,
OH,047050,Evergreen Local,3904705,st_leaid,047050,Evergreen Local,2024,
OH,047068,Fayette Local,3904706,st_leaid,047068,Fayette Local,2024,
OH,047076,Pettisville Local,3904707,st_leaid,047076,Pettisville Local,2024,
OH,047084,Pike-Delta-York Local,3904708,st_leaid,047084,Pike-Delta-York Local,2024,
OH,047092,Swanton Local,3904709,st_leaid,047092,Swanton Local,2024,
OH,047167,Berkshire Local,3904716,st_leaid,047167,Berkshire Local,2024,
OH,047175,Cardinal Local,3904717,st_leaid,047175,Cardinal Local,2024,
OH,047183,Chardon Local,3904718,st_leaid,047183,Chardon Local,2024,
OH,047191,Kenston Local,3904719,st_leaid,047191,Kenston Local,2024,
OH,047225,West Geauga Local,3904722,st_leaid,047225,West Geauga Local,2024,
OH,047241,Beavercreek City,3904724,st_leaid,047241,Beavercreek City,2024,
OH,047258,Cedar Cliff Local,3904725,st_leaid,047258,Cedar Cliff Local,2024,
OH,047266,Greeneview Local,3904726,st_leaid,047266,Greeneview Local,2024,
OH,047274,Bellbrook-Sugarcreek Local,3904727,st_leaid,047274,Bellbrook-Sugarcreek Local,2024,
OH,047308,Rolling Hills Local,3904730,st_leaid,047308,Rolling Hills Local,2024,
OH,047332,Finneytown Local,3904733,st_leaid,047332,Finneytown Local,2024,
OH,047340,Forest Hills Local,3904734,st_leaid,047340,Forest Hills Local,2024,
OH,047365,Northwest Local,3904736,st_leaid,047365,Northwest Local,2024,
OH,047373,Oak Hills Local,3904737,st_leaid,047373,Oak Hills Local,2024,
OH,047381,Southwest Local,3904738,st_leaid,047381,Southwest Local,2024,
OH,047399,Three Rivers Local,3904739,st_leaid,047399,Three Rivers Local,2024,
OH,047415,Arcadia Local,3910002,st_leaid,047415,Arcadia Local,2024,
OH,047423,Arlington Local,3904742,st_leaid,047423,Arlington Local,2024,
OH,047431,Cory-Rawson Local,3904743,st_leaid,047431,Cory-Rawson Local,2024,
OH,047449,Liberty-Benton Local,3904744,st_leaid,047449,Liberty-Benton Local,2024,
OH,047456,McComb Local,3904745,st_leaid,047456,McComb Local,2024,
OH,047464,Van Buren Local,3910001,st_leaid,047464,Van Buren Local,2024,
OH,047472,Vanlue Local,3904747,st_leaid,047472,Vanlue Local,2024,
OH,047498,Hardin Northern Local,3904749,st_leaid,047498,Hardin Northern Local,2024,
OH,047506,Ridgemont Local,3904750,st_leaid,047506,Ridgemont Local,2024,
OH,047514,Riverdale Local,3904751,st_leaid,047514,Riverdale Local,2024,
OH,047522,Upper Scioto Valley Local,3904752,st_leaid,047522,Upper Scioto Valley Local,2024,
OH,047548,Conotton Valley Union Local,3904754,st_leaid,047548,Conotton Valley Union Local,2024,
OH,047571,Holgate Local,3904757,st_leaid,047571,Holgate Local,2024,
OH,047589,Liberty Center Local,3904758,st_leaid,047589,Liberty Center Local,2024,
OH,047597,Patrick Henry Local,3904759,st_leaid,047597,Patrick Henry Local,2024,
OH,047613,Bright Local,3904761,st_leaid,047613,Bright Local,2024,
OH,047621,Fairfield Local,3904762,st_leaid,047621,Fairfield Local,2024,
OH,047639,Lynchburg-Clay Local,3904763,st_leaid,047639,Lynchburg-Clay Local,2024,
OH,047688,East Holmes Local,3904768,st_leaid,047688,East Holmes Local,2024,
OH,047696,West Holmes Local,3904769,st_leaid,047696,West Holmes Local,2024,
OH,047712,Monroeville Local,3904771,st_leaid,047712,Monroeville Local,2024,
OH,047720,New London Local,3904772,st_leaid,047720,New London Local,2024,
OH,047738,South Central Local,3904773,st_leaid,047738,South Central Local,2024,
OH,047746,Western Reserve Local,3904774,st_leaid,047746,Western Reserve Local,2024,
OH,047761,Oak Hill Union Local,3904776,st_leaid,047761,Oak Hill Union Local,2024,
OH,047787,Buckeye Local,3904778,st_leaid,047787,Buckeye Local,2024,
OH,047795,Edison Local,3904779,st_leaid,047795,Edison Local,2024,
OH,047803,Indian Creek Local,3904780,st_leaid,047803,Indian Creek Local,2024,
OH,047829,Centerburg Local,3904782,st_leaid,047829,Centerburg Local,2024,
OH,047837,Danville Local,3904783,st_leaid,047837,Danville Local,2024,
OH,047845,East Knox Local,3910013,st_leaid,047845,East Knox Local,2024,
OH,047852,Fredericktown Local,3904785,st_leaid,047852,Fredericktown Local,2024,
OH,047878,Kirtland Local,3904787,st_leaid,047878,Kirtland Local,2024,
OH,047886,Madison Local,3904788,st_leaid,047886,Madison Local,2024,
OH,047894,Riverside Local,3910014,st_leaid,047894,Riverside Local,2024,
OH,047902,Perry Local,3904790,st_leaid,047902,Perry Local,2024,
OH,047928,Dawson-Bryant Local,3904792,st_leaid,047928,Dawson-Bryant Local,2024,
OH,047936,Fairland Local,3904793,st_leaid,047936,Fairland Local,2024,
OH,047944,Rock Hill Local,3904794,st_leaid,047944,Rock Hill Local,2024,
OH,047951,South Point Local,3904795,st_leaid,047951,South Point Local,2024,
OH,047969,Symmes Valley Local,3904796,st_leaid,047969,Symmes Valley Local,2024,
OH,047985,Johnstown-Monroe Local,3904798,st_leaid,047985,Johnstown-Monroe Local,2024,
OH,047993,Lakewood Local,3904799,st_leaid,047993,Lakewood Local,2024,
OH,048009,Licking Heights Local,3904800,st_leaid,048009,Licking Heights Local,2024,
OH,048017,Licking Valley Local,3904801,st_leaid,048017,Licking Valley Local,2024,
OH,048025,North Fork Local,3904802,st_leaid,048025,North Fork Local,2024,
OH,048033,Northridge Local,3904803,st_leaid,048033,Northridge Local,2024,
OH,048041,Southwest Licking Local,3904804,st_leaid,048041,Southwest Licking Local,2024,
OH,048074,Benjamin Logan Local,3904807,st_leaid,048074,Benjamin Logan Local,2024,
OH,048082,Indian Lake Local,3904808,st_leaid,048082,Indian Lake Local,2024,
OH,048090,Riverside Local,3904809,st_leaid,048090,Riverside Local,2024,
OH,048116,Avon Local,3904811,st_leaid,048116,Avon Local,2024,
OH,048124,Avon Lake City,3904812,st_leaid,048124,Avon Lake City,2024,
OH,048132,Clearview Local,3904813,st_leaid,048132,Clearview Local,2024,
OH,048140,Columbia Local,3904814,st_leaid,048140,Columbia Local,2024,
OH,048157,Firelands Local,3904815,st_leaid,048157,Firelands Local,2024,
OH,048165,Keystone Local,3904816,st_leaid,048165,Keystone Local,2024,
OH,048173,Midview Local,3904817,st_leaid,048173,Midview Local,2024,
OH,048207,Anthony Wayne Local,3904820,st_leaid,048207,Anthony Wayne Local,2024,
OH,048215,Ottawa Hills Local,3904821,st_leaid,048215,Ottawa Hills Local,2024,
OH,048223,Springfield Local,3904822,st_leaid,048223,Springfield Local,2024,
OH,048231,Washington Local,3904823,st_leaid,048231,Washington Local,2024,
OH,048256,Jefferson Local,3904825,st_leaid,048256,Jefferson Local,2024,
OH,048264,Jonathan Alder Local,3904826,st_leaid,048264,Jonathan Alder Local,2024,
OH,048272,Madison-Plains Local,3904827,st_leaid,048272,Madison-Plains Local,2024,
OH,048298,Austintown Local Schools,3904829,st_leaid,048298,Austintown Local Schools,2024,
OH,048306,Boardman Local,3904830,st_leaid,048306,Boardman Local,2024,
OH,048314,Canfield Local,3904831,st_leaid,048314,Canfield Local,2024,
OH,048322,Jackson-Milton Local,3904832,st_leaid,048322,Jackson-Milton Local,2024,
OH,048330,Lowellville Local,3904833,st_leaid,048330,Lowellville Local,2024,
OH,048348,Poland Local,3904834,st_leaid,048348,Poland Local,2024,
OH,048355,Sebring Local,3904835,st_leaid,048355,Sebring Local,2024,
OH,048363,South Range Local,3904836,st_leaid,048363,South Range Local,2024,
OH,048371,Springfield Local,3904837,st_leaid,048371,Springfield Local,2024,
OH,048389,West Branch Local,3904838,st_leaid,048389,West Branch Local,2024,
OH,048397,Western Reserve Local,3904839,st_leaid,048397,Western Reserve Local,2024,
OH,048413,Elgin Local,3904841,st_leaid,048413,Elgin Local,2024,
OH,048421,Pleasant Local,3904842,st_leaid,048421,Pleasant Local,2024,
OH,048439,Ridgedale Local,3904843,st_leaid,048439,Ridgedale Local,2024,
OH,048447,River Valley Local,3904844,st_leaid,048447,River Valley Local,2024,
OH,048462,Black River Local,3904846,st_leaid,048462,Black River Local,2024,
OH,048470,Buckeye Local,3904847,st_leaid,048470,Buckeye Local,2024,
OH,048488,Cloverleaf Local,3904848,st_leaid,048488,Cloverleaf Local,2024,
OH,048496,Highland Local,3904849,st_leaid,048496,Highland Local,2024,
OH,048512,Eastern Local,3904851,st_leaid,048512,Eastern Local,2024,
OH,048520,Meigs Local,3904852,st_leaid,048520,Meigs Local,2024,
OH,048538,Southern Local,3904853,st_leaid,048538,Southern Local,2024,
OH,048553,Marion Local,3910031,st_leaid,048553,Marion Local,2024,
OH,048579,Parkway Local,3904857,st_leaid,048579,Parkway Local,2024,
OH,048587,St Henry Consolidated Local,3904858,st_leaid,048587,St Henry Consolidated Local,2024,
OH,048595,Fort Recovery Local,3904859,st_leaid,048595,Fort Recovery Local,2024,
OH,048611,Bethel Local,3904861,st_leaid,048611,Bethel Local,2024,
OH,048629,Miami East Local,3904862,st_leaid,048629,Miami East Local,2024,
OH,048637,Newton Local,3904863,st_leaid,048637,Newton Local,2024,
OH,048652,Switzerland of Ohio Local,3904865,st_leaid,048652,Switzerland of Ohio Local,2024,
OH,048678,Brookville Local,3904867,st_leaid,048678,Brookville Local,2024,
OH,048686,Jefferson Township Local,3904868,st_leaid,048686,Jefferson Township Local,2024,
OH,048694,Trotwood-Madison City,3904869,st_leaid,048694,Trotwood-Madison City,2024,
OH,048702,Mad River Local,3904870,st_leaid,048702,Mad River Local,2024,
OH,048710,New Lebanon Local School District,3904871,st_leaid,048710,New Lebanon Local School District,2024,
OH,048728,Northmont City,3904872,st_leaid,048728,Northmont City,2024,
OH,048736,Northridge Local,3904873,st_leaid,048736,Northridge Local,2024,
OH,048744,Valley View Local,3904874,st_leaid,048744,Valley View Local,2024,
OH,048751,Huber Heights City,3904875,st_leaid,048751,Huber Heights City,2024,
OH,048777,Morgan Local,3904877,st_leaid,048777,Morgan Local,2024,
OH,048793,Cardington-Lincoln Local,3904879,st_leaid,048793,Cardington-Lincoln Local,2024,
OH,048801,Highland Local,3904880,st_leaid,048801,Highland Local,2024,
OH,048819,Northmor Local,3904881,st_leaid,048819,Northmor Local,2024,
OH,048835,East Muskingum Local,3904883,st_leaid,048835,East Muskingum Local,2024,
OH,048843,Franklin Local,3904884,st_leaid,048843,Franklin Local,2024,
OH,048850,Maysville Local,3904885,st_leaid,048850,Maysville Local,2024,
OH,048876,Tri-Valley Local,3904887,st_leaid,048876,Tri-Valley Local,2024,
OH,048884,West Muskingum Local,3904888,st_leaid,048884,West Muskingum Local,2024,
OH,048900,Noble Local,3904890,st_leaid,048900,Noble Local,2024,
OH,048926,Benton Carroll Salem Local,3904892,st_leaid,048926,Benton Carroll Salem Local,2024,
OH,048934,Danbury Local,3904893,st_leaid,048934,Danbury Local,2024,
OH,048942,Genoa Area Local,3904894,st_leaid,048942,Genoa Area Local,2024,
OH,048975,Put-In-Bay Local,3904897,st_leaid,048975,Put-In-Bay Local,2024,
OH,048991,Antwerp Local,3904899,st_leaid,048991,Antwerp Local,2024,
OH,049031,Wayne Trace Local,3904903,st_leaid,049031,Wayne Trace Local,2024,
OH,049056,Northern Local,3904905,st_leaid,049056,Northern Local,2024,
OH,049064,Southern Local,3904906,st_leaid,049064,Southern Local,2024,
OH,049080,Logan Elm Local,3904908,st_leaid,049080,Logan Elm Local,2024,
OH,049098,Teays Valley Local,3904909,st_leaid,049098,Teays Valley Local,2024,
OH,049106,Westfall Local,3904910,st_leaid,049106,Westfall Local,2024,
OH,049122,Eastern Local School District,3904912,st_leaid,049122,Eastern Local School District,2024,
OH,049130,Scioto Valley Local,3904913,st_leaid,049130,Scioto Valley Local,2024,
OH,049148,Waverly City,3904914,st_leaid,049148,Waverly City,2024,
OH,049155,Western Local,3904915,st_leaid,049155,Western Local,2024,
OH,049171,Aurora City,3904917,st_leaid,049171,Aurora City,2024,
OH,049189,Crestwood Local,3904918,st_leaid,049189,Crestwood Local,2024,
OH,049197,Field Local,3904919,st_leaid,049197,Field Local,2024,
OH,049205,James A Garfield Local,3904920,st_leaid,049205,James A Garfield Local,2024,
OH,049213,Rootstown Local,3904921,st_leaid,049213,Rootstown Local,2024,
OH,049221,Southeast Local,3904922,st_leaid,049221,Southeast Local,2024,
OH,049239,Streetsboro City,3904923,st_leaid,049239,Streetsboro City,2024,
OH,049247,Waterloo Local,3904924,st_leaid,049247,Waterloo Local,2024,
OH,049270,National Trail Local,3904927,st_leaid,049270,National Trail Local,2024,
OH,049288,Preble Shawnee Local,3904928,st_leaid,049288,Preble Shawnee Local,2024,
OH,049296,Twin Valley Community Local,3904900,st_leaid,049296,Twin Valley Community Local,2024,
OH,049312,Columbus Grove Local,3904931,st_leaid,049312,Columbus Grove Local,2024,
OH,049320,Continental Local,3904932,st_leaid,049320,Continental Local,2024,
OH,049338,Jennings Local,3904933,st_leaid,049338,Jennings Local,2024,
OH,049346,Kalida Local,3904934,st_leaid,049346,Kalida Local,2024,
OH,049353,Leipsic Local,3904935,st_leaid,049353,Leipsic Local,2024,
OH,049361,Miller City-New Cleveland Local,3904936,st_leaid,049361,Miller City-New Cleveland Local,2024,
OH,049379,Ottawa-Glandorf Local,3904937,st_leaid,049379,Ottawa-Glandorf Local,2024,
OH,049387,Ottoville Local,3904938,st_leaid,049387,Ottoville Local,2024,
OH,049395,Pandora-Gilboa Local,3904939,st_leaid,049395,Pandora-Gilboa Local,2024,
OH,049411,Clear Fork Valley Local,3904941,st_leaid,049411,Clear Fork Valley Local,2024,
OH,049429,Crestview Local,3904942,st_leaid,049429,Crestview Local,2024,
OH,049437,Lexington Local,3904943,st_leaid,049437,Lexington Local,2024,
OH,049445,Lucas Local,3904944,st_leaid,049445,Lucas Local,2024,
OH,049452,Madison Local,3904945,st_leaid,049452,Madison Local,2024,
OH,049460,Plymouth-Shiloh Local,3904946,st_leaid,049460,Plymouth-Shiloh Local,2024,
OH,049478,Ontario Local,3904947,st_leaid,049478,Ontario Local,2024,
OH,049494,Adena Local,3904949,st_leaid,049494,Adena Local,2024,
OH,049502,Huntington Local,3904950,st_leaid,049502,Huntington Local,2024,
OH,049510,Paint Valley Local,3904951,st_leaid,049510,Paint Valley Local,2024,
OH,049528,Southeastern Local,3904952,st_leaid,049528,Southeastern Local,2024,
OH,049536,Union-Scioto Local,3904953,st_leaid,049536,Union-Scioto Local,2024,
OH,049544,Zane Trace Local,3904954,st_leaid,049544,Zane Trace Local,2024,
OH,049569,Lakota Local,3904956,st_leaid,049569,Lakota Local,2024,
OH,049577,Woodmore Local,3904957,st_leaid,049577,Woodmore Local,2024,
OH,049593,Bloom-Vernon Local,3904959,st_leaid,049593,Bloom-Vernon Local,2024,
OH,049601,Clay Local,3910026,st_leaid,049601,Clay Local,2024,
OH,049619,Green Local,3904961,st_leaid,049619,Green Local,2024,
OH,049627,Minford Local,3904962,st_leaid,049627,Minford Local,2024,
OH,049635,Northwest Local,3904963,st_leaid,049635,Northwest Local,2024,
OH,049643,Valley Local,3904964,st_leaid,049643,Valley Local,2024,
OH,049650,Washington-Nile Local,3904965,st_leaid,049650,Washington-Nile Local,2024,
OH,049668,Wheelersburg Local,3904966,st_leaid,049668,Wheelersburg Local,2024,
OH,049684,Seneca East Local,3904968,st_leaid,049684,Seneca East Local,2024,
OH,049700,Hopewell-Loudon Local,3904970,st_leaid,049700,Hopewell-Loudon Local,2024,
OH,049718,New Riegel Local,3904971,st_leaid,049718,New Riegel Local,2024,
OH,049726,Old Fort Local,3910021,st_leaid,049726,Old Fort Local,2024,
OH,049759,Anna Local,3910004,st_leaid,049759,Anna Local,2024,
OH,049767,Botkins Local,3904976,st_leaid,049767,Botkins Local,2024,
OH,049775,Fairlawn Local,3904977,st_leaid,049775,Fairlawn Local,2024,
OH,049783,Fort Loramie Local,3904978,st_leaid,049783,Fort Loramie Local,2024,
OH,049791,Hardin-Houston Local,3904979,st_leaid,049791,Hardin-Houston Local,2024,
OH,049809,Jackson Center Local,3910005,st_leaid,049809,Jackson Center Local,2024,
OH,049817,Russia Local,3904981,st_leaid,049817,Russia Local,2024,
OH,049833,Canton Local,3904983,st_leaid,049833,Canton Local,2024,
OH,049841,Fairless Local,3904984,st_leaid,049841,Fairless Local,2024,
OH,049858,Jackson Local,3904985,st_leaid,049858,Jackson Local,2024,
OH,049866,Lake Local,3904986,st_leaid,049866,Lake Local,2024,
OH,049874,Louisville City,3904987,st_leaid,049874,Louisville City,2024,
OH,049882,Marlington Local,3904988,st_leaid,049882,Marlington Local,2024,
OH,049890,Minerva Local,3904989,st_leaid,049890,Minerva Local,2024,
OH,049908,Northwest Local,3904990,st_leaid,049908,Northwest Local,2024,
OH,049916,Osnaburg Local,3904991,st_leaid,049916,Osnaburg Local,2024,
OH,049924,Perry Local,3904992,st_leaid,049924,Perry Local,2024,
OH,049932,Plain Local,3904993,st_leaid,049932,Plain Local,2024,
OH,049940,Sandy Valley Local,3904994,st_leaid,049940,Sandy Valley Local,2024,
OH,049957,Tuslaw Local,3904995,st_leaid,049957,Tuslaw Local,2024,
OH,049973,Woodridge Local,3904997,st_leaid,049973,Woodridge Local,2024,
OH,049981,Copley-Fairlawn City,3904998,st_leaid,049981,Copley-Fairlawn City,2024,
OH,049999,Coventry Local,3904999,st_leaid,049999,Coventry Local,2024,
OH,050005,Manchester Local,3905000,st_leaid,050005,Manchester Local,2024,
OH,050013,Green Local,3905001,st_leaid,050013,Green Local,2024,
OH,050021,Hudson City,3905002,st_leaid,050021,Hudson City,2024,
OH,050039,Mogadore Local,3905003,st_leaid,050039,Mogadore Local,2024,
OH,050047,Nordonia Hills City,3905004,st_leaid,050047,Nordonia Hills City,2024,
OH,050054,Revere Local,3905005,st_leaid,050054,Revere Local,2024,
OH,050062,Springfield Local,3905006,st_leaid,050062,Springfield Local,2024,
OH,050070,Twinsburg City,3905007,st_leaid,050070,Twinsburg City,2024,
OH,050096,Bloomfield-Mespo Local,3905009,st_leaid,050096,Bloomfield-Mespo Local,2024,
OH,050112,Bristol Local,3905011,st_leaid,050112,Bristol Local,2024,
OH,050120,Brookfield Local,3905012,st_leaid,050120,Brookfield Local,2024,
OH,050138,Champion Local,3905013,st_leaid,050138,Champion Local,2024,
OH,050153,Mathews Local,3905015,st_leaid,050153,Mathews Local,2024,
OH,050161,Howland Local,3905016,st_leaid,050161,Howland Local,2024,
OH,050179,Joseph Badger Local,3905017,st_leaid,050179,Joseph Badger Local,2024,
OH,050187,Lakeview Local,3905018,st_leaid,050187,Lakeview Local,2024,
OH,050195,Liberty Local,3905019,st_leaid,050195,Liberty Local,2024,
OH,050203,Lordstown Local,3905020,st_leaid,050203,Lordstown Local,2024,
OH,050211,Maplewood Local,3905021,st_leaid,050211,Maplewood Local,2024,
OH,050229,McDonald Local,3905022,st_leaid,050229,McDonald Local,2024,
OH,050237,Southington Local,3905023,st_leaid,050237,Southington Local,2024,
OH,050245,LaBrae Local,3905024,st_leaid,050245,LaBrae Local,2024,
OH,050252,Weathersfield Local,3905025,st_leaid,050252,Weathersfield Local,2024,
OH,050278,Garaway Local,3905027,st_leaid,050278,Garaway Local,2024,
OH,050286,Indian Valley Local,3905028,st_leaid,050286,Indian Valley Local,2024,
OH,050294,Strasburg-Franklin Local,3905029,st_leaid,050294,Strasburg-Franklin Local,2024,
OH,050302,Tuscarawas Valley Local,3905030,st_leaid,050302,Tuscarawas Valley Local,2024,
OH,050328,Fairbanks Local,3905032,st_leaid,050328,Fairbanks Local,2024,
OH,050336,North Union Local School District,3905033,st_leaid,050336,North Union Local School District,2024,
OH,050351,Crestview Local,3905035,st_leaid,050351,Crestview Local,2024,
OH,050369,Lincolnview Local,3910022,st_leaid,050369,Lincolnview Local,2024,
OH,050393,Vinton County Local,3905039,st_leaid,050393,Vinton County Local,2024,
OH,050419,Carlisle Local,3905041,st_leaid,050419,Carlisle Local,2024,
OH,050427,Springboro Community City,3905042,st_leaid,050427,Springboro Community City,2024,
OH,050435,Kings Local,3905043,st_leaid,050435,Kings Local,2024,
OH,050443,Little Miami Local,3905044,st_leaid,050443,Little Miami Local,2024,
OH,050450,Mason City,3905045,st_leaid,050450,Mason City,2024,
OH,050468,Wayne Local,3905046,st_leaid,050468,Wayne Local,2024,
OH,050484,Fort Frye Local,3905048,st_leaid,050484,Fort Frye Local,2024,
OH,050492,Frontier Local,3905049,st_leaid,050492,Frontier Local,2024,
OH,050500,Warren Local,3910018,st_leaid,050500,Warren Local,2024,
OH,050518,Wolf Creek Local,3905051,st_leaid,050518,Wolf Creek Local,2024,
OH,050534,Chippewa Local,3905053,st_leaid,050534,Chippewa Local,2024,
OH,050542,Dalton Local,3905054,st_leaid,050542,Dalton Local,2024,
OH,050559,Green Local,3905055,st_leaid,050559,Green Local,2024,
OH,050567,Norwayne Local,3905056,st_leaid,050567,Norwayne Local,2024,
OH,050575,Northwestern Local,3910033,st_leaid,050575,Northwestern Local,2024,
OH,050583,Southeast Local,3905058,st_leaid,050583,Southeast Local,2024,
OH,050591,Triway Local,3905059,st_leaid,050591,Triway Local,2024,
OH,050617,Edgerton Local,3905061,st_leaid,050617,Edgerton Local,2024,
OH,050625,Edon Northwest Local,3905062,st_leaid,050625,Edon Northwest Local,2024,
OH,050633,Millcreek-West Unity Local,3905063,st_leaid,050633,Millcreek-West Unity Local,2024,
OH,050641,North Central Local,3905064,st_leaid,050641,North Central Local,2024,
OH,050658,Stryker Local,3905065,st_leaid,050658,Stryker Local,2024,
OH,050674,Eastwood Local,3905067,st_leaid,050674,Eastwood Local,2024,
OH,050682,Elmwood Local,3905068,st_leaid,050682,Elmwood Local,2024,
OH,050690,Lake Local,3905069,st_leaid,050690,Lake Local,2024,
OH,050708,North Baltimore Local,3905070,st_leaid,050708,North Baltimore Local,2024,
OH,050716,Northwood Local Schools,3905071,st_leaid,050716,Northwood Local Schools,2024,
OH,050724,Otsego Local,3905072,st_leaid,050724,Otsego Local,2024,
OH,050740,Mohawk Local,3905074,st_leaid,050740,Mohawk Local,2024,
OH,061903,Adams County Ohio Valley Local,3906190,st_leaid,061903,Adams County Ohio Valley Local,2024,
OH,065680,Gallia County Local,3906568,st_leaid,065680,Gallia County Local,2024,
OH,069682,East Guernsey Local,3906968,st_leaid,069682,East Guernsey Local,2024,
OH,091397,Tri-County North Local,3904926,st_leaid,091397,Tri-County North Local,2024,
OH,139303,Monroe Local,3900094,st_leaid,139303,Monroe Local,2024,
OR,00000000001894,Baker SD 5J,4101710,st_leaid,00000000001894,Baker SD 5J,2024,
OR,00000000001895,Huntington SD 16J,4106600,st_leaid,00000000001895,Huntington SD 16J,2024,
OR,00000000001896,Burnt River SD 30J,4101740,st_leaid,00000000001896,Burnt River SD 30J,2024,
OR,00000000001897,Pine Eagle SD 61,4109720,st_leaid,00000000001897,Pine Eagle SD 61,2024,
OR,00000000001898,Monroe SD 1J,4108430,st_leaid,00000000001898,Monroe SD 1J,2024,
OR,00000000001899,Alsea SD 7J,4101200,st_leaid,00000000001899,Alsea SD 7J,2024,
OR,00000000001900,Philomath SD 17J,4109600,st_leaid,00000000001900,Philomath SD 17J,2024,
OR,00000000001901,Corvallis SD 509J,4103480,st_leaid,00000000001901,Corvallis SD 509J,2024,
OR,00000000001922,West Linn-Wilsonville SD 3J,4113170,st_leaid,00000000001922,West Linn-Wilsonville SD 3J,2024,
OR,00000000001923,Lake Oswego SD 7J,4107230,st_leaid,00000000001923,Lake Oswego SD 7J,2024,
OR,00000000001924,North Clackamas SD 12,4108830,st_leaid,00000000001924,North Clackamas SD 12,2024,
OR,00000000001925,Molalla River SD 35,4108310,st_leaid,00000000001925,Molalla River SD 35,2024,
OR,00000000001926,Oregon Trail SD 46,4110890,st_leaid,00000000001926,Oregon Trail SD 46,2024,
OR,00000000001927,Colton SD 53,4103270,st_leaid,00000000001927,Colton SD 53,2024,
OR,00000000001928,Oregon City SD 62,4109330,st_leaid,00000000001928,Oregon City SD 62,2024,
OR,00000000001929,Canby SD 86,4102640,st_leaid,00000000001929,Canby SD 86,2024,
OR,00000000001930,Estacada SD 108,4104700,st_leaid,00000000001930,Estacada SD 108,2024,
OR,00000000001931,Gladstone SD 115,4105610,st_leaid,00000000001931,Gladstone SD 115,2024,
OR,00000000001933,Astoria SD 1,4101620,st_leaid,00000000001933,Astoria SD 1,2024,
OR,00000000001934,Jewell SD 8,4106750,st_leaid,00000000001934,Jewell SD 8,2024,
OR,00000000001935,Seaside SD 10,4111100,st_leaid,00000000001935,Seaside SD 10,2024,
OR,00000000001936,Warrenton-Hammond SD 30,4113080,st_leaid,00000000001936,Warrenton-Hammond SD 30,2024,
OR,00000000001944,Scappoose SD 1J,4110980,st_leaid,00000000001944,Scappoose SD 1J,2024,
OR,00000000001945,Clatskanie SD 6J,4103260,st_leaid,00000000001945,Clatskanie SD 6J,2024,
OR,00000000001946,Rainier SD 13,4103265,st_leaid,00000000001946,Rainier SD 13,2024,
OR,00000000001947,Vernonia SD 47J,4112930,st_leaid,00000000001947,Vernonia SD 47J,2024,
OR,00000000001948,St Helens SD 502,4111720,st_leaid,00000000001948,St Helens SD 502,2024,
OR,00000000001964,Coquille SD 8,4103390,st_leaid,00000000001964,Coquille SD 8,2024,
OR,00000000001965,Coos Bay SD 9,4103660,st_leaid,00000000001965,Coos Bay SD 9,2024,
OR,00000000001966,North Bend SD 13,4108820,st_leaid,00000000001966,North Bend SD 13,2024,
OR,00000000001967,Powers SD 31,4110080,st_leaid,00000000001967,Powers SD 31,2024,
OR,00000000001968,Myrtle Point SD 41,4100640,st_leaid,00000000001968,Myrtle Point SD 41,2024,
OR,00000000001969,Bandon SD 54,4101800,st_leaid,00000000001969,Bandon SD 54,2024,
OR,00000000001970,Crook County SD,4103720,st_leaid,00000000001970,Crook County SD,2024,
OR,00000000001972,Central Curry SD 1,4105760,st_leaid,00000000001972,Central Curry SD 1,2024,
OR,00000000001973,Port Orford-Langlois SD 2CJ,4110020,st_leaid,00000000001973,Port Orford-Langlois SD 2CJ,2024,
OR,00000000001974,Brookings-Harbor SD 17C,4102310,st_leaid,00000000001974,Brookings-Harbor SD 17C,2024,
OR,00000000001976,Bend-LaPine Administrative SD 1,4101980,st_leaid,00000000001976,Bend-LaPine Administrative SD 1,2024,
OR,00000000001977,Redmond SD 2J,4110350,st_leaid,00000000001977,Redmond SD 2J,2024,
OR,00000000001978,Sisters SD 6,4111490,st_leaid,00000000001978,Sisters SD 6,2024,
OR,00000000001990,Oakland SD 1,4109120,st_leaid,00000000001990,Oakland SD 1,2024,
OR,00000000001991,Douglas County SD 4,4110710,st_leaid,00000000001991,Douglas County SD 4,2024,
OR,00000000001992,Glide SD 12,4105670,st_leaid,00000000001992,Glide SD 12,2024,
OR,00000000001993,Douglas County SD 15,4103960,st_leaid,00000000001993,Douglas County SD 15,2024,
OR,00000000001994,South Umpqua SD 19,4111610,st_leaid,00000000001994,South Umpqua SD 19,2024,
OR,00000000001995,Camas Valley SD 21J,4102610,st_leaid,00000000001995,Camas Valley SD 21J,2024,
OR,00000000001996,North Douglas SD 22,4104350,st_leaid,00000000001996,North Douglas SD 22,2024,
OR,00000000001997,Yoncalla SD 32,4113650,st_leaid,00000000001997,Yoncalla SD 32,2024,
OR,00000000001998,Elkton SD 34,4104620,st_leaid,00000000001998,Elkton SD 34,2024,
OR,00000000001999,Riddle SD 70,4110530,st_leaid,00000000001999,Riddle SD 70,2024,
OR,00000000002000,Glendale SD 77,4105640,st_leaid,00000000002000,Glendale SD 77,2024,
OR,00000000002001,Reedsport SD 105,4110410,st_leaid,00000000002001,Reedsport SD 105,2024,
OR,00000000002002,Winston-Dillard SD 116,4113490,st_leaid,00000000002002,Winston-Dillard SD 116,2024,
OR,00000000002003,Sutherlin SD 130,4111940,st_leaid,00000000002003,Sutherlin SD 130,2024,
OR,00000000002005,Arlington SD 3,4101470,st_leaid,00000000002005,Arlington SD 3,2024,
OR,00000000002006,Condon SD 25J,4103330,st_leaid,00000000002006,Condon SD 25J,2024,
OR,00000000002008,John Day SD 3,4106780,st_leaid,00000000002008,John Day SD 3,2024,
OR,00000000002009,Prairie City SD 4,4110110,st_leaid,00000000002009,Prairie City SD 4,2024,
OR,00000000002010,Monument SD 8,4108460,st_leaid,00000000002010,Monument SD 8,2024,
OR,00000000002011,Dayville SD 16J,4104020,st_leaid,00000000002011,Dayville SD 16J,2024,
OR,00000000002012,Long Creek SD 17,4107530,st_leaid,00000000002012,Long Creek SD 17,2024,
OR,00000000002014,Harney County SD 3,4102490,st_leaid,00000000002014,Harney County SD 3,2024,
OR,00000000002015,Harney County SD 4,4103600,st_leaid,00000000002015,Harney County SD 4,2024,
OR,00000000002016,Pine Creek SD 5,4109690,st_leaid,00000000002016,Pine Creek SD 5,2024,
OR,00000000002017,Diamond SD 7,4104170,st_leaid,00000000002017,Diamond SD 7,2024,
OR,00000000002018,Suntex SD 10,4111910,st_leaid,00000000002018,Suntex SD 10,2024,
OR,00000000002019,Drewsey SD 13,4104380,st_leaid,00000000002019,Drewsey SD 13,2024,
OR,00000000002020,Frenchglen SD 16,4105310,st_leaid,00000000002020,Frenchglen SD 16,2024,
OR,00000000002021,Double O SD 28,4104290,st_leaid,00000000002021,Double O SD 28,2024,
OR,00000000002022,South Harney SD 33,4105020,st_leaid,00000000002022,South Harney SD 33,2024,
OR,00000000002023,Harney County Union High SD 1J,4103630,st_leaid,00000000002023,Harney County Union High SD 1J,2024,
OR,00000000002024,Hood River County SD,4106510,st_leaid,00000000002024,Hood River County SD,2024,
OR,00000000002039,Phoenix-Talent SD 4,4109630,st_leaid,00000000002039,Phoenix-Talent SD 4,2024,
OR,00000000002041,Ashland SD 5,4101560,st_leaid,00000000002041,Ashland SD 5,2024,
OR,00000000002042,Central Point SD 6,4102940,st_leaid,00000000002042,Central Point SD 6,2024,
OR,00000000002043,Eagle Point SD 9,4104500,st_leaid,00000000002043,Eagle Point SD 9,2024,
OR,00000000002044,Rogue River SD 35,4110680,st_leaid,00000000002044,Rogue River SD 35,2024,
OR,00000000002045,Prospect SD 59,4110200,st_leaid,00000000002045,Prospect SD 59,2024,
OR,00000000002046,Butte Falls SD 91,4102580,st_leaid,00000000002046,Butte Falls SD 91,2024,
OR,00000000002047,Pinehurst SD 94,4109750,st_leaid,00000000002047,Pinehurst SD 94,2024,
OR,00000000002048,Medford SD 549C,4108040,st_leaid,00000000002048,Medford SD 549C,2024,
OR,00000000002050,Culver SD 4,4103840,st_leaid,00000000002050,Culver SD 4,2024,
OR,00000000002051,Ashwood SD 8,4101590,st_leaid,00000000002051,Ashwood SD 8,2024,
OR,00000000002052,Black Butte SD 41,4102190,st_leaid,00000000002052,Black Butte SD 41,2024,
OR,00000000002053,Jefferson County SD 509J,4106740,st_leaid,00000000002053,Jefferson County SD 509J,2024,
OR,00000000002054,Grants Pass SD 7,4105910,st_leaid,00000000002054,Grants Pass SD 7,2024,
OR,00000000002055,Three Rivers/Josephine County SD,4106900,st_leaid,00000000002055,Three Rivers/Josephine County SD,2024,
OR,00000000002056,Klamath Falls City Schools,4107080,st_leaid,00000000002056,Klamath Falls City Schools,2024,
OR,00000000002057,Klamath County SD,4107020,st_leaid,00000000002057,Klamath County SD,2024,
OR,00000000002059,Lake County SD 7,4107280,st_leaid,00000000002059,Lake County SD 7,2024,
OR,00000000002060,Paisley SD 11,4109430,st_leaid,00000000002060,Paisley SD 11,2024,
OR,00000000002061,North Lake SD 14,4111400,st_leaid,00000000002061,North Lake SD 14,2024,
OR,00000000002062,Plush SD 18,4109960,st_leaid,00000000002062,Plush SD 18,2024,
OR,00000000002063,Adel SD 21,4100990,st_leaid,00000000002063,Adel SD 21,2024,
OR,00000000002081,Pleasant Hill SD 1,4109870,st_leaid,00000000002081,Pleasant Hill SD 1,2024,
OR,00000000002082,Eugene SD 4J,4104740,st_leaid,00000000002082,Eugene SD 4J,2024,
OR,00000000002083,Springfield SD 19,4111670,st_leaid,00000000002083,Springfield SD 19,2024,
OR,00000000002084,Fern Ridge SD 28J,4104950,st_leaid,00000000002084,Fern Ridge SD 28J,2024,
OR,00000000002085,Mapleton SD 32,4107710,st_leaid,00000000002085,Mapleton SD 32,2024,
OR,00000000002086,Creswell SD 40,4103690,st_leaid,00000000002086,Creswell SD 40,2024,
OR,00000000002087,South Lane SD 45J3,4111580,st_leaid,00000000002087,South Lane SD 45J3,2024,
OR,00000000002088,Bethel SD 52,4102040,st_leaid,00000000002088,Bethel SD 52,2024,
OR,00000000002089,Crow-Applegate-Lorane SD 66,4103780,st_leaid,00000000002089,Crow-Applegate-Lorane SD 66,2024,
OR,00000000002090,McKenzie SD 68,4107980,st_leaid,00000000002090,McKenzie SD 68,2024,
OR,00000000002091,Junction City SD 69,4106930,st_leaid,00000000002091,Junction City SD 69,2024,
OR,00000000002092,Lowell SD 71,4107590,st_leaid,00000000002092,Lowell SD 71,2024,
OR,00000000002093,Oakridge SD 76,4109150,st_leaid,00000000002093,Oakridge SD 76,2024,
OR,00000000002094,Marcola SD 79J,4107740,st_leaid,00000000002094,Marcola SD 79J,2024,
OR,00000000002095,Blachly SD 90,4102160,st_leaid,00000000002095,Blachly SD 90,2024,
OR,00000000002096,Siuslaw SD 97J,4105100,st_leaid,00000000002096,Siuslaw SD 97J,2024,
OR,00000000002097,Lincoln County SD,4107500,st_leaid,00000000002097,Lincoln County SD,2024,
OR,00000000002099,Harrisburg SD 7J,4100019,st_leaid,00000000002099,Harrisburg SD 7J,2024,
OR,00000000002100,Greater Albany Public SD 8J,4101120,st_leaid,00000000002100,Greater Albany Public SD 8J,2024,
OR,00000000002101,Lebanon Community SD 9,4107380,st_leaid,00000000002101,Lebanon Community SD 9,2024,
OR,00000000002102,Sweet Home SD 55,4111970,st_leaid,00000000002102,Sweet Home SD 55,2024,
OR,00000000002103,Scio SD 95,4111040,st_leaid,00000000002103,Scio SD 95,2024,
OR,00000000002104,Santiam Canyon SD 129J,4108100,st_leaid,00000000002104,Santiam Canyon SD 129J,2024,
OR,00000000002105,Central Linn SD 552,4102910,st_leaid,00000000002105,Central Linn SD 552,2024,
OR,00000000002107,Jordan Valley SD 3,4106820,st_leaid,00000000002107,Jordan Valley SD 3,2024,
OR,00000000002108,Ontario SD 8C,4109270,st_leaid,00000000002108,Ontario SD 8C,2024,
OR,00000000002109,Juntura SD 12,4106960,st_leaid,00000000002109,Juntura SD 12,2024,
OR,00000000002110,Nyssa SD 26,4109000,st_leaid,00000000002110,Nyssa SD 26,2024,
OR,00000000002111,Annex SD 29,4101350,st_leaid,00000000002111,Annex SD 29,2024,
OR,00000000002113,Adrian SD 61,4101020,st_leaid,00000000002113,Adrian SD 61,2024,
OR,00000000002114,Harper SD 66,4106120,st_leaid,00000000002114,Harper SD 66,2024,
OR,00000000002115,Arock SD 81,4101500,st_leaid,00000000002115,Arock SD 81,2024,
OR,00000000002116,Vale SD 84,4100014,st_leaid,00000000002116,Vale SD 84,2024,
OR,00000000002137,Gervais SD 1,4100015,st_leaid,00000000002137,Gervais SD 1,2024,
OR,00000000002138,Silver Falls SD 4J,4111450,st_leaid,00000000002138,Silver Falls SD 4J,2024,
OR,00000000002139,Cascade SD 5,4102780,st_leaid,00000000002139,Cascade SD 5,2024,
OR,00000000002140,Jefferson SD 14J,4106710,st_leaid,00000000002140,Jefferson SD 14J,2024,
OR,00000000002141,North Marion SD 15,4108880,st_leaid,00000000002141,North Marion SD 15,2024,
OR,00000000002142,Salem-Keizer SD 24J,4110820,st_leaid,00000000002142,Salem-Keizer SD 24J,2024,
OR,00000000002143,North Santiam SD 29J,4100020,st_leaid,00000000002143,North Santiam SD 29J,2024,
OR,00000000002144,St Paul SD 45,4111760,st_leaid,00000000002144,St Paul SD 45,2024,
OR,00000000002145,Mt Angel SD 91,4108550,st_leaid,00000000002145,Mt Angel SD 91,2024,
OR,00000000002146,Woodburn SD 103,4113530,st_leaid,00000000002146,Woodburn SD 103,2024,
OR,00000000002147,Morrow SD 1,4108520,st_leaid,00000000002147,Morrow SD 1,2024,
OR,00000000002180,Portland SD 1J,4110040,st_leaid,00000000002180,Portland SD 1J,2024,
OR,00000000002181,Parkrose SD 3,4109480,st_leaid,00000000002181,Parkrose SD 3,2024,
OR,00000000002182,Reynolds SD 7,4110520,st_leaid,00000000002182,Reynolds SD 7,2024,
OR,00000000002183,Gresham-Barlow SD 10J,4106000,st_leaid,00000000002183,Gresham-Barlow SD 10J,2024,
OR,00000000002185,Centennial SD 28J,4102800,st_leaid,00000000002185,Centennial SD 28J,2024,
OR,00000000002186,Corbett SD 39,4103420,st_leaid,00000000002186,Corbett SD 39,2024,
OR,00000000002187,David Douglas SD 40,4103940,st_leaid,00000000002187,David Douglas SD 40,2024,
OR,00000000002188,Riverdale SD 51J,4110560,st_leaid,00000000002188,Riverdale SD 51J,2024,
OR,00000000002190,Dallas SD 2,4103860,st_leaid,00000000002190,Dallas SD 2,2024,
OR,00000000002191,Central SD 13J,4102840,st_leaid,00000000002191,Central SD 13J,2024,
OR,00000000002192,Perrydale SD 21,4109530,st_leaid,00000000002192,Perrydale SD 21,2024,
OR,00000000002193,Falls City SD 57,4100003,st_leaid,00000000002193,Falls City SD 57,2024,
OR,00000000002195,Sherman County SD,4111250,st_leaid,00000000002195,Sherman County SD,2024,
OR,00000000002197,Tillamook SD 9,4112320,st_leaid,00000000002197,Tillamook SD 9,2024,
OR,00000000002198,Neah-Kah-Nie SD 56,4108650,st_leaid,00000000002198,Neah-Kah-Nie SD 56,2024,
OR,00000000002199,Nestucca Valley SD 101J,4108700,st_leaid,00000000002199,Nestucca Valley SD 101J,2024,
OR,00000000002201,Helix SD 1,4106270,st_leaid,00000000002201,Helix SD 1,2024,
OR,00000000002202,Pilot Rock SD 2,4109660,st_leaid,00000000002202,Pilot Rock SD 2,2024,
OR,00000000002203,Echo SD 5,4104530,st_leaid,00000000002203,Echo SD 5,2024,
OR,00000000002204,Umatilla SD 6R,4112600,st_leaid,00000000002204,Umatilla SD 6R,2024,
OR,00000000002205,Milton-Freewater Unified SD 7,4108160,st_leaid,00000000002205,Milton-Freewater Unified SD 7,2024,
OR,00000000002206,Hermiston SD 8,4106300,st_leaid,00000000002206,Hermiston SD 8,2024,
OR,00000000002207,Pendleton SD 16,4109510,st_leaid,00000000002207,Pendleton SD 16,2024,
OR,00000000002208,Athena-Weston SD 29RJ,4101660,st_leaid,00000000002208,Athena-Weston SD 29RJ,2024,
OR,00000000002209,Stanfield SD 61,4111790,st_leaid,00000000002209,Stanfield SD 61,2024,
OR,00000000002210,Ukiah SD 80R,4112540,st_leaid,00000000002210,Ukiah SD 80R,2024,
OR,00000000002212,La Grande SD 1,4107200,st_leaid,00000000002212,La Grande SD 1,2024,
OR,00000000002213,Union SD 5,4112690,st_leaid,00000000002213,Union SD 5,2024,
OR,00000000002214,North Powder SD 8J,4108940,st_leaid,00000000002214,North Powder SD 8J,2024,
OR,00000000002215,Imbler SD 11,4106630,st_leaid,00000000002215,Imbler SD 11,2024,
OR,00000000002216,Cove SD 15,4103540,st_leaid,00000000002216,Cove SD 15,2024,
OR,00000000002217,Elgin SD 23,4104590,st_leaid,00000000002217,Elgin SD 23,2024,
OR,00000000002219,Joseph SD 6,4106870,st_leaid,00000000002219,Joseph SD 6,2024,
OR,00000000002220,Wallowa SD 12,4112990,st_leaid,00000000002220,Wallowa SD 12,2024,
OR,00000000002221,Enterprise SD 21,4105080,st_leaid,00000000002221,Enterprise SD 21,2024,
OR,00000000002222,Troy SD 54,4112360,st_leaid,00000000002222,Troy SD 54,2024,
OR,00000000002225,South Wasco County SD 1,4100021,st_leaid,00000000002225,South Wasco County SD 1,2024,
OR,00000000002229,Dufur SD 29,4104410,st_leaid,00000000002229,Dufur SD 29,2024,
OR,00000000002239,Hillsboro SD 1J,4100023,st_leaid,00000000002239,Hillsboro SD 1J,2024,
OR,00000000002240,Banks SD 13,4101830,st_leaid,00000000002240,Banks SD 13,2024,
OR,00000000002241,Forest Grove SD 15,4105160,st_leaid,00000000002241,Forest Grove SD 15,2024,
OR,00000000002242,Tigard-Tualatin SD 23J,4112240,st_leaid,00000000002242,Tigard-Tualatin SD 23J,2024,
OR,00000000002243,Beaverton SD 48J,4101920,st_leaid,00000000002243,Beaverton SD 48J,2024,
OR,00000000002244,Sherwood SD 88J,4111290,st_leaid,00000000002244,Sherwood SD 88J,2024,
OR,00000000002245,Gaston SD 511J,4105430,st_leaid,00000000002245,Gaston SD 511J,2024,
OR,00000000002247,Spray SD 1,4111640,st_leaid,00000000002247,Spray SD 1,2024,
OR,00000000002248,Fossil SD 21J,4105250,st_leaid,00000000002248,Fossil SD 21J,2024,
OR,00000000002249,Mitchell SD 55,4108280,st_leaid,00000000002249,Mitchell SD 55,2024,
OR,00000000002251,Yamhill Carlton SD 1,4100016,st_leaid,00000000002251,Yamhill Carlton SD 1,2024,
OR,00000000002252,Amity SD 4J,4101230,st_leaid,00000000002252,Amity SD 4J,2024,
OR,00000000002253,Dayton SD 8,4103990,st_leaid,00000000002253,Dayton SD 8,2024,
OR,00000000002254,Newberg SD 29J,4108720,st_leaid,00000000002254,Newberg SD 29J,2024,
OR,00000000002255,Willamina SD 30J,4113350,st_leaid,00000000002255,Willamina SD 30J,2024,
OR,00000000002256,McMinnville SD 40,4108010,st_leaid,00000000002256,McMinnville SD 40,2024,
OR,00000000002257,Sheridan SD 48J,4111220,st_leaid,00000000002257,Sheridan SD 48J,2024,
OR,00000000002262,Knappa SD 4,4100040,st_leaid,00000000002262,Knappa SD 4,2024,
OR,00000000002336,Oregon Department of Education,4100009,st_leaid,00000000002336,Oregon Department of Education,2024,
OR,00000000003477,ODE YCEP District,4100043,st_leaid,00000000003477,ODE YCEP District,2024,
OR,00000000003997,Ione SD R2,4100047,st_leaid,00000000003997,Ione SD R2,2024,
OR,00000000004131,North Wasco County SD 21,4100048,st_leaid,00000000004131,North Wasco County SD 21,2024,
PA,101260303,ALBERT GALLATIN AREA SD,4202100,st_leaid,101260303,Albert Gallatin Area SD,2024,
PA,101260803,BROWNSVILLE AREA SD,4204080,st_leaid,101260803,Brownsville Area SD,2024,
PA,101261302,CONNELLSVILLE AREA SD,4206660,st_leaid,101261302,Connellsville Area SD,2024,
PA,101262903,FRAZIER SD,4210350,st_leaid,101262903,Frazier SD,2024,
PA,101264003,LAUREL HIGHLANDS SD,4213320,st_leaid,101264003,Laurel Highlands SD,2024,
PA,101268003,UNIONTOWN AREA SD,4224150,st_leaid,101268003,Uniontown Area SD,2024,
PA,101301303,CARMICHAELS AREA SD,4205070,st_leaid,101301303,Carmichaels Area SD,2024,
PA,101301403,CENTRAL GREENE SD,4205430,st_leaid,101301403,Central Greene SD,2024,
PA,101303503,JEFFERSON-MORGAN SD,4212390,st_leaid,101303503,Jefferson-Morgan SD,2024,
PA,101306503,SOUTHEASTERN GREENE SD,4222200,st_leaid,101306503,Southeastern Greene SD,2024,
PA,101308503,WEST GREENE SD,4225440,st_leaid,101308503,West Greene SD,2024,
PA,101630504,AVELLA AREA SD,4202760,st_leaid,101630504,Avella Area SD,2024,
PA,101630903,BENTWORTH SD,4203360,st_leaid,101630903,Bentworth SD,2024,
PA,101631003,BETHLEHEM-CENTER SD,4203600,st_leaid,101631003,Bethlehem-Center SD,2024,
PA,101631203,BURGETTSTOWN AREA SD,4204500,st_leaid,101631203,Burgettstown Area SD,2024,
PA,101631503,CALIFORNIA AREA SD,4204710,st_leaid,101631503,California Area SD,2024,
PA,101631703,CANON-MCMILLAN SD,4204890,st_leaid,101631703,Canon-McMillan SD,2024,
PA,101631803,CHARLEROI SD,4205640,st_leaid,101631803,Charleroi SD,2024,
PA,101631903,CHARTIERS-HOUSTON SD,4205730,st_leaid,101631903,Chartiers-Houston SD,2024,
PA,101632403,FORT CHERRY SD,4209960,st_leaid,101632403,Fort Cherry SD,2024,
PA,101633903,MCGUFFEY SD,4214880,st_leaid,101633903,McGuffey SD,2024,
PA,101636503,PETERS TOWNSHIP SD,4218960,st_leaid,101636503,Peters Township SD,2024,
PA,101637002,RINGGOLD SD,4220400,st_leaid,101637002,Ringgold SD,2024,
PA,101638003,TRINITY AREA SD,4223760,st_leaid,101638003,Trinity Area SD,2024,
PA,101638803,WASHINGTON SD,4224990,st_leaid,101638803,Washington SD,2024,
PA,102027451,PITTSBURGH SD,4219170,st_leaid,102027451,Pittsburgh SD,2024,
PA,103020603,ALLEGHENY VALLEY SD,4202190,st_leaid,103020603,Allegheny Valley SD,2024,
PA,103020753,AVONWORTH SD,4202820,st_leaid,103020753,Avonworth SD,2024,
PA,103021003,PINE-RICHLAND SD,4202850,st_leaid,103021003,Pine-Richland SD,2024,
PA,103021102,BALDWIN-WHITEHALL SD,4202970,st_leaid,103021102,Baldwin-Whitehall SD,2024,
PA,103021252,BETHEL PARK SD,4203510,st_leaid,103021252,Bethel Park SD,2024,
PA,103021453,BRENTWOOD BOROUGH SD,4204140,st_leaid,103021453,Brentwood Borough SD,2024,
PA,103021603,CARLYNTON SD,4205040,st_leaid,103021603,Carlynton SD,2024,
PA,103021752,CHARTIERS VALLEY SD,4205700,st_leaid,103021752,Chartiers Valley SD,2024,
PA,103021903,CLAIRTON CITY SD,4206030,st_leaid,103021903,Clairton City SD,2024,
PA,103022103,CORNELL SD,4206810,st_leaid,103022103,Cornell SD,2024,
PA,103022253,DEER LAKES SD,4207540,st_leaid,103022253,Deer Lakes SD,2024,
PA,103022503,DUQUESNE CITY SD,4208010,st_leaid,103022503,Duquesne City SD,2024,
PA,103022803,EAST ALLEGHENY SD,4208060,st_leaid,103022803,East Allegheny SD,2024,
PA,103023153,ELIZABETH FORWARD SD,4209090,st_leaid,103023153,Elizabeth Forward SD,2024,
PA,103023912,FOX CHAPEL AREA SD,4210070,st_leaid,103023912,Fox Chapel Area SD,2024,
PA,103024102,GATEWAY SD,4210620,st_leaid,103024102,Gateway SD,2024,
PA,103024603,HAMPTON TOWNSHIP SD,4211400,st_leaid,103024603,Hampton Township SD,2024,
PA,103024753,HIGHLANDS SD,4211880,st_leaid,103024753,Highlands SD,2024,
PA,103025002,KEYSTONE OAKS SD,4212750,st_leaid,103025002,Keystone Oaks SD,2024,
PA,103026002,MCKEESPORT AREA SD,4214940,st_leaid,103026002,McKeesport Area SD,2024,
PA,103026303,MONTOUR SD,4215720,st_leaid,103026303,Montour SD,2024,
PA,103026343,MOON AREA SD,4215830,st_leaid,103026343,Moon Area SD,2024,
PA,103026402,MT LEBANON SD,4216110,st_leaid,103026402,Mt Lebanon SD,2024,
PA,103026852,NORTH ALLEGHENY SD,4217010,st_leaid,103026852,North Allegheny SD,2024,
PA,103026873,NORTHGATE SD,4217770,st_leaid,103026873,Northgate SD,2024,
PA,103026902,NORTH HILLS SD,4217220,st_leaid,103026902,North Hills SD,2024,
PA,103027352,PENN HILLS SD,4218590,st_leaid,103027352,Penn Hills SD,2024,
PA,103027503,PLUM BOROUGH SD,4219350,st_leaid,103027503,Plum Borough SD,2024,
PA,103027753,QUAKER VALLEY SD,4219860,st_leaid,103027753,Quaker Valley SD,2024,
PA,103028203,RIVERVIEW SD,4220430,st_leaid,103028203,Riverview SD,2024,
PA,103028302,SHALER AREA SD,4221200,st_leaid,103028302,Shaler Area SD,2024,
PA,103028653,SOUTH ALLEGHENY SD,4221910,st_leaid,103028653,South Allegheny SD,2024,
PA,103028703,SOUTH FAYETTE TOWNSHIP SD,4220580,st_leaid,103028703,South Fayette Township SD,2024,
PA,103028753,SOUTH PARK SD,4222060,st_leaid,103028753,South Park SD,2024,
PA,103028833,STEEL VALLEY SD,4222790,st_leaid,103028833,Steel Valley SD,2024,
PA,103028853,STO-ROX SD,4222830,st_leaid,103028853,Sto-Rox SD,2024,
PA,103029203,UPPER SAINT CLAIR SD,4224570,st_leaid,103029203,Upper St. Clair SD,2024,
PA,103029403,WEST ALLEGHENY SD,4225200,st_leaid,103029403,West Allegheny SD,2024,
PA,103029553,WEST JEFFERSON HILLS SD,4225590,st_leaid,103029553,West Jefferson Hills SD,2024,
PA,103029603,WEST MIFFLIN AREA SD,4225680,st_leaid,103029603,West Mifflin Area SD,2024,
PA,103029803,WILKINSBURG BOROUGH SD,4226370,st_leaid,103029803,Wilkinsburg Borough SD,2024,
PA,103029902,WOODLAND HILLS SD,4216500,st_leaid,103029902,Woodland Hills SD,2024,
PA,104101252,BUTLER AREA SD,4204590,st_leaid,104101252,Butler Area SD,2024,
PA,104103603,KARNS CITY AREA SD,4209600,st_leaid,104103603,Karns City Area SD,2024,
PA,104105003,MARS AREA SD,4214790,st_leaid,104105003,Mars Area SD,2024,
PA,104105353,MONITEAU SD,4217100,st_leaid,104105353,Moniteau SD,2024,
PA,104107503,SLIPPERY ROCK AREA SD,4221660,st_leaid,104107503,Slippery Rock Area SD,2024,
PA,104107803,SOUTH BUTLER COUNTY SD,4221930,st_leaid,104107803,Knoch SD,2024,
PA,104107903,SENECA VALLEY SD,4222440,st_leaid,104107903,Seneca Valley SD,2024,
PA,104372003,ELLWOOD CITY AREA SD,4209240,st_leaid,104372003,Ellwood City Area SD,2024,
PA,104374003,LAUREL SD,4213380,st_leaid,104374003,Laurel SD,2024,
PA,104375003,MOHAWK AREA SD,4215540,st_leaid,104375003,Mohawk Area SD,2024,
PA,104375203,NESHANNOCK TOWNSHIP SD,4216440,st_leaid,104375203,Neshannock Township SD,2024,
PA,104375302,NEW CASTLE AREA SD,4216620,st_leaid,104375302,New Castle Area SD,2024,
PA,104376203,SHENANGO AREA SD,4221510,st_leaid,104376203,Shenango Area SD,2024,
PA,104377003,UNION AREA SD,4224060,st_leaid,104377003,Union Area SD,2024,
PA,104378003,WILMINGTON AREA SD,4226520,st_leaid,104378003,Wilmington Area SD,2024,
PA,104431304,COMMODORE PERRY SD,4206390,st_leaid,104431304,Commodore Perry SD,2024,
PA,104432503,FARRELL AREA SD,4209690,st_leaid,104432503,Farrell Area SD,2024,
PA,104432803,GREENVILLE AREA SD,4211160,st_leaid,104432803,Greenville Area SD,2024,
PA,104432903,GROVE CITY AREA SD,4211220,st_leaid,104432903,Grove City Area SD,2024,
PA,104433303,HERMITAGE SD,4211820,st_leaid,104433303,Hermitage SD,2024,
PA,104433604,JAMESTOWN AREA SD,4212300,st_leaid,104433604,Jamestown Area SD,2024,
PA,104433903,LAKEVIEW SD,4213080,st_leaid,104433903,Lakeview SD,2024,
PA,104435003,MERCER AREA SD,4215120,st_leaid,104435003,Mercer Area SD,2024,
PA,104435303,REYNOLDS SD,4220220,st_leaid,104435303,Reynolds SD,2024,
PA,104435603,SHARON CITY SD,4221330,st_leaid,104435603,Sharon City SD,2024,
PA,104435703,SHARPSVILLE AREA SD,4221420,st_leaid,104435703,Sharpsville Area SD,2024,
PA,104437503,WEST MIDDLESEX AREA SD,4225650,st_leaid,104437503,West Middlesex Area SD,2024,
PA,105201033,CONNEAUT SD,4206590,st_leaid,105201033,Conneaut SD,2024,
PA,105201352,CRAWFORD CENTRAL SD,4207080,st_leaid,105201352,Crawford Central SD,2024,
PA,105204703,PENNCREST SD,4218740,st_leaid,105204703,Penncrest SD,2024,
PA,105251453,CORRY AREA SD,4206860,st_leaid,105251453,Corry Area SD,2024,
PA,105252602,ERIE CITY SD,4209300,st_leaid,105252602,Erie City SD,2024,
PA,105253303,FAIRVIEW SD,4209570,st_leaid,105253303,Fairview SD,2024,
PA,105253553,FORT LEBOEUF SD,4209990,st_leaid,105253553,Fort LeBoeuf SD,2024,
PA,105253903,GENERAL MCLANE SD,4210650,st_leaid,105253903,General McLane SD,2024,
PA,105254053,GIRARD SD,4210740,st_leaid,105254053,Girard SD,2024,
PA,105254353,HARBOR CREEK SD,4211490,st_leaid,105254353,Harbor Creek SD,2024,
PA,105256553,IROQUOIS SD,4212210,st_leaid,105256553,Iroquois SD,2024,
PA,105257602,MILLCREEK TOWNSHIP SD,4215330,st_leaid,105257602,Millcreek Township SD,2024,
PA,105258303,NORTH EAST SD,4217160,st_leaid,105258303,North East SD,2024,
PA,105258503,NORTHWESTERN SD,4217880,st_leaid,105258503,Northwestern SD,2024,
PA,105259103,UNION CITY AREA SD,4224090,st_leaid,105259103,Union City Area SD,2024,
PA,105259703,WATTSBURG AREA SD,4225080,st_leaid,105259703,Wattsburg Area SD,2024,
PA,105628302,WARREN COUNTY SD,4224820,st_leaid,105628302,Warren County SD,2024,
PA,106160303,ALLEGHENY-CLARION VALLEY SD,4202310,st_leaid,106160303,Allegheny-Clarion Valley SD,2024,
PA,106161203,CLARION AREA SD,4206060,st_leaid,106161203,Clarion Area SD,2024,
PA,106161703,CLARION-LIMESTONE AREA SD,4206090,st_leaid,106161703,Clarion-Limestone Area SD,2024,
PA,106166503,KEYSTONE SD,4212720,st_leaid,106166503,Keystone SD,2024,
PA,106167504,NORTH CLARION COUNTY SD,4217130,st_leaid,106167504,North Clarion County SD,2024,
PA,106168003,REDBANK VALLEY SD,4220130,st_leaid,106168003,Redbank Valley SD,2024,
PA,106169003,UNION SD,4224120,st_leaid,106169003,Union SD,2024,
PA,106172003,DUBOIS AREA SD,4207830,st_leaid,106172003,DuBois Area SD,2024,
PA,106272003,FOREST AREA SD,4208280,st_leaid,106272003,Forest Area SD,2024,
PA,106330703,BROCKWAY AREA SD,4204260,st_leaid,106330703,Brockway Area SD,2024,
PA,106330803,BROOKVILLE AREA SD,4204320,st_leaid,106330803,Brookville Area SD,2024,
PA,106338003,PUNXSUTAWNEY AREA SD,4219800,st_leaid,106338003,Punxsutawney Area SD,2024,
PA,106611303,CRANBERRY AREA SD,4207050,st_leaid,106611303,Cranberry Area SD,2024,
PA,106612203,FRANKLIN AREA SD,4210200,st_leaid,106612203,Franklin Area SD,2024,
PA,106616203,OIL CITY AREA SD,4218090,st_leaid,106616203,Oil City Area SD,2024,
PA,106617203,TITUSVILLE AREA SD,4223490,st_leaid,106617203,Titusville Area SD,2024,
PA,106618603,VALLEY GROVE SD,4224630,st_leaid,106618603,Valley Grove SD,2024,
PA,107650603,BELLE VERNON AREA SD,4203210,st_leaid,107650603,Belle Vernon Area SD,2024,
PA,107650703,BURRELL SD,4204530,st_leaid,107650703,Burrell SD,2024,
PA,107651603,DERRY AREA SD,4207560,st_leaid,107651603,Derry Area SD,2024,
PA,107652603,FRANKLIN REGIONAL SD,4210230,st_leaid,107652603,Franklin Regional SD,2024,
PA,107653102,GREATER LATROBE SD,4210980,st_leaid,107653102,Greater Latrobe SD,2024,
PA,107653203,GREENSBURG SALEM SD,4210920,st_leaid,107653203,Greensburg Salem SD,2024,
PA,107653802,HEMPFIELD AREA SD,4211760,st_leaid,107653802,Hempfield Area SD,2024,
PA,107654103,JEANNETTE CITY SD,4212330,st_leaid,107654103,Jeannette City SD,2024,
PA,107654403,KISKI AREA SD,4212840,st_leaid,107654403,Kiski Area SD,2024,
PA,107654903,LIGONIER VALLEY SD,4213710,st_leaid,107654903,Ligonier Valley SD,2024,
PA,107655803,MONESSEN CITY SD,4215600,st_leaid,107655803,Monessen City SD,2024,
PA,107655903,MOUNT PLEASANT AREA SD,4216170,st_leaid,107655903,Mount Pleasant Area SD,2024,
PA,107656303,NEW KENSINGTON-ARNOLD SD,4216740,st_leaid,107656303,New Kensington-Arnold SD,2024,
PA,107656502,NORWIN SD,4217940,st_leaid,107656502,Norwin SD,2024,
PA,107657103,PENN-TRAFFORD SD,4218660,st_leaid,107657103,Penn-Trafford SD,2024,
PA,107657503,SOUTHMORELAND SD,4222410,st_leaid,107657503,Southmoreland SD,2024,
PA,107658903,YOUGH SD,4221150,st_leaid,107658903,Yough SD,2024,
PA,108051003,BEDFORD AREA SD,4203180,st_leaid,108051003,Bedford Area SD,2024,
PA,108051503,CHESTNUT RIDGE SD,4205880,st_leaid,108051503,Chestnut Ridge SD,2024,
PA,108053003,EVERETT AREA SD,4209360,st_leaid,108053003,Everett Area SD,2024,
PA,108056004,NORTHERN BEDFORD COUNTY SD,4217580,st_leaid,108056004,Northern Bedford County SD,2024,
PA,108058003,TUSSEY MOUNTAIN SD,4223970,st_leaid,108058003,Tussey Mountain SD,2024,
PA,108070502,ALTOONA AREA SD,4202340,st_leaid,108070502,Altoona Area SD,2024,
PA,108071003,BELLWOOD-ANTIS SD,4203300,st_leaid,108071003,Bellwood-Antis SD,2024,
PA,108071504,CLAYSBURG-KIMMEL SD,4206120,st_leaid,108071504,Claysburg-Kimmel SD,2024,
PA,108073503,HOLLIDAYSBURG AREA SD,4211940,st_leaid,108073503,Hollidaysburg Area SD,2024,
PA,108077503,SPRING COVE SD,4222530,st_leaid,108077503,Spring Cove SD,2024,
PA,108078003,TYRONE AREA SD,4224030,st_leaid,108078003,Tyrone Area SD,2024,
PA,108079004,WILLIAMSBURG COMMUNITY SD,4226430,st_leaid,108079004,Williamsburg Community SD,2024,
PA,108110603,BLACKLICK VALLEY SD,4203690,st_leaid,108110603,Blacklick Valley SD,2024,
PA,108111203,CAMBRIA HEIGHTS SD,4204740,st_leaid,108111203,Cambria Heights SD,2024,
PA,108111303,CENTRAL CAMBRIA SD,4205340,st_leaid,108111303,Central Cambria SD,2024,
PA,108111403,CONEMAUGH VALLEY SD,4206430,st_leaid,108111403,Conemaugh Valley SD,2024,
PA,108112003,FERNDALE AREA SD,4209750,st_leaid,108112003,Ferndale Area SD,2024,
PA,108112203,FOREST HILLS SD,4209940,st_leaid,108112203,Forest Hills SD,2024,
PA,108112502,GREATER JOHNSTOWN SD,4210950,st_leaid,108112502,Greater Johnstown SD,2024,
PA,108114503,NORTHERN CAMBRIA SD,4217610,st_leaid,108114503,Northern Cambria SD,2024,
PA,108116003,PENN CAMBRIA SD,4213770,st_leaid,108116003,Penn Cambria SD,2024,
PA,108116303,PORTAGE AREA SD,4219560,st_leaid,108116303,Portage Area SD,2024,
PA,108116503,RICHLAND SD,4220250,st_leaid,108116503,Richland SD,2024,
PA,108118503,WESTMONT HILLTOP SD,4226130,st_leaid,108118503,Westmont Hilltop SD,2024,
PA,108561003,BERLIN BROTHERSVALLEY SD,4203420,st_leaid,108561003,Berlin Brothersvalley SD,2024,
PA,108561803,CONEMAUGH TOWNSHIP AREA SD,4206420,st_leaid,108561803,Conemaugh Township Area SD,2024,
PA,108565203,MEYERSDALE AREA SD,4215150,st_leaid,108565203,Meyersdale Area SD,2024,
PA,108565503,NORTH STAR SD,4210115,st_leaid,108565503,North Star SD,2024,
PA,108566303,ROCKWOOD AREA SD,4220520,st_leaid,108566303,Rockwood Area SD,2024,
PA,108567004,SALISBURY-ELK LICK SD,4220760,st_leaid,108567004,Salisbury-Elk Lick SD,2024,
PA,108567204,SHADE-CENTRAL CITY SD,4221180,st_leaid,108567204,Shade-Central City SD,2024,
PA,108567404,SHANKSVILLE-STONYCREEK SD,4221270,st_leaid,108567404,Shanksville-Stonycreek SD,2024,
PA,108567703,SOMERSET AREA SD,4221840,st_leaid,108567703,Somerset Area SD,2024,
PA,108568404,TURKEYFOOT VALLEY AREA SD,4223880,st_leaid,108568404,Turkeyfoot Valley Area SD,2024,
PA,108569103,WINDBER AREA SD,4226610,st_leaid,108569103,Windber Area SD,2024,
PA,109122703,CAMERON COUNTY SD,4204830,st_leaid,109122703,Cameron County SD,2024,
PA,109243503,JOHNSONBURG AREA SD,4212570,st_leaid,109243503,Johnsonburg Area SD,2024,
PA,109246003,RIDGWAY AREA SD,4220310,st_leaid,109246003,Ridgway Area SD,2024,
PA,109248003,SAINT MARYS AREA SD,4220640,st_leaid,109248003,Saint Marys Area SD,2024,
PA,109420803,BRADFORD AREA SD,4204020,st_leaid,109420803,Bradford Area SD,2024,
PA,109422303,KANE AREA SD,4212660,st_leaid,109422303,Kane Area SD,2024,
PA,109426003,OTTO-ELDRED SD,4218240,st_leaid,109426003,Otto-Eldred SD,2024,
PA,109426303,PORT ALLEGANY SD,4219530,st_leaid,109426303,Port Allegany SD,2024,
PA,109427503,SMETHPORT AREA SD,4221690,st_leaid,109427503,Smethport Area SD,2024,
PA,109530304,AUSTIN AREA SD,4202700,st_leaid,109530304,Austin Area SD,2024,
PA,109531304,COUDERSPORT AREA SD,4206930,st_leaid,109531304,Coudersport Area SD,2024,
PA,109532804,GALETON AREA SD,4210530,st_leaid,109532804,Galeton Area SD,2024,
PA,109535504,NORTHERN POTTER SD,4217700,st_leaid,109535504,Northern Potter SD,2024,
PA,109537504,OSWAYO VALLEY SD,4218210,st_leaid,109537504,Oswayo Valley SD,2024,
PA,110141003,BALD EAGLE AREA SD,4202910,st_leaid,110141003,Bald Eagle Area SD,2024,
PA,110141103,BELLEFONTE AREA SD,4203240,st_leaid,110141103,Bellefonte Area SD,2024,
PA,110147003,PENNS VALLEY AREA SD,4218810,st_leaid,110147003,Penns Valley Area SD,2024,
PA,110148002,STATE COLLEGE AREA SD,4222770,st_leaid,110148002,State College Area SD,2024,
PA,110171003,CLEARFIELD AREA SD,4206150,st_leaid,110171003,Clearfield Area SD,2024,
PA,110171803,CURWENSVILLE AREA SD,4207140,st_leaid,110171803,Curwensville Area SD,2024,
PA,110173003,GLENDALE SD,4210830,st_leaid,110173003,Glendale SD,2024,
PA,110173504,HARMONY AREA SD,4211520,st_leaid,110173504,Harmony Area SD,2024,
PA,110175003,MOSHANNON VALLEY SD,4215960,st_leaid,110175003,Moshannon Valley SD,2024,
PA,110177003,PHILIPSBURG-OSCEOLA AREA SD,4219020,st_leaid,110177003,Philipsburg-Osceola Area SD,2024,
PA,110179003,WEST BRANCH AREA SD,4225230,st_leaid,110179003,West Branch Area SD,2024,
PA,110183602,KEYSTONE CENTRAL SD,4212725,st_leaid,110183602,Keystone Central SD,2024,
PA,111291304,CENTRAL FULTON SD,4214850,st_leaid,111291304,Central Fulton SD,2024,
PA,111292304,FORBES ROAD SD,4209870,st_leaid,111292304,Forbes Road SD,2024,
PA,111297504,SOUTHERN FULTON SD,4222290,st_leaid,111297504,Southern Fulton SD,2024,
PA,111312503,HUNTINGDON AREA SD,4212090,st_leaid,111312503,Huntingdon Area SD,2024,
PA,111312804,JUNIATA VALLEY SD,4212630,st_leaid,111312804,Juniata Valley SD,2024,
PA,111316003,MOUNT UNION AREA SD,4216020,st_leaid,111316003,Mount Union Area SD,2024,
PA,111317503,SOUTHERN HUNTINGDON COUNTY SD,4222320,st_leaid,111317503,Southern Huntingdon County SD,2024,
PA,111343603,JUNIATA COUNTY SD,4212600,st_leaid,111343603,Juniata County SD,2024,
PA,111444602,MIFFLIN COUNTY SD,4215290,st_leaid,111444602,Mifflin County SD,2024,
PA,112011103,BERMUDIAN SPRINGS SD,4203450,st_leaid,112011103,Bermudian Springs SD,2024,
PA,112011603,CONEWAGO VALLEY SD,4206550,st_leaid,112011603,Conewago Valley SD,2024,
PA,112013054,FAIRFIELD AREA SD,4209540,st_leaid,112013054,Fairfield Area SD,2024,
PA,112013753,GETTYSBURG AREA SD,4210710,st_leaid,112013753,Gettysburg Area SD,2024,
PA,112015203,LITTLESTOWN AREA SD,4213980,st_leaid,112015203,Littlestown Area SD,2024,
PA,112018523,UPPER ADAMS SD,4224300,st_leaid,112018523,Upper Adams SD,2024,
PA,112281302,CHAMBERSBURG AREA SD,4205550,st_leaid,112281302,Chambersburg Area SD,2024,
PA,112282004,FANNETT-METAL SD,4209660,st_leaid,112282004,Fannett-Metal SD,2024,
PA,112283003,GREENCASTLE-ANTRIM SD,4211010,st_leaid,112283003,Greencastle-Antrim SD,2024,
PA,112286003,TUSCARORA SD,4222740,st_leaid,112286003,Tuscarora SD,2024,
PA,112289003,WAYNESBORO AREA SD,4225110,st_leaid,112289003,Waynesboro Area SD,2024,
PA,112671303,CENTRAL YORK SD,4205490,st_leaid,112671303,Central York SD,2024,
PA,112671603,DALLASTOWN AREA SD,4207230,st_leaid,112671603,Dallastown Area SD,2024,
PA,112671803,DOVER AREA SD,4207680,st_leaid,112671803,Dover Area SD,2024,
PA,112672203,EASTERN YORK SD,4208790,st_leaid,112672203,Eastern York SD,2024,
PA,112672803,HANOVER PUBLIC SD,4211450,st_leaid,112672803,Hanover Public SD,2024,
PA,112674403,NORTHEASTERN YORK SD,4217520,st_leaid,112674403,Northeastern York SD,2024,
PA,112675503,RED LION AREA SD,4220100,st_leaid,112675503,Red Lion Area SD,2024,
PA,112676203,SOUTH EASTERN SD,4222170,st_leaid,112676203,South Eastern SD,2024,
PA,112676403,SOUTH WESTERN SD,4222470,st_leaid,112676403,South Western SD,2024,
PA,112676503,SOUTHERN YORK COUNTY SD,4222380,st_leaid,112676503,Southern York County SD,2024,
PA,112676703,SPRING GROVE AREA SD,4222590,st_leaid,112676703,Spring Grove Area SD,2024,
PA,112678503,WEST YORK AREA SD,4225980,st_leaid,112678503,West York Area SD,2024,
PA,112679002,YORK CITY SD,4226820,st_leaid,112679002,York City SD,2024,
PA,112679403,YORK SUBURBAN SD,4226850,st_leaid,112679403,York Suburban SD,2024,
PA,113361303,COCALICO SD,4206270,st_leaid,113361303,Cocalico SD,2024,
PA,113361503,COLUMBIA BOROUGH SD,4206360,st_leaid,113361503,Columbia Borough SD,2024,
PA,113361703,CONESTOGA VALLEY SD,4206480,st_leaid,113361703,Conestoga Valley SD,2024,
PA,113362203,DONEGAL SD,4207650,st_leaid,113362203,Donegal SD,2024,
PA,113362303,EASTERN LANCASTER COUNTY SD,4208820,st_leaid,113362303,Eastern Lancaster County SD,2024,
PA,113362403,ELIZABETHTOWN AREA SD,4209120,st_leaid,113362403,Elizabethtown Area SD,2024,
PA,113362603,EPHRATA AREA SD,4209270,st_leaid,113362603,Ephrata Area SD,2024,
PA,113363103,HEMPFIELD SD,4211790,st_leaid,113363103,Hempfield SD,2024,
PA,113363603,LAMPETER-STRASBURG SD,4213110,st_leaid,113363603,Lampeter-Strasburg SD,2024,
PA,113364002,LANCASTER SD,4213140,st_leaid,113364002,Lancaster SD,2024,
PA,113364403,MANHEIM CENTRAL SD,4214550,st_leaid,113364403,Manheim Central SD,2024,
PA,113364503,MANHEIM TOWNSHIP SD,4214580,st_leaid,113364503,Manheim Township SD,2024,
PA,113365203,PENN MANOR SD,4218630,st_leaid,113365203,Penn Manor SD,2024,
PA,113365303,PEQUEA VALLEY SD,4218900,st_leaid,113365303,Pequea Valley SD,2024,
PA,113367003,SOLANCO SD,4221810,st_leaid,113367003,Solanco SD,2024,
PA,113369003,WARWICK SD,4224960,st_leaid,113369003,Warwick SD,2024,
PA,113380303,ANNVILLE-CLEONA SD,4202490,st_leaid,113380303,Annville-Cleona SD,2024,
PA,113381303,CORNWALL-LEBANON SD,4206840,st_leaid,113381303,Cornwall-Lebanon SD,2024,
PA,113382303,EASTERN LEBANON COUNTY SD,4208460,st_leaid,113382303,Eastern Lebanon County SD,2024,
PA,113384603,LEBANON SD,4213440,st_leaid,113384603,Lebanon SD,2024,
PA,113385003,NORTHERN LEBANON SD,4217640,st_leaid,113385003,Northern Lebanon SD,2024,
PA,113385303,PALMYRA AREA SD,4218390,st_leaid,113385303,Palmyra Area SD,2024,
PA,114060503,ANTIETAM SD,4202480,st_leaid,114060503,Antietam SD,2024,
PA,114060753,BOYERTOWN AREA SD,4203960,st_leaid,114060753,Boyertown Area SD,2024,
PA,114060853,BRANDYWINE HEIGHTS AREA SD,4204050,st_leaid,114060853,Brandywine Heights Area SD,2024,
PA,114061103,CONRAD WEISER AREA SD,4206780,st_leaid,114061103,Conrad Weiser Area SD,2024,
PA,114061503,DANIEL BOONE AREA SD,4207290,st_leaid,114061503,Daniel Boone Area SD,2024,
PA,114062003,EXETER TOWNSHIP SD,4209480,st_leaid,114062003,Exeter Township SD,2024,
PA,114062503,FLEETWOOD AREA SD,4209780,st_leaid,114062503,Fleetwood Area SD,2024,
PA,114063003,GOVERNOR MIFFLIN SD,4210860,st_leaid,114063003,Governor Mifflin SD,2024,
PA,114063503,HAMBURG AREA SD,4211340,st_leaid,114063503,Hamburg Area SD,2024,
PA,114064003,KUTZTOWN AREA SD,4212930,st_leaid,114064003,Kutztown Area SD,2024,
PA,114065503,MUHLENBERG SD,4216200,st_leaid,114065503,Muhlenberg SD,2024,
PA,114066503,OLEY VALLEY SD,4218150,st_leaid,114066503,Oley Valley SD,2024,
PA,114067002,READING SD,4220040,st_leaid,114067002,Reading SD,2024,
PA,114067503,SCHUYLKILL VALLEY SD,4220970,st_leaid,114067503,Schuylkill Valley SD,2024,
PA,114068003,TULPEHOCKEN AREA SD,4223820,st_leaid,114068003,Tulpehocken Area SD,2024,
PA,114068103,TWIN VALLEY SD,4224000,st_leaid,114068103,Twin Valley SD,2024,
PA,114069103,WILSON SD,4226580,st_leaid,114069103,Wilson SD,2024,
PA,114069353,WYOMISSING AREA SD,4226760,st_leaid,114069353,Wyomissing Area SD,2024,
PA,115210503,BIG SPRING SD,4203660,st_leaid,115210503,Big Spring SD,2024,
PA,115211003,CAMP HILL SD,4204860,st_leaid,115211003,Camp Hill SD,2024,
PA,115211103,CARLISLE AREA SD,4205010,st_leaid,115211103,Carlisle Area SD,2024,
PA,115211603,CUMBERLAND VALLEY SD,4207110,st_leaid,115211603,Cumberland Valley SD,2024,
PA,115212503,EAST PENNSBORO AREA SD,4208580,st_leaid,115212503,East Pennsboro Area SD,2024,
PA,115216503,MECHANICSBURG AREA SD,4215030,st_leaid,115216503,Mechanicsburg Area SD,2024,
PA,115218003,SHIPPENSBURG AREA SD,4221570,st_leaid,115218003,Shippensburg Area SD,2024,
PA,115218303,SOUTH MIDDLETON SD,4222050,st_leaid,115218303,South Middleton SD,2024,
PA,115219002,WEST SHORE SD,4225830,st_leaid,115219002,West Shore SD,2024,
PA,115221402,CENTRAL DAUPHIN SD,4205400,st_leaid,115221402,Central Dauphin SD,2024,
PA,115221753,DERRY TOWNSHIP SD,4207590,st_leaid,115221753,Derry Township SD,2024,
PA,115222504,HALIFAX AREA SD,4211310,st_leaid,115222504,Halifax Area SD,2024,
PA,115222752,HARRISBURG CITY SD,4211580,st_leaid,115222752,Harrisburg City SD,2024,
PA,115224003,LOWER DAUPHIN SD,4214100,st_leaid,115224003,Lower Dauphin SD,2024,
PA,115226003,MIDDLETOWN AREA SD,4215240,st_leaid,115226003,Middletown Area SD,2024,
PA,115226103,MILLERSBURG AREA SD,4215360,st_leaid,115226103,Millersburg Area SD,2024,
PA,115228003,STEELTON-HIGHSPIRE SD,4222800,st_leaid,115228003,Steelton-Highspire SD,2024,
PA,115228303,SUSQUEHANNA TOWNSHIP SD,4223010,st_leaid,115228303,Susquehanna Township SD,2024,
PA,115229003,UPPER DAUPHIN AREA SD,4224360,st_leaid,115229003,Upper Dauphin Area SD,2024,
PA,115503004,GREENWOOD SD,4211190,st_leaid,115503004,Greenwood SD,2024,
PA,115504003,NEWPORT SD,4216890,st_leaid,115504003,Newport SD,2024,
PA,115506003,SUSQUENITA SD,4223040,st_leaid,115506003,Susquenita SD,2024,
PA,115508003,WEST PERRY SD,4225740,st_leaid,115508003,West Perry SD,2024,
PA,115674603,NORTHERN YORK COUNTY SD,4217760,st_leaid,115674603,Northern York County SD,2024,
PA,116191004,BENTON AREA SD,4203390,st_leaid,116191004,Benton Area SD,2024,
PA,116191103,BERWICK AREA SD,4203480,st_leaid,116191103,Berwick Area SD,2024,
PA,116191203,BLOOMSBURG AREA SD,4203840,st_leaid,116191203,Bloomsburg Area SD,2024,
PA,116191503,CENTRAL COLUMBIA SD,4205370,st_leaid,116191503,Central Columbia SD,2024,
PA,116195004,MILLVILLE AREA SD,4215450,st_leaid,116195004,Millville Area SD,2024,
PA,116197503,SOUTHERN COLUMBIA AREA SD,4222260,st_leaid,116197503,Southern Columbia Area SD,2024,
PA,116471803,DANVILLE AREA SD,4207320,st_leaid,116471803,Danville Area SD,2024,
PA,116493503,LINE MOUNTAIN SD,4214460,st_leaid,116493503,Line Mountain SD,2024,
PA,116495003,MILTON AREA SD,4215480,st_leaid,116495003,Milton Area SD,2024,
PA,116495103,MOUNT CARMEL AREA SD,4215990,st_leaid,116495103,Mount Carmel Area SD,2024,
PA,116496503,SHAMOKIN AREA SD,4221240,st_leaid,116496503,Shamokin Area SD,2024,
PA,116496603,SHIKELLAMY SD,4221540,st_leaid,116496603,Shikellamy SD,2024,
PA,116498003,WARRIOR RUN SD,4224870,st_leaid,116498003,Warrior Run SD,2024,
PA,116555003,MIDD-WEST SD,4215210,st_leaid,116555003,Midd-West SD,2024,
PA,116557103,SELINSGROVE AREA SD,4221120,st_leaid,116557103,Selinsgrove Area SD,2024,
PA,116604003,LEWISBURG AREA SD,4213590,st_leaid,116604003,Lewisburg Area SD,2024,
PA,116605003,MIFFLINBURG AREA SD,4226010,st_leaid,116605003,Mifflinburg Area SD,2024,
PA,117080503,ATHENS AREA SD,4202670,st_leaid,117080503,Athens Area SD,2024,
PA,117081003,CANTON AREA SD,4204920,st_leaid,117081003,Canton Area SD,2024,
PA,117083004,NORTHEAST BRADFORD SD,4217460,st_leaid,117083004,Northeast Bradford SD,2024,
PA,117086003,SAYRE AREA SD,4220850,st_leaid,117086003,Sayre Area SD,2024,
PA,117086503,TOWANDA AREA SD,4223550,st_leaid,117086503,Towanda Area SD,2024,
PA,117086653,TROY AREA SD,4223790,st_leaid,117086653,Troy Area SD,2024,
PA,117089003,WYALUSING AREA SD,4226700,st_leaid,117089003,Wyalusing Area SD,2024,
PA,117412003,EAST LYCOMING SD,4208490,st_leaid,117412003,East Lycoming SD,2024,
PA,117414003,JERSEY SHORE AREA SD,4212480,st_leaid,117414003,Jersey Shore Area SD,2024,
PA,117414203,LOYALSOCK TOWNSHIP SD,4214310,st_leaid,117414203,Loyalsock Township SD,2024,
PA,117415004,MONTGOMERY AREA SD,4215660,st_leaid,117415004,Montgomery Area SD,2024,
PA,117415103,MONTOURSVILLE AREA SD,4215750,st_leaid,117415103,Montoursville Area SD,2024,
PA,117415303,MUNCY SD,4216230,st_leaid,117415303,Muncy SD,2024,
PA,117416103,SOUTH WILLIAMSPORT AREA SD,4222140,st_leaid,117416103,South Williamsport Area SD,2024,
PA,117417202,WILLIAMSPORT AREA SD,4226460,st_leaid,117417202,Williamsport Area SD,2024,
PA,117576303,SULLIVAN COUNTY SD,4222920,st_leaid,117576303,Sullivan County SD,2024,
PA,117596003,NORTHERN TIOGA SD,4217730,st_leaid,117596003,Northern Tioga SD,2024,
PA,117597003,SOUTHERN TIOGA SD,4222370,st_leaid,117597003,Southern Tioga SD,2024,
PA,117598503,WELLSBORO AREA SD,4225170,st_leaid,117598503,Wellsboro Area SD,2024,
PA,118401403,CRESTWOOD SD,4205460,st_leaid,118401403,Crestwood SD,2024,
PA,118401603,DALLAS SD,4207200,st_leaid,118401603,Dallas SD,2024,
PA,118402603,GREATER NANTICOKE AREA SD,4216290,st_leaid,118402603,Greater Nanticoke Area SD,2024,
PA,118403003,HANOVER AREA SD,4211420,st_leaid,118403003,Hanover Area SD,2024,
PA,118403302,HAZLETON AREA SD,4211700,st_leaid,118403302,Hazleton Area SD,2024,
PA,118403903,LAKE-LEHMAN SD,4213020,st_leaid,118403903,Lake-Lehman SD,2024,
PA,118406003,NORTHWEST AREA SD,4217790,st_leaid,118406003,Northwest Area SD,2024,
PA,118406602,PITTSTON AREA SD,4219200,st_leaid,118406602,Pittston Area SD,2024,
PA,118408852,WILKES-BARRE AREA SD,4226300,st_leaid,118408852,Wilkes-Barre Area SD,2024,
PA,118409203,WYOMING AREA SD,4226730,st_leaid,118409203,Wyoming Area SD,2024,
PA,118409302,WYOMING VALLEY WEST SD,4225950,st_leaid,118409302,Wyoming Valley West SD,2024,
PA,118667503,TUNKHANNOCK AREA SD,4223850,st_leaid,118667503,Tunkhannock Area SD,2024,
PA,119350303,ABINGTON HEIGHTS SD,4202010,st_leaid,119350303,Abington Heights SD,2024,
PA,119351303,CARBONDALE AREA SD,4204980,st_leaid,119351303,Carbondale Area SD,2024,
PA,119352203,DUNMORE SD,4207980,st_leaid,119352203,Dunmore SD,2024,
PA,119354603,LAKELAND SD,4213050,st_leaid,119354603,Lakeland School District,2024,
PA,119355503,MID VALLEY SD,4215170,st_leaid,119355503,Mid Valley SD,2024,
PA,119356503,NORTH POCONO SD,4217310,st_leaid,119356503,North Pocono SD,2024,
PA,119356603,OLD FORGE SD,4218120,st_leaid,119356603,Old Forge SD,2024,
PA,119357003,RIVERSIDE SD,4223250,st_leaid,119357003,Riverside SD,2024,
PA,119357402,SCRANTON SD,4221090,st_leaid,119357402,Scranton SD,2024,
PA,119358403,VALLEY VIEW SD,4224650,st_leaid,119358403,Valley View SD,2024,
PA,119581003,BLUE RIDGE SD,4203900,st_leaid,119581003,Blue Ridge SD,2024,
PA,119582503,ELK LAKE SD,4209150,st_leaid,119582503,Elk Lake SD,2024,
PA,119583003,FOREST CITY REGIONAL SD,4209930,st_leaid,119583003,Forest City Regional SD,2024,
PA,119584503,MONTROSE AREA SD,4215810,st_leaid,119584503,Montrose Area SD,2024,
PA,119584603,MOUNTAIN VIEW SD,4216050,st_leaid,119584603,Mountain View SD,2024,
PA,119586503,SUSQUEHANNA COMMUNITY SD,4222980,st_leaid,119586503,Susquehanna Community SD,2024,
PA,119648303,WALLENPAUPACK AREA SD,4224750,st_leaid,119648303,Wallenpaupack Area SD,2024,
PA,119648703,WAYNE HIGHLANDS SD,4224970,st_leaid,119648703,Wayne Highlands SD,2024,
PA,119648903,WESTERN WAYNE SD,4226070,st_leaid,119648903,Western Wayne SD,2024,
PA,119665003,LACKAWANNA TRAIL SD,4212990,st_leaid,119665003,Lackawanna Trail SD,2024,
PA,120452003,EAST STROUDSBURG AREA SD,4208670,st_leaid,120452003,East Stroudsburg Area SD,2024,
PA,120455203,PLEASANT VALLEY SD,4219290,st_leaid,120455203,Pleasant Valley SD,2024,
PA,120455403,POCONO MOUNTAIN SD,4219500,st_leaid,120455403,Pocono Mountain SD,2024,
PA,120456003,STROUDSBURG AREA SD,4222860,st_leaid,120456003,Stroudsburg Area SD,2024,
PA,120480803,BANGOR AREA SD,4203000,st_leaid,120480803,Bangor Area SD,2024,
PA,120481002,BETHLEHEM AREA SD,4203570,st_leaid,120481002,Bethlehem Area SD,2024,
PA,120483302,EASTON AREA SD,4208850,st_leaid,120483302,Easton Area SD,2024,
PA,120484803,NAZARETH AREA SD,4216380,st_leaid,120484803,Nazareth Area SD,2024,
PA,120484903,NORTHAMPTON AREA SD,4217370,st_leaid,120484903,Northampton Area SD,2024,
PA,120485603,PEN ARGYL AREA SD,4218570,st_leaid,120485603,Pen Argyl Area SD,2024,
PA,120486003,SAUCON VALLEY SD,4211730,st_leaid,120486003,Saucon Valley SD,2024,
PA,120488603,WILSON AREA SD,4226550,st_leaid,120488603,Wilson Area SD,2024,
PA,120522003,DELAWARE VALLEY SD,4207530,st_leaid,120522003,Delaware Valley SD,2024,
PA,121135003,JIM THORPE AREA SD,4212540,st_leaid,121135003,Jim Thorpe Area SD,2024,
PA,121135503,LEHIGHTON AREA SD,4213500,st_leaid,121135503,Lehighton Area SD,2024,
PA,121136503,PALMERTON AREA SD,4218360,st_leaid,121136503,Palmerton Area SD,2024,
PA,121136603,PANTHER VALLEY SD,4218450,st_leaid,121136603,Panther Valley SD,2024,
PA,121139004,WEATHERLY AREA SD,4225140,st_leaid,121139004,Weatherly Area SD,2024,
PA,121390302,ALLENTOWN CITY SD,4202280,st_leaid,121390302,Allentown City SD,2024,
PA,121391303,CATASAUQUA AREA SD,4205160,st_leaid,121391303,Catasauqua Area SD,2024,
PA,121392303,EAST PENN SD,4208550,st_leaid,121392303,East Penn SD,2024,
PA,121394503,NORTHERN LEHIGH SD,4217670,st_leaid,121394503,Northern Lehigh SD,2024,
PA,121394603,NORTHWESTERN LEHIGH SD,4217850,st_leaid,121394603,Northwestern Lehigh SD,2024,
PA,121395103,PARKLAND SD,4218510,st_leaid,121395103,Parkland SD,2024,
PA,121395603,SALISBURY TOWNSHIP SD,4220730,st_leaid,121395603,Salisbury Township SD,2024,
PA,121395703,SOUTHERN LEHIGH SD,4222350,st_leaid,121395703,Southern Lehigh SD,2024,
PA,121397803,WHITEHALL-COPLAY SD,4226250,st_leaid,121397803,Whitehall-Coplay SD,2024,
PA,122091002,BENSALEM TOWNSHIP SD,4203330,st_leaid,122091002,Bensalem Township SD,2024,
PA,122091303,BRISTOL BOROUGH SD,4204200,st_leaid,122091303,Bristol Borough SD,2024,
PA,122091352,BRISTOL TOWNSHIP SD,4204230,st_leaid,122091352,Bristol Township SD,2024,
PA,122092002,CENTENNIAL SD,4205190,st_leaid,122092002,Centennial SD,2024,
PA,122092102,CENTRAL BUCKS SD,4205310,st_leaid,122092102,Central Bucks SD,2024,
PA,122092353,COUNCIL ROCK SD,4206960,st_leaid,122092353,Council Rock SD,2024,
PA,122097203,MORRISVILLE BOROUGH SD,4215900,st_leaid,122097203,Morrisville Borough SD,2024,
PA,122097502,NESHAMINY SD,4216410,st_leaid,122097502,Neshaminy SD,2024,
PA,122097604,NEW HOPE-SOLEBURY SD,4216860,st_leaid,122097604,New Hope-Solebury SD,2024,
PA,122098003,PALISADES SD,4218330,st_leaid,122098003,Palisades SD,2024,
PA,122098103,PENNRIDGE SD,4218750,st_leaid,122098103,Pennridge SD,2024,
PA,122098202,PENNSBURY SD,4218840,st_leaid,122098202,Pennsbury SD,2024,
PA,122098403,QUAKERTOWN COMMUNITY SD,4219890,st_leaid,122098403,Quakertown Community SD,2024,
PA,123460302,ABINGTON SD,4202040,st_leaid,123460302,Abington SD,2024,
PA,123461302,CHELTENHAM SD,4205760,st_leaid,123461302,Cheltenham SD,2024,
PA,123461602,COLONIAL SD,4219470,st_leaid,123461602,Colonial SD,2024,
PA,123463603,HATBORO-HORSHAM SD,4211610,st_leaid,123463603,Hatboro-Horsham SD,2024,
PA,123463803,JENKINTOWN SD,4212420,st_leaid,123463803,Jenkintown SD,2024,
PA,123464502,LOWER MERION SD,4214160,st_leaid,123464502,Lower Merion SD,2024,
PA,123464603,LOWER MORELAND TOWNSHIP SD,4214190,st_leaid,123464603,Lower Moreland Township SD,2024,
PA,123465303,METHACTON SD,4214250,st_leaid,123465303,Methacton SD,2024,
PA,123465602,NORRISTOWN AREA SD,4216980,st_leaid,123465602,Norristown Area SD,2024,
PA,123465702,NORTH PENN SD,4217280,st_leaid,123465702,North Penn SD,2024,
PA,123466103,PERKIOMEN VALLEY SD,4218930,st_leaid,123466103,Perkiomen Valley SD,2024,
PA,123466303,POTTSGROVE SD,4219650,st_leaid,123466303,Pottsgrove SD,2024,
PA,123466403,POTTSTOWN SD,4219680,st_leaid,123466403,Pottstown SD,2024,
PA,123467103,SOUDERTON AREA SD,4221870,st_leaid,123467103,Souderton Area SD,2024,
PA,123467203,SPRINGFIELD TOWNSHIP SD,4222620,st_leaid,123467203,Springfield Township SD,2024,
PA,123467303,SPRING-FORD AREA SD,4222560,st_leaid,123467303,Spring-Ford Area SD,2024,
PA,123468303,UPPER DUBLIN SD,4224390,st_leaid,123468303,Upper Dublin SD,2024,
PA,123468402,UPPER MERION AREA SD,4224480,st_leaid,123468402,Upper Merion Area SD,2024,
PA,123468503,UPPER MORELAND TOWNSHIP SD,4224510,st_leaid,123468503,Upper Moreland Township SD,2024,
PA,123468603,UPPER PERKIOMEN SD,4224540,st_leaid,123468603,Upper Perkiomen SD,2024,
PA,123469303,WISSAHICKON SD,4202400,st_leaid,123469303,Wissahickon SD,2024,
PA,124150503,AVON GROVE SD,4202790,st_leaid,124150503,Avon Grove SD,2024,
PA,124151902,COATESVILLE AREA SD,4206240,st_leaid,124151902,Coatesville Area SD,2024,
PA,124152003,DOWNINGTOWN AREA SD,4207710,st_leaid,124152003,Downingtown Area SD,2024,
PA,124153503,GREAT VALLEY SD,4210870,st_leaid,124153503,Great Valley SD,2024,
PA,124154003,KENNETT CONSOLIDATED SD,4212690,st_leaid,124154003,Kennett Consolidated SD,2024,
PA,124156503,OCTORARA AREA SD,4218030,st_leaid,124156503,Octorara Area SD,2024,
PA,124156603,OWEN J ROBERTS SD,4218270,st_leaid,124156603,Owen J Roberts SD,2024,
PA,124156703,OXFORD AREA SD,4218300,st_leaid,124156703,Oxford Area SD,2024,
PA,124157203,PHOENIXVILLE AREA SD,4219050,st_leaid,124157203,Phoenixville Area SD,2024,
PA,124157802,TREDYFFRIN-EASTTOWN SD,4223640,st_leaid,124157802,Tredyffrin-Easttown SD,2024,
PA,124158503,UNIONVILLE-CHADDS FORD SD,4224210,st_leaid,124158503,Unionville-Chadds Ford SD,2024,
PA,124159002,WEST CHESTER AREA SD,4225290,st_leaid,124159002,West Chester Area SD,2024,
PA,125231232,CHESTER-UPLAND SD,4205860,st_leaid,125231232,Chester-Upland SD,2024,
PA,125231303,CHICHESTER SD,4205910,st_leaid,125231303,Chichester SD,2024,
PA,125234103,GARNET VALLEY SD,4210590,st_leaid,125234103,Garnet Valley SD,2024,
PA,125234502,HAVERFORD TOWNSHIP SD,4211670,st_leaid,125234502,Haverford Township SD,2024,
PA,125235103,INTERBORO SD,4212170,st_leaid,125235103,Interboro SD,2024,
PA,125235502,MARPLE NEWTOWN SD,4214760,st_leaid,125235502,Marple Newtown SD,2024,
PA,125236903,PENN-DELCO SD,4218580,st_leaid,125236903,Penn-Delco SD,2024,
PA,125237603,RADNOR TOWNSHIP SD,4219920,st_leaid,125237603,Radnor Township SD,2024,
PA,125237702,RIDLEY SD,4220370,st_leaid,125237702,Ridley SD,2024,
PA,125237903,ROSE TREE MEDIA SD,4220550,st_leaid,125237903,Rose Tree Media SD,2024,
PA,125238402,SOUTHEAST DELCO SD,4222400,st_leaid,125238402,Southeast Delco SD,2024,
PA,125238502,SPRINGFIELD SD,4222600,st_leaid,125238502,Springfield SD,2024,
PA,125239452,UPPER DARBY SD,4224320,st_leaid,125239452,Upper Darby SD,2024,
PA,125239603,WALLINGFORD-SWARTHMORE SD,4224790,st_leaid,125239603,Wallingford-Swarthmore SD,2024,
PA,125239652,WILLIAM PENN SD,4226390,st_leaid,125239652,William Penn SD,2024,
PA,126515001,PHILADELPHIA CITY SD,4218990,st_leaid,126515001,Philadelphia City SD,2024,
PA,127040503,ALIQUIPPA SD,4202130,st_leaid,127040503,Aliquippa SD,2024,
PA,127040703,AMBRIDGE AREA SD,4202440,st_leaid,127040703,Ambridge Area SD,2024,
PA,127041203,BEAVER AREA SD,4203120,st_leaid,127041203,Beaver Area SD,2024,
PA,127041503,BIG BEAVER FALLS AREA SD,4203630,st_leaid,127041503,Big Beaver Falls Area SD,2024,
PA,127041603,BLACKHAWK SD,4203688,st_leaid,127041603,Blackhawk SD,2024,
PA,127042003,CENTRAL VALLEY SD,4200824,st_leaid,127042003,Central Valley SD,2024,
PA,127042853,FREEDOM AREA SD,4210380,st_leaid,127042853,Freedom Area SD,2024,
PA,127044103,HOPEWELL AREA SD,4212030,st_leaid,127044103,Hopewell Area SD,2024,
PA,127045653,NEW BRIGHTON AREA SD,4216530,st_leaid,127045653,New Brighton Area SD,2024,
PA,127045853,RIVERSIDE BEAVER COUNTY SD,4217430,st_leaid,127045853,Riverside Beaver County SD,2024,
PA,127046903,ROCHESTER AREA SD,4220460,st_leaid,127046903,Rochester Area SD,2024,
PA,127047404,SOUTH SIDE AREA SD,4222230,st_leaid,127047404,South Side Area SD,2024,
PA,127049303,WESTERN BEAVER COUNTY SD,4226040,st_leaid,127049303,Western Beaver County SD,2024,
PA,128030603,APOLLO-RIDGE SD,4202550,st_leaid,128030603,Apollo-Ridge SD,2024,
PA,128030852,ARMSTRONG SD,4202590,st_leaid,128030852,Armstrong SD,2024,
PA,128033053,FREEPORT AREA SD,4210440,st_leaid,128033053,Freeport Area SD,2024,
PA,128034503,LEECHBURG AREA SD,4213470,st_leaid,128034503,Leechburg Area SD,2024,
PA,128321103,BLAIRSVILLE-SALTSBURG SD,4203750,st_leaid,128321103,River Valley SD,2024,
PA,128323303,HOMER-CENTER SD,4213290,st_leaid,128323303,Homer-Center SD,2024,
PA,128323703,INDIANA AREA SD,4212150,st_leaid,128323703,Indiana Area SD,2024,
PA,128325203,MARION CENTER AREA SD,4214730,st_leaid,128325203,Marion Center Area SD,2024,
PA,128326303,PENNS MANOR AREA SD,4218780,st_leaid,128326303,Penns Manor Area SD,2024,
PA,128327303,PURCHASE LINE SD,4219830,st_leaid,128327303,Purchase Line SD,2024,
PA,128328003,UNITED SD,4224240,st_leaid,128328003,United SD,2024,
PA,129540803,BLUE MOUNTAIN SD,4203870,st_leaid,129540803,Blue Mountain SD,2024,
PA,129544503,MAHANOY AREA SD,4214430,st_leaid,129544503,Mahanoy Area SD,2024,
PA,129544703,MINERSVILLE AREA SD,4215510,st_leaid,129544703,Minersville Area SD,2024,
PA,129545003,NORTH SCHUYLKILL SD,4210110,st_leaid,129545003,North Schuylkill SD,2024,
PA,129546003,PINE GROVE AREA SD,4219140,st_leaid,129546003,Pine Grove Area SD,2024,
PA,129546103,POTTSVILLE AREA SD,4219710,st_leaid,129546103,Pottsville Area SD,2024,
PA,129546803,SAINT CLAIR AREA SD,4222710,st_leaid,129546803,Saint Clair Area SD,2024,
PA,129547203,SHENANDOAH VALLEY SD,4221490,st_leaid,129547203,Shenandoah Valley SD,2024,
PA,129547303,SCHUYLKILL HAVEN AREA SD,4220910,st_leaid,129547303,Schuylkill Haven Area SD,2024,
PA,129547603,TAMAQUA AREA SD,4223220,st_leaid,129547603,Tamaqua Area SD,2024,
PA,129547803,TRI-VALLEY SD,4223700,st_leaid,129547803,Tri-Valley SD,2024,
PA,129548803,WILLIAMS VALLEY SD,4226400,st_leaid,129548803,Williams Valley SD,2024,
RI,,Achievement First Rhode Island,4400021,name,41,Achievement First Rhode Island,2024,confirmed 2026-09-16
RI,,Barrington,4400030,name,01,Barrington,2024,confirmed 2026-09-16
RI,,Beacon Charter,4400008,name,58,Beacon Charter School,2024,confirmed 2026-09-16
RI,,BLACKSTONE,,unmatched,,,,
RI,,Blackstone Valley Prep,,unmatched,,,,
RI,,Bristol Warren,4400065,name,96,Bristol Warren,2024,confirmed 2026-09-16
RI,,Burrillville,4400090,name,03,Burrillville,2024,confirmed 2026-09-16
RI,,Central Falls,4400120,name,04,Central Falls,2024,confirmed 2026-09-16
RI,,Charette Charter,4400037,name,81,Charette Charter,2024,confirmed 2026-09-16
RI,,Chariho,4400150,name,98,Chariho,2024,confirmed 2026-09-16
RI,,Coventry,4400210,name,06,Coventry,2024,confirmed 2026-09-16
RI,,Cranston,4400240,name,07,Cranston,2024,confirmed 2026-09-16
RI,,Cumberland,4400270,name,08,Cumberland,2024,confirmed 2026-09-16
RI,,Davies,,unmatched,,,,
RI,,DCYF,4400009,name,67,DCYF,2024,confirmed 2026-09-16
RI,,East Greenwich,4400300,name,09,East Greenwich,2024,confirmed 2026-09-16
RI,,East Providence,4400330,name,10,East Providence,2024,confirmed 2026-09-16
RI,,Exeter-W. Greenw,,unmatched,,,,
RI,,Foster-Glocester,4400420,name,99,Foster-Glocester,2024,confirmed 2026-09-16
RI,,Highlander,4400031,name,48,Highlander,2024,confirmed 2026-09-16
RI,,Johnston,4400540,name,16,Johnston,2024,confirmed 2026-09-16
RI,,Lincoln,4400570,name,17,Lincoln,2024,confirmed 2026-09-16
RI,,Little Compton,4400600,name,18,Little Compton,2024,confirmed 2026-09-16
RI,,MET SCHOOL,,unmatched,,,,
RI,,Middletown,4400630,name,19,Middletown,2024,confirmed 2026-09-16
RI,,Narragansett,4400660,name,20,Narragansett,2024,confirmed 2026-09-16
RI,,New Shoreham,4400690,name,22,New Shoreham,2024,confirmed 2026-09-16
RI,,Newport,4400720,name,21,Newport,2024,confirmed 2026-09-16
RI,,North Kingstown,4400750,name,23,North Kingstown,2024,confirmed 2026-09-16
RI,,North Providence,4400780,name,24,North Providence,2024,confirmed 2026-09-16
RI,,North Smithfield,4400810,name,25,North Smithfield,2024,confirmed 2026-09-16
RI,,Paul Cuffee,,unmatched,,,,
RI,,Pawtucket,4400840,name,26,Pawtucket,2024,confirmed 2026-09-16
RI,,Portsmouth,4400870,name,27,Portsmouth,2024,confirmed 2026-09-16
RI,,Providence,4400900,name,28,Providence,2024,confirmed 2026-09-16
RI,,Rhode Island Nurses Institute,,unmatched,,,,
RI,,RI Deaf,,unmatched,,,,
RI,,Scituate,4400960,name,30,Scituate,2024,confirmed 2026-09-16
RI,,Sheila Skip Nowell Leadership,,unmatched,,,,
RI,,Smithfield,4400990,name,31,Smithfield,2024,confirmed 2026-09-16
RI,,South Kingstown,4401020,name,32,South Kingstown,2024,confirmed 2026-09-16
RI,,The Greene School,4400017,name,62,The Greene School,2024,confirmed 2026-09-16
RI,,Tiverton,4401050,name,33,Tiverton,2024,confirmed 2026-09-16
RI,,Trinity Academy Performing Art,,unmatched,,,,
RI,,Village Green Virtual,4400025,name,64,Village Green Virtual,2024,confirmed 2026-09-16
RI,,Warwick,4401110,name,35,Warwick,2024,confirmed 2026-09-16
RI,,West Warwick,4401140,name,38,West Warwick,2024,confirmed 2026-09-16
RI,,Westerly,4401170,name,36,Westerly,2024,confirmed 2026-09-16
RI,,Woonsocket,4401200,name,39,Woonsocket,2024,confirmed 2026-09-16
RI,,YouthBuild Preparatory Academy,4401202,name,85,YouthBuild Preparatory Academy,2024,confirmed 2026-09-16
SC,0160,Abbeville,4500690,st_leaid,0160,Abbeville 60,2024,
SC,0201,Aiken,4500720,st_leaid,0201,Aiken 01,2024,
SC,0301,Allendale,4500750,st_leaid,0301,Allendale 01,2024,
SC,0401,Anderson 1,4500780,st_leaid,0401,Anderson 01,2024,
SC,0402,Anderson 2,4500810,st_leaid,0402,Anderson 02,2024,
SC,0403,Anderson 3,4500840,st_leaid,0403,Anderson 03,2024,
SC,0404,Anderson 4,4500870,st_leaid,0404,Anderson 04,2024,
SC,0405,Anderson 5,4500900,st_leaid,0405,Anderson 05,2024,
SC,0501,Bamberg 1,4500930,st_leaid,0501,Bamberg 01,2023,
SC,0502,Bamberg 2,4500960,st_leaid,0502,Bamberg 02,2023,
SC,0503,Bamberg 3,4503916,st_leaid,0503,Bamberg 03,2024,
SC,0601,Barnwell,,unmatched,,,,
SC,0619,Barnwell 19,4501020,st_leaid,0619,Barnwell 19,2023,
SC,0629,Barnwell 29,4501050,st_leaid,0629,Barnwell 29,2023,
SC,0645,Barnwell 45,4501080,st_leaid,0645,Barnwell 45,2024,
SC,0648,Barnwell 48,4503914,st_leaid,0648,Barnwell 48,2024,
SC,0701,Beaufort,4501110,st_leaid,0701,Beaufort 01,2024,
SC,0801,Berkeley,4501170,st_leaid,0801,Berkeley 01,2024,
SC,0901,Calhoun,4501250,st_leaid,0901,Calhoun 01,2024,
SC,1001,Charleston,4501440,st_leaid,1001,Charleston 01,2024,
SC,1101,Cherokee,4501500,st_leaid,1101,Cherokee 01,2024,
SC,1201,Chester,4501530,st_leaid,1201,Chester 01,2024,
SC,1301,Chesterfield,4501560,st_leaid,1301,Chesterfield 01,2024,
SC,1402,Clarendon 2,4501770,st_leaid,1402,Clarendon 02,2023,
SC,1404,Clarendon 4,4503913,st_leaid,1404,Clarendon 04,2023,
SC,1406,Clarendon 6,4503915,st_leaid,1406,Clarendon 06,2024,
SC,1501,Colleton,4501830,st_leaid,1501,Colleton 01,2024,
SC,1601,Darlington,4501860,st_leaid,1601,Darlington 01,2024,
SC,1703,Dillon 3,4501950,st_leaid,1703,Dillon 03,2024,
SC,1704,Dillon 4,4501920,st_leaid,1704,Dillon 04,2024,
SC,1802,Dorchester 2,4502010,st_leaid,1802,Dorchester 02,2024,
SC,1804,Dorchester 4,4500002,st_leaid,1804,Dorchester 04,2024,
SC,1901,Edgefield,4502070,st_leaid,1901,Edgefield 01,2024,
SC,2001,Fairfield,4502100,st_leaid,2001,Fairfield 01,2024,
SC,2101,Florence 1,4502130,st_leaid,2101,Florence 01,2024,
SC,2102,Florence 2,4502160,st_leaid,2102,Florence 02,2024,
SC,2103,Florence 3,4502190,st_leaid,2103,Florence 03,2024,
SC,2104,Florence 4,4502220,st_leaid,2104,Florence 04,2023,
SC,2105,Florence 5,4502250,st_leaid,2105,Florence 05,2024,
SC,2201,Georgetown,4502280,st_leaid,2201,Georgetown 01,2024,
SC,2301,Greenville,4502310,st_leaid,2301,Greenville 01,2024,
SC,2450,Greenwood 50,4502340,st_leaid,2450,Greenwood 50,2024,
SC,2451,Greenwood 51,4502370,st_leaid,2451,Greenwood 51,2024,
SC,2452,Greenwood 52,4502400,st_leaid,2452,Greenwood 52,2024,
SC,2503,Hampton,4503912,st_leaid,2503,Hampton,2024,
SC,2601,Horry,4502490,st_leaid,2601,Horry 01,2024,
SC,2701,Jasper,4502520,st_leaid,2701,Jasper 01,2024,
SC,2801,Kershaw,4502550,st_leaid,2801,Kershaw 01,2024,
SC,2901,Lancaster,4502580,st_leaid,2901,Lancaster 01,2024,
SC,3055,Laurens 55,4502610,st_leaid,3055,Laurens 55,2024,
SC,3056,Laurens 56,4502640,st_leaid,3056,Laurens 56,2024,
SC,3101,Lee,4502670,st_leaid,3101,Lee 01,2024,
SC,3201,Lexington 1,4502700,st_leaid,3201,Lexington 01,2024,
SC,3202,Lexington 2,4502730,st_leaid,3202,Lexington 02,2024,
SC,3203,Lexington 3,4502760,st_leaid,3203,Lexington 03,2024,
SC,3204,Lexington 4,4502790,st_leaid,3204,Lexington 04,2024,
SC,3205,Lexington/Richland 5,4502820,st_leaid,3205,Lexington 05,2024,
SC,3301,McCormick,4503000,st_leaid,3301,McCormick 01,2024,
SC,3410,Marion 10,4503908,st_leaid,3410,Marion 10,2024,
SC,3501,Marlboro,4502970,st_leaid,3501,Marlboro 01,2024,
SC,3601,Newberry,4503030,st_leaid,3601,Newberry 01,2024,
SC,3701,Oconee,4503060,st_leaid,3701,Oconee 01,2024,
SC,3809,Orangeburg,4503910,st_leaid,3809,Orangeburg,2024,
SC,3901,Pickens,4503330,st_leaid,3901,Pickens 01,2024,
SC,4001,Richland 1,4503360,st_leaid,4001,Richland 01,2024,
SC,4002,Richland 2,4503390,st_leaid,4002,Richland 02,2024,
SC,4101,Saluda,4503460,st_leaid,4101,Saluda 01,2024,
SC,4201,Spartanburg 1,4503480,st_leaid,4201,Spartanburg 01,2024,
SC,4202,Spartanburg 2,4503510,st_leaid,4202,Spartanburg 02,2024,
SC,4203,Spartanburg 3,4503540,st_leaid,4203,Spartanburg 03,2024,
SC,4204,Spartanburg 4,4503570,st_leaid,4204,Spartanburg 04,2024,
SC,4205,Spartanburg 5,4503600,st_leaid,4205,Spartanburg 05,2024,
SC,4206,Spartanburg 6,4503630,st_leaid,4206,Spartanburg 06,2024,
SC,4207,Spartanburg 7,4503660,st_leaid,4207,Spartanburg 07,2024,
SC,4301,Sumter,4503902,st_leaid,4301,Sumter 01,2024,
SC,4401,Union,4503750,st_leaid,4401,Union 01,2024,
SC,4501,Williamsburg,4503780,st_leaid,4501,Williamsburg 01,2024,
SC,4601,York 1,4503810,st_leaid,4601,York 01,2024,
SC,4602,York 2,4503840,st_leaid,4602,York 02,2024,
SC,4603,York 3 (Rock Hill),4503870,st_leaid,4603,York 03,2024,
SC,4604,York 4,4503900,st_leaid,4604,York 04,2024,
SC,4701,SC Public Charter School District,4503901,st_leaid,4701,SC Public Charter School District,2024,
SC,4801,Charter Institute at Erskine,4503909,st_leaid,4801,Charter Institute at Erskine,2024,
SC,4901,Limestone Charter Association,4503919,st_leaid,4901,Limestone Charters Association,2024,
SC,5205,Governor's School for Agriculture John d,4503903,st_leaid,5205,SC Governor's School for Agriculture at John de la Howe Scho,2024,
SC,5207,S.C. School for Deaf and Blind,4500004,st_leaid,5207,Deaf & Blind School,2024,
SC,5208,Department of Juvenile Justice,4503420,st_leaid,5208,Dept of Juvenile Justice,2024,
SC,5209,Palmetto Unified Schools,4500001,st_leaid,5209,Dept Of Correction N04,2024,
SC,5364,Governors School,4503904,st_leaid,5364,Governor's School for the Arts and Humanities,2024,
SD,01001,Plankinton 01-1,4655710,st_leaid,01001,Plankinton School District 01-1,2024,
SD,01003,White Lake 01-3,4678510,st_leaid,01003,White Lake School District 01-3,2024,
SD,02002,Huron 02-2,4635480,st_leaid,02002,Huron School District 02-2,2024,
SD,02003,Iroquois 02-3,4636150,st_leaid,02003,Iroquois School District 02-3,2024,
SD,02006,Wolsey-Wessington 02-6,4680100,st_leaid,02006,Wolsey Wessington School District 02-6,2024,
SD,03001,Bennett County 03-1,4606240,st_leaid,03001,Bennett County School District 03-1,2024,
SD,04001,Avon 04-1,4604270,st_leaid,04001,Avon School District 04-1,2024,
SD,04002,Bon Homme 04-2,4607400,st_leaid,04002,Bon Homme School District 04-2,2024,
SD,04003,Scotland 04-3,4665180,st_leaid,04003,Scotland School District 04-3,2024,
SD,05001,Brookings 05-1,4608520,st_leaid,05001,Brookings School District 05-1,2024,
SD,05003,Elkton 05-3,4621390,st_leaid,05003,Elkton School District 05-3,2024,
SD,05005,Sioux Valley 05-5,4666300,st_leaid,05005,Sioux Valley School District 05-5,2024,
SD,05006,Deubrook Area 05-6,4678300,st_leaid,05006,Deubrook Area School District 05-6,2024,
SD,06001,Aberdeen 06-1,4602070,st_leaid,06001,Aberdeen School District 06-1,2024,
SD,06002,Frederick Area 06-2,4621400,st_leaid,06002,Frederick Area School District 06-2,2024,
SD,06005,Warner 06-5,4676020,st_leaid,06005,Warner School District 06-5,2024,
SD,06006,Groton Area 06-6,4600045,st_leaid,06006,Groton Area School District 06-6,2024,
SD,07001,Chamberlain 07-1,4612000,st_leaid,07001,Chamberlain School District 07-1,2024,
SD,07002,Kimball 07-2,4638220,st_leaid,07002,Kimball School District 07-2,2024,
SD,09001,Belle Fourche 09-1,4605610,st_leaid,09001,Belle Fourche School District 09-1,2024,
SD,09002,Newell 09-2,4650850,st_leaid,09002,Newell School District 09-2,2024,
SD,10001,Herreid 10-1,4632430,st_leaid,10001,Herreid School District 10-1,2024,
SD,11001,Andes Central 11-1,4639540,st_leaid,11001,Andes Central School District 11-1,2024,
SD,11004,Wagner Community 11-4,4675420,st_leaid,11004,Wagner Community School District 11-4,2024,
SD,11005,Platte-Geddes 11-5,4680438,st_leaid,11005,Platte - Geddes School District 11-5,2024,
SD,12002,Clark 12-2,4612940,st_leaid,12002,Clark School District 12-2,2024,
SD,12003,Willow Lake 12-3,4679350,st_leaid,12003,Willow Lake School District 12-3,2024,
SD,13001,Vermillion 13-1,4674370,st_leaid,13001,Vermillion School District 13-1,2024,
SD,13003,Irene-Wakonda 13-3,4680439,st_leaid,13003,Irene - Wakonda School District 13-3,2024,
SD,14001,Florence 14-1,4624540,st_leaid,14001,Florence School District 14-1,2024,
SD,14002,Henry 14-2,4632340,st_leaid,14002,Henry School District 14-2,2024,
SD,14004,Watertown 14-4,4676620,st_leaid,14004,Watertown School District 14-4,2024,
SD,14005,Waverly 14-5,4676740,st_leaid,14005,Waverly School District 14-5,2024,
SD,15001,McIntosh 15-1,4646260,st_leaid,15001,McIntosh School District 15-1,2024,
SD,15002,McLaughlin 15-2,4646380,st_leaid,15002,McLaughlin School District 15-2,2024,
SD,15003,Smee 15-3,4675600,st_leaid,15003,Smee School District 15-3,2024,
SD,16001,Custer 16-1,4616950,st_leaid,16001,Custer School District 16-1,2024,
SD,16002,Elk Mountain 16-2,4621300,st_leaid,16002,Elk Mountain School District 16-2,2024,
SD,17001,Ethan 17-1,4622500,st_leaid,17001,Ethan School District 17-1,2024,
SD,17002,Mitchell 17-2,4648390,st_leaid,17002,Mitchell School District 17-2,2024,
SD,17003,Mount Vernon 17-3,4649650,st_leaid,17003,Mount Vernon School District 17-3,2024,
SD,18003,Waubay 18-3,4676680,st_leaid,18003,Waubay School District 18-3,2024,
SD,18005,Webster Area 18-5,4676990,st_leaid,18005,Webster Area 18-5,2024,
SD,19004,Deuel 19-4,4600036,st_leaid,19004,Deuel School District 19-4,2024,
SD,20001,Eagle Butte 20-1,4620100,st_leaid,20001,Eagle Butte School District 20-1,2024,
SD,20003,Timber Lake 20-3,4671880,st_leaid,20003,Timber Lake School District 20-3,2024,
SD,21001,Armour 21-1,4603780,st_leaid,21001,Armour School District 21-1,2024,
SD,21003,Corsica-Stickney 21-3,4680445,st_leaid,21003,Corsica-Stickney 21-3,2024,
SD,22001,Bowdle 22-1,4607800,st_leaid,22001,Bowdle School District 22-1,2024,
SD,22005,Edmunds Central 22-5,4634440,st_leaid,22005,Edmunds Central School District 22-5,2024,
SD,22006,Ipswich Public 22-6,4636060,st_leaid,22006,Ipswich Public School District 22-6,2024,
SD,23001,Edgemont 23-1,4620850,st_leaid,23001,Edgemont School District 23-1,2024,
SD,23002,Hot Springs 23-2,4634480,st_leaid,23002,Hot Springs School District 23-2,2024,
SD,23003,Oelrichs 23-3,4652770,st_leaid,23003,Oelrichs School District 23-3,2024,
SD,24004,Faulkton Area Schools 24-4,4624030,st_leaid,24004,Faulkton Area Schools 24-4,2024,
SD,25004,Milbank 25-4,4600002,st_leaid,25004,Milbank School District 25-4,2024,
SD,26002,Burke 26-2,4609512,st_leaid,26002,Burke School District 26-2,2024,
SD,26004,Gregory 26-4,4629880,st_leaid,26004,Gregory School District 26-4,2024,
SD,27001,Haakon 27-1,4630490,st_leaid,27001,Haakon School District 27-1,2024,
SD,28001,Castlewood 28-1,4611280,st_leaid,28001,Castlewood School District 28-1,2024,
SD,28002,Estelline 28-2,4622410,st_leaid,28002,Estelline School District 28-2,2024,
SD,28003,Hamlin 28-3,4630800,st_leaid,28003,Hamlin School District 28-3,2024,
SD,29004,Miller 29-4,4647942,st_leaid,29004,Miller 29-4,2024,
SD,30001,Hanson 30-1,4602640,st_leaid,30001,Hanson School District 30-1,2024,
SD,30003,Bridgewater-Emery 30-3,4621420,st_leaid,30003,Bridgewater-Emery 30-3,2024,
SD,31001,Harding County 31-1,4609300,st_leaid,31001,Harding County School District 31-1,2024,
SD,32002,Pierre 32-2,4655260,st_leaid,32002,Pierre School District 32-2,2024,
SD,33001,Freeman 33-1,4625500,st_leaid,33001,Freeman School District 33-1,2024,
SD,33002,Menno 33-2,4647100,st_leaid,33002,Menno School District 33-2,2024,
SD,33003,Parkston 33-3,4654300,st_leaid,33003,Parkston School District 33-3,2024,
SD,33005,Tripp-Delmont 33-5,4672450,st_leaid,33005,Tripp-Delmont School District 33-5,2024,
SD,34002,Highmore-Harrold 34-2,4680440,st_leaid,34002,Highmore-Harrold 34-2,2024,
SD,35002,Kadoka Area 35-2,4680437,st_leaid,35002,Kadoka Area School District 35-2,2024,
SD,36002,Wessington Springs 36-2,4677460,st_leaid,36002,Wessington Springs School District 36-2,2024,
SD,37003,Jones County 37-3,4619580,st_leaid,37003,Jones County School District 37-3,2024,
SD,38001,Arlington 38-1,4603720,st_leaid,38001,Arlington School District 38-1,2024,
SD,38002,De Smet 38-2,4617850,st_leaid,38002,De Smet School District 38-2,2024,
SD,38003,Lake Preston 38-3,4639990,st_leaid,38003,Lake Preston School District 38-3,2024,
SD,39001,Chester Area 39-1,4612300,st_leaid,39001,Chester Area School District 39-1,2024,
SD,39002,Madison Central 39-2,4639600,st_leaid,39002,Madison Central School District 39-2,2024,
SD,39004,Rutland 39-4,4664140,st_leaid,39004,Rutland School District 39-4,2024,
SD,39005,Oldham-Ramona 39-5,4601027,st_leaid,39005,Oldham - Ramona School District 39-5,2024,
SD,39006,Oldham-Ramona-Rutland 39-6,4680447,st_leaid,39006,Oldham-Ramona-Rutland 39-6,2024,
SD,40001,Lead-Deadwood 40-1,4641300,st_leaid,40001,Lead-Deadwood School District 40-1,2024,
SD,40002,Spearfish 40-2,4666930,st_leaid,40002,Spearfish School District 40-2,2024,
SD,41001,Canton 41-1,4610560,st_leaid,41001,Canton School District 41-1,2024,
SD,41002,Harrisburg 41-2,4631350,st_leaid,41002,Harrisburg School District 41-2,2024,
SD,41004,Lennox 41-4,4641550,st_leaid,41004,Lennox School District 41-4,2024,
SD,41005,Tea Area 41-5,4600052,st_leaid,41005,Tea Area School District 41-5,2024,
SD,42001,Lyman 42-1,4644770,st_leaid,42001,Lyman School District 42-1,2024,
SD,43001,Canistota 43-1,4610320,st_leaid,43001,Canistota School District 43-1,2024,
SD,43002,Montrose 43-2,4648780,st_leaid,43002,Montrose School District 43-2,2024,
SD,43007,McCook Central 43-7,4601026,st_leaid,43007,McCook Central School District 43-7,2024,
SD,44001,Eureka 44-1,4622560,st_leaid,44001,Eureka School District 44-1,2024,
SD,44002,Leola 44-2,4641640,st_leaid,44002,Leola School District 44-2,2024,
SD,45004,Britton-Hecla 45-4,4600041,st_leaid,45004,Britton-Hecla School District 45-4,2024,
SD,45005,Langford Area 45-5,4640860,st_leaid,45005,Langford Area 45-5,2024,
SD,46001,Meade 46-1,4669930,st_leaid,46001,Meade School District 46-1,2024,
SD,46002,Faith 46-2,4622940,st_leaid,46002,Faith School District 46-2,2024,
SD,47001,White River 47-1,4678570,st_leaid,47001,White River School District 47-1,2024,
SD,48003,Howard 48-3,4600025,st_leaid,48003,Howard School District 48-3,2024,
SD,49001,Baltic 49-1,4604680,st_leaid,49001,Baltic School District 49-1,2024,
SD,49002,Brandon Valley 49-2,4607950,st_leaid,49002,Brandon Valley School District 49-2,2024,
SD,49003,Dell Rapids 49-3,4618120,st_leaid,49003,Dell Rapids School District 49-3,2024,
SD,49004,Garretson 49-4,4626370,st_leaid,49004,Garretson School District 49-4,2024,
SD,49005,Sioux Falls 49-5,4666270,st_leaid,49005,Sioux Falls School District 49-5,2024,
SD,49006,Tri-Valley 49-6,4644940,st_leaid,49006,Tri-Valley School District 49-6,2024,
SD,49007,West Central 49-7,4631710,st_leaid,49007,West Central School District 49-7,2024,
SD,50003,Flandreau 50-3,4624390,st_leaid,50003,Flandreau School District 50-3,2024,
SD,50005,Colman-Egan 50-5,4614100,st_leaid,50005,Colman-Egan School District 50-5,2024,
SD,51001,Douglas 51-1,4619410,st_leaid,51001,Douglas School District 51-1,2024,
SD,51002,Hill City 51-2,4633360,st_leaid,51002,Hill City School District 51-2,2024,
SD,51003,New Underwood 51-3,4650670,st_leaid,51003,New Underwood School District 51-3,2024,
SD,51004,Rapid City Area 51-4,4659820,st_leaid,51004,Rapid City Area School District 51-4,2024,
SD,51005,Wall 51-5,4675660,st_leaid,51005,Wall School District 51-5,2024,
SD,52001,Bison 52-1,4607050,st_leaid,52001,Bison School District 52-1,2024,
SD,52004,Lemmon 52-4,4641520,st_leaid,52004,Lemmon School District 52-4,2024,
SD,53001,Gettysburg 53-1,4626970,st_leaid,53001,Gettysburg School District 53-1,2024,
SD,53002,Hoven 53-2,4634600,st_leaid,53002,Hoven School District 53-2,2024,
SD,54002,Sisseton 54-2,4600053,st_leaid,54002,Sisseton School District 54-2,2024,
SD,54004,Rosholt 54-4,4663360,st_leaid,54004,Rosholt School District 54-4,2024,
SD,54006,Summit 54-6,4670140,st_leaid,54006,Summit School District 54-6,2024,
SD,54007,Wilmot 54-7,4600003,st_leaid,54007,Wilmot School District 54-7,2024,
SD,55004,Woonsocket 55-4,4680190,st_leaid,55004,Woonsocket School District 55-4,2024,
SD,55005,Sanborn Central 55-5,4603932,st_leaid,55005,Sanborn Central School District 55-5,2024,
SD,56002,Doland 56-2,4619170,st_leaid,56002,Doland School District 56-2,2024,
SD,56004,Redfield 56-4,4660450,st_leaid,56004,Redfield School District 56-4,2024,
SD,56006,Hitchcock-Tulare 56-6,4600046,st_leaid,56006,Hitchcock Tulare School District 56-6,2024,
SD,56007,Northwestern Area 56-7,4651750,st_leaid,56007,Northwestern Area School District 56-7,2024,
SD,57001,Stanley County 57-1,4624850,st_leaid,57001,Stanley County School District 57-1,2024,
SD,58003,Agar-Blunt-Onida 58-3,4600042,st_leaid,58003,Agar-Blunt-Onida School District 58-3,2024,
SD,59002,Winner 59-2,4679710,st_leaid,59002,Winner School District 59-2,2024,
SD,59003,Colome Consolidated 59-3,4614130,st_leaid,59003,Colome Consolidated 59-3,2024,
SD,60001,Centerville 60-1,4611760,st_leaid,60001,Centerville School District 60-1,2024,
SD,60003,Marion 60-3,4645450,st_leaid,60003,Marion School District 60-3,2024,
SD,60004,Parker 60-4,4654270,st_leaid,60004,Parker School District 60-4,2024,
SD,60006,Viborg-Hurley 60-6,4674520,st_leaid,60006,Viborg-Hurley School District 60-6,2024,
SD,61001,Alcester-Hudson 61-1,4600028,st_leaid,61001,Alcester-Hudson School District 61-1,2024,
SD,61002,Beresford 61-2,4606360,st_leaid,61002,Beresford School District 61-2,2024,
SD,61007,Elk Point-Jefferson 61-7,4621340,st_leaid,61007,Elk Point-Jefferson School District 61-7,2024,
SD,61008,Dakota Valley 61-8,4636990,st_leaid,61008,Dakota Valley School District 61-8,2024,
SD,62005,Selby Area 62-5,4601028,st_leaid,62005,Selby Area School District 62-5,2024,
SD,62006,Mobridge-Pollock 62-6,4680441,st_leaid,62006,Mobridge-Pollock 62-6,2024,
SD,63001,Gayville-Volin 63-1,4626490,st_leaid,63001,Gayville-Volin School District 63-1,2024,
SD,63003,Yankton 63-3,4680430,st_leaid,63003,Yankton School District 63-3,2024,
SD,64002,Dupree 64-2,4619450,st_leaid,64002,Dupree School District 64-2,2024,
SD,65001,Oglala Lakota County 65-1,4665460,st_leaid,65001,Oglala Lakota County 65-1,2024,
SD,65306,Little Wound School System - 65306,,unmatched,,,,
SD,66001,Todd County 66-1,4672090,st_leaid,66001,Todd County School District 66-1,2024,
TN,00010,Anderson County,4700090,st_leaid,00010,Anderson County,2024,
TN,00012,Oak Ridge,4703240,st_leaid,00012,Oak Ridge,2024,
TN,00020,Bedford County,4700180,st_leaid,00020,Bedford County,2024,
TN,00030,Benton County,4700240,st_leaid,00030,Benton County,2024,
TN,00040,Bledsoe County,4700270,st_leaid,00040,Bledsoe County,2024,
TN,00050,Blount County,4700300,st_leaid,00050,Blount County,2024,
TN,00051,Alcoa,4700060,st_leaid,00051,Alcoa,2024,
TN,00052,Maryville,4702700,st_leaid,00052,Maryville,2024,
TN,00060,Bradley County,4700330,st_leaid,00060,Bradley County,2024,
TN,00061,Cleveland,4700690,st_leaid,00061,Cleveland,2024,
TN,00070,Campbell County,4700420,st_leaid,00070,Campbell County,2024,
TN,00080,Cannon County,4700450,st_leaid,00080,Cannon County,2024,
TN,00092,Hollow Rock - Bruceton,4701890,st_leaid,00092,Hollow Rock - Bruceton,2024,
TN,00093,Huntingdon Special School District,4702010,st_leaid,00093,Huntingdon Special School District,2024,
TN,00094,McKenzie,4702790,st_leaid,00094,McKenzie,2024,
TN,00095,South Carroll,4703900,st_leaid,00095,South Carroll,2024,
TN,00097,West Carroll Sp Dist,4704490,st_leaid,00097,West Carroll Sp Dist,2024,
TN,00100,Carter County,4700510,st_leaid,00100,Carter County,2024,
TN,00101,Elizabethton,4701110,st_leaid,00101,Elizabethton,2024,
TN,00110,Cheatham County,4700570,st_leaid,00110,Cheatham County,2024,
TN,00120,Chester County,4700600,st_leaid,00120,Chester County,2024,
TN,00130,Claiborne County,4700630,st_leaid,00130,Claiborne County,2024,
TN,00140,Clay County,4700660,st_leaid,00140,Clay County,2024,
TN,00150,Cocke County,4700750,st_leaid,00150,Cocke County,2024,
TN,00160,Coffee County,4700780,st_leaid,00160,Coffee County,2024,
TN,00161,Manchester,4702610,st_leaid,00161,Manchester,2024,
TN,00162,Tullahoma,4704200,st_leaid,00162,Tullahoma,2024,
TN,00170,Crockett County,4700850,st_leaid,00170,Crockett County,2024,
TN,00180,Cumberland County,4700900,st_leaid,00180,Cumberland County,2024,
TN,00190,Davidson County,4703180,st_leaid,00190,Davidson County,2024,
TN,00200,Decatur County,4700960,st_leaid,00200,Decatur County,2024,
TN,00210,DeKalb County,4700990,st_leaid,00210,DeKalb County,2024,
TN,00220,Dickson County,4701020,st_leaid,00220,Dickson County,2024,
TN,00230,Dyer County,4701050,st_leaid,00230,Dyer County,2024,
TN,00231,Dyersburg,4701080,st_leaid,00231,Dyersburg,2024,
TN,00240,Fayette County Public Schools,4701170,st_leaid,00240,Fayette County Public Schools,2024,
TN,00250,Fentress County,4701230,st_leaid,00250,Fentress County,2024,
TN,00260,Franklin County,4701290,st_leaid,00260,Franklin County,2024,
TN,00271,Humboldt City Schools,4701950,st_leaid,00271,Humboldt City Schools,2024,
TN,00272,Milan,4702970,st_leaid,00272,Milan,2024,
TN,00273,Trenton,4704100,st_leaid,00273,Trenton,2024,
TN,00274,Bradford,4701390,st_leaid,00274,Bradford,2024,
TN,00275,Gibson Co Sp Dist,4701400,st_leaid,00275,Gibson Co Sp Dist,2024,
TN,00280,Giles County,4701410,st_leaid,00280,Giles County,2024,
TN,00290,Grainger County,4701440,st_leaid,00290,Grainger County,2024,
TN,00300,Greene County,4701470,st_leaid,00300,Greene County,2024,
TN,00301,Greeneville,4701500,st_leaid,00301,Greeneville,2024,
TN,00310,Grundy County,4701530,st_leaid,00310,Grundy County,2024,
TN,00320,Hamblen County,4700001,st_leaid,00320,Hamblen County,2024,
TN,00330,Hamilton County,4701590,st_leaid,00330,Hamilton County,2024,
TN,00340,Hancock County,4701620,st_leaid,00340,Hancock County,2024,
TN,00350,Hardeman County Schools,4701650,st_leaid,00350,Hardeman County Schools,2024,
TN,00360,Hardin County,4701680,st_leaid,00360,Hardin County,2024,
TN,00370,Hawkins County,4701740,st_leaid,00370,Hawkins County,2024,
TN,00380,Haywood County,4701770,st_leaid,00380,Haywood County,2024,
TN,00390,Henderson County,4701800,st_leaid,00390,Henderson County,2024,
TN,00400,Henry County,4701830,st_leaid,00400,Henry County,2024,
TN,00410,Hickman County,4701860,st_leaid,00410,Hickman County,2024,
TN,00420,Houston County,4701920,st_leaid,00420,Houston County,2024,
TN,00430,Humphreys County,4701980,st_leaid,00430,Humphreys County,2024,
TN,00440,Jackson County,4702070,st_leaid,00440,Jackson County,2024,
TN,00450,Jefferson County,4702100,st_leaid,00450,Jefferson County,2024,
TN,00460,Johnson County,4702160,st_leaid,00460,Johnson County,2024,
TN,00470,Knox County,4702220,st_leaid,00470,Knox County,2024,
TN,00480,Lake County,4702280,st_leaid,00480,Lake County,2024,
TN,00490,Lauderdale County,4702310,st_leaid,00490,Lauderdale County,2024,
TN,00500,Lawrence County,4702340,st_leaid,00500,Lawrence County,2024,
TN,00510,Lewis County,4702430,st_leaid,00510,Lewis County,2024,
TN,00520,Lincoln County,4702490,st_leaid,00520,Lincoln County,2024,
TN,00521,Fayetteville,4701200,st_leaid,00521,Fayetteville,2024,
TN,00530,Loudon County,4702520,st_leaid,00530,Loudon County,2024,
TN,00531,Lenoir City,4702400,st_leaid,00531,Lenoir City,2024,
TN,00540,McMinn County,4702820,st_leaid,00540,McMinn County,2024,
TN,00541,Athens,4700120,st_leaid,00541,Athens,2024,
TN,00542,Etowah,4701140,st_leaid,00542,Etowah,2024,
TN,00550,McNairy County,4702880,st_leaid,00550,McNairy County,2024,
TN,00560,Macon County,4702550,st_leaid,00560,Macon County,2024,
TN,00570,Madison County,4702580,st_leaid,00570,Madison County,2024,
TN,00580,Marion County,4702640,st_leaid,00580,Marion County,2024,
TN,00581,Richard City,4703540,st_leaid,00581,Richard City,2024,
TN,00590,Marshall County,4702670,st_leaid,00590,Marshall County,2024,
TN,00600,Maury County,4702760,st_leaid,00600,Maury County,2024,
TN,00610,Meigs County,4702910,st_leaid,00610,Meigs County,2024,
TN,00620,Monroe County,4703000,st_leaid,00620,Monroe County,2024,
TN,00630,Montgomery County,4703030,st_leaid,00630,Montgomery County,2024,
TN,00640,Moore County,4703060,st_leaid,00640,Moore County,2024,
TN,00650,Morgan County,4703090,st_leaid,00650,Morgan County,2024,
TN,00660,Obion County,4703270,st_leaid,00660,Obion County,2024,
TN,00661,Union City,4704260,st_leaid,00661,Union City,2024,
TN,00670,Overton County,4703330,st_leaid,00670,Overton County,2024,
TN,00680,Perry County,4703390,st_leaid,00680,Perry County,2024,
TN,00690,Pickett County,4703420,st_leaid,00690,Pickett County,2024,
TN,00700,Polk County,4703450,st_leaid,00700,Polk County,2024,
TN,00710,Putnam County,4703480,st_leaid,00710,Putnam County,2024,
TN,00720,Rhea County Department of Education,4703510,st_leaid,00720,Rhea County,2024,
TN,00721,Dayton,4700930,st_leaid,00721,Dayton,2024,
TN,00730,Roane County,4703590,st_leaid,00730,Roane County,2024,
TN,00740,Robertson County,4703600,st_leaid,00740,Robertson County,2024,
TN,00750,Rutherford County,4703690,st_leaid,00750,Rutherford County,2024,
TN,00760,Scott County,4703720,st_leaid,00760,Scott County,2024,
TN,00761,Oneida,4703300,st_leaid,00761,Oneida,2024,
TN,00770,Sequatchie County,4703750,st_leaid,00770,Sequatchie County,2024,
TN,00780,Sevier County,4703780,st_leaid,00780,Sevier County,2024,
TN,00792,Shelby County,4700148,st_leaid,00792,Memphis-Shelby County Schools,2024,
TN,00793,Arlington,4700152,st_leaid,00793,Arlington,2024,
TN,00794,Bartlett,4700153,st_leaid,00794,Bartlett,2024,
TN,00795,Collierville,4700149,st_leaid,00795,Collierville,2024,
TN,00796,Germantown,4700151,st_leaid,00796,Germantown,2024,
TN,00797,Lakeland,4700154,st_leaid,00797,Lakeland,2024,
TN,00798,Millington Municipal Schools,4700150,st_leaid,00798,Millington Municipal Schools,2024,
TN,00800,Smith County,4703870,st_leaid,00800,Smith County,2024,
TN,00810,Stewart County,4703960,st_leaid,00810,Stewart County,2024,
TN,00820,Sullivan County,4703990,st_leaid,00820,Sullivan County,2024,
TN,00821,Bristol,4700360,st_leaid,00821,Bristol,2024,
TN,00822,Kingsport,4702190,st_leaid,00822,Kingsport,2024,
TN,00830,Sumner County,4704020,st_leaid,00830,Sumner County,2024,
TN,00840,Tipton County,4704080,st_leaid,00840,Tipton County,2024,
TN,00850,Trousdale County,4704170,st_leaid,00850,Trousdale County,2024,
TN,00860,Unicoi County,4704230,st_leaid,00860,Unicoi County,2024,
TN,00870,Union County,4704290,st_leaid,00870,Union County,2024,
TN,00880,Van Buren County,4704320,st_leaid,00880,Van Buren County,2024,
TN,00890,Warren County,4704350,st_leaid,00890,Warren County,2024,
TN,00900,Washington County,4704380,st_leaid,00900,Washington County,2024,
TN,00901,Johnson City,4702130,st_leaid,00901,Johnson City,2024,
TN,00910,Wayne County,4704440,st_leaid,00910,Wayne County,2024,
TN,00920,Weakley County,4704470,st_leaid,00920,Weakley County,2024,
TN,00930,White County,4704500,st_leaid,00930,White County,2024,
TN,00940,Williamson County,4704530,st_leaid,00940,Williamson County,2024,
TN,00941,Franklin SSD,4701260,st_leaid,00941,Franklin SSD,2024,
TN,00950,Wilson County,4704550,st_leaid,00950,Wilson County,2024,
TN,00951,Lebanon,4702370,st_leaid,00951,Lebanon,2024,
TN,00961,Alvin C York Institute,4700144,st_leaid,00961,Alvin C. York Agricultural Institute,2024,
TN,00963,Tennessee School for Blind,4700145,st_leaid,00963,Tennessee School for Blind,2024,
TN,00964,Tennessee Schools for the Deaf,4700146,st_leaid,00964,Tennessee Schools for the Deaf,2024,
TN,00970,Department Of Children's Services Education Division,4700156,st_leaid,00970,Department Of Children's Services Education Division,2024,
TN,00985,Achievement School District,4700147,st_leaid,00985,Achievement School District,2024,
TN,00987,Tennessee Public Charter School Commission,4700157,st_leaid,00987,Tennessee Public Charter School Commission,2024,
TN,00988,University Schools,,unmatched,,,,
TX,001902,CAYUGA ISD,4813200,st_leaid,001902,CAYUGA ISD,2024,
TX,001903,ELKHART ISD,4818390,st_leaid,001903,ELKHART ISD,2024,
TX,001904,FRANKSTON ISD,4819770,st_leaid,001904,FRANKSTON ISD,2024,
TX,001906,NECHES ISD,4832250,st_leaid,001906,NECHES ISD,2024,
TX,001907,PALESTINE ISD,4834050,st_leaid,001907,PALESTINE ISD,2024,
TX,001908,WESTWOOD ISD,4843290,st_leaid,001908,WESTWOOD ISD,2024,
TX,001909,SLOCUM ISD,4840500,st_leaid,001909,SLOCUM ISD,2024,
TX,002901,ANDREWS ISD,4808280,st_leaid,002901,ANDREWS ISD,2024,
TX,003801,PINEYWOODS COMMUNITY ACADEMY,4800074,st_leaid,003801,PINEYWOODS COMMUNITY ACADEMY,2024,
TX,003902,HUDSON ISD,4823790,st_leaid,003902,HUDSON ISD,2024,
TX,003903,LUFKIN ISD,4828550,st_leaid,003903,LUFKIN ISD,2024,
TX,003904,HUNTINGTON ISD,4824000,st_leaid,003904,HUNTINGTON ISD,2024,
TX,003905,DIBOLL ISD,4817040,st_leaid,003905,DIBOLL ISD,2024,
TX,003906,ZAVALLA ISD,4846740,st_leaid,003906,ZAVALLA ISD,2024,
TX,003907,CENTRAL ISD,4813500,st_leaid,003907,CENTRAL ISD,2024,
TX,004901,ARANSAS COUNTY ISD,4808550,st_leaid,004901,ROCKPORT-FULTON ISD,2024,
TX,005901,ARCHER CITY ISD,4808610,st_leaid,005901,ARCHER CITY ISD,2024,
TX,005902,HOLLIDAY ISD,4823400,st_leaid,005902,HOLLIDAY ISD,2024,
TX,005904,WINDTHORST ISD,4846080,st_leaid,005904,WINDTHORST ISD,2024,
TX,006902,CLAUDE ISD,4814250,st_leaid,006902,CLAUDE ISD,2024,
TX,007901,CHARLOTTE ISD,4813710,st_leaid,007901,CHARLOTTE ISD,2024,
TX,007902,JOURDANTON ISD,4824960,st_leaid,007902,JOURDANTON ISD,2024,
TX,007904,LYTLE ISD,4828650,st_leaid,007904,LYTLE ISD,2024,
TX,007905,PLEASANTON ISD,4835190,st_leaid,007905,PLEASANTON ISD,2024,
TX,007906,POTEET ISD,4835520,st_leaid,007906,POTEET ISD,2024,
TX,008901,BELLVILLE ISD,4809810,st_leaid,008901,BELLVILLE ISD,2024,
TX,008902,SEALY ISD,4839630,st_leaid,008902,SEALY ISD,2024,
TX,008903,BRAZOS ISD,4844470,st_leaid,008903,BRAZOS ISD,2024,
TX,009901,MULESHOE ISD,4831890,st_leaid,009901,MULESHOE ISD,2024,
TX,010901,MEDINA ISD,4830030,st_leaid,010901,MEDINA ISD,2024,
TX,010902,BANDERA ISD,4809360,st_leaid,010902,BANDERA ISD,2024,
TX,011901,BASTROP ISD,4809570,st_leaid,011901,BASTROP ISD,2024,
TX,011902,ELGIN ISD,4818360,st_leaid,011902,ELGIN ISD,2024,
TX,011904,SMITHVILLE ISD,4840550,st_leaid,011904,SMITHVILLE ISD,2024,
TX,011905,MCDADE ISD,4829760,st_leaid,011905,MCDADE ISD,2024,
TX,012901,SEYMOUR ISD,4839780,st_leaid,012901,SEYMOUR ISD,2024,
TX,013801,ST MARY'S ACADEMY CHARTER SCHOOL,4800177,st_leaid,013801,ST MARY'S ACADEMY CHARTER SCHOOL,2024,
TX,013901,BEEVILLE ISD,4809720,st_leaid,013901,BEEVILLE ISD,2024,
TX,013902,PAWNEE ISD,4834410,st_leaid,013902,PAWNEE ISD,2024,
TX,013903,PETTUS ISD,4834770,st_leaid,013903,PETTUS ISD,2024,
TX,013905,SKIDMORE-TYNAN ISD,4840410,st_leaid,013905,SKIDMORE-TYNAN ISD,2024,
TX,014801,RICHARD MILBURN ALTER HIGH SCHOOL - KILLEEN,4800075,st_leaid,014801,RICHARD MILBURN ALTER HIGH SCHOOL (KILLEEN),2024,
TX,014803,PRIORITY CHARTER SCHOOLS,4800076,st_leaid,014803,PRIORITY CHARTER SCHOOLS,2024,
TX,014804,ORENDA CHARTER SCHOOL,4800235,st_leaid,014804,ORENDA CHARTER SCHOOL,2024,
TX,014901,ACADEMY ISD,4807470,st_leaid,014901,ACADEMY ISD,2024,
TX,014902,BARTLETT ISD,4809540,st_leaid,014902,BARTLETT ISD,2024,
TX,014903,BELTON ISD,4809860,st_leaid,014903,BELTON ISD,2024,
TX,014905,HOLLAND ISD,4823370,st_leaid,014905,HOLLAND ISD,2024,
TX,014906,KILLEEN ISD,4825660,st_leaid,014906,KILLEEN ISD,2024,
TX,014907,ROGERS ISD,4837710,st_leaid,014907,ROGERS ISD,2024,
TX,014908,SALADO ISD,4838580,st_leaid,014908,SALADO ISD,2024,
TX,014909,TEMPLE ISD,4842330,st_leaid,014909,TEMPLE ISD,2024,
TX,014910,TROY ISD,4843260,st_leaid,014910,TROY ISD,2024,
TX,015801,POR VIDA ACADEMY,4800004,st_leaid,015801,POR VIDA ACADEMY,2024,
TX,015802,GEORGE GERVIN ACADEMY,4800014,st_leaid,015802,GEORGE GERVIN ACADEMY,2024,
TX,015805,NEW FRONTIERS PUBLIC SCHOOLS INC,4800061,st_leaid,015805,NEW FRONTIERS PUBLIC SCHOOLS INC,2024,
TX,015806,LEGACY TRADITIONAL SCHOOLS - TEXAS,4800062,st_leaid,015806,LEGACY TRADITIONAL SCHOOLS - TEXAS,2024,
TX,015807,SOUTHWEST PREPARATORY SCHOOL,4800063,st_leaid,015807,SOUTHWEST PREPARATORY SCHOOL,2024,
TX,015808,INSPIRE ACADEMIES,4800053,st_leaid,015808,INSPIRE ACADEMIES,2024,
TX,015809,BEXAR COUNTY ACADEMY,4800077,st_leaid,015809,BEXAR COUNTY ACADEMY,2024,
TX,015814,POSITIVE SOLUTIONS CHARTER SCHOOL,4800059,st_leaid,015814,POSITIVE SOLUTIONS CHARTER SCHOOL,2024,
TX,015815,HERITAGE ACADEMY,4800080,st_leaid,015815,HERITAGE ACADEMY,2024,
TX,015822,JUBILEE ACADEMIES,4800179,st_leaid,015822,JUBILEE ACADEMIES,2024,
TX,015825,LIGHTHOUSE PUBLIC SCHOOLS,4800246,st_leaid,015825,LIGHTHOUSE PUBLIC SCHOOLS,2024,
TX,015827,SCHOOL OF SCIENCE AND TECHNOLOGY,4800258,st_leaid,015827,SCHOOL OF SCIENCE AND TECHNOLOGY,2024,
TX,015828,HARMONY PUBLIC SCHOOLS - SOUTH TEXAS,4800266,st_leaid,015828,HARMONY PUBLIC SCHOOLS - SOUTH TEXAS,2024,
TX,015830,BROOKS ACADEMIES OF TEXAS,4800268,st_leaid,015830,SOMERSET ACADEMIES OF TEXAS,2024,
TX,015831,SCHOOL OF SCIENCE AND TECHNOLOGY DISCOVERY,4801400,st_leaid,015831,SCHOOL OF SCIENCE AND TECHNOLOGY DISCOVERY,2024,
TX,015833,HENRY FORD ACADEMY ALAMEDA SCHOOL FOR ART + DESIGN,4801412,st_leaid,015833,HENRY FORD ACADEMY ALAMEDA SCHOOL FOR ART + DESIGN,2024,
TX,015834,BASIS TEXAS,4801438,st_leaid,015834,BASIS TEXAS,2024,
TX,015835,GREAT HEARTS TEXAS,4801441,st_leaid,015835,GREAT HEARTS TEXAS,2024,
TX,015836,ELEANOR KOLITZ HEBREW LANGUAGE ACADEMY,4801435,st_leaid,015836,ELEANOR KOLITZ HEBREW LANGUAGE ACADEMY,2024,
TX,015838,COMPASS ROSE PUBLIC SCHOOLS,4801457,st_leaid,015838,COMPASS ROSE PUBLIC SCHOOLS,2024,
TX,015839,PROMESA ACADEMY CHARTER SCHOOL,4801467,st_leaid,015839,PROMESA ACADEMY CHARTER SCHOOL,2024,
TX,015840,SAN ANTONIO PREPARATORY SCHOOLS,4801472,st_leaid,015840,SAN ANTONIO PREPARATORY SCHOOLS,2024,
TX,015841,THE GATHERING PLACE,4801471,st_leaid,015841,THE GATHERING PLACE,2024,
TX,015842,ROYAL PUBLIC SCHOOLS,4801477,st_leaid,015842,ROYAL PUBLIC SCHOOLS,2024,
TX,015843,PRELUDE PREPARATORY CHARTER SCHOOL,4801476,st_leaid,015843,PRELUDE PREPARATORY CHARTER SCHOOL,2024,
TX,015844,ESSENCE PREPARATORY CHARTER SCHOOL,4801479,st_leaid,015844,ESSENCE PREPARATORY CHARTER SCHOOL,2024,
TX,015845,CELEBRATE DYSLEXIA SCHOOLS,4899132,st_leaid,015845,CELEBRATE DYSLEXIA SCHOOLS,2024,
TX,015901,ALAMO HEIGHTS ISD,4807590,st_leaid,015901,ALAMO HEIGHTS ISD,2024,
TX,015904,HARLANDALE ISD,4822470,st_leaid,015904,HARLANDALE ISD,2024,
TX,015905,EDGEWOOD ISD,4818150,st_leaid,015905,EDGEWOOD ISD,2024,
TX,015906,RANDOLPH FIELD ISD,4836450,st_leaid,015906,RANDOLPH FIELD ISD,2024,
TX,015907,SAN ANTONIO ISD,4838730,st_leaid,015907,SAN ANTONIO ISD,2024,
TX,015908,SOUTH SAN ANTONIO ISD,4840680,st_leaid,015908,SOUTH SAN ANTONIO ISD,2024,
TX,015909,SOMERSET ISD,4840740,st_leaid,015909,SOMERSET ISD,2024,
TX,015910,NORTH EAST ISD,4832940,st_leaid,015910,NORTH EAST ISD,2024,
TX,015911,EAST CENTRAL ISD,4817850,st_leaid,015911,EAST CENTRAL ISD,2024,
TX,015912,SOUTHWEST ISD,4840950,st_leaid,015912,SOUTHWEST ISD,2024,
TX,015913,LACKLAND ISD,4826370,st_leaid,015913,LACKLAND ISD,2024,
TX,015914,FT SAM HOUSTON ISD,4820160,st_leaid,015914,FT SAM HOUSTON ISD,2024,
TX,015915,NORTHSIDE ISD,4833120,st_leaid,015915,NORTHSIDE ISD,2024,
TX,015916,JUDSON ISD,4824990,st_leaid,015916,JUDSON ISD,2024,
TX,015917,SOUTHSIDE ISD,4840920,st_leaid,015917,SOUTHSIDE ISD,2024,
TX,016901,JOHNSON CITY ISD,4824840,st_leaid,016901,JOHNSON CITY ISD,2024,
TX,016902,BLANCO ISD,4810320,st_leaid,016902,BLANCO ISD,2024,
TX,017901,BORDEN COUNTY ISD,4810860,st_leaid,017901,BORDEN COUNTY ISD,2024,
TX,018901,CLIFTON ISD,4814400,st_leaid,018901,CLIFTON ISD,2024,
TX,018902,MERIDIAN ISD,4830300,st_leaid,018902,MERIDIAN ISD,2024,
TX,018903,MORGAN ISD,4831380,st_leaid,018903,MORGAN ISD,2024,
TX,018904,VALLEY MILLS ISD,4843760,st_leaid,018904,VALLEY MILLS ISD,2024,
TX,018905,WALNUT SPRINGS ISD,4844520,st_leaid,018905,WALNUT SPRINGS ISD,2024,
TX,018906,IREDELL ISD,4824360,st_leaid,018906,IREDELL ISD,2024,
TX,018907,KOPPERL ISD,4825890,st_leaid,018907,KOPPERL ISD,2024,
TX,018908,CRANFILLS GAP ISD,4815570,st_leaid,018908,CRANFILLS GAP ISD,2024,
TX,019901,DEKALB ISD,4816570,st_leaid,019901,DEKALB ISD,2024,
TX,019902,HOOKS ISD,4823490,st_leaid,019902,HOOKS ISD,2024,
TX,019903,MAUD ISD,4829460,st_leaid,019903,MAUD ISD,2024,
TX,019905,NEW BOSTON ISD,4832340,st_leaid,019905,NEW BOSTON ISD,2024,
TX,019906,REDWATER ISD,4836750,st_leaid,019906,REDWATER ISD,2024,
TX,019907,TEXARKANA ISD,4842480,st_leaid,019907,TEXARKANA ISD,2024,
TX,019908,LIBERTY-EYLAU ISD,4827390,st_leaid,019908,LIBERTY-EYLAU ISD,2024,
TX,019909,SIMMS ISD,4840320,st_leaid,019909,SIMMS ISD,2024,
TX,019910,MALTA ISD,4828830,st_leaid,019910,MALTA ISD,2024,
TX,019911,RED LICK ISD,4836630,st_leaid,019911,RED LICK ISD,2024,
TX,019912,PLEASANT GROVE ISD,4835130,st_leaid,019912,PLEASANT GROVE ISD,2024,
TX,019913,HUBBARD ISD,4823700,st_leaid,019913,HUBBARD ISD,2024,
TX,019914,LEARY ISD,4827060,st_leaid,019914,LEARY ISD,2024,
TX,020901,ALVIN ISD,4808090,st_leaid,020901,ALVIN ISD,2024,
TX,020902,ANGLETON ISD,4808310,st_leaid,020902,ANGLETON ISD,2024,
TX,020904,DANBURY ISD,4816290,st_leaid,020904,DANBURY ISD,2024,
TX,020905,BRAZOSPORT ISD,4811190,st_leaid,020905,BRAZOSPORT ISD,2024,
TX,020906,SWEENY ISD,4841970,st_leaid,020906,SWEENY ISD,2024,
TX,020907,COLUMBIA-BRAZORIA ISD,4814670,st_leaid,020907,COLUMBIA-BRAZORIA ISD,2024,
TX,020908,PEARLAND ISD,4834440,st_leaid,020908,PEARLAND ISD,2024,
TX,020910,DAMON ISD,4816260,st_leaid,020910,DAMON ISD,2024,
TX,021803,BRAZOS SCHOOL FOR INQUIRY & CREATIVITY,4800086,st_leaid,021803,BRAZOS SCHOOL FOR INQUIRY & CREATIVITY,2024,
TX,021805,ARROW ACADEMY,4801416,st_leaid,021805,ARROW ACADEMY,2024,
TX,021901,COLLEGE STATION ISD,4807350,st_leaid,021901,COLLEGE STATION ISD,2024,
TX,021902,BRYAN ISD,4811790,st_leaid,021902,BRYAN ISD,2024,
TX,022004,TERLINGUA CSD,4842390,st_leaid,022004,TERLINGUA CSD,2024,
TX,022901,ALPINE ISD,4807950,st_leaid,022901,ALPINE ISD,2024,
TX,022902,MARATHON ISD,4828980,st_leaid,022902,MARATHON ISD,2024,
TX,022903,SAN VICENTE ISD,4839060,st_leaid,022903,SAN VICENTE ISD,2024,
TX,023902,SILVERTON ISD,4840290,st_leaid,023902,SILVERTON ISD,2024,
TX,024901,BROOKS COUNTY ISD,4811580,st_leaid,024901,BROOKS COUNTY ISD,2024,
TX,025901,BANGS ISD,4809390,st_leaid,025901,BANGS ISD,2024,
TX,025902,BROWNWOOD ISD,4811700,st_leaid,025902,BROWNWOOD ISD,2024,
TX,025904,BLANKET ISD,4810380,st_leaid,025904,BLANKET ISD,2024,
TX,025905,MAY ISD,4829520,st_leaid,025905,MAY ISD,2024,
TX,025906,ZEPHYR ISD,4846770,st_leaid,025906,ZEPHYR ISD,2024,
TX,025908,BROOKESMITH ISD,4811550,st_leaid,025908,BROOKESMITH ISD,2024,
TX,025909,EARLY ISD,4817790,st_leaid,025909,EARLY ISD,2024,
TX,026901,CALDWELL ISD,4812460,st_leaid,026901,CALDWELL ISD,2024,
TX,026902,SOMERVILLE ISD,4840770,st_leaid,026902,SOMERVILLE ISD,2024,
TX,026903,SNOOK ISD,4840620,st_leaid,026903,SNOOK ISD,2024,
TX,027903,BURNET CISD,4812220,st_leaid,027903,BURNET CISD,2024,
TX,027904,MARBLE FALLS ISD,4829010,st_leaid,027904,MARBLE FALLS ISD,2024,
TX,028902,LOCKHART ISD,4827870,st_leaid,028902,LOCKHART ISD,2024,
TX,028903,LULING ISD,4828590,st_leaid,028903,LULING ISD,2024,
TX,028906,PRAIRIE LEA ISD,4835700,st_leaid,028906,PRAIRIE LEA ISD,2024,
TX,029901,CALHOUN COUNTY ISD,4812480,st_leaid,029901,CALHOUN COUNTY ISD,2024,
TX,030901,CROSS PLAINS ISD,4815810,st_leaid,030901,CROSS PLAINS ISD,2024,
TX,030902,CLYDE CISD,4814450,st_leaid,030902,CLYDE CISD,2024,
TX,030903,BAIRD ISD,4809280,st_leaid,030903,BAIRD ISD,2024,
TX,030906,EULA ISD,4818690,st_leaid,030906,EULA ISD,2024,
TX,031901,BROWNSVILLE ISD,4811680,st_leaid,031901,BROWNSVILLE ISD,2024,
TX,031903,HARLINGEN CISD,4822530,st_leaid,031903,HARLINGEN CISD,2024,
TX,031905,LA FERIA ISD,4826040,st_leaid,031905,LA FERIA ISD,2024,
TX,031906,LOS FRESNOS CISD,4828290,st_leaid,031906,LOS FRESNOS CISD,2024,
TX,031909,POINT ISABEL ISD,4835250,st_leaid,031909,POINT ISABEL ISD,2024,
TX,031911,RIO HONDO ISD,4837170,st_leaid,031911,RIO HONDO ISD,2024,
TX,031912,SAN BENITO CISD,4838790,st_leaid,031912,SAN BENITO CISD,2024,
TX,031913,SANTA MARIA ISD,4839330,st_leaid,031913,SANTA MARIA ISD,2024,
TX,031914,SANTA ROSA ISD,4839360,st_leaid,031914,SANTA ROSA ISD,2024,
TX,031916,SOUTH TEXAS ISD,4837150,st_leaid,031916,SOUTH TEXAS ISD,2024,
TX,032902,PITTSBURG ISD,4835010,st_leaid,032902,PITTSBURG ISD,2024,
TX,033901,GROOM ISD,4821840,st_leaid,033901,GROOM ISD,2024,
TX,033902,PANHANDLE ISD,4834230,st_leaid,033902,PANHANDLE ISD,2024,
TX,033904,WHITE DEER ISD,4845450,st_leaid,033904,WHITE DEER ISD,2024,
TX,034901,ATLANTA ISD,4808880,st_leaid,034901,ATLANTA ISD,2024,
TX,034902,AVINGER ISD,4809090,st_leaid,034902,AVINGER ISD,2024,
TX,034903,HUGHES SPRINGS ISD,4823850,st_leaid,034903,HUGHES SPRINGS ISD,2024,
TX,034905,LINDEN-KILDARE CISD,4827540,st_leaid,034905,LINDEN-KILDARE CISD,2024,
TX,034906,MCLEOD ISD,4829910,st_leaid,034906,MCLEOD ISD,2024,
TX,034907,QUEEN CITY ISD,4836210,st_leaid,034907,QUEEN CITY ISD,2024,
TX,034909,BLOOMBURG ISD,4810440,st_leaid,034909,BLOOMBURG ISD,2024,
TX,035901,DIMMITT ISD,4817160,st_leaid,035901,DIMMITT ISD,2024,
TX,035902,HART ISD,4822650,st_leaid,035902,HART ISD,2024,
TX,035903,NAZARETH ISD,4832220,st_leaid,035903,NAZARETH ISD,2024,
TX,036901,ANAHUAC ISD,4808190,st_leaid,036901,ANAHUAC ISD,2024,
TX,036902,BARBERS HILL ISD,4809450,st_leaid,036902,BARBERS HILL ISD,2024,
TX,036903,EAST CHAMBERS ISD,4817880,st_leaid,036903,EAST CHAMBERS ISD,2024,
TX,037901,ALTO ISD,4807980,st_leaid,037901,ALTO ISD,2024,
TX,037904,JACKSONVILLE ISD,4824590,st_leaid,037904,JACKSONVILLE ISD,2024,
TX,037907,RUSK ISD,4838360,st_leaid,037907,RUSK ISD,2024,
TX,037908,NEW SUMMERFIELD ISD,4832610,st_leaid,037908,NEW SUMMERFIELD ISD,2024,
TX,037909,WELLS ISD,4844940,st_leaid,037909,WELLS ISD,2024,
TX,038901,CHILDRESS ISD,4813860,st_leaid,038901,CHILDRESS ISD,2024,
TX,039902,HENRIETTA ISD,4822980,st_leaid,039902,HENRIETTA ISD,2024,
TX,039903,PETROLIA CISD,4834710,st_leaid,039903,PETROLIA CISD,2024,
TX,039904,BELLEVUE ISD,4809750,st_leaid,039904,BELLEVUE ISD,2024,
TX,039905,MIDWAY ISD,4830660,st_leaid,039905,MIDWAY ISD,2024,
TX,040901,MORTON ISD,4831470,st_leaid,040901,MORTON ISD,2024,
TX,040902,WHITEFACE CISD,4845570,st_leaid,040902,WHITEFACE CISD,2024,
TX,041901,BRONTE ISD,4811490,st_leaid,041901,BRONTE ISD,2024,
TX,041902,ROBERT LEE ISD,4837380,st_leaid,041902,ROBERT LEE ISD,2024,
TX,042901,COLEMAN ISD,4814550,st_leaid,042901,COLEMAN ISD,2024,
TX,042903,SANTA ANNA ISD,4839210,st_leaid,042903,SANTA ANNA ISD,2024,
TX,042905,PANTHER CREEK CISD,4800007,st_leaid,042905,PANTHER CREEK CISD,2024,
TX,043801,IMAGINE INTERNATIONAL ACADEMY OF NORTH TEXAS,4801429,st_leaid,043801,IMAGINE INTERNATIONAL ACADEMY OF NORTH TEXAS,2024,
TX,043802,LONE STAR LANGUAGE ACADEMY,4801452,st_leaid,043802,LONE STAR LANGUAGE ACADEMY,2024,
TX,043901,ALLEN ISD,4807890,st_leaid,043901,ALLEN ISD,2024,
TX,043902,ANNA ISD,4808340,st_leaid,043902,ANNA ISD,2024,
TX,043903,CELINA ISD,4813290,st_leaid,043903,CELINA ISD,2024,
TX,043904,FARMERSVILLE ISD,4819080,st_leaid,043904,FARMERSVILLE ISD,2024,
TX,043905,FRISCO ISD,4820010,st_leaid,043905,FRISCO ISD,2024,
TX,043907,MCKINNEY ISD,4829850,st_leaid,043907,MCKINNEY ISD,2024,
TX,043908,MELISSA ISD,4830120,st_leaid,043908,MELISSA ISD,2024,
TX,043910,PLANO ISD,4835100,st_leaid,043910,PLANO ISD,2024,
TX,043911,PRINCETON ISD,4835850,st_leaid,043911,PRINCETON ISD,2024,
TX,043912,PROSPER ISD,4836000,st_leaid,043912,PROSPER ISD,2024,
TX,043914,WYLIE ISD,4846530,st_leaid,043914,WYLIE ISD,2024,
TX,043917,BLUE RIDGE ISD,4810590,st_leaid,043917,BLUE RIDGE ISD,2024,
TX,043918,COMMUNITY ISD,4814850,st_leaid,043918,COMMUNITY ISD,2024,
TX,043919,LOVEJOY ISD,4828380,st_leaid,043919,LOVEJOY ISD,2024,
TX,044902,WELLINGTON ISD,4844890,st_leaid,044902,WELLINGTON ISD,2024,
TX,045902,COLUMBUS ISD,4814700,st_leaid,045902,COLUMBUS ISD,2024,
TX,045903,RICE CISD,4836970,st_leaid,045903,RICE CISD,2024,
TX,045905,WEIMAR ISD,4844820,st_leaid,045905,WEIMAR ISD,2024,
TX,046802,TRINITY CHARTER SCHOOL,4800259,st_leaid,046802,TRINITY CHARTER SCHOOL,2024,
TX,046901,NEW BRAUNFELS ISD,4832370,st_leaid,046901,NEW BRAUNFELS ISD,2024,
TX,046902,COMAL ISD,4814730,st_leaid,046902,COMAL ISD,2024,
TX,047901,COMANCHE ISD,4814760,st_leaid,047901,COMANCHE ISD,2024,
TX,047902,DE LEON ISD,4816440,st_leaid,047902,DE LEON ISD,2024,
TX,047903,GUSTINE ISD,4821990,st_leaid,047903,GUSTINE ISD,2024,
TX,047905,SIDNEY ISD,4840170,st_leaid,047905,SIDNEY ISD,2024,
TX,048901,EDEN CISD,4818070,st_leaid,048901,EDEN CISD,2024,
TX,048903,PAINT ROCK ISD,4833980,st_leaid,048903,PAINT ROCK ISD,2024,
TX,049901,GAINESVILLE ISD,4820220,st_leaid,049901,GAINESVILLE ISD,2024,
TX,049902,MUENSTER ISD,4831860,st_leaid,049902,MUENSTER ISD,2024,
TX,049903,VALLEY VIEW ISD,4843860,st_leaid,049903,VALLEY VIEW ISD,2024,
TX,049905,CALLISBURG ISD,4812510,st_leaid,049905,CALLISBURG ISD,2024,
TX,049906,ERA ISD,4818600,st_leaid,049906,ERA ISD,2024,
TX,049907,LINDSAY ISD,4827570,st_leaid,049907,LINDSAY ISD,2024,
TX,049908,WALNUT BEND ISD,4844490,st_leaid,049908,WALNUT BEND ISD,2024,
TX,049909,SIVELLS BEND ISD,4840380,st_leaid,049909,SIVELLS BEND ISD,2024,
TX,050901,EVANT ISD,4818780,st_leaid,050901,EVANT ISD,2024,
TX,050902,GATESVILLE ISD,4820500,st_leaid,050902,GATESVILLE ISD,2024,
TX,050904,OGLESBY ISD,4833420,st_leaid,050904,OGLESBY ISD,2024,
TX,050909,JONESBORO ISD,4824900,st_leaid,050909,JONESBORO ISD,2024,
TX,050910,COPPERAS COVE ISD,4815240,st_leaid,050910,COPPERAS COVE ISD,2024,
TX,051901,PADUCAH ISD,4833900,st_leaid,051901,PADUCAH ISD,2024,
TX,052901,CRANE ISD,4815540,st_leaid,052901,CRANE ISD,2024,
TX,053001,CROCKETT COUNTY CONSOLIDATED CSD,4815690,st_leaid,053001,CROCKETT COUNTY CONSOLIDATED CSD,2024,
TX,054901,CROSBYTON CISD,4800001,st_leaid,054901,CROSBYTON CISD,2024,
TX,054902,LORENZO ISD,4828230,st_leaid,054902,LORENZO ISD,2024,
TX,054903,RALLS ISD,4836390,st_leaid,054903,RALLS ISD,2024,
TX,055901,CULBERSON COUNTY-ALLAMOORE ISD,4815990,st_leaid,055901,CULBERSON COUNTY-ALLAMOORE ISD,2024,
TX,056901,DALHART ISD,4816200,st_leaid,056901,DALHART ISD,2024,
TX,056902,TEXLINE ISD,4842570,st_leaid,056902,TEXLINE ISD,2024,
TX,057802,PEGASUS SCHOOL OF LIBERAL ARTS AND SCIENCES,4800029,st_leaid,057802,PEGASUS SCHOOL OF LIBERAL ARTS AND SCIENCES,2024,
TX,057803,UPLIFT EDUCATION,4800030,st_leaid,057803,UPLIFT EDUCATION,2024,
TX,057804,TEXANS CAN ACADEMIES,4800016,st_leaid,057804,TEXANS CAN ACADEMIES,2024,
TX,057805,LUMIN EDUCATION,4800089,st_leaid,057805,LUMIN EDUCATION,2024,
TX,057806,ADVANTAGE ACADEMY,4800041,st_leaid,057806,ADVANTAGE ACADEMY,2024,
TX,057807,LIFE SCHOOL,4800055,st_leaid,057807,LIFE SCHOOL,2024,
TX,057808,UNIVERSAL ACADEMY,4800070,st_leaid,057808,UNIVERSAL ACADEMY,2024,
TX,057809,NOVA ACADEMY,4800072,st_leaid,057809,NOVA ACADEMY,2024,
TX,057810,ACADEMY OF DALLAS,4800090,st_leaid,057810,ACADEMY OF DALLAS,2024,
TX,057813,TRINITY BASIN PREPARATORY,4800092,st_leaid,057813,TRINITY BASIN PREPARATORY,2024,
TX,057814,ACADEMY FOR ACADEMIC EXCELLENCE,4800093,st_leaid,057814,ACADEMY FOR ACADEMIC EXCELLENCE,2024,
TX,057816,A W BROWN LEADERSHIP ACADEMY,4800095,st_leaid,057816,A W BROWN LEADERSHIP ACADEMY,2024,
TX,057819,JEAN MASSIEU ACADEMY,4800098,st_leaid,057819,JEAN MASSIEU ACADEMY,2024,
TX,057827,NOVA ACADEMY SOUTHEAST,4800201,st_leaid,057827,NOVA ACADEMY SOUTHEAST,2024,
TX,057828,WINFREE ACADEMY CHARTER SCHOOLS,4800202,st_leaid,057828,WINFREE ACADEMY CHARTER SCHOOLS,2024,
TX,057829,A+ ACADEMY,4800203,st_leaid,057829,A+ ACADEMY,2024,
TX,057830,INSPIRED VISION ACADEMY,4800204,st_leaid,057830,INSPIRED VISION ACADEMY,2024,
TX,057831,GATEWAY CHARTER ACADEMY,4800184,st_leaid,057831,GATEWAY CHARTER ACADEMY,2024,
TX,057833,EDUCATION CENTER INTERNATIONAL ACADEMY,4800186,st_leaid,057833,EDUCATION CENTER INTERNATIONAL ACADEMY,2024,
TX,057834,EVOLUTION ACADEMY CHARTER SCHOOL,4800236,st_leaid,057834,EVOLUTION ACADEMY CHARTER SCHOOL,2024,
TX,057835,GOLDEN RULE CHARTER SCHOOL,4800237,st_leaid,057835,GOLDEN RULE CHARTER SCHOOL,2024,
TX,057836,ST ANTHONY SCHOOL,4800248,st_leaid,057836,ST ANTHONY SCHOOL,2024,
TX,057839,LA ACADEMIA DE ESTRELLAS,4800270,st_leaid,057839,LA ACADEMIA DE ESTRELLAS,2024,
TX,057840,RICHLAND COLLEGIATE HIGH SCHOOL,4800271,st_leaid,057840,RICHLAND COLLEGIATE HIGH SCHOOL,2024,
TX,057841,CITYSCAPE SCHOOLS,4800288,st_leaid,057841,CITYSCAPE SCHOOLS,2024,
TX,057844,MANARA ACADEMY,4801415,st_leaid,057844,MANARA ACADEMY,2024,
TX,057845,UME PREPARATORY ACADEMY,4801425,st_leaid,057845,UME PREPARATORY ACADEMY,2024,
TX,057846,LEGACY PREPARATORY,4801428,st_leaid,057846,LEGACY PREPARATORY,2024,
TX,057847,VILLAGE TECH SCHOOLS,4801436,st_leaid,057847,VILLAGE TECH SCHOOLS,2024,
TX,057848,INTERNATIONAL LEADERSHIP OF TEXAS (ILTEXAS),4801440,st_leaid,057848,INTERNATIONAL LEADERSHIP OF TEXAS (ILTEXAS),2024,
TX,057850,PIONEER TECHNOLOGY & ARTS ACADEMY,4801451,st_leaid,057850,PIONEER TECHNOLOGY & ARTS ACADEMY,2024,
TX,057851,BRIDGEWAY PREPARATORY ACADEMY,4801462,st_leaid,057851,BRIDGEWAY PREPARATORY ACADEMY,2024,
TX,057903,CARROLLTON-FARMERS BRANCH ISD,4813050,st_leaid,057903,CARROLLTON-FARMERS BRANCH ISD,2024,
TX,057904,CEDAR HILL ISD,4813230,st_leaid,057904,CEDAR HILL ISD,2024,
TX,057905,DALLAS ISD,4816230,st_leaid,057905,DALLAS ISD,2024,
TX,057906,DESOTO ISD,4816860,st_leaid,057906,DESOTO ISD,2024,
TX,057907,DUNCANVILLE ISD,4817640,st_leaid,057907,DUNCANVILLE ISD,2024,
TX,057909,GARLAND ISD,4820340,st_leaid,057909,GARLAND ISD,2024,
TX,057910,GRAND PRAIRIE ISD,4821420,st_leaid,057910,GRAND PRAIRIE ISD,2024,
TX,057911,HIGHLAND PARK ISD,4823250,st_leaid,057911,HIGHLAND PARK ISD,2024,
TX,057912,IRVING ISD,4824420,st_leaid,057912,IRVING ISD,2024,
TX,057913,LANCASTER ISD,4826670,st_leaid,057913,LANCASTER ISD,2024,
TX,057914,MESQUITE ISD,4830390,st_leaid,057914,MESQUITE ISD,2024,
TX,057916,RICHARDSON ISD,4837020,st_leaid,057916,RICHARDSON ISD,2024,
TX,057919,SUNNYVALE ISD,4841880,st_leaid,057919,SUNNYVALE ISD,2024,
TX,057922,COPPELL ISD,4815210,st_leaid,057922,COPPELL ISD,2024,
TX,058902,DAWSON ISD,4816350,st_leaid,058902,DAWSON ISD,2024,
TX,058905,KLONDIKE ISD,4825790,st_leaid,058905,KLONDIKE ISD,2024,
TX,058906,LAMESA ISD,4826610,st_leaid,058906,LAMESA ISD,2024,
TX,058909,SANDS CISD,4839120,st_leaid,058909,SANDS CISD,2024,
TX,059901,HEREFORD ISD,4823010,st_leaid,059901,HEREFORD ISD,2024,
TX,059902,WALCOTT ISD,4844370,st_leaid,059902,WALCOTT ISD,2024,
TX,060902,COOPER ISD,4815150,st_leaid,060902,COOPER ISD,2024,
TX,060914,FANNINDEL ISD,4819050,st_leaid,060914,FANNINDEL ISD,2024,
TX,061802,NORTH TEXAS COLLEGIATE ACADEMY,4800187,st_leaid,061802,NORTH TEXAS COLLEGIATE ACADEMY,2024,
TX,061804,LEADERSHIP PREP SCHOOL,4801420,st_leaid,061804,LEADERSHIP PREP SCHOOL,2024,
TX,061805,TRIVIUM ACADEMY,4801456,st_leaid,061805,TRIVIUM ACADEMY,2024,
TX,061806,TEXAS WORKS,,unmatched,,,,
TX,061901,DENTON ISD,4816740,st_leaid,061901,DENTON ISD,2024,
TX,061902,LEWISVILLE ISD,4827300,st_leaid,061902,LEWISVILLE ISD,2024,
TX,061903,PILOT POINT ISD,4834920,st_leaid,061903,PILOT POINT ISD,2024,
TX,061905,KRUM ISD,4825980,st_leaid,061905,KRUM ISD,2024,
TX,061906,PONDER ISD,4835310,st_leaid,061906,PONDER ISD,2024,
TX,061907,AUBREY ISD,4808910,st_leaid,061907,AUBREY ISD,2024,
TX,061908,SANGER ISD,4839180,st_leaid,061908,SANGER ISD,2024,
TX,061910,ARGYLE ISD,4808670,st_leaid,061910,ARGYLE ISD,2024,
TX,061911,NORTHWEST ISD,4833180,st_leaid,061911,NORTHWEST ISD,2024,
TX,061912,LAKE DALLAS ISD,4826430,st_leaid,061912,LAKE DALLAS ISD,2024,
TX,061914,LITTLE ELM ISD,4827720,st_leaid,061914,LITTLE ELM ISD,2024,
TX,062901,CUERO ISD,4815960,st_leaid,062901,CUERO ISD,2024,
TX,062902,NORDHEIM ISD,4832880,st_leaid,062902,NORDHEIM ISD,2024,
TX,062903,YOAKUM ISD,4846620,st_leaid,062903,YOAKUM ISD,2024,
TX,062904,YORKTOWN ISD,4846650,st_leaid,062904,YORKTOWN ISD,2024,
TX,062905,WESTHOFF ISD,4845240,st_leaid,062905,WESTHOFF ISD,2024,
TX,062906,MEYERSVILLE ISD,4830450,st_leaid,062906,MEYERSVILLE ISD,2024,
TX,063903,SPUR ISD,4800002,st_leaid,063903,SPUR ISD,2024,
TX,063906,PATTON SPRINGS ISD,4834380,st_leaid,063906,PATTON SPRINGS ISD,2024,
TX,064903,CARRIZO SPRINGS CISD,4812990,st_leaid,064903,CARRIZO SPRINGS CISD,2024,
TX,065901,CLARENDON ISD,4814160,st_leaid,065901,CLARENDON ISD,2024,
TX,065902,HEDLEY ISD,4822850,st_leaid,065902,HEDLEY ISD,2024,
TX,066005,RAMIREZ CSD,4836420,st_leaid,066005,RAMIREZ CSD,2024,
TX,066901,BENAVIDES ISD,4899130,st_leaid,066901,BENAVIDES ISD,2024,
TX,066902,SAN DIEGO ISD,4838820,st_leaid,066902,SAN DIEGO ISD,2024,
TX,066903,FREER ISD,4819820,st_leaid,066903,FREER ISD,2024,
TX,067902,CISCO ISD,4814070,st_leaid,067902,CISCO ISD,2024,
TX,067903,EASTLAND ISD,4817960,st_leaid,067903,EASTLAND ISD,2024,
TX,067904,GORMAN ISD,4821270,st_leaid,067904,GORMAN ISD,2024,
TX,067907,RANGER ISD,4836480,st_leaid,067907,RANGER ISD,2024,
TX,067908,RISING STAR ISD,4837230,st_leaid,067908,RISING STAR ISD,2024,
TX,068802,COMPASS ACADEMY CHARTER SCHOOL,4801417,st_leaid,068802,COMPASS ACADEMY CHARTER SCHOOL,2024,
TX,068803,UTPB STEM ACADEMY,4801443,st_leaid,068803,UTPB STEM ACADEMY,2024,
TX,068901,ECTOR COUNTY ISD,4818000,st_leaid,068901,ECTOR COUNTY ISD,2024,
TX,069901,ROCKSPRINGS ISD,4800003,st_leaid,069901,ROCKSPRINGS ISD,2024,
TX,069902,NUECES CANYON CISD,4833240,st_leaid,069902,NUECES CANYON CISD,2024,
TX,070801,WAXAHACHIE FAITH FAMILY ACADEMY,4800105,st_leaid,070801,FAITH FAMILY ACADEMY,2024,
TX,070901,AVALON ISD,4809030,st_leaid,070901,AVALON ISD,2024,
TX,070903,ENNIS ISD,4818540,st_leaid,070903,ENNIS ISD,2024,
TX,070905,FERRIS ISD,4819170,st_leaid,070905,FERRIS ISD,2024,
TX,070907,ITALY ISD,4824450,st_leaid,070907,ITALY ISD,2024,
TX,070908,MIDLOTHIAN ISD,4830600,st_leaid,070908,MIDLOTHIAN ISD,2024,
TX,070909,MILFORD ISD,4830780,st_leaid,070909,MILFORD ISD,2024,
TX,070910,PALMER ISD,4834110,st_leaid,070910,PALMER ISD,2024,
TX,070911,RED OAK ISD,4836660,st_leaid,070911,RED OAK ISD,2024,
TX,070912,WAXAHACHIE ISD,4844730,st_leaid,070912,WAXAHACHIE ISD,2024,
TX,070915,MAYPEARL ISD,4829580,st_leaid,070915,MAYPEARL ISD,2024,
TX,071801,BURNHAM WOOD CHARTER SCHOOL DISTRICT,4800037,st_leaid,071801,BURNHAM WOOD CHARTER SCHOOL DISTRICT,2024,
TX,071803,TRIUMPH PUBLIC HIGH SCHOOLS-EL PASO,4800106,st_leaid,071803,TRIUMPH PUBLIC HIGH SCHOOLS-EL PASO,2024,
TX,071804,EL PASO ACADEMY,4800205,st_leaid,071804,EL PASO ACADEMY,2024,
TX,071806,HARMONY PUBLIC SCHOOLS - WEST TEXAS,4800272,st_leaid,071806,HARMONY PUBLIC SCHOOLS - WEST TEXAS,2024,
TX,071807,LA FE PREPARATORY SCHOOL,4800286,st_leaid,071807,LA FE PREPARATORY SCHOOL,2024,
TX,071809,VISTA DEL FUTURO CHARTER SCHOOL,4801394,st_leaid,071809,VISTA DEL FUTURO CHARTER SCHOOL,2024,
TX,071810,EL PASO LEADERSHIP ACADEMY,4801439,st_leaid,071810,EL PASO LEADERSHIP ACADEMY,2024,
TX,071901,CLINT ISD,4814430,st_leaid,071901,CLINT ISD,2024,
TX,071902,EL PASO ISD,4818300,st_leaid,071902,EL PASO ISD,2024,
TX,071903,FABENS ISD,4818900,st_leaid,071903,FABENS ISD,2024,
TX,071904,SAN ELIZARIO ISD,4838850,st_leaid,071904,SAN ELIZARIO ISD,2024,
TX,071905,YSLETA ISD,4846680,st_leaid,071905,YSLETA ISD,2024,
TX,071906,ANTHONY ISD,4808430,st_leaid,071906,ANTHONY ISD,2024,
TX,071907,CANUTILLO ISD,4812780,st_leaid,071907,CANUTILLO ISD,2024,
TX,071908,TORNILLO ISD,4842990,st_leaid,071908,TORNILLO ISD,2024,
TX,071909,SOCORRO ISD,4840710,st_leaid,071909,SOCORRO ISD,2024,
TX,072801,PREMIER HIGH SCHOOLS,4800207,st_leaid,072801,PREMIER HIGH SCHOOLS,2024,
TX,072802,ERATH EXCELS ACADEMY INC,4800159,st_leaid,072802,ERATH EXCELS ACADEMY INC,2024,
TX,072901,THREE WAY ISD,4842720,st_leaid,072901,THREE WAY ISD,2024,
TX,072902,DUBLIN ISD,4817580,st_leaid,072902,DUBLIN ISD,2024,
TX,072903,STEPHENVILLE ISD,4841520,st_leaid,072903,STEPHENVILLE ISD,2024,
TX,072904,BLUFF DALE ISD,4810620,st_leaid,072904,BLUFF DALE ISD,2024,
TX,072908,HUCKABAY ISD,4823760,st_leaid,072908,HUCKABAY ISD,2024,
TX,072909,LINGLEVILLE ISD,4827600,st_leaid,072909,LINGLEVILLE ISD,2024,
TX,072910,MORGAN MILL ISD,4831410,st_leaid,072910,MORGAN MILL ISD,2024,
TX,073901,CHILTON ISD,4813920,st_leaid,073901,CHILTON ISD,2024,
TX,073903,MARLIN ISD,4829130,st_leaid,073903,MARLIN ISD,2024,
TX,073904,WESTPHALIA ISD,4845330,st_leaid,073904,WESTPHALIA ISD,2024,
TX,073905,ROSEBUD-LOTT ISD,4837900,st_leaid,073905,ROSEBUD-LOTT ISD,2024,
TX,074903,BONHAM ISD,4810800,st_leaid,074903,BONHAM ISD,2024,
TX,074904,DODD CITY ISD,4817280,st_leaid,074904,DODD CITY ISD,2024,
TX,074905,ECTOR ISD,4818030,st_leaid,074905,ECTOR ISD,2024,
TX,074907,HONEY GROVE ISD,4823460,st_leaid,074907,HONEY GROVE ISD,2024,
TX,074909,LEONARD ISD,4827210,st_leaid,074909,LEONARD ISD,2024,
TX,074911,SAVOY ISD,4839450,st_leaid,074911,SAVOY ISD,2024,
TX,074912,TRENTON ISD,4843140,st_leaid,074912,TRENTON ISD,2024,
TX,074917,SAM RAYBURN ISD,4838640,st_leaid,074917,SAM RAYBURN ISD,2024,
TX,075901,FLATONIA ISD,4819280,st_leaid,075901,FLATONIA ISD,2024,
TX,075902,LA GRANGE ISD,4826100,st_leaid,075902,LA GRANGE ISD,2024,
TX,075903,SCHULENBURG ISD,4839540,st_leaid,075903,SCHULENBURG ISD,2024,
TX,075906,FAYETTEVILLE ISD,4819140,st_leaid,075906,FAYETTEVILLE ISD,2024,
TX,075908,ROUND TOP-CARMINE ISD,4838100,st_leaid,075908,ROUND TOP-CARMINE ISD,2024,
TX,076903,ROBY CISD,4837470,st_leaid,076903,ROBY CISD,2024,
TX,076904,ROTAN ISD,4838040,st_leaid,076904,ROTAN ISD,2024,
TX,077901,FLOYDADA COLLEGIATE ISD,4819440,st_leaid,077901,FLOYDADA COLLEGIATE ISD,2024,
TX,077902,LOCKNEY ISD,4827890,st_leaid,077902,LOCKNEY ISD,2024,
TX,078901,CROWELL ISD,4815870,st_leaid,078901,CROWELL ISD,2024,
TX,079901,LAMAR CISD,4826580,st_leaid,079901,LAMAR CISD,2024,
TX,079906,NEEDVILLE ISD,4832310,st_leaid,079906,NEEDVILLE ISD,2024,
TX,079907,FORT BEND ISD,4819650,st_leaid,079907,FORT BEND ISD,2024,
TX,079910,STAFFORD MSD,4841350,st_leaid,079910,STAFFORD MSD,2024,
TX,080901,MOUNT VERNON ISD,4831770,st_leaid,080901,MOUNT VERNON ISD,2024,
TX,081902,FAIRFIELD ISD,4818940,st_leaid,081902,FAIRFIELD ISD,2024,
TX,081904,TEAGUE ISD,4842300,st_leaid,081904,TEAGUE ISD,2024,
TX,081905,WORTHAM ISD,4846470,st_leaid,081905,WORTHAM ISD,2024,
TX,081906,DEW ISD,4816980,st_leaid,081906,DEW ISD,2024,
TX,082902,DILLEY ISD,4817100,st_leaid,082902,DILLEY ISD,2024,
TX,082903,PEARSALL ISD,4834470,st_leaid,082903,PEARSALL ISD,2024,
TX,083901,SEAGRAVES ISD,4839600,st_leaid,083901,SEAGRAVES ISD,2024,
TX,083902,LOOP ISD,4828140,st_leaid,083902,LOOP ISD,2024,
TX,083903,SEMINOLE ISD,4839750,st_leaid,083903,SEMINOLE ISD,2024,
TX,084802,ODYSSEY ACADEMY INC,4800108,st_leaid,084802,ODYSSEY ACADEMY INC,2024,
TX,084804,AMBASSADORS PREPARATORY ACADEMY,4800284,st_leaid,084804,AMBASSADORS PREPARATORY ACADEMY,2024,
TX,084901,DICKINSON ISD,4817070,st_leaid,084901,DICKINSON ISD,2024,
TX,084902,GALVESTON ISD,4820280,st_leaid,084902,GALVESTON ISD,2024,
TX,084903,HIGH ISLAND ISD,4823160,st_leaid,084903,HIGH ISLAND ISD,2024,
TX,084906,TEXAS CITY ISD,4842510,st_leaid,084906,TEXAS CITY ISD,2024,
TX,084908,HITCHCOCK ISD,4823310,st_leaid,084908,HITCHCOCK ISD,2024,
TX,084909,SANTA FE ISD,4839270,st_leaid,084909,SANTA FE ISD,2024,
TX,084910,CLEAR CREEK ISD,4814280,st_leaid,084910,CLEAR CREEK ISD,2024,
TX,084911,FRIENDSWOOD ISD,4819950,st_leaid,084911,FRIENDSWOOD ISD,2024,
TX,085902,POST ISD,4835490,st_leaid,085902,POST ISD,2024,
TX,085903,SOUTHLAND ISD,4840890,st_leaid,085903,SOUTHLAND ISD,2024,
TX,086024,DOSS CONSOLIDATED CSD,4817400,st_leaid,086024,DOSS CONSOLIDATED CSD,2024,
TX,086901,FREDERICKSBURG ISD,4819840,st_leaid,086901,FREDERICKSBURG ISD,2024,
TX,086902,HARPER ISD,4822590,st_leaid,086902,HARPER ISD,2024,
TX,087901,GLASSCOCK COUNTY ISD,4820790,st_leaid,087901,GLASSCOCK COUNTY ISD,2024,
TX,088902,GOLIAD ISD,4821030,st_leaid,088902,GOLIAD ISD,2024,
TX,089901,GONZALES ISD,4821060,st_leaid,089901,GONZALES ISD,2024,
TX,089903,NIXON-SMILEY CISD,4832740,st_leaid,089903,NIXON-SMILEY CISD,2024,
TX,089905,WAELDER ISD,4844310,st_leaid,089905,WAELDER ISD,2024,
TX,090902,LEFORS ISD,4827090,st_leaid,090902,LEFORS ISD,2024,
TX,090903,MCLEAN ISD,4829880,st_leaid,090903,MCLEAN ISD,2024,
TX,090904,PAMPA ISD,4834170,st_leaid,090904,PAMPA ISD,2024,
TX,090905,GRANDVIEW-HOPKINS ISD,4821560,st_leaid,090905,GRANDVIEW-HOPKINS ISD,2024,
TX,091901,BELLS ISD,4809780,st_leaid,091901,BELLS ISD,2024,
TX,091902,COLLINSVILLE ISD,4814580,st_leaid,091902,COLLINSVILLE ISD,2024,
TX,091903,DENISON ISD,4816710,st_leaid,091903,DENISON ISD,2024,
TX,091905,HOWE ISD,4823670,st_leaid,091905,HOWE ISD,2024,
TX,091906,SHERMAN ISD,4840080,st_leaid,091906,SHERMAN ISD,2024,
TX,091907,TIOGA ISD,4842870,st_leaid,091907,TIOGA ISD,2024,
TX,091908,VAN ALSTYNE ISD,4843890,st_leaid,091908,VAN ALSTYNE ISD,2024,
TX,091909,WHITESBORO ISD,4845630,st_leaid,091909,WHITESBORO ISD,2024,
TX,091910,WHITEWRIGHT ISD,4845670,st_leaid,091910,WHITEWRIGHT ISD,2024,
TX,091913,POTTSBORO ISD,4835580,st_leaid,091913,POTTSBORO ISD,2024,
TX,091914,S AND S CISD,4838400,st_leaid,091914,S AND S CISD,2024,
TX,091917,GUNTER ISD,4821960,st_leaid,091917,GUNTER ISD,2024,
TX,091918,TOM BEAN ISD,4842930,st_leaid,091918,TOM BEAN ISD,2024,
TX,092801,EAST TEXAS CHARTER SCHOOLS,4800109,st_leaid,092801,EAST TEXAS CHARTER SCHOOLS,2024,
TX,092901,GLADEWATER ISD,4820760,st_leaid,092901,GLADEWATER ISD,2024,
TX,092902,KILGORE ISD,4825620,st_leaid,092902,KILGORE ISD,2024,
TX,092903,LONGVIEW ISD,4828110,st_leaid,092903,LONGVIEW ISD,2024,
TX,092904,PINE TREE ISD,4834980,st_leaid,092904,PINE TREE ISD,2024,
TX,092906,SABINE ISD,4838460,st_leaid,092906,SABINE ISD,2024,
TX,092907,SPRING HILL ISD,4841190,st_leaid,092907,SPRING HILL ISD,2024,
TX,092908,WHITE OAK ISD,4845480,st_leaid,092908,WHITE OAK ISD,2024,
TX,093901,ANDERSON-SHIRO CISD,4808230,st_leaid,093901,ANDERSON-SHIRO CISD,2024,
TX,093903,IOLA ISD,4824240,st_leaid,093903,IOLA ISD,2024,
TX,093904,NAVASOTA ISD,4832190,st_leaid,093904,NAVASOTA ISD,2024,
TX,093905,RICHARDS ISD,4836990,st_leaid,093905,RICHARDS ISD,2024,
TX,094901,SEGUIN ISD,4839690,st_leaid,094901,SEGUIN ISD,2024,
TX,094902,SCHERTZ-CIBOLO-U CITY ISD,4839480,st_leaid,094902,SCHERTZ-CIBOLO-U CITY ISD,2024,
TX,094903,NAVARRO ISD,4832160,st_leaid,094903,NAVARRO ISD,2024,
TX,094904,MARION ISD,4829100,st_leaid,094904,MARION ISD,2024,
TX,095901,ABERNATHY ISD,4807410,st_leaid,095901,ABERNATHY ISD,2024,
TX,095902,COTTON CENTER ISD,4815360,st_leaid,095902,COTTON CENTER ISD,2024,
TX,095903,HALE CENTER ISD,4822050,st_leaid,095903,HALE CENTER ISD,2024,
TX,095904,PETERSBURG ISD,4834680,st_leaid,095904,PETERSBURG ISD,2024,
TX,095905,PLAINVIEW ISD,4835070,st_leaid,095905,PLAINVIEW ISD,2024,
TX,096904,MEMPHIS ISD,4830180,st_leaid,096904,MEMPHIS ISD,2024,
TX,096905,TURKEY-QUITAQUE ISD,4843400,st_leaid,096905,TURKEY-QUITAQUE ISD,2024,
TX,097902,HAMILTON ISD,4822230,st_leaid,097902,HAMILTON ISD,2024,
TX,097903,HICO ISD,4823070,st_leaid,097903,HICO ISD,2024,
TX,098901,GRUVER ISD,4821930,st_leaid,098901,GRUVER ISD,2024,
TX,098903,PRINGLE-MORSE CISD,4835890,st_leaid,098903,PRINGLE-MORSE CISD,2024,
TX,098904,SPEARMAN ISD,4841010,st_leaid,098904,SPEARMAN ISD,2024,
TX,099902,CHILLICOTHE ISD,4813890,st_leaid,099902,CHILLICOTHE ISD,2024,
TX,099903,QUANAH ISD,4836180,st_leaid,099903,QUANAH ISD,2024,
TX,100903,KOUNTZE ISD,4825920,st_leaid,100903,KOUNTZE ISD,2024,
TX,100904,SILSBEE ISD,4840230,st_leaid,100904,SILSBEE ISD,2024,
TX,100905,HARDIN-JEFFERSON ISD,4822410,st_leaid,100905,HARDIN-JEFFERSON ISD,2024,
TX,100907,LUMBERTON ISD,4813530,st_leaid,100907,LUMBERTON ISD,2024,
TX,100908,WEST HARDIN COUNTY CISD,4845000,st_leaid,100908,WEST HARDIN COUNTY CISD,2024,
TX,101802,SER-NINOS CHARTER SCHOOL,4800018,st_leaid,101802,SER-NINOS CHARTER SCHOOL,2024,
TX,101803,ARISTOI CLASSICAL ACADEMY,4800019,st_leaid,101803,ARISTOI CLASSICAL ACADEMY,2024,
TX,101804,GEORGE I SANCHEZ CHARTER,4800020,st_leaid,101804,GEORGE I SANCHEZ CHARTER,2024,
TX,101806,RAUL YZAGUIRRE SCHOOLS FOR SUCCESS,4800022,st_leaid,101806,RAUL YZAGUIRRE SCHOOLS FOR SUCCESS,2024,
TX,101810,ACADEMY OF ACCELERATED LEARNING INC,4800032,st_leaid,101810,ACADEMY OF ACCELERATED LEARNING INC,2024,
TX,101811,EXCEL ACADEMY,4800049,st_leaid,101811,EXCEL ACADEMY,2024,
TX,101814,THE VARNETT PUBLIC SCHOOL,4800073,st_leaid,101814,THE VARNETT PUBLIC SCHOOL,2024,
TX,101815,ALIEF MONTESSORI COMMUNITY SCHOOL,4800035,st_leaid,101815,ALIEF MONTESSORI COMMUNITY SCHOOL,2024,
TX,101819,AMIGOS POR VIDA-FRIENDS FOR LIFE PUB CHTR SCH,4800113,st_leaid,101819,AMIGOS POR VIDA-FRIENDS FOR LIFE PUB CHTR SCH,2024,
TX,101821,HOUSTON HEIGHTS HIGH SCHOOL,4800115,st_leaid,101821,HOUSTON HEIGHTS HIGH SCHOOL,2024,
TX,101828,HOUSTON GATEWAY ACADEMY INC,4800118,st_leaid,101828,HOUSTON GATEWAY ACADEMY INC,2024,
TX,101837,CALVIN NELMS CHARTER SCHOOLS,4800124,st_leaid,101837,CALVIN NELMS CHARTER SCHOOLS,2024,
TX,101838,SOUTHWEST SCHOOL,4800125,st_leaid,101838,SOUTHWEST PUBLIC SCHOOLS,2024,
TX,101840,TWO DIMENSIONS PREPARATORY ACADEMY,4800069,st_leaid,101840,TWO DIMENSIONS PREPARATORY ACADEMY,2024,
TX,101842,COMQUEST ACADEMY,4800127,st_leaid,101842,COMQUEST ACADEMY,2024,
TX,101845,YES PREP PUBLIC SCHOOLS INC,4800209,st_leaid,101845,YES PREP PUBLIC SCHOOLS INC,2024,
TX,101846,HARMONY PUBLIC SCHOOLS - HOUSTON SOUTH,4800210,st_leaid,101846,HARMONY PUBLIC SCHOOLS - HOUSTON SOUTH,2024,
TX,101847,BEATRICE MAYES INSTITUTE CHARTER SCHOOL,4800190,st_leaid,101847,BEATRICE MAYES INSTITUTE CHARTER SCHOOL,2024,
TX,101849,ACCELERATED INTERMEDIATE ACADEMY,4800192,st_leaid,101849,ACCELERATED INTERMEDIATE ACADEMY,2024,
TX,101853,PROMISE COMMUNITY SCHOOL,4800240,st_leaid,101853,BAKERRIPLEY COMMUNITY SCHOOLS,2024,
TX,101855,MEYERPARK ELEMENTARY,4800262,st_leaid,101855,MEYERPARK CHARTER,2024,
TX,101856,DRAW ACADEMY,4800263,st_leaid,101856,DRAW ACADEMY,2024,
TX,101858,HARMONY PUBLIC SCHOOLS - HOUSTON NORTH,4800274,st_leaid,101858,HARMONY PUBLIC SCHOOLS - HOUSTON NORTH,2024,
TX,101859,STEP CHARTER SCHOOL,4800275,st_leaid,101859,STEP CHARTER SCHOOL,2024,
TX,101861,THE RHODES SCHOOL FOR PERFORMING ARTS,4800283,st_leaid,101861,THE RHODES SCHOOL FOR PERFORMING ARTS,2024,
TX,101862,HARMONY PUBLIC SCHOOLS - HOUSTON WEST,4801405,st_leaid,101862,HARMONY PUBLIC SCHOOLS - HOUSTON WEST,2024,
TX,101864,THE LAWSON ACADEMY,4801418,st_leaid,101864,THE LAWSON ACADEMY,2024,
TX,101868,THE PRO-VISION ACADEMY,4801434,st_leaid,101868,THE PRO-VISION ACADEMY,2024,
TX,101870,BETA ACADEMY,4801446,st_leaid,101870,BETA ACADEMY,2024,
TX,101871,A+ UNLIMITED POTENTIAL,4801453,st_leaid,101871,A+ UNLIMITED POTENTIAL,2024,
TX,101872,ETOILE ACADEMY CHARTER SCHOOL,4801460,st_leaid,101872,ETOILE ACADEMY CHARTER SCHOOL,2024,
TX,101873,YELLOWSTONE COLLEGE PREPARATORY,4801463,st_leaid,101873,YELLOWSTONE COLLEGE PREPARATORY,2024,
TX,101874,LEGACY SCHOOL OF SPORT SCIENCES,4801459,st_leaid,101874,LEGACY SCHOOL OF SPORT SCIENCES,2024,
TX,101875,BLOOM ACADEMY CHARTER SCHOOL,4801466,st_leaid,101875,BLOOM ACADEMY CHARTER SCHOOL,2024,
TX,101876,REVE PREPARATORY CHARTER SCHOOL,4801465,st_leaid,101876,REVE PREPARATORY CHARTER SCHOOL,2024,
TX,101877,ELEVATE COLLEGIATE CHARTER SCHOOL,4801470,st_leaid,101877,ELEVATE COLLEGIATE CHARTER SCHOOL,2024,
TX,101878,HOUSTON CLASSICAL CHARTER SCHOOL,4801469,st_leaid,101878,HOUSTON CLASSICAL CHARTER SCHOOL,2024,
TX,101881,UP EXCELLENCE ACADEMY,4899135,st_leaid,101881,UP EXCELLENCE ACADEMY,2024,
TX,101902,ALDINE ISD,4807710,st_leaid,101902,ALDINE ISD,2024,
TX,101903,ALIEF ISD,4807830,st_leaid,101903,ALIEF ISD,2024,
TX,101905,CHANNELVIEW ISD,4813590,st_leaid,101905,CHANNELVIEW ISD,2024,
TX,101906,CROSBY ISD,4815750,st_leaid,101906,CROSBY ISD,2024,
TX,101907,CYPRESS-FAIRBANKS ISD,4816110,st_leaid,101907,CYPRESS-FAIRBANKS ISD,2024,
TX,101908,DEER PARK ISD,4816530,st_leaid,101908,DEER PARK ISD,2024,
TX,101910,GALENA PARK ISD,4820250,st_leaid,101910,GALENA PARK ISD,2024,
TX,101911,GOOSE CREEK CISD,4821150,st_leaid,101911,GOOSE CREEK CISD,2024,
TX,101912,HOUSTON ISD,4823640,st_leaid,101912,HOUSTON ISD,2024,
TX,101913,HUMBLE ISD,4823910,st_leaid,101913,HUMBLE ISD,2024,
TX,101914,KATY ISD,4825170,st_leaid,101914,KATY ISD,2024,
TX,101915,KLEIN ISD,4825740,st_leaid,101915,KLEIN ISD,2024,
TX,101916,LA PORTE ISD,4826190,st_leaid,101916,LA PORTE ISD,2024,
TX,101917,PASADENA ISD,4834320,st_leaid,101917,PASADENA ISD,2024,
TX,101919,SPRING ISD,4841220,st_leaid,101919,SPRING ISD,2024,
TX,101920,SPRING BRANCH ISD,4841100,st_leaid,101920,SPRING BRANCH ISD,2024,
TX,101921,TOMBALL ISD,4842960,st_leaid,101921,TOMBALL ISD,2024,
TX,101924,SHELDON ISD,4839990,st_leaid,101924,SHELDON ISD,2024,
TX,101925,HUFFMAN ISD,4823820,st_leaid,101925,HUFFMAN ISD,2024,
TX,102901,KARNACK ISD,4825110,st_leaid,102901,KARNACK ISD,2024,
TX,102902,MARSHALL ISD,4829160,st_leaid,102902,MARSHALL ISD,2024,
TX,102903,WASKOM ISD,4844670,st_leaid,102903,WASKOM ISD,2024,
TX,102904,HALLSVILLE ISD,4822170,st_leaid,102904,HALLSVILLE ISD,2024,
TX,102905,HARLETON ISD,4822500,st_leaid,102905,HARLETON ISD,2024,
TX,102906,ELYSIAN FIELDS ISD,4818480,st_leaid,102906,ELYSIAN FIELDS ISD,2024,
TX,103901,CHANNING ISD,4813620,st_leaid,103901,CHANNING ISD,2024,
TX,103902,HARTLEY ISD,4822680,st_leaid,103902,HARTLEY ISD,2024,
TX,104901,HASKELL CISD,4822740,st_leaid,104901,HASKELL CISD,2024,
TX,104903,RULE ISD,4838280,st_leaid,104903,RULE ISD,2024,
TX,104907,PAINT CREEK ISD,4833960,st_leaid,104907,PAINT CREEK ISD,2024,
TX,105801,KATHERINE ANNE PORTER SCHOOL,4800132,st_leaid,105801,KATHERINE ANNE PORTER SCHOOL,2024,
TX,105802,TEXAS PREPARATORY SCHOOL,4800194,st_leaid,105802,TEXAS PREPARATORY SCHOOL,2024,
TX,105803,KI CHARTER ACADEMY,4801447,st_leaid,105803,KI CHARTER,2024,
TX,105804,DORAL ACADEMY OF TEXAS,4801474,st_leaid,105804,DORAL ACADEMY OF TEXAS,2024,
TX,105902,SAN MARCOS CISD,4838970,st_leaid,105902,SAN MARCOS CISD,2024,
TX,105904,DRIPPING SPRINGS ISD,4800008,st_leaid,105904,DRIPPING SPRINGS ISD,2024,
TX,105905,WIMBERLEY ISD,4800009,st_leaid,105905,WIMBERLEY ISD,2024,
TX,105906,HAYS CISD,4800010,st_leaid,105906,HAYS CISD,2024,
TX,106901,CANADIAN ISD,4812700,st_leaid,106901,CANADIAN ISD,2024,
TX,107901,ATHENS ISD,4808870,st_leaid,107901,ATHENS ISD,2024,
TX,107902,BROWNSBORO ISD,4811640,st_leaid,107902,BROWNSBORO ISD,2024,
TX,107904,CROSS ROADS ISD,4815840,st_leaid,107904,CROSS ROADS ISD,2024,
TX,107905,EUSTACE ISD,4818720,st_leaid,107905,EUSTACE ISD,2024,
TX,107906,MALAKOFF ISD,4828780,st_leaid,107906,MALAKOFF ISD,2024,
TX,107907,TRINIDAD ISD,4843170,st_leaid,107907,TRINIDAD ISD,2024,
TX,107908,MURCHISON ISD,4832010,st_leaid,107908,MURCHISON ISD,2024,
TX,107910,LAPOYNOR ISD,4826220,st_leaid,107910,LAPOYNOR ISD,2024,
TX,108802,HORIZON MONTESSORI PUBLIC SCHOOLS,4800065,st_leaid,108802,HORIZON MONTESSORI PUBLIC SCHOOLS,2024,
TX,108804,TRIUMPH PUBLIC HIGH SCHOOLS-RIO GRANDE VALLEY,4800133,st_leaid,108804,TRIUMPH PUBLIC HIGH SCHOOLS-RIO GRANDE VALLEY,2024,
TX,108807,IDEA PUBLIC SCHOOLS,4800211,st_leaid,108807,IDEA PUBLIC SCHOOLS,2024,
TX,108808,VANGUARD ACADEMY,4800195,st_leaid,108808,VANGUARD ACADEMY,2024,
TX,108809,EXCELLENCE IN LEADERSHIP ACADEMY,4801433,st_leaid,108809,EXCELLENCE IN LEADERSHIP ACADEMY,2024,
TX,108810,BRILLANTE ACADEMY,4801475,st_leaid,108810,BRILLANTE ACADEMY,2024,
TX,108902,DONNA ISD,4817390,st_leaid,108902,DONNA ISD,2024,
TX,108903,EDCOUCH-ELSA ISD,4818060,st_leaid,108903,EDCOUCH-ELSA ISD,2024,
TX,108904,EDINBURG CISD,4818180,st_leaid,108904,EDINBURG CISD,2024,
TX,108905,HIDALGO ISD,4823100,st_leaid,108905,HIDALGO ISD,2024,
TX,108906,MCALLEN ISD,4829670,st_leaid,108906,MCALLEN ISD,2024,
TX,108907,MERCEDES ISD,4830250,st_leaid,108907,MERCEDES ISD,2024,
TX,108908,MISSION CISD,4831040,st_leaid,108908,MISSION CISD,2024,
TX,108909,PHARR-SAN JUAN-ALAMO ISD,4834860,st_leaid,108909,PHARR-SAN JUAN-ALAMO ISD,2024,
TX,108910,PROGRESO ISD,4835910,st_leaid,108910,PROGRESO ISD,2024,
TX,108911,SHARYLAND ISD,4839930,st_leaid,108911,SHARYLAND ISD,2024,
TX,108912,LA JOYA ISD,4826130,st_leaid,108912,LA JOYA ISD,2024,
TX,108913,WESLACO ISD,4844960,st_leaid,108913,WESLACO ISD,2024,
TX,108914,LA VILLA ISD,4826340,st_leaid,108914,LA VILLA ISD,2024,
TX,108915,MONTE ALTO ISD,4831230,st_leaid,108915,MONTE ALTO ISD,2024,
TX,108916,VALLEY VIEW ISD,4843800,st_leaid,108916,VALLEY VIEW ISD,2024,
TX,109901,ABBOTT ISD,4807380,st_leaid,109901,ABBOTT ISD,2024,
TX,109902,BYNUM ISD,4812360,st_leaid,109902,BYNUM ISD,2024,
TX,109903,COVINGTON ISD,4815480,st_leaid,109903,COVINGTON ISD,2024,
TX,109904,HILLSBORO ISD,4823280,st_leaid,109904,HILLSBORO ISD,2024,
TX,109905,HUBBARD ISD,4823730,st_leaid,109905,HUBBARD ISD,2024,
TX,109907,ITASCA ISD,4824480,st_leaid,109907,ITASCA ISD,2024,
TX,109908,MALONE ISD,4828800,st_leaid,109908,MALONE ISD,2024,
TX,109910,MOUNT CALM ISD,4831620,st_leaid,109910,MOUNT CALM ISD,2024,
TX,109911,WHITNEY ISD,4845720,st_leaid,109911,WHITNEY ISD,2024,
TX,109912,AQUILLA ISD,4808520,st_leaid,109912,AQUILLA ISD,2024,
TX,109913,BLUM ISD,4810650,st_leaid,109913,BLUM ISD,2024,
TX,109914,PENELOPE ISD,4834560,st_leaid,109914,PENELOPE ISD,2024,
TX,110901,ANTON ISD,4808460,st_leaid,110901,ANTON ISD,2024,
TX,110902,LEVELLAND ISD,4827240,st_leaid,110902,LEVELLAND ISD,2024,
TX,110905,ROPES ISD,4837830,st_leaid,110905,ROPES ISD,2024,
TX,110906,SMYER ISD,4840590,st_leaid,110906,SMYER ISD,2024,
TX,110907,SUNDOWN ISD,4841850,st_leaid,110907,SUNDOWN ISD,2024,
TX,110908,WHITHARRAL ISD,4845690,st_leaid,110908,WHITHARRAL ISD,2024,
TX,111801,LAKE GRANBURY ACADEMY CHARTER SCHOOL,4801464,st_leaid,111801,LAKE GRANBURY ACADEMY CHARTER SCHOOL,2024,
TX,111901,GRANBURY ISD,4821390,st_leaid,111901,GRANBURY ISD,2024,
TX,111902,LIPAN ISD,4827630,st_leaid,111902,LIPAN ISD,2024,
TX,111903,TOLAR ISD,4842900,st_leaid,111903,TOLAR ISD,2024,
TX,112901,SULPHUR SPRINGS ISD,4841820,st_leaid,112901,SULPHUR SPRINGS ISD,2024,
TX,112905,CUMBY ISD,4816020,st_leaid,112905,CUMBY COLLEGIATE ISD,2024,
TX,112906,NORTH HOPKINS ISD,4832970,st_leaid,112906,NORTH HOPKINS ISD,2024,
TX,112907,MILLER GROVE ISD,4830810,st_leaid,112907,MILLER GROVE ISD,2024,
TX,112908,COMO-PICKTON CISD,4814880,st_leaid,112908,COMO-PICKTON CISD,2024,
TX,112909,SALTILLO ISD,4838610,st_leaid,112909,SALTILLO ISD,2024,
TX,112910,SULPHUR BLUFF ISD,4841790,st_leaid,112910,SULPHUR BLUFF ISD,2024,
TX,113901,CROCKETT ISD,4815720,st_leaid,113901,CROCKETT ISD,2024,
TX,113902,GRAPELAND ISD,4821630,st_leaid,113902,GRAPELAND ISD,2024,
TX,113903,LOVELADY ISD,4828410,st_leaid,113903,LOVELADY ISD,2024,
TX,113905,LATEXO ISD,4826910,st_leaid,113905,LATEXO ISD,2024,
TX,113906,KENNARD ISD,4825470,st_leaid,113906,KENNARD ISD,2024,
TX,114901,BIG SPRING ISD,4810200,st_leaid,114901,BIG SPRING ISD,2024,
TX,114902,COAHOMA ISD,4814490,st_leaid,114902,COAHOMA ISD,2024,
TX,114904,FORSAN ISD,4819620,st_leaid,114904,FORSAN ISD,2024,
TX,115901,FT HANCOCK ISD,4820130,st_leaid,115901,FT HANCOCK ISD,2024,
TX,115902,SIERRA BLANCA ISD,4840200,st_leaid,115902,SIERRA BLANCA ISD,2024,
TX,115903,DELL CITY ISD,4816650,st_leaid,115903,DELL CITY ISD,2024,
TX,116901,CADDO MILLS ISD,4812390,st_leaid,116901,CADDO MILLS ISD,2024,
TX,116902,CELESTE ISD,4813260,st_leaid,116902,CELESTE ISD,2024,
TX,116903,COMMERCE ISD,4814820,st_leaid,116903,COMMERCE ISD,2024,
TX,116905,GREENVILLE ISD,4821720,st_leaid,116905,GREENVILLE ISD,2024,
TX,116906,LONE OAK ISD,4828020,st_leaid,116906,LONE OAK ISD,2024,
TX,116908,QUINLAN ISD,4836240,st_leaid,116908,QUINLAN ISD,2024,
TX,116909,WOLFE CITY ISD,4846350,st_leaid,116909,WOLFE CITY ISD,2024,
TX,116910,CAMPBELL ISD,4812660,st_leaid,116910,CAMPBELL ISD,2024,
TX,116915,BLAND ISD,4810350,st_leaid,116915,BLAND ISD,2024,
TX,116916,BOLES ISD,4810740,st_leaid,116916,BOLES ISD,2024,
TX,117901,BORGER ISD,4810890,st_leaid,117901,BORGER ISD,2024,
TX,117903,SANFORD-FRITCH ISD,4839150,st_leaid,117903,SANFORD-FRITCH ISD,2024,
TX,117904,PLEMONS-STINNETT-PHILLIPS CISD,4841580,st_leaid,117904,PLEMONS-STINNETT-PHILLIPS CISD,2024,
TX,117907,SPRING CREEK ISD,4841130,st_leaid,117907,SPRING CREEK ISD,2024,
TX,118902,IRION COUNTY ISD,4830360,st_leaid,118902,IRION COUNTY ISD,2024,
TX,119901,BRYSON ISD,4811820,st_leaid,119901,BRYSON ISD,2024,
TX,119902,JACKSBORO ISD,4824530,st_leaid,119902,JACKSBORO ISD,2024,
TX,119903,PERRIN-WHITT CISD,4834630,st_leaid,119903,PERRIN-WHITT CISD,2024,
TX,120901,EDNA ISD,4818210,st_leaid,120901,EDNA ISD,2024,
TX,120902,GANADO ISD,4820310,st_leaid,120902,GANADO ISD,2024,
TX,120905,INDUSTRIAL ISD,4824150,st_leaid,120905,INDUSTRIAL ISD,2024,
TX,121902,BROOKELAND ISD,4811520,st_leaid,121902,BROOKELAND ISD,2024,
TX,121903,BUNA ISD,4812090,st_leaid,121903,BUNA ISD,2024,
TX,121904,JASPER ISD,4824630,st_leaid,121904,JASPER ISD,2024,
TX,121905,KIRBYVILLE CISD,4825710,st_leaid,121905,KIRBYVILLE CISD,2024,
TX,121906,EVADALE ISD,4818750,st_leaid,121906,EVADALE ISD,2024,
TX,122901,FT DAVIS ISD,4820100,st_leaid,122901,FT DAVIS ISD,2024,
TX,122902,VALENTINE ISD,4843740,st_leaid,122902,VALENTINE ISD,2024,
TX,123803,TEKOA ACADEMY OF ACCELERATED STUDIES STEM SCHOOL,4800139,st_leaid,123803,TEKOA ACADEMY OF ACCELERATED STUDIES STEM SCHOOL,2024,
TX,123805,EHRHART SCHOOL,4800221,st_leaid,123805,EHRHART SCHOOL,2024,
TX,123807,BOB HOPE SCHOOL,4801410,st_leaid,123807,BOB HOPE SCHOOL,2024,
TX,123905,NEDERLAND ISD,4832280,st_leaid,123905,NEDERLAND ISD,2024,
TX,123907,PORT ARTHUR ISD,4835400,st_leaid,123907,PORT ARTHUR ISD,2024,
TX,123908,PORT NECHES-GROVES ISD,4835430,st_leaid,123908,PORT NECHES-GROVES ISD,2024,
TX,123910,BEAUMONT ISD,4809670,st_leaid,123910,BEAUMONT ISD,2024,
TX,123913,SABINE PASS ISD,4838490,st_leaid,123913,SABINE PASS ISD,2024,
TX,123914,HAMSHIRE-FANNETT ISD,4822320,st_leaid,123914,HAMSHIRE-FANNETT ISD,2024,
TX,124901,JIM HOGG COUNTY ISD,4824750,st_leaid,124901,JIM HOGG COUNTY ISD,2024,
TX,125901,ALICE ISD,4807800,st_leaid,125901,ALICE ISD,2024,
TX,125902,BEN BOLT-PALITO BLANCO ISD,4809870,st_leaid,125902,BEN BOLT-PALITO BLANCO ISD,2024,
TX,125903,ORANGE GROVE ISD,4833720,st_leaid,125903,ORANGE GROVE ISD,2024,
TX,125905,PREMONT ISD,4835760,st_leaid,125905,PREMONT ISD,2024,
TX,125906,LA GLORIA ISD,4826070,st_leaid,125906,LA GLORIA ISD,2024,
TX,126901,ALVARADO ISD,4800011,st_leaid,126901,ALVARADO ISD,2024,
TX,126902,BURLESON ISD,4812180,st_leaid,126902,BURLESON ISD,2024,
TX,126903,CLEBURNE ISD,4814310,st_leaid,126903,CLEBURNE ISD,2024,
TX,126904,GRANDVIEW ISD,4821540,st_leaid,126904,GRANDVIEW ISD,2024,
TX,126905,JOSHUA ISD,4824930,st_leaid,126905,JOSHUA ISD,2024,
TX,126906,KEENE ISD,4825230,st_leaid,126906,KEENE ISD,2024,
TX,126907,RIO VISTA ISD,4837200,st_leaid,126907,RIO VISTA ISD,2024,
TX,126908,VENUS ISD,4844010,st_leaid,126908,VENUS ISD,2024,
TX,126911,GODLEY ISD,4820960,st_leaid,126911,GODLEY ISD,2024,
TX,127901,ANSON ISD,4808400,st_leaid,127901,ANSON ISD,2024,
TX,127903,HAMLIN COLLEGIATE ISD,4822260,st_leaid,127903,HAMLIN COLLEGIATE ISD,2024,
TX,127904,HAWLEY ISD,4822800,st_leaid,127904,HAWLEY ISD,2024,
TX,127905,LUEDERS-AVOCA ISD,4828530,st_leaid,127905,LUEDERS-AVOCA ISD,2024,
TX,127906,STAMFORD ISD,4841400,st_leaid,127906,STAMFORD ISD,2024,
TX,128901,KARNES CITY ISD,4825140,st_leaid,128901,KARNES CITY ISD,2024,
TX,128902,KENEDY ISD,4825440,st_leaid,128902,KENEDY ISD,2024,
TX,128903,RUNGE ISD,4838310,st_leaid,128903,RUNGE ISD,2024,
TX,128904,FALLS CITY ISD,4819020,st_leaid,128904,FALLS CITY ISD,2024,
TX,129901,CRANDALL ISD,4815510,st_leaid,129901,CRANDALL ISD,2024,
TX,129902,FORNEY ISD,4819560,st_leaid,129902,FORNEY ISD,2024,
TX,129903,KAUFMAN ISD,4825200,st_leaid,129903,KAUFMAN ISD,2024,
TX,129904,KEMP ISD,4825320,st_leaid,129904,KEMP ISD,2024,
TX,129905,MABANK ISD,4828680,st_leaid,129905,MABANK ISD,2024,
TX,129906,TERRELL ISD,4842450,st_leaid,129906,TERRELL ISD,2024,
TX,129910,SCURRY-ROSSER ISD,4839570,st_leaid,129910,SCURRY-ROSSER ISD,2024,
TX,130801,MEADOWLAND CHARTER DISTRICT,4801404,st_leaid,130801,MEADOWLAND CHARTER DISTRICT,2024,
TX,130901,BOERNE ISD,4810710,st_leaid,130901,BOERNE ISD,2024,
TX,130902,COMFORT ISD,4814790,st_leaid,130902,COMFORT ISD,2024,
TX,131001,KENEDY COUNTY WIDE CSD,4825410,st_leaid,131001,KENEDY COUNTY WIDE CSD,2024,
TX,132902,JAYTON-GIRARD ISD,4824660,st_leaid,132902,JAYTON-GIRARD ISD,2024,
TX,133901,CENTER POINT ISD,4813350,st_leaid,133901,CENTER POINT ISD,2024,
TX,133902,HUNT ISD,4823970,st_leaid,133902,HUNT ISD,2024,
TX,133903,KERRVILLE ISD,4825590,st_leaid,133903,KERRVILLE ISD,2024,
TX,133904,INGRAM ISD,4824210,st_leaid,133904,INGRAM ISD,2024,
TX,133905,DIVIDE ISD,4817190,st_leaid,133905,DIVIDE ISD,2024,
TX,134901,JUNCTION ISD,4825020,st_leaid,134901,JUNCTION ISD,2024,
TX,135001,GUTHRIE CSD,4822020,st_leaid,135001,GUTHRIE CSD,2024,
TX,136901,BRACKETT ISD,4811070,st_leaid,136901,BRACKETT ISD,2024,
TX,137901,KINGSVILLE ISD,4825680,st_leaid,137901,KINGSVILLE ISD,2024,
TX,137902,RICARDO ISD,4836930,st_leaid,137902,RICARDO ISD,2024,
TX,137903,RIVIERA ISD,4837320,st_leaid,137903,RIVIERA ISD,2024,
TX,137904,SANTA GERTRUDIS ISD,4839300,st_leaid,137904,SANTA GERTRUDIS ISD,2024,
TX,138902,KNOX CITY-O'BRIEN CISD,4825870,st_leaid,138902,KNOX CITY-O'BRIEN CISD,2024,
TX,138903,MUNDAY CISD,4831970,st_leaid,138903,MUNDAY CISD,2024,
TX,138904,BENJAMIN ISD,4809980,st_leaid,138904,BENJAMIN ISD,2024,
TX,139905,CHISUM ISD,4800012,st_leaid,139905,CHISUM ISD,2024,
TX,139909,PARIS ISD,4834290,st_leaid,139909,PARIS ISD,2024,
TX,139911,NORTH LAMAR ISD,4833010,st_leaid,139911,NORTH LAMAR ISD,2024,
TX,139912,PRAIRILAND ISD,4835740,st_leaid,139912,PRAIRILAND ISD,2024,
TX,140901,AMHERST ISD,4808160,st_leaid,140901,AMHERST ISD,2024,
TX,140904,LITTLEFIELD ISD,4827750,st_leaid,140904,LITTLEFIELD ISD,2024,
TX,140905,OLTON ISD,4833660,st_leaid,140905,OLTON ISD,2024,
TX,140907,SPRINGLAKE-EARTH ISD,4841250,st_leaid,140907,SPRINGLAKE-EARTH ISD,2024,
TX,140908,SUDAN ISD,4841760,st_leaid,140908,SUDAN ISD,2024,
TX,141901,LAMPASAS ISD,4826640,st_leaid,141901,LAMPASAS ISD,2024,
TX,141902,LOMETA ISD,4827960,st_leaid,141902,LOMETA ISD,2024,
TX,142901,COTULLA ISD,4815400,st_leaid,142901,COTULLA ISD,2024,
TX,143901,HALLETTSVILLE ISD,4822120,st_leaid,143901,HALLETTSVILLE ISD,2024,
TX,143902,MOULTON ISD,4831560,st_leaid,143902,MOULTON ISD,2024,
TX,143903,SHINER ISD,4840110,st_leaid,143903,SHINER ISD,2024,
TX,143904,VYSEHRAD ISD,4844250,st_leaid,143904,VYSEHRAD ISD,2024,
TX,143905,SWEET HOME ISD,4842000,st_leaid,143905,SWEET HOME ISD,2024,
TX,143906,EZZELL ISD,4818890,st_leaid,143906,EZZELL ISD,2024,
TX,144901,GIDDINGS ISD,4820640,st_leaid,144901,GIDDINGS ISD,2024,
TX,144902,LEXINGTON ISD,4827330,st_leaid,144902,LEXINGTON ISD,2024,
TX,144903,DIME BOX ISD,4817130,st_leaid,144903,DIME BOX ISD,2024,
TX,145901,BUFFALO ISD,4811990,st_leaid,145901,BUFFALO ISD,2024,
TX,145902,CENTERVILLE ISD,4813410,st_leaid,145902,CENTERVILLE ISD,2024,
TX,145906,NORMANGEE ISD,4832910,st_leaid,145906,NORMANGEE ISD,2024,
TX,145907,OAKWOOD ISD,4833340,st_leaid,145907,OAKWOOD ISD,2024,
TX,145911,LEON ISD,4827180,st_leaid,145911,LEON ISD,2024,
TX,146901,CLEVELAND ISD,4814370,st_leaid,146901,CLEVELAND ISD,2024,
TX,146902,DAYTON ISD,4816410,st_leaid,146902,DAYTON ISD,2024,
TX,146903,DEVERS ISD,4816920,st_leaid,146903,DEVERS ISD,2024,
TX,146904,HARDIN ISD,4822380,st_leaid,146904,HARDIN ISD,2024,
TX,146905,HULL-DAISETTA ISD,4823880,st_leaid,146905,HULL-DAISETTA ISD,2024,
TX,146906,LIBERTY ISD,4827450,st_leaid,146906,LIBERTY ISD,2024,
TX,146907,TARKINGTON ISD,4842210,st_leaid,146907,TARKINGTON ISD,2024,
TX,147901,COOLIDGE ISD,4815120,st_leaid,147901,COOLIDGE ISD,2024,
TX,147902,GROESBECK ISD,4821810,st_leaid,147902,GROESBECK ISD,2024,
TX,147903,MEXIA ISD,4830420,st_leaid,147903,MEXIA ISD,2024,
TX,148901,BOOKER ISD,4810830,st_leaid,148901,BOOKER ISD,2024,
TX,148902,FOLLETT ISD,4819500,st_leaid,148902,FOLLETT ISD,2024,
TX,148905,DARROUZETT ISD,4816320,st_leaid,148905,DARROUZETT ISD,2024,
TX,149901,GEORGE WEST ISD,4820550,st_leaid,149901,GEORGE WEST ISD,2024,
TX,149902,THREE RIVERS ISD,4842690,st_leaid,149902,THREE RIVERS ISD,2024,
TX,150901,LLANO ISD,4827810,st_leaid,150901,LLANO ISD,2024,
TX,152504,TEXAS TECH UNIVERSITY K-12,4801480,st_leaid,152504,TEXAS TECH UNIVERSITY K-12,2024,
TX,152802,RISE ACADEMY,4800141,st_leaid,152802,RISE ACADEMY,2024,
TX,152803,TRIUMPH PUBLIC HIGH SCHOOLS-LUBBOCK,4800142,st_leaid,152803,TRIUMPH PUBLIC HIGH SCHOOLS-LUBBOCK,2024,
TX,152806,BETTY M CONDRA SCHOOL FOR EDUCATION INNOVATION,4801468,st_leaid,152806,BETTY M CONDRA SCHOOL FOR EDUCATION INNOVATION,2024,
TX,152901,LUBBOCK ISD,4828500,st_leaid,152901,LUBBOCK ISD,2024,
TX,152902,NEW DEAL ISD,4832430,st_leaid,152902,NEW DEAL ISD,2024,
TX,152903,SLATON ISD,4840440,st_leaid,152903,SLATON ISD,2024,
TX,152906,LUBBOCK-COOPER ISD,4815180,st_leaid,152906,LUBBOCK-COOPER ISD,2024,
TX,152907,FRENSHIP ISD,4819830,st_leaid,152907,FRENSHIP ISD,2024,
TX,152908,ROOSEVELT ISD,4837800,st_leaid,152908,ROOSEVELT ISD,2024,
TX,152909,SHALLOWATER ISD,4839870,st_leaid,152909,SHALLOWATER ISD,2024,
TX,152910,IDALOU ISD,4824120,st_leaid,152910,IDALOU ISD,2024,
TX,153903,O'DONNELL ISD,4833390,st_leaid,153903,O'DONNELL ISD,2024,
TX,153904,TAHOKA ISD,4842090,st_leaid,153904,TAHOKA ISD,2024,
TX,153905,NEW HOME ISD,4832490,st_leaid,153905,NEW HOME ISD,2024,
TX,153907,WILSON ISD,4845990,st_leaid,153907,WILSON ISD,2024,
TX,154901,MADISONVILLE CISD,4828710,st_leaid,154901,MADISONVILLE CISD,2024,
TX,154903,NORTH ZULCH ISD,4833030,st_leaid,154903,NORTH ZULCH ISD,2024,
TX,155901,JEFFERSON ISD,4824730,st_leaid,155901,JEFFERSON ISD,2024,
TX,156902,STANTON ISD,4841430,st_leaid,156902,STANTON ISD,2024,
TX,156905,GRADY ISD,4821300,st_leaid,156905,GRADY ISD,2024,
TX,157901,MASON ISD,4829280,st_leaid,157901,MASON ISD,2024,
TX,158901,BAY CITY ISD,4809630,st_leaid,158901,BAY CITY ISD,2024,
TX,158902,TIDEHAVEN ISD,4842810,st_leaid,158902,TIDEHAVEN ISD,2024,
TX,158904,MATAGORDA ISD,4829370,st_leaid,158904,MATAGORDA ISD,2024,
TX,158905,PALACIOS ISD,4834020,st_leaid,158905,PALACIOS ISD,2024,
TX,158906,VAN VLECK ISD,4843950,st_leaid,158906,VAN VLECK ISD,2024,
TX,159901,EAGLE PASS ISD,4817730,st_leaid,159901,EAGLE PASS ISD,2024,
TX,160901,BRADY ISD,4811110,st_leaid,160901,BRADY ISD,2024,
TX,160904,ROCHELLE ISD,4837500,st_leaid,160904,ROCHELLE ISD,2024,
TX,160905,LOHN ISD,4827930,st_leaid,160905,LOHN ISD,2024,
TX,161801,WACO CHARTER SCHOOL,4800024,st_leaid,161801,WACO CHARTER SCHOOL,2024,
TX,161802,RAPOPORT ACADEMY PUBLIC SCHOOL,4800042,st_leaid,161802,RAPOPORT ACADEMY PUBLIC SCHOOL,2024,
TX,161807,HARMONY PUBLIC SCHOOLS - NORTH TEXAS,4800292,st_leaid,161807,HARMONY PUBLIC SCHOOLS - NORTH TEXAS,2024,
TX,161901,CRAWFORD ISD,4815600,st_leaid,161901,CRAWFORD ISD,2024,
TX,161903,MIDWAY ISD,4830640,st_leaid,161903,MIDWAY ISD,2024,
TX,161906,LA VEGA ISD,4826280,st_leaid,161906,LA VEGA ISD,2024,
TX,161907,LORENA ISD,4828200,st_leaid,161907,LORENA ISD,2024,
TX,161908,MART ISD,4829190,st_leaid,161908,MART ISD,2024,
TX,161909,MCGREGOR ISD,4829820,st_leaid,161909,MCGREGOR ISD,2024,
TX,161910,MOODY ISD,4831290,st_leaid,161910,MOODY ISD,2024,
TX,161912,RIESEL ISD,4837110,st_leaid,161912,RIESEL ISD,2024,
TX,161914,WACO ISD,4844280,st_leaid,161914,WACO ISD,2024,
TX,161916,WEST ISD,4845040,st_leaid,161916,WEST ISD,2024,
TX,161918,AXTELL ISD,4809150,st_leaid,161918,AXTELL ISD,2024,
TX,161919,BRUCEVILLE-EDDY ISD,4811730,st_leaid,161919,BRUCEVILLE-EDDY ISD,2024,
TX,161920,CHINA SPRING ISD,4813960,st_leaid,161920,CHINA SPRING ISD,2024,
TX,161921,CONNALLY ISD,4814970,st_leaid,161921,CONNALLY ISD,2024,
TX,161922,ROBINSON ISD,4837410,st_leaid,161922,ROBINSON ISD,2024,
TX,161923,BOSQUEVILLE ISD,4810910,st_leaid,161923,BOSQUEVILLE ISD,2024,
TX,161924,HALLSBURG ISD,4822140,st_leaid,161924,HALLSBURG ISD,2024,
TX,161925,GHOLSON ISD,4820610,st_leaid,161925,GHOLSON ISD,2024,
TX,162904,MCMULLEN COUNTY ISD,4829940,st_leaid,162904,MCMULLEN COUNTY ISD,2024,
TX,163901,DEVINE ISD,4816950,st_leaid,163901,DEVINE ISD,2024,
TX,163902,D'HANIS ISD,4816140,st_leaid,163902,D'HANIS ISD,2024,
TX,163903,NATALIA ISD,4832130,st_leaid,163903,NATALIA ISD,2024,
TX,163904,HONDO ISD,4823430,st_leaid,163904,HONDO ISD,2024,
TX,163908,MEDINA VALLEY ISD,4830060,st_leaid,163908,MEDINA VALLEY ISD,2024,
TX,164901,MENARD ISD,4830210,st_leaid,164901,MENARD ISD,2024,
TX,165802,MIDLAND ACADEMY CHARTER SCHOOL,4800148,st_leaid,165802,MIDLAND ACADEMY CHARTER SCHOOL,2024,
TX,165901,MIDLAND ISD,4830570,st_leaid,165901,MIDLAND ISD,2024,
TX,165902,GREENWOOD ISD,4821750,st_leaid,165902,GREENWOOD ISD,2024,
TX,166901,CAMERON ISD,4812640,st_leaid,166901,CAMERON ISD,2024,
TX,166902,GAUSE ISD,4820520,st_leaid,166902,GAUSE ISD,2024,
TX,166903,MILANO ISD,4830690,st_leaid,166903,MILANO ISD,2024,
TX,166904,ROCKDALE ISD,4837590,st_leaid,166904,ROCKDALE ISD,2024,
TX,166905,THORNDALE ISD,4842630,st_leaid,166905,THORNDALE ISD,2024,
TX,166907,BUCKHOLTS ISD,4811850,st_leaid,166907,BUCKHOLTS ISD,2024,
TX,167901,GOLDTHWAITE ISD,4821000,st_leaid,167901,GOLDTHWAITE ISD,2024,
TX,167902,MULLIN ISD,4831920,st_leaid,167902,MULLIN ISD,2024,
TX,167904,PRIDDY ISD,4835820,st_leaid,167904,PRIDDY ISD,2024,
TX,168901,COLORADO ISD,4814640,st_leaid,168901,COLORADO ISD,2024,
TX,168902,LORAINE ISD,4828170,st_leaid,168902,LORAINE ISD,2024,
TX,168903,WESTBROOK ISD,4845210,st_leaid,168903,WESTBROOK ISD,2024,
TX,169901,BOWIE ISD,4810990,st_leaid,169901,BOWIE ISD,2024,
TX,169902,NOCONA ISD,4832790,st_leaid,169902,NOCONA ISD,2024,
TX,169906,GOLD BURG ISD,4820970,st_leaid,169906,GOLD BURG ISD,2024,
TX,169908,MONTAGUE ISD,4831200,st_leaid,169908,MONTAGUE ISD,2024,
TX,169909,PRAIRIE VALLEY ISD,4835730,st_leaid,169909,PRAIRIE VALLEY ISD,2024,
TX,169910,FORESTBURG ISD,4819530,st_leaid,169910,FORESTBURG ISD,2024,
TX,169911,SAINT JO ISD,4838520,st_leaid,169911,SAINT JO ISD,2024,
TX,170801,TEXAS SERENITY ACADEMY,4800151,st_leaid,170801,TEXAS SERENITY ACADEMY,2024,
TX,170802,THRIVE CENTER FOR SUCCESS,4801481,st_leaid,170802,THRIVE CENTER FOR SUCCESS,2024,
TX,170902,CONROE ISD,4815000,st_leaid,170902,CONROE ISD,2024,
TX,170903,MONTGOMERY ISD,4831260,st_leaid,170903,MONTGOMERY ISD,2024,
TX,170904,WILLIS ISD,4845900,st_leaid,170904,WILLIS ISD,2024,
TX,170906,MAGNOLIA ISD,4828740,st_leaid,170906,MAGNOLIA ISD,2024,
TX,170907,SPLENDORA ISD,4841070,st_leaid,170907,SPLENDORA ISD,2024,
TX,170908,NEW CANEY ISD,4832400,st_leaid,170908,NEW CANEY ISD,2024,
TX,171901,DUMAS ISD,4817610,st_leaid,171901,DUMAS ISD,2024,
TX,171902,SUNRAY COLLEGIATE ISD,4841910,st_leaid,171902,SUNRAY COLLEGIATE ISD,2024,
TX,172902,DAINGERFIELD-LONE STAR ISD,4816180,st_leaid,172902,DAINGERFIELD-LONE STAR ISD,2024,
TX,172905,PEWITT CISD,4834800,st_leaid,172905,PEWITT CISD,2024,
TX,173901,MOTLEY COUNTY ISD,4831500,st_leaid,173901,MOTLEY COUNTY ISD,2024,
TX,174801,STEPHEN F AUSTIN STATE UNIVERSITY CHARTER SCHOOL,4801395,st_leaid,174801,STEPHEN F AUSTIN STATE UNIVERSITY CHARTER SCHOOL,2024,
TX,174901,CHIRENO ISD,4813980,st_leaid,174901,CHIRENO ISD,2024,
TX,174902,CUSHING ISD,4816080,st_leaid,174902,CUSHING ISD,2024,
TX,174903,GARRISON ISD,4820400,st_leaid,174903,GARRISON ISD,2024,
TX,174904,NACOGDOCHES ISD,4832090,st_leaid,174904,NACOGDOCHES ISD,2024,
TX,174906,WODEN ISD,4846320,st_leaid,174906,WODEN ISD,2024,
TX,174908,CENTRAL HEIGHTS ISD,4813440,st_leaid,174908,CENTRAL HEIGHTS ISD,2024,
TX,174909,MARTINSVILLE ISD,4829250,st_leaid,174909,MARTINSVILLE ISD,2024,
TX,174910,ETOILE ISD,4818660,st_leaid,174910,ETOILE ISD,2023,
TX,174911,DOUGLASS ISD,4817460,st_leaid,174911,DOUGLASS ISD,2024,
TX,175902,BLOOMING GROVE ISD,4810470,st_leaid,175902,BLOOMING GROVE ISD,2024,
TX,175903,CORSICANA ISD,4815330,st_leaid,175903,CORSICANA ISD,2024,
TX,175904,DAWSON ISD,4816380,st_leaid,175904,DAWSON ISD,2024,
TX,175905,FROST ISD,4820040,st_leaid,175905,FROST ISD,2024,
TX,175907,KERENS ISD,4825530,st_leaid,175907,KERENS ISD,2024,
TX,175910,MILDRED ISD,4830720,st_leaid,175910,MILDRED ISD,2024,
TX,175911,RICE ISD,4836960,st_leaid,175911,RICE ISD,2024,
TX,176901,BURKEVILLE ISD,4812150,st_leaid,176901,BURKEVILLE ISD,2024,
TX,176902,NEWTON ISD,4832730,st_leaid,176902,NEWTON ISD,2024,
TX,176903,DEWEYVILLE ISD,4817010,st_leaid,176903,DEWEYVILLE ISD,2024,
TX,177901,ROSCOE COLLEGIATE ISD,4837860,st_leaid,177901,ROSCOE COLLEGIATE ISD,2024,
TX,177902,SWEETWATER ISD,4842030,st_leaid,177902,SWEETWATER ISD,2024,
TX,177903,BLACKWELL CISD,4800005,st_leaid,177903,BLACKWELL CISD,2024,
TX,177905,HIGHLAND ISD,4823190,st_leaid,177905,HIGHLAND ISD,2024,
TX,178801,DR M L GARZA-GONZALEZ CHARTER SCHOOL,4800025,st_leaid,178801,DR M L GARZA-GONZALEZ CHARTER SCHOOL,2024,
TX,178807,CORPUS CHRISTI MONTESSORI SCHOOL,4800279,st_leaid,178807,CORPUS CHRISTI MONTESSORI SCHOOL,2024,
TX,178808,SEASHORE CHARTER SCHOOLS,4800289,st_leaid,178808,SEASHORE CHARTER SCHOOLS,2024,
TX,178901,AGUA DULCE ISD,4807530,st_leaid,178901,AGUA DULCE ISD,2024,
TX,178902,BISHOP CISD,4810260,st_leaid,178902,BISHOP CISD,2024,
TX,178903,CALALLEN ISD,4812420,st_leaid,178903,CALALLEN ISD,2024,
TX,178904,CORPUS CHRISTI ISD,4815270,st_leaid,178904,CORPUS CHRISTI ISD,2024,
TX,178905,DRISCOLL ISD,4817550,st_leaid,178905,DRISCOLL ISD,2024,
TX,178906,LONDON ISD,4827990,st_leaid,178906,LONDON ISD,2024,
TX,178908,PORT ARANSAS ISD,4835370,st_leaid,178908,PORT ARANSAS ISD,2024,
TX,178909,ROBSTOWN ISD,4837440,st_leaid,178909,ROBSTOWN ISD,2024,
TX,178912,TULOSO-MIDWAY ISD,4843350,st_leaid,178912,TULOSO-MIDWAY ISD,2024,
TX,178913,BANQUETE ISD,4809410,st_leaid,178913,BANQUETE ISD,2024,
TX,178914,FLOUR BLUFF ISD,4819380,st_leaid,178914,FLOUR BLUFF ISD,2024,
TX,178915,WEST OSO ISD,4845120,st_leaid,178915,WEST OSO ISD,2024,
TX,179901,PERRYTON ISD,4834650,st_leaid,179901,PERRYTON ISD,2024,
TX,180901,BOYS RANCH ISD,4811040,st_leaid,180901,BOYS RANCH ISD,2024,
TX,180902,VEGA ISD,4843980,st_leaid,180902,VEGA ISD,2024,
TX,180903,ADRIAN ISD,4807500,st_leaid,180903,ADRIAN ISD,2024,
TX,180904,WILDORADO ISD,4845840,st_leaid,180904,WILDORADO ISD,2024,
TX,181901,BRIDGE CITY ISD,4811310,st_leaid,181901,BRIDGE CITY ISD,2024,
TX,181905,ORANGEFIELD ISD,4833780,st_leaid,181905,ORANGEFIELD ISD,2024,
TX,181906,WEST ORANGE-COVE CISD,4845090,st_leaid,181906,WEST ORANGE-COVE CISD,2024,
TX,181907,VIDOR ISD,4844160,st_leaid,181907,VIDOR ISD,2024,
TX,181908,LITTLE CYPRESS-MAURICEVILLE CISD,4827690,st_leaid,181908,LITTLE CYPRESS-MAURICEVILLE CISD,2024,
TX,182901,GORDON ISD,4821180,st_leaid,182901,GORDON ISD,2024,
TX,182902,GRAFORD ISD,4821330,st_leaid,182902,GRAFORD ISD,2024,
TX,182903,MINERAL WELLS ISD,4830950,st_leaid,182903,MINERAL WELLS ISD,2024,
TX,182904,SANTO ISD,4839390,st_leaid,182904,SANTO ISD,2024,
TX,182905,STRAWN ISD,4841700,st_leaid,182905,STRAWN ISD,2024,
TX,182906,PALO PINTO ISD,4834140,st_leaid,182906,PALO PINTO ISD,2024,
TX,183801,PANOLA CHARTER SCHOOL,4800213,st_leaid,183801,PANOLA CHARTER SCHOOL,2024,
TX,183901,BECKVILLE ISD,4809690,st_leaid,183901,BECKVILLE ISD,2024,
TX,183902,CARTHAGE ISD,4813110,st_leaid,183902,CARTHAGE ISD,2024,
TX,183904,GARY ISD,4820460,st_leaid,183904,GARY ISD,2024,
TX,184801,CROSSTIMBERS ACADEMY,4800278,st_leaid,184801,CROSSTIMBERS ACADEMY,2024,
TX,184901,POOLVILLE ISD,4835340,st_leaid,184901,POOLVILLE ISD,2024,
TX,184902,SPRINGTOWN ISD,4841280,st_leaid,184902,SPRINGTOWN ISD,2024,
TX,184903,WEATHERFORD ISD,4844800,st_leaid,184903,WEATHERFORD ISD,2024,
TX,184904,MILLSAP ISD,4830870,st_leaid,184904,MILLSAP ISD,2024,
TX,184907,ALEDO ISD,4807780,st_leaid,184907,ALEDO ISD,2024,
TX,184908,PEASTER ISD,4834500,st_leaid,184908,PEASTER ISD,2024,
TX,184909,BROCK ISD,4811460,st_leaid,184909,BROCK ISD,2024,
TX,184911,GARNER ISD,4820370,st_leaid,184911,GARNER ISD,2024,
TX,185901,BOVINA ISD,4810950,st_leaid,185901,BOVINA ISD,2024,
TX,185902,FARWELL ISD,4819110,st_leaid,185902,FARWELL ISD,2024,
TX,185903,FRIONA ISD,4819980,st_leaid,185903,FRIONA ISD,2024,
TX,185904,LAZBUDDIE ISD,4826970,st_leaid,185904,LAZBUDDIE ISD,2024,
TX,186901,BUENA VISTA ISD,4811910,st_leaid,186901,BUENA VISTA ISD,2024,
TX,186902,FORT STOCKTON ISD,4820190,st_leaid,186902,FORT STOCKTON ISD,2024,
TX,186903,IRAAN-SHEFFIELD ISD,4824330,st_leaid,186903,IRAAN-SHEFFIELD COLLEGIATE ISD,2024,
TX,187901,BIG SANDY ISD,4810170,st_leaid,187901,BIG SANDY ISD,2024,
TX,187903,GOODRICH ISD,4821090,st_leaid,187903,GOODRICH ISD,2024,
TX,187904,CORRIGAN-CAMDEN ISD,4815300,st_leaid,187904,CORRIGAN-CAMDEN ISD,2024,
TX,187906,LEGGETT ISD,4827120,st_leaid,187906,LEGGETT ISD,2024,
TX,187907,LIVINGSTON ISD,4827780,st_leaid,187907,LIVINGSTON ISD,2024,
TX,187910,ONALASKA ISD,4833690,st_leaid,187910,ONALASKA ISD,2024,
TX,188901,AMARILLO ISD,4808130,st_leaid,188901,AMARILLO ISD,2024,
TX,188902,RIVER ROAD ISD,4837260,st_leaid,188902,RIVER ROAD ISD,2024,
TX,188903,HIGHLAND PARK ISD,4835560,st_leaid,188903,HIGHLAND PARK ISD,2024,
TX,188904,BUSHLAND ISD,4835570,st_leaid,188904,BUSHLAND ISD,2024,
TX,189901,MARFA ISD,4829040,st_leaid,189901,MARFA ISD,2024,
TX,189902,PRESIDIO ISD,4835800,st_leaid,189902,PRESIDIO ISD,2024,
TX,190903,RAINS ISD,4836360,st_leaid,190903,RAINS ISD,2024,
TX,191901,CANYON ISD,4812810,st_leaid,191901,CANYON ISD,2024,
TX,192901,REAGAN COUNTY ISD,4836570,st_leaid,192901,REAGAN COUNTY ISD,2024,
TX,193801,BIG SPRINGS CHARTER SCHOOL,4800227,st_leaid,193801,BIG SPRINGS CHARTER SCHOOL,2024,
TX,193902,LEAKEY ISD,4827000,st_leaid,193902,LEAKEY ISD,2024,
TX,194902,AVERY ISD,4809060,st_leaid,194902,AVERY ISD,2024,
TX,194903,RIVERCREST ISD,4842120,st_leaid,194903,RIVERCREST ISD,2024,
TX,194904,CLARKSVILLE ISD,4814190,st_leaid,194904,CLARKSVILLE ISD,2024,
TX,194905,DETROIT ISD,4816890,st_leaid,194905,DETROIT ISD,2024,
TX,195901,PECOS-BARSTOW-TOYAH ISD,4834550,st_leaid,195901,PECOS-BARSTOW-TOYAH ISD,2024,
TX,195902,BALMORHEA ISD,4809330,st_leaid,195902,BALMORHEA ISD,2024,
TX,196901,AUSTWELL-TIVOLI ISD,4809000,st_leaid,196901,AUSTWELL-TIVOLI ISD,2024,
TX,196902,WOODSBORO ISD,4846380,st_leaid,196902,WOODSBORO ISD,2024,
TX,196903,REFUGIO ISD,4836780,st_leaid,196903,REFUGIO ISD,2024,
TX,197902,MIAMI ISD,4830480,st_leaid,197902,MIAMI ISD,2024,
TX,198901,BREMOND ISD,4811250,st_leaid,198901,BREMOND ISD,2024,
TX,198902,CALVERT ISD,4812540,st_leaid,198902,CALVERT ISD,2024,
TX,198903,FRANKLIN ISD,4819740,st_leaid,198903,FRANKLIN ISD,2024,
TX,198905,HEARNE ISD,4822830,st_leaid,198905,HEARNE ISD,2024,
TX,198906,MUMFORD ISD,4831950,st_leaid,198906,MUMFORD ISD,2024,
TX,199901,ROCKWALL ISD,4837650,st_leaid,199901,ROCKWALL ISD,2024,
TX,199902,ROYSE CITY ISD,4838220,st_leaid,199902,ROYSE CITY ISD,2024,
TX,200901,BALLINGER ISD,4809300,st_leaid,200901,BALLINGER ISD,2024,
TX,200902,MILES ISD,4830750,st_leaid,200902,MILES ISD,2024,
TX,200904,WINTERS ISD,4846260,st_leaid,200904,WINTERS ISD,2024,
TX,200906,OLFEN ISD,4833570,st_leaid,200906,OLFEN ISD,2024,
TX,201902,HENDERSON ISD,4822970,st_leaid,201902,HENDERSON ISD,2024,
TX,201903,LANEVILLE ISD,4826700,st_leaid,201903,LANEVILLE ISD,2024,
TX,201904,LEVERETTS CHAPEL ISD,4827270,st_leaid,201904,LEVERETTS CHAPEL ISD,2024,
TX,201907,MOUNT ENTERPRISE ISD,4831650,st_leaid,201907,MOUNT ENTERPRISE ISD,2024,
TX,201908,OVERTON ISD,4833870,st_leaid,201908,OVERTON ISD,2024,
TX,201910,TATUM ISD,4842240,st_leaid,201910,TATUM ISD,2024,
TX,201913,CARLISLE ISD,4812870,st_leaid,201913,CARLISLE ISD,2024,
TX,201914,WEST RUSK COUNTY CONSOLIDATED ISD,4845150,st_leaid,201914,WEST RUSK COUNTY CONSOLIDATED ISD,2024,
TX,202903,HEMPHILL ISD,4822890,st_leaid,202903,HEMPHILL ISD,2024,
TX,202905,WEST SABINE ISD,4845180,st_leaid,202905,WEST SABINE ISD,2024,
TX,203901,SAN AUGUSTINE ISD,4838760,st_leaid,203901,SAN AUGUSTINE ISD,2024,
TX,203902,BROADDUS ISD,4811430,st_leaid,203902,BROADDUS ISD,2024,
TX,204901,COLDSPRING-OAKHURST CISD,4814520,st_leaid,204901,COLDSPRING-OAKHURST CISD,2024,
TX,204904,SHEPHERD ISD,4840020,st_leaid,204904,SHEPHERD ISD,2024,
TX,205901,ARANSAS PASS ISD,4808580,st_leaid,205901,ARANSAS PASS ISD,2024,
TX,205902,GREGORY-PORTLAND ISD,4821780,st_leaid,205902,GREGORY-PORTLAND ISD,2024,
TX,205903,INGLESIDE ISD,4824180,st_leaid,205903,INGLESIDE ISD,2024,
TX,205904,MATHIS ISD,4829400,st_leaid,205904,MATHIS ISD,2024,
TX,205905,ODEM-EDROY ISD,4833360,st_leaid,205905,ODEM-EDROY ISD,2024,
TX,205906,SINTON ISD,4840350,st_leaid,205906,SINTON ISD,2024,
TX,205907,TAFT ISD,4842060,st_leaid,205907,TAFT ISD,2024,
TX,206901,SAN SABA ISD,4839030,st_leaid,206901,SAN SABA ISD,2024,
TX,206902,RICHLAND SPRINGS ISD,4837080,st_leaid,206902,RICHLAND SPRINGS ISD,2024,
TX,206903,CHEROKEE ISD,4813740,st_leaid,206903,CHEROKEE ISD,2024,
TX,207901,SCHLEICHER ISD,4839510,st_leaid,207901,SCHLEICHER ISD,2024,
TX,208901,HERMLEIGH ISD,4823040,st_leaid,208901,HERMLEIGH ISD,2024,
TX,208902,SNYDER ISD,4840650,st_leaid,208902,SNYDER ISD,2024,
TX,208903,IRA ISD,4824300,st_leaid,208903,IRA ISD,2024,
TX,209901,ALBANY ISD,4807680,st_leaid,209901,ALBANY ISD,2024,
TX,209902,MORAN ISD,4831320,st_leaid,209902,MORAN ISD,2024,
TX,210901,CENTER ISD,4813320,st_leaid,210901,CENTER ISD,2024,
TX,210902,JOAQUIN ISD,4824810,st_leaid,210902,JOAQUIN ISD,2024,
TX,210903,SHELBYVILLE ISD,4839960,st_leaid,210903,SHELBYVILLE ISD,2024,
TX,210904,TENAHA ISD,4842360,st_leaid,210904,TENAHA ISD,2024,
TX,210905,TIMPSON ISD,4842840,st_leaid,210905,TIMPSON ISD,2024,
TX,210906,EXCELSIOR ISD,4818840,st_leaid,210906,EXCELSIOR ISD,2024,
TX,211901,TEXHOMA ISD,4842540,st_leaid,211901,TEXHOMA ISD,2024,
TX,211902,STRATFORD ISD,4841670,st_leaid,211902,STRATFORD ISD,2024,
TX,212801,CUMBERLAND ACADEMY,4800034,st_leaid,212801,CUMBERLAND ACADEMY,2024,
TX,212804,UT TYLER UNIVERSITY ACADEMY,4801427,st_leaid,212804,UT TYLER UNIVERSITY ACADEMY,2024,
TX,212901,ARP ISD,4808730,st_leaid,212901,ARP ISD,2024,
TX,212902,BULLARD ISD,4812060,st_leaid,212902,BULLARD ISD,2024,
TX,212903,LINDALE ISD,4827510,st_leaid,212903,LINDALE ISD,2024,
TX,212904,TROUP ISD,4843230,st_leaid,212904,TROUP ISD,2024,
TX,212905,TYLER ISD,4843470,st_leaid,212905,TYLER ISD,2024,
TX,212906,WHITEHOUSE ISD,4845600,st_leaid,212906,WHITEHOUSE ISD,2024,
TX,212909,CHAPEL HILL ISD,4813650,st_leaid,212909,CHAPEL HILL ISD,2024,
TX,212910,WINONA ISD,4846230,st_leaid,212910,WINONA ISD,2024,
TX,213801,BRAZOS RIVER CHARTER SCHOOL,4800214,st_leaid,213801,BRAZOS RIVER CHARTER SCHOOL,2024,
TX,213901,GLEN ROSE ISD,4820850,st_leaid,213901,GLEN ROSE ISD,2024,
TX,214901,RIO GRANDE CITY GRULLA ISD,4837140,st_leaid,214901,RIO GRANDE CITY GRULLA ISD,2024,
TX,214902,SAN ISIDRO ISD,4838910,st_leaid,214902,SAN ISIDRO ISD,2024,
TX,214903,ROMA ISD,4837740,st_leaid,214903,ROMA ISD,2024,
TX,215901,BRECKENRIDGE ISD,4811220,st_leaid,215901,BRECKENRIDGE ISD,2024,
TX,216901,STERLING CITY ISD,4841550,st_leaid,216901,STERLING CITY ISD,2024,
TX,217901,ASPERMONT ISD,4800006,st_leaid,217901,ASPERMONT ISD,2024,
TX,218901,SONORA ISD,4840800,st_leaid,218901,SONORA ISD,2024,
TX,219901,HAPPY ISD,4822350,st_leaid,219901,HAPPY ISD,2024,
TX,219903,TULIA ISD,4843320,st_leaid,219903,TULIA ISD,2024,
TX,219905,KRESS ISD,4825950,st_leaid,219905,KRESS ISD,2024,
TX,220801,TREETOPS SCHOOL INTERNATIONAL,4800068,st_leaid,220801,TREETOPS SCHOOL INTERNATIONAL,2024,
TX,220802,ARLINGTON CLASSICS ACADEMY,4800158,st_leaid,220802,ARLINGTON CLASSICS ACADEMY,2024,
TX,220809,FORT WORTH ACADEMY OF FINE ARTS,4800231,st_leaid,220809,FORT WORTH ACADEMY OF FINE ARTS,2024,
TX,220810,WESTLAKE ACADEMY CHARTER SCHOOL,4800254,st_leaid,220810,WESTLAKE ACADEMY CHARTER SCHOOL,2024,
TX,220811,EAST FORT WORTH MONTESSORI ACADEMY,4800255,st_leaid,220811,EAST FORT WORTH MONTESSORI ACADEMY,2024,
TX,220814,TEXAS SCHOOL OF THE ARTS,4800287,st_leaid,220814,TEXAS SCHOOL OF THE ARTS,2024,
TX,220815,CHAPEL HILL ACADEMY,4801407,st_leaid,220815,CHAPEL HILL ACADEMY,2024,
TX,220817,NEWMAN INTERNATIONAL ACADEMY OF ARLINGTON,4801421,st_leaid,220817,NEWMAN INTERNATIONAL ACADEMY OF ARLINGTON,2024,
TX,220819,HIGH POINT ACADEMY,4801450,st_leaid,220819,HIGH POINT ACADEMY,2024,
TX,220820,ROCKETSHIP PUBLIC SCHOOLS,4801482,st_leaid,220820,ROCKETSHIP PUBLIC SCHOOLS,2024,
TX,220821,ACADEMY OF VISUAL AND PERFORMING ARTS,4899131,st_leaid,220821,ACADEMY OF VISUAL AND PERFORMING ARTS,2024,
TX,220822,NEW HEIGHTS,,unmatched,,,,
TX,220901,ARLINGTON ISD,4808700,st_leaid,220901,ARLINGTON ISD,2024,
TX,220902,BIRDVILLE ISD,4810230,st_leaid,220902,BIRDVILLE ISD,2024,
TX,220904,EVERMAN ISD,4818810,st_leaid,220904,EVERMAN ISD,2024,
TX,220905,FORT WORTH ISD,4819700,st_leaid,220905,FORT WORTH ISD,2024,
TX,220906,GRAPEVINE-COLLEYVILLE ISD,4821660,st_leaid,220906,GRAPEVINE-COLLEYVILLE ISD,2024,
TX,220907,KELLER ISD,4825260,st_leaid,220907,KELLER ISD,2024,
TX,220908,MANSFIELD ISD,4828920,st_leaid,220908,MANSFIELD ISD,2024,
TX,220910,LAKE WORTH ISD,4826490,st_leaid,220910,LAKE WORTH ISD,2024,
TX,220912,CROWLEY ISD,4815910,st_leaid,220912,CROWLEY ISD,2024,
TX,220914,KENNEDALE ISD,4825500,st_leaid,220914,KENNEDALE ISD,2024,
TX,220915,AZLE ISD,4809200,st_leaid,220915,AZLE ISD,2024,
TX,220916,HURST-EULESS-BEDFORD ISD,4824060,st_leaid,220916,HURST-EULESS-BEDFORD ISD,2024,
TX,220917,CASTLEBERRY ISD,4813170,st_leaid,220917,CASTLEBERRY ISD,2024,
TX,220918,EAGLE MT-SAGINAW ISD,4817700,st_leaid,220918,EAGLE MT-SAGINAW ISD,2024,
TX,220919,CARROLL ISD,4813020,st_leaid,220919,CARROLL ISD,2024,
TX,220920,WHITE SETTLEMENT ISD,4845540,st_leaid,220920,WHITE SETTLEMENT ISD,2024,
TX,221801,TEXAS COLLEGE PREPARATORY ACADEMIES,4800163,st_leaid,221801,TEXAS COLLEGE PREPARATORY ACADEMIES,2024,
TX,221901,ABILENE ISD,4807440,st_leaid,221901,ABILENE ISD,2024,
TX,221904,MERKEL ISD,4830340,st_leaid,221904,MERKEL ISD,2024,
TX,221905,TRENT ISD,4843110,st_leaid,221905,TRENT ISD,2024,
TX,221911,JIM NED CISD,4824780,st_leaid,221911,JIM NED CISD,2024,
TX,221912,WYLIE ISD,4846500,st_leaid,221912,WYLIE ISD,2024,
TX,222901,TERRELL COUNTY ISD,4842420,st_leaid,222901,TERRELL COUNTY ISD,2024,
TX,223901,BROWNFIELD ISD,4811610,st_leaid,223901,BROWNFIELD ISD,2024,
TX,223902,MEADOW ISD,4830000,st_leaid,223902,MEADOW ISD,2024,
TX,223904,WELLMAN-UNION CISD,4844910,st_leaid,223904,WELLMAN-UNION CISD,2024,
TX,224901,THROCKMORTON COLLEGIATE ISD,4842780,st_leaid,224901,THROCKMORTON COLLEGIATE ISD,2024,
TX,224902,WOODSON ISD,4846410,st_leaid,224902,WOODSON ISD,2024,
TX,225902,MOUNT PLEASANT ISD,4831760,st_leaid,225902,MOUNT PLEASANT ISD,2024,
TX,225906,CHAPEL HILL ISD,4813680,st_leaid,225906,CHAPEL HILL ISD,2024,
TX,225907,HARTS BLUFF ISD,4822710,st_leaid,225907,HARTS BLUFF ISD,2024,
TX,226801,TEXAS LEADERSHIP PUBLIC SCHOOLS,4801409,st_leaid,226801,TEXAS LEADERSHIP PUBLIC SCHOOLS,2024,
TX,226901,CHRISTOVAL ISD,4814010,st_leaid,226901,CHRISTOVAL ISD,2024,
TX,226903,SAN ANGELO ISD,4838700,st_leaid,226903,SAN ANGELO ISD,2024,
TX,226905,WATER VALLEY ISD,4844710,st_leaid,226905,WATER VALLEY ISD,2024,
TX,226906,WALL ISD,4844410,st_leaid,226906,WALL ISD,2024,
TX,226907,GRAPE CREEK ISD,4821600,st_leaid,226907,GRAPE CREEK ISD,2024,
TX,226908,VERIBEST ISD,4844040,st_leaid,226908,VERIBEST ISD,2024,
TX,227506,UNIVERSITY OF TEXAS AT AUSTIN H S,4801473,st_leaid,227506,UNIVERSITY OF TEXAS AT AUSTIN H S,2024,
TX,227803,WAYSIDE SCHOOLS,4800044,st_leaid,227803,WAYSIDE SCHOOLS,2024,
TX,227804,NYOS CHARTER SCHOOL,4800058,st_leaid,227804,NYOS CHARTER SCHOOL,2024,
TX,227805,TEXAS EMPOWERMENT ACADEMY,4800066,st_leaid,227805,TEXAS EMPOWERMENT ACADEMY,2024,
TX,227806,UNIVERSITY OF TEXAS UNIVERSITY CHARTER SCHOOL,4800071,st_leaid,227806,UNIVERSITY OF TEXAS UNIVERSITY CHARTER SCHOOL,2024,
TX,227814,CHAPARRAL STAR ACADEMY,4800064,st_leaid,227814,CHAPARRAL STAR ACADEMY,2024,
TX,227816,HARMONY PUBLIC SCHOOLS - CENTRAL TEXAS,4800241,st_leaid,227816,HARMONY PUBLIC SCHOOLS - CENTRAL TEXAS,2024,
TX,227817,CEDARS INTERNATIONAL ACADEMY,4800232,st_leaid,227817,CEDARS INTERNATIONAL ACADEMY,2024,
TX,227819,UNIVERSITY OF TEXAS ELEMENTARY CHARTER SCHOOL,4800251,st_leaid,227819,UNIVERSITY OF TEXAS ELEMENTARY CHARTER SCHOOL,2024,
TX,227820,KIPP TEXAS PUBLIC SCHOOLS,4800264,st_leaid,227820,KIPP TEXAS PUBLIC SCHOOLS,2024,
TX,227821,AUSTIN DISCOVERY SCHOOL,4800265,st_leaid,227821,AUSTIN DISCOVERY SCHOOL,2024,
TX,227824,VALERE PUBLIC SCHOOLS,4801414,st_leaid,227824,VALERE PUBLIC SCHOOLS,2024,
TX,227825,AUSTIN ACHIEVE PUBLIC SCHOOLS,4801431,st_leaid,227825,AUSTIN ACHIEVE PUBLIC SCHOOLS,2024,
TX,227826,MONTESSORI FOR ALL,4801442,st_leaid,227826,MONTESSORI FOR ALL,2024,
TX,227827,THE EXCEL CENTER - FOR ADULTS,4801448,st_leaid,227827,THE EXCEL CENTER (FOR ADULTS),2024,
TX,227829,VALOR PUBLIC SCHOOLS,4801461,st_leaid,227829,VALOR PUBLIC SCHOOLS,2024,
TX,227901,AUSTIN ISD,4808940,st_leaid,227901,AUSTIN ISD,2024,
TX,227904,PFLUGERVILLE ISD,4834830,st_leaid,227904,PFLUGERVILLE ISD,2024,
TX,227907,MANOR ISD,4828890,st_leaid,227907,MANOR ISD,2024,
TX,227909,EANES ISD,4817760,st_leaid,227909,EANES ISD,2024,
TX,227910,DEL VALLE ISD,4816620,st_leaid,227910,DEL VALLE ISD,2024,
TX,227912,LAGO VISTA ISD,4826400,st_leaid,227912,LAGO VISTA ISD,2024,
TX,227913,LAKE TRAVIS ISD,4826470,st_leaid,227913,LAKE TRAVIS ISD,2024,
TX,228901,GROVETON ISD,4821900,st_leaid,228901,GROVETON ISD,2024,
TX,228903,TRINITY ISD,4843200,st_leaid,228903,TRINITY ISD,2024,
TX,228904,CENTERVILLE ISD,4813380,st_leaid,228904,CENTERVILLE ISD,2024,
TX,228905,APPLE SPRINGS ISD,4808490,st_leaid,228905,APPLE SPRINGS ISD,2024,
TX,229901,COLMESNEIL ISD,4814600,st_leaid,229901,COLMESNEIL ISD,2024,
TX,229903,WOODVILLE ISD,4846440,st_leaid,229903,WOODVILLE ISD,2024,
TX,229904,WARREN ISD,4844580,st_leaid,229904,WARREN ISD,2024,
TX,229905,SPURGER ISD,4841340,st_leaid,229905,SPURGER ISD,2024,
TX,229906,CHESTER ISD,4813770,st_leaid,229906,CHESTER ISD,2024,
TX,230901,BIG SANDY ISD,4810140,st_leaid,230901,BIG SANDY ISD,2024,
TX,230902,GILMER ISD,4820700,st_leaid,230902,GILMER ISD,2024,
TX,230903,ORE CITY ISD,4833840,st_leaid,230903,ORE CITY ISD,2024,
TX,230904,UNION HILL ISD,4843560,st_leaid,230904,UNION HILL ISD,2024,
TX,230905,HARMONY ISD,4822560,st_leaid,230905,HARMONY ISD,2024,
TX,230906,NEW DIANA ISD,4832460,st_leaid,230906,NEW DIANA ISD,2024,
TX,230908,UNION GROVE ISD,4843530,st_leaid,230908,UNION GROVE ISD,2024,
TX,231901,MCCAMEY ISD,4829700,st_leaid,231901,MCCAMEY ISD,2024,
TX,231902,RANKIN ISD,4836510,st_leaid,231902,RANKIN ISD,2024,
TX,232901,KNIPPA ISD,4825800,st_leaid,232901,KNIPPA ISD,2024,
TX,232902,SABINAL ISD,4838430,st_leaid,232902,SABINAL ISD,2024,
TX,232903,UVALDE CISD,4843720,st_leaid,232903,UVALDE CISD,2024,
TX,232904,UTOPIA ISD,4843680,st_leaid,232904,UTOPIA ISD,2024,
TX,233901,SAN FELIPE-DEL RIO CISD,4838900,st_leaid,233901,SAN FELIPE-DEL RIO CISD,2024,
TX,233903,COMSTOCK ISD,4814920,st_leaid,233903,COMSTOCK ISD,2024,
TX,234801,RANCH ACADEMY,4800171,st_leaid,234801,RANCH ACADEMY,2024,
TX,234902,CANTON ISD,4812750,st_leaid,234902,CANTON ISD,2024,
TX,234903,EDGEWOOD ISD,4818120,st_leaid,234903,EDGEWOOD ISD,2024,
TX,234904,GRAND SALINE ISD,4821450,st_leaid,234904,GRAND SALINE ISD,2024,
TX,234905,MARTINS MILL ISD,4829220,st_leaid,234905,MARTINS MILL ISD,2024,
TX,234906,VAN ISD,4843920,st_leaid,234906,VAN ISD,2024,
TX,234907,WILLS POINT ISD,4845950,st_leaid,234907,WILLS POINT ISD,2024,
TX,234909,FRUITVALE ISD,4820070,st_leaid,234909,FRUITVALE ISD,2024,
TX,235901,BLOOMINGTON ISD,4810500,st_leaid,235901,BLOOMINGTON ISD,2024,
TX,235902,VICTORIA ISD,4844150,st_leaid,235902,VICTORIA ISD,2024,
TX,235904,NURSERY ISD,4833270,st_leaid,235904,NURSERY ISD,2024,
TX,236801,RAVEN SCHOOL,4800048,st_leaid,236801,RAVEN SCHOOL,2024,
TX,236802,SAM HOUSTON STATE UNIVERSITY CHARTER SCHOOL,4801454,st_leaid,236802,SAM HOUSTON STATE UNIVERSITY CHARTER SCHOOL,2024,
TX,236901,NEW WAVERLY ISD,4832640,st_leaid,236901,NEW WAVERLY ISD,2024,
TX,236902,HUNTSVILLE ISD,4824030,st_leaid,236902,HUNTSVILLE ISD,2024,
TX,237902,HEMPSTEAD ISD,4822920,st_leaid,237902,HEMPSTEAD ISD,2024,
TX,237904,WALLER ISD,4844430,st_leaid,237904,WALLER ISD,2024,
TX,237905,ROYAL ISD,4838190,st_leaid,237905,ROYAL ISD,2024,
TX,238902,MONAHANS-WICKETT-PYOTE ISD,4831170,st_leaid,238902,MONAHANS-WICKETT-PYOTE ISD,2024,
TX,238904,GRANDFALLS-ROYALTY ISD,4821480,st_leaid,238904,GRANDFALLS-ROYALTY ISD,2024,
TX,239901,BRENHAM ISD,4811280,st_leaid,239901,BRENHAM ISD,2024,
TX,239903,BURTON ISD,4812240,st_leaid,239903,BURTON ISD,2024,
TX,240801,TRIUMPH PUBLIC HIGH SCHOOLS-LAREDO,4800174,st_leaid,240801,TRIUMPH PUBLIC HIGH SCHOOLS-LAREDO,2024,
TX,240901,LAREDO ISD,4826790,st_leaid,240901,LAREDO ISD,2024,
TX,240903,UNITED ISD,4843650,st_leaid,240903,UNITED ISD,2024,
TX,240904,WEBB CISD,4844810,st_leaid,240904,WEBB CISD,2024,
TX,241901,BOLING ISD,4810780,st_leaid,241901,BOLING ISD,2024,
TX,241902,EAST BERNARD ISD,4817830,st_leaid,241902,EAST BERNARD ISD,2024,
TX,241903,EL CAMPO ISD,4818280,st_leaid,241903,EL CAMPO ISD,2024,
TX,241904,WHARTON ISD,4845380,st_leaid,241904,WHARTON ISD,2024,
TX,241906,LOUISE ISD,4828350,st_leaid,241906,LOUISE ISD,2024,
TX,242902,SHAMROCK ISD,4839900,st_leaid,242902,SHAMROCK ISD,2024,
TX,242903,WHEELER ISD,4845420,st_leaid,242903,WHEELER ISD,2024,
TX,242905,KELTON ISD,4825290,st_leaid,242905,KELTON ISD,2024,
TX,242906,FORT ELLIOTT CISD,4811400,st_leaid,242906,FORT ELLIOTT CISD,2024,
TX,243901,BURKBURNETT ISD,4812120,st_leaid,243901,BURKBURNETT ISD,2024,
TX,243902,ELECTRA ISD,4818330,st_leaid,243902,ELECTRA ISD,2024,
TX,243903,IOWA PARK CISD,4824260,st_leaid,243903,IOWA PARK CISD,2024,
TX,243905,WICHITA FALLS ISD,4845780,st_leaid,243905,WICHITA FALLS ISD,2024,
TX,243906,CITY VIEW ISD,4814130,st_leaid,243906,CITY VIEW ISD,2024,
TX,244901,HARROLD ISD,4822620,st_leaid,244901,HARROLD ISD,2024,
TX,244903,VERNON ISD,4844110,st_leaid,244903,VERNON ISD,2024,
TX,244905,NORTHSIDE ISD,4833090,st_leaid,244905,NORTHSIDE ISD,2024,
TX,245901,LASARA ISD,4826850,st_leaid,245901,LASARA ISD,2024,
TX,245902,LYFORD CISD,4828620,st_leaid,245902,LYFORD CISD,2024,
TX,245903,RAYMONDVILLE ISD,4836540,st_leaid,245903,RAYMONDVILLE ISD,2024,
TX,245904,SAN PERLITA ISD,4839000,st_leaid,245904,SAN PERLITA ISD,2024,
TX,246801,MERIDIAN WORLD SCHOOL LLC,4801422,st_leaid,246801,MERIDIAN WORLD SCHOOL LLC,2024,
TX,246802,GOODWATER MONTESSORI SCHOOL,4801458,st_leaid,246802,GOODWATER MONTESSORI SCHOOL,2024,
TX,246902,FLORENCE ISD,4819320,st_leaid,246902,FLORENCE ISD,2024,
TX,246904,GEORGETOWN ISD,4820600,st_leaid,246904,GEORGETOWN ISD,2024,
TX,246905,GRANGER ISD,4821590,st_leaid,246905,GRANGER ISD,2024,
TX,246906,HUTTO ISD,4824100,st_leaid,246906,HUTTO ISD,2024,
TX,246907,JARRELL ISD,4824600,st_leaid,246907,JARRELL ISD,2024,
TX,246908,LIBERTY HILL ISD,4827420,st_leaid,246908,LIBERTY HILL ISD,2024,
TX,246909,ROUND ROCK ISD,4838080,st_leaid,246909,ROUND ROCK ISD,2024,
TX,246911,TAYLOR ISD,4842280,st_leaid,246911,TAYLOR ISD,2024,
TX,246912,THRALL ISD,4842660,st_leaid,246912,THRALL ISD,2024,
TX,246913,LEANDER ISD,4827030,st_leaid,246913,LEANDER ISD,2024,
TX,246914,COUPLAND ISD,4815420,st_leaid,246914,COUPLAND ISD,2024,
TX,247901,FLORESVILLE ISD,4819350,st_leaid,247901,FLORESVILLE ISD,2024,
TX,247903,LA VERNIA ISD,4826310,st_leaid,247903,LA VERNIA ISD,2024,
TX,247904,POTH ISD,4835550,st_leaid,247904,POTH ISD,2024,
TX,247906,STOCKDALE ISD,4841610,st_leaid,247906,STOCKDALE ISD,2024,
TX,248901,KERMIT ISD,4825560,st_leaid,248901,KERMIT ISD,2024,
TX,248902,WINK-LOVING ISD,4846170,st_leaid,248902,WINK-LOVING ISD,2024,
TX,249901,ALVORD ISD,4808100,st_leaid,249901,ALVORD ISD,2024,
TX,249902,BOYD ISD,4811010,st_leaid,249902,BOYD ISD,2024,
TX,249903,BRIDGEPORT ISD,4811340,st_leaid,249903,BRIDGEPORT ISD,2024,
TX,249904,CHICO ISD,4813800,st_leaid,249904,CHICO ISD,2024,
TX,249905,DECATUR ISD,4816500,st_leaid,249905,DECATUR ISD,2024,
TX,249906,PARADISE ISD,4834260,st_leaid,249906,PARADISE ISD,2024,
TX,249908,SLIDELL ISD,4840470,st_leaid,249908,SLIDELL ISD,2024,
TX,250902,HAWKINS ISD,4822770,st_leaid,250902,HAWKINS ISD,2024,
TX,250903,MINEOLA ISD,4830930,st_leaid,250903,MINEOLA ISD,2024,
TX,250904,QUITMAN ISD,4836300,st_leaid,250904,QUITMAN ISD,2024,
TX,250905,YANTIS ISD,4846590,st_leaid,250905,YANTIS ISD,2024,
TX,250906,ALBA-GOLDEN ISD,4807650,st_leaid,250906,ALBA-GOLDEN ISD,2024,
TX,250907,WINNSBORO ISD,4846200,st_leaid,250907,WINNSBORO ISD,2024,
TX,251901,DENVER CITY ISD,4816770,st_leaid,251901,DENVER CITY ISD,2024,
TX,251902,PLAINS ISD,4835040,st_leaid,251902,PLAINS ISD,2024,
TX,252901,GRAHAM ISD,4821360,st_leaid,252901,GRAHAM ISD,2024,
TX,252902,NEWCASTLE ISD,4832700,st_leaid,252902,NEWCASTLE ISD,2024,
TX,252903,OLNEY ISD,4833630,st_leaid,252903,OLNEY ISD,2024,
TX,253901,ZAPATA COUNTY ISD,4846710,st_leaid,253901,ZAPATA COUNTY ISD,2024,
TX,254901,CRYSTAL CITY ISD,4815930,st_leaid,254901,CRYSTAL CITY ISD,2024,
TX,254902,LA PRYOR ISD,4826250,st_leaid,254902,LA PRYOR ISD,2024,
UT,,Academy for Math Engineering & Science,4900017,name,83,Academy for Math Engineering & Science,2024,confirmed 2026-09-16
UT,,Alpine District,4900030,name,01,Alpine District,2024,confirmed 2026-09-16
UT,,American Academy of Innovation,4900186,name,8K,American Academy of Innovation,2024,confirmed 2026-09-16
UT,,American Leadership Academy,4900033,name,8B,American Leadership Academy,2024,confirmed 2026-09-16
UT,,American Preparatory Academy,4900005,name,74,American Preparatory Academy,2024,confirmed 2026-09-16
UT,,Ascent Academies of Utah,4900174,name,2J,Ascent Academies of Utah,2024,confirmed 2026-09-16
UT,,Athenian eAcademy,4900181,name,4K,Athenian eAcademy,2024,confirmed 2026-09-16
UT,,Athlos Academy of Utah,4900189,name,1L,Athlos Academy of Utah,2024,confirmed 2026-09-16
UT,,Beaver District,4900060,name,02,Beaver District,2024,confirmed 2026-09-16
UT,,Beehive Science & Technology Academy,4900023,name,3B,Beehive Science & Technology Academy,2024,confirmed 2026-09-16
UT,,Box Elder District,4900090,name,03,Box Elder District,2024,confirmed 2026-09-16
UT,,Cache District,4900120,name,04,Cache District,2024,confirmed 2026-09-16
UT,,Canyon Grove Academy,4900143,name,5G,Canyon Grove Academy,2024,confirmed 2026-09-16
UT,,Canyons District,4900142,name,42,Canyons District,2024,confirmed 2026-09-16
UT,,Carbon District,4900150,name,05,Carbon District,2024,confirmed 2026-09-16
UT,,Career Academy of Utah,4900206,name,7M,Career Academy of Utah,2024,confirmed 2026-09-16
UT,,City Academy,4900009,name,87,City Academy,2024,confirmed 2026-09-16
UT,,Daggett District,4900180,name,06,Daggett District,2024,confirmed 2026-09-16
UT,,Davinci Academy,4900065,name,A3,Davinci Academy,2024,confirmed 2026-09-16
UT,,Davis District,4900210,name,07,Davis District,2024,confirmed 2026-09-16
UT,,Duchesne District,4900240,name,08,Duchesne District,2024,confirmed 2026-09-16
UT,,Early Light Academy at Daybreak,4900140,name,6F,Early Light Academy at Daybreak,2024,confirmed 2026-09-16
UT,,East Hollywood High,4900036,name,A8,East Hollywood High,2024,confirmed 2026-09-16
UT,,Emery District,4900270,name,09,Emery District,2024,confirmed 2026-09-16
UT,,Fast Forward High,4900019,name,98,Fast Forward High,2024,confirmed 2026-09-16
UT,,Freedom Preparatory Academy,4900062,name,82,Freedom Preparatory Academy,2024,confirmed 2026-09-16
UT,,Garfield District,4900300,name,10,Garfield District,2024,confirmed 2026-09-16
UT,,Grand District,4900330,name,11,Grand District,2024,confirmed 2026-09-16
UT,,Granite District,4900360,name,12,Granite District,2024,confirmed 2026-09-16
UT,,Hawthorn Academy,4900137,name,8F,Hawthorn Academy,2024,confirmed 2026-09-16
UT,,Highmark Charter School,4900156,name,5H,Highmark Charter School,2024,confirmed 2026-09-16
UT,,Intech Collegiate Academy,4900039,name,2C,Intech Collegiate Academy,2024,confirmed 2026-09-16
UT,,InTech Collegiate Academy,4900039,name,2C,Intech Collegiate Academy,2024,confirmed 2026-09-16
UT,,Iron District,4900390,name,13,Iron District,2024,confirmed 2026-09-16
UT,,Itineris Early College High,4900067,name,A5,Itineris Early College High,2024,confirmed 2026-09-16
UT,,Jordan District,4900420,name,14,Jordan District,2024,confirmed 2026-09-16
UT,,Juab District,4900450,name,15,Juab District,2024,confirmed 2026-09-16
UT,,Kane District,4900480,name,16,Kane District,2024,confirmed 2026-09-16
UT,,Karl G. Maeser Preparatory Academy,4900056,name,2E,Karl G. Maeser Preparatory Academy,2024,confirmed 2026-09-16
UT,,Lakeview Academy,4900043,name,4C,Lakeview Academy,2024,confirmed 2026-09-16
UT,,Leadership Academy of Utah,4900196,name,3L,Leadership Academy of Utah,2024,confirmed 2026-09-16
UT,,Legacy Preparatory Academy,4900045,name,5C,Legacy Preparatory Academy,2024,confirmed 2026-09-16
UT,,Lincoln Academy,4900022,name,2B,Lincoln Academy,2024,confirmed 2026-09-16
UT,,Logan City District,4900510,name,39,Logan City District,2024,confirmed 2026-09-16
UT,,Lumen Scholar Institute,4900182,name,9J,Lumen Scholar Institute,2024,confirmed 2026-09-16
UT,,Mana Academy Charter School,4900165,name,4I,Mana Academy Charter School,2024,confirmed 2026-09-16
UT,,Maria Montessori Academy,4900144,name,4G,Maria Montessori Academy,2024,confirmed 2026-09-16
UT,,Merit College Preparatory Academy,4900131,name,8E,Merit College Preparatory Academy,2024,confirmed 2026-09-16
UT,,Millard District,4900540,name,17,Millard District,2024,confirmed 2026-09-16
UT,,Morgan District,4900570,name,18,Morgan District,2024,confirmed 2026-09-16
UT,,Mountain Heights Academy,4900138,name,9F,Mountain Heights Academy,2024,confirmed 2026-09-16
UT,,Mountain West Montessori Academy,4900175,name,5J,Mountain West Montessori Academy,2024,confirmed 2026-09-16
UT,,Mountainville Academy,4900051,name,8C,Mountainville Academy,2024,confirmed 2026-09-16
UT,,Murray District,4900600,name,40,Murray District,2024,confirmed 2026-09-16
UT,,Nebo District,4900630,name,19,Nebo District,2024,confirmed 2026-09-16
UT,,No. UT. Acad. for Math Engineering & Science,4900063,name,A1,No. UT. Acad. for Math Engineering & Science,2024,confirmed 2026-09-16
UT,,North Davis Preparatory Academy,4900068,name,A6,North Davis Preparatory Academy,2024,confirmed 2026-09-16
UT,,North Sanpete District,4900660,name,20,North Sanpete District,2024,confirmed 2026-09-16
UT,,North Star Academy,4900025,name,5B,North Star Academy,2024,confirmed 2026-09-16
UT,,North Summit District,4900690,name,21,North Summit District,2024,confirmed 2026-09-16
UT,,Ogden City District,4900720,name,37,Ogden City District,2024,confirmed 2026-09-16
UT,,Ogden Preparatory Academy,4900058,name,68,Ogden Preparatory Academy,2024,confirmed 2026-09-16
UT,,Paradigm High School,4900052,name,9C,Paradigm High School,2024,confirmed 2026-09-16
UT,,Park City District,4900750,name,22,Park City District,2024,confirmed 2026-09-16
UT,,Pinnacle Canyon Academy,4900008,name,86,Pinnacle Canyon Academy,2024,confirmed 2026-09-16
UT,,Piute District,4900780,name,23,Piute District,2024,confirmed 2026-09-16
UT,,Providence Hall,4900124,name,9E,Providence Hall,2024,confirmed 2026-09-16
UT,,Provo District,4900810,name,38,Provo District,2024,confirmed 2026-09-16
UT,,Quest Academy,4900132,name,1F,Quest Academy,2024,confirmed 2026-09-16
UT,,Real Salt Lake Academy High School,,unmatched,,,,
UT,,Renaissance Academy,4900038,name,1D,Renaissance Academy,2024,confirmed 2026-09-16
UT,,Rich District,4900840,name,24,Rich District,2024,confirmed 2026-09-16
UT,,Rockwell Charter High School,4900125,name,2F,Rockwell Charter High School,2024,confirmed 2026-09-16
UT,,Roots Charter High School,4900178,name,3K,Roots Charter High School,2024,confirmed 2026-09-16
UT,,Salt Lake Academy High School,4900197,name,8L,Salt Lake Academy High School,2024,confirmed 2026-09-16
UT,,Salt Lake Center for Science Education,4900123,name,4F,Salt Lake Center for Science Education,2024,confirmed 2026-09-16
UT,,Salt Lake District,4900870,name,36,Salt Lake District,2024,confirmed 2026-09-16
UT,,Salt Lake School for the Performing Arts,4900050,name,7D,Salt Lake School for the Performing Arts,2024,confirmed 2026-09-16
UT,,San Juan District,4900900,name,25,San Juan District,2024,confirmed 2026-09-16
UT,,Sevier District,4900930,name,26,Sevier District,2024,confirmed 2026-09-16
UT,,South Sanpete District,4900960,name,27,South Sanpete District,2024,confirmed 2026-09-16
UT,,South Summit District,4900990,name,28,South Summit District,2024,confirmed 2026-09-16
UT,,Spectrum Academy,4900042,name,3D,Spectrum Academy,2024,confirmed 2026-09-16
UT,,St. George Academy,4900188,name,9K,St. George Academy,2024,confirmed 2026-09-16
UT,,Success Academy,4900037,name,A9,Success Academy,2024,confirmed 2026-09-16
UT,,Summit Academy,4900066,name,A4,Summit Academy,2024,confirmed 2026-09-16
UT,,Summit Academy High School,4900148,name,7G,Summit Academy High School,2024,confirmed 2026-09-16
UT,,Syracuse Arts Academy,4900044,name,4D,Syracuse Arts Academy,2024,confirmed 2026-09-16
UT,,Terra Academy,4900179,name,8J,Terra Academy,2024,confirmed 2026-09-16
UT,,Tintic District,4901020,name,29,Tintic District,2024,confirmed 2026-09-16
UT,,Tooele District,4901050,name,30,Tooele District,2024,confirmed 2026-09-16
UT,,Uintah District,4901080,name,31,Uintah District,2024,confirmed 2026-09-16
UT,,Uintah River High,4900013,name,92,Uintah River High,2024,confirmed 2026-09-16
UT,,Utah Arts Academy,4900012,name,91,Utah Arts Academy,2024,confirmed 2026-09-16
UT,,Utah Arts Academy OLD,,unmatched,,,,
UT,,Utah Career Path High School,4900171,name,9I,Utah Career Path High School,2024,confirmed 2026-09-16
UT,,Utah Connections Academy,4900151,name,2H,Utah Connections Academy,2024,confirmed 2026-09-16
UT,,Utah County Academy of Science,4900020,name,1B,Utah County Academy of Science,2024,confirmed 2026-09-16
UT,,Utah International Charter School,4900166,name,1I,Utah International Charter School,2024,confirmed 2026-09-16
UT,,Utah Military Academy,4900176,name,2K,Utah Military Academy,2024,confirmed 2026-09-16
UT,,Utah Schools for Deaf & Blind,4900069,name,41,Utah Schools for the Deaf and the Blind,2024,confirmed 2026-09-16 (same entity; wording differs)
UT,,Utah Schools for the Deaf and the Blind,4900069,name,41,Utah Schools for the Deaf and the Blind,2024,confirmed 2026-09-16 (same entity; wording differs)
UT,,Utah Virtual Academy,4900130,name,5F,Utah Virtual Academy,2024,confirmed 2026-09-16
UT,,Vanguard Academy,4900183,name,1K,Vanguard Academy,2024,confirmed 2026-09-16
UT,,Venture Academy,4900133,name,3F,Venture Academy,2024,confirmed 2026-09-16
UT,,Vista School,4900141,name,2G,Vista School,2024,confirmed 2026-09-16
UT,,Walden School of Liberal Arts,4900061,name,81,Walden School of Liberal Arts,2024,confirmed 2026-09-16
UT,,Wallace Stegner Academy,4900184,name,7K,Wallace Stegner Academy,2024,confirmed 2026-09-16
UT,,Wasatch District,4901110,name,32,Wasatch District,2024,confirmed 2026-09-16
UT,,Washington District,4901140,name,33,Washington District,2024,confirmed 2026-09-16
UT,,Wayne District,4901170,name,34,Wayne District,2024,confirmed 2026-09-16
UT,,Weber District,4901200,name,35,Weber District,2024,confirmed 2026-09-16
VA,001,Accomack County,5100060,st_leaid,001,Accomack County Public Schools,2024,
VA,002,Albemarle County,5100090,st_leaid,002,Albemarle County Public Schools,2024,
VA,003,Alleghany Highlands,5100152,st_leaid,003,Alleghany Highlands Public Schools,2024,
VA,004,Amelia County,5100180,st_leaid,004,Amelia County Public Schools,2024,
VA,005,Amherst County,5100210,st_leaid,005,Amherst County Public Schools,2024,
VA,006,Appomattox County,5100240,st_leaid,006,Appomattox County Public Schools,2024,
VA,007,Arlington County,5100270,st_leaid,007,Arlington County Public Schools,2024,
VA,008,Augusta County,5100300,st_leaid,008,Augusta County Public Schools,2024,
VA,009,Bath County,5100330,st_leaid,009,Bath County Public Schools,2024,
VA,010,Bedford County,5100360,st_leaid,010,Bedford County Public Schools,2024,
VA,011,Bland County,5100390,st_leaid,011,Bland County Public Schools,2024,
VA,012,Botetourt County,5100420,st_leaid,012,Botetourt County Public Schools,2024,
VA,013,Brunswick County,5100480,st_leaid,013,Brunswick County Public Schools,2024,
VA,014,Buchanan County,5100510,st_leaid,014,Buchanan County Public Schools,2024,
VA,015,Buckingham County,5100540,st_leaid,015,Buckingham County Public Schools,2024,
VA,016,Campbell County,5100600,st_leaid,016,Campbell County Public Schools,2024,
VA,017,Caroline County,5100660,st_leaid,017,Caroline County Public Schools,2024,
VA,018,Carroll County,5100690,st_leaid,018,Carroll County Public Schools,2024,
VA,019,Charles City County,5100720,st_leaid,019,Charles City County Public Schools,2024,
VA,020,Charlotte County,5100750,st_leaid,020,Charlotte County Public Schools,2024,
VA,021,Chesterfield County,5100840,st_leaid,021,Chesterfield County Public Schools,2024,
VA,022,Clarke County,5100870,st_leaid,022,Clarke County Public Schools,2024,
VA,023,Craig County,5101020,st_leaid,023,Craig County Public Schools,2024,
VA,024,Culpeper County,5101050,st_leaid,024,Culpeper County Public Schools,2024,
VA,025,Cumberland County,5101080,st_leaid,025,Cumberland County Public Schools,2024,
VA,026,Dickenson County,5101140,st_leaid,026,Dickenson County Public Schools,2024,
VA,027,Dinwiddie County,5101170,st_leaid,027,Dinwiddie County Public Schools,2024,
VA,028,Essex County,5101200,st_leaid,028,Essex County Public Schools,2024,
VA,029,Fairfax County,5101260,st_leaid,029,Fairfax County Public Schools,2024,
VA,030,Fauquier County,5101320,st_leaid,030,Fauquier County Public Schools,2024,
VA,031,Floyd County,5101350,st_leaid,031,Floyd County Public Schools,2024,
VA,032,Fluvanna County,5101380,st_leaid,032,Fluvanna County Public Schools,2024,
VA,033,Franklin County,5101440,st_leaid,033,Franklin County Public Schools,2024,
VA,034,Frederick County,5101470,st_leaid,034,Frederick County Public Schools,2024,
VA,035,Giles County,5101590,st_leaid,035,Giles County Public Schools,2024,
VA,036,Gloucester County,5101620,st_leaid,036,Gloucester County Public Schools,2024,
VA,037,Goochland County,5101650,st_leaid,037,Goochland County Public Schools,2024,
VA,038,Grayson County,5101690,st_leaid,038,Grayson County Public Schools,2024,
VA,039,Greene County,5101710,st_leaid,039,Greene County Public Schools,2024,
VA,040,Greensville County,5101740,st_leaid,040,Greensville County Public Schools,2024,
VA,041,Halifax County,5101770,st_leaid,041,Halifax County Public Schools,2024,
VA,042,Hanover County,5101830,st_leaid,042,Hanover County Public Schools,2024,
VA,043,Henrico County,5101890,st_leaid,043,Henrico County Public Schools,2024,
VA,044,Henry County,5101920,st_leaid,044,Henry County Public Schools,2024,
VA,045,Highland County,5101950,st_leaid,045,Highland County Public Schools,2024,
VA,046,Isle of Wight County,5102010,st_leaid,046,Isle of Wight County Public Schools,2024,
VA,048,King George County,5102100,st_leaid,048,King George County Public Schools,2024,
VA,049,King and Queen County,5102070,st_leaid,049,King and Queen County Public Schools,2024,
VA,050,King William County,5102120,st_leaid,050,King William County Public Schools,2024,
VA,051,Lancaster County,5102160,st_leaid,051,Lancaster County Public Schools,2024,
VA,052,Lee County,5102190,st_leaid,052,Lee County Public Schools,2024,
VA,053,Loudoun County,5102250,st_leaid,053,Loudoun County Public Schools,2024,
VA,054,Louisa County,5102280,st_leaid,054,Louisa County Public Schools,2024,
VA,055,Lunenburg County,5102310,st_leaid,055,Lunenburg County Public Schools,2024,
VA,056,Madison County,5102370,st_leaid,056,Madison County Public Schools,2024,
VA,057,Mathews County,5102430,st_leaid,057,Mathews County Public Schools,2024,
VA,058,Mecklenburg County,5102460,st_leaid,058,Mecklenburg County Public Schools,2024,
VA,059,Middlesex County,5102490,st_leaid,059,Middlesex County Public Schools,2024,
VA,060,Montgomery County,5102520,st_leaid,060,Montgomery County Public Schools,2024,
VA,062,Nelson County,5102580,st_leaid,062,Nelson County Public Schools,2024,
VA,063,New Kent County,5102610,st_leaid,063,New Kent County Public Schools,2024,
VA,065,Northampton County,5102710,st_leaid,065,Northampton County Public Schools,2024,
VA,066,Northumberland County,5102730,st_leaid,066,Northumberland County Public Schools,2024,
VA,067,Nottoway County,5102790,st_leaid,067,Nottoway County Public Schools,2024,
VA,068,Orange County,5102820,st_leaid,068,Orange County Public Schools,2024,
VA,069,Page County,5102850,st_leaid,069,Page County Public Schools,2024,
VA,070,Patrick County,5102880,st_leaid,070,Patrick County Public Schools,2024,
VA,071,Pittsylvania County,5102940,st_leaid,071,Pittsylvania County Public Schools,2024,
VA,072,Powhatan County,5103030,st_leaid,072,Powhatan County Public Schools,2024,
VA,073,Prince Edward County,5103060,st_leaid,073,Prince Edward County Public Schools,2024,
VA,074,Prince George County,5103090,st_leaid,074,Prince George County Public Schools,2024,
VA,075,Prince William County,5103130,st_leaid,075,Prince William County Public Schools,2024,
VA,077,Pulaski County,5103150,st_leaid,077,Pulaski County Public Schools,2024,
VA,078,Rappahannock County,5103210,st_leaid,078,Rappahannock County Public Schools,2024,
VA,079,Richmond County,5103270,st_leaid,079,Richmond County Public Schools,2024,
VA,080,Roanoke County,5103330,st_leaid,080,Roanoke County Public Schools,2024,
VA,081,Rockbridge County,5103370,st_leaid,081,Rockbridge County Public Schools,2024,
VA,082,Rockingham County,5103390,st_leaid,082,Rockingham County Public Schools,2024,
VA,083,Russell County,5103420,st_leaid,083,Russell County Public Schools,2024,
VA,084,Scott County,5103480,st_leaid,084,Scott County Public Schools,2024,
VA,085,Shenandoah County,5103510,st_leaid,085,Shenandoah County Public Schools,2024,
VA,086,Smyth County,5103520,st_leaid,086,Smyth County Public Schools,2024,
VA,087,Southampton County,5103600,st_leaid,087,Southampton County Public Schools,2024,
VA,088,Spotsylvania County,5103640,st_leaid,088,Spotsylvania County Public Schools,2024,
VA,089,Stafford County,5103660,st_leaid,089,Stafford County Public Schools,2024,
VA,090,Surry County,5103750,st_leaid,090,Surry County Public Schools,2024,
VA,091,Sussex County,5103780,st_leaid,091,Sussex County Public Schools,2024,
VA,092,Tazewell County,5103810,st_leaid,092,Tazewell County Public Schools,2024,
VA,093,Warren County,5103870,st_leaid,093,Warren County Public Schools,2024,
VA,094,Washington County,5103900,st_leaid,094,Washington County Public Schools,2024,
VA,095,Westmoreland County,5103980,st_leaid,095,Westmoreland County Public Schools,2024,
VA,096,Wise County,5104080,st_leaid,096,Wise County Public Schools,2024,
VA,097,Wythe County,5104110,st_leaid,097,Wythe County Public Schools,2024,
VA,098,York County,5104150,st_leaid,098,York County Public Schools,2024,
VA,101,Alexandria City,5100120,st_leaid,101,Alexandria City Public Schools,2024,
VA,102,Bristol City,5100450,st_leaid,102,Bristol City Public Schools,2024,
VA,103,Buena Vista City,5100560,st_leaid,103,Buena Vista City Public Schools,2024,
VA,104,Charlottesville City,5100780,st_leaid,104,Charlottesville City Public Schools,2024,
VA,106,Colonial Heights City,5100960,st_leaid,106,Colonial Heights City Public Schools,2024,
VA,108,Danville City,5101110,st_leaid,108,Danville City Public Schools,2024,
VA,109,Falls Church City,5101290,st_leaid,109,Falls Church City Public Schools,2024,
VA,110,Fredericksburg City,5101510,st_leaid,110,Fredericksburg City Public Schools,2024,
VA,111,Galax City,5101560,st_leaid,111,Galax City Public Schools,2024,
VA,112,Hampton City,5101800,st_leaid,112,Hampton City Public Schools,2024,
VA,113,Harrisonburg City,5101860,st_leaid,113,Harrisonburg City Public Schools,2024,
VA,114,Hopewell City,5101980,st_leaid,114,Hopewell City Public Schools,2024,
VA,115,Lynchburg City,5102340,st_leaid,115,Lynchburg City Public Schools,2024,
VA,116,Martinsville City,5102400,st_leaid,116,Martinsville City Public Schools,2024,
VA,117,Newport News City,5102640,st_leaid,117,Newport News City Public Schools,2024,
VA,118,Norfolk City,5102670,st_leaid,118,Norfolk City Public Schools,2024,
VA,119,Norton City,5102760,st_leaid,119,Norton City Public Schools,2024,
VA,120,Petersburg City,5102910,st_leaid,120,Petersburg City Public Schools,2024,
VA,121,Portsmouth City,5103000,st_leaid,121,Portsmouth City Public Schools,2024,
VA,122,Radford City,5103180,st_leaid,122,Radford City Public Schools,2024,
VA,123,Richmond City,5103240,st_leaid,123,Richmond City Public Schools,2024,
VA,124,Roanoke City,5103300,st_leaid,124,Roanoke City Public Schools,2024,
VA,126,Staunton City,5103690,st_leaid,126,Staunton City Public Schools,2024,
VA,127,Suffolk City,5103710,st_leaid,127,Suffolk City Public Schools,2024,
VA,128,Virginia Beach City,5103840,st_leaid,128,Virginia Beach City Public Schools,2024,
VA,130,Waynesboro City,5103930,st_leaid,130,Waynesboro City Public Schools,2024,
VA,131,Williamsburg-James City County,5104020,st_leaid,131,Williamsburg-James City County Public Schools,2024,
VA,132,Winchester City,5104050,st_leaid,132,Winchester City Public Schools,2024,
VA,135,Franklin City,5101410,st_leaid,135,Franklin City Public Schools,2024,
VA,136,Chesapeake City,5100810,st_leaid,136,Chesapeake City Public Schools,2024,
VA,137,Lexington City,5102220,st_leaid,137,Lexington City Public Schools,2024,
VA,139,Salem City,5103460,st_leaid,139,Salem City Public Schools,2024,
VA,142,Poquoson City,5102980,st_leaid,142,Poquoson City Public Schools,2024,
VA,143,Manassas City,5102360,st_leaid,143,Manassas City Public Schools,2024,
VA,144,Manassas Park City,5102390,st_leaid,144,Manassas Park City Public Schools,2024,
VA,202,Colonial Beach,5100930,st_leaid,202,Colonial Beach Public Schools,2024,
VA,207,West Point,5103950,st_leaid,207,West Point Public Schools,2024,
VT,SU001,MT ABRAHAM UNIFIED SCHOOL DISTRICT,5099901,st_leaid,SU001,Mt. Abraham Unified School District,2024,
VT,SU002,ADDISON NORTHWEST SD,5099902,st_leaid,SU002,Addison Northwest Supervisory District,2024,
VT,SU003,ADDISON CENTRAL SD,5099903,st_leaid,SU003,Addison Central Supervisory District,2024,
VT,SU004,SLATE VALLEY UUSD,5099904,st_leaid,SU004,Slate Valley Unified Union School District,2024,
VT,SU005,SOUTHWEST VERMONT SU,5099905,st_leaid,SU005,Southwest Vermont Supervisory Union,2024,
VT,SU006,BENNINGTON RUTLAND SU,5099906,st_leaid,SU006,Bennington Rutland Supervisory Union,2024,
VT,SU007,COLCHESTER SD,5099907,st_leaid,SU007,Colchester Supervisory District,2024,
VT,SU009,CALEDONIA CENTRAL SU,5099909,st_leaid,SU009,Caledonia Central Supervisory Union,2024,
VT,SU010,MILTON SD,5099910,st_leaid,SU010,Milton Supervisory District,2024,
VT,SU011,ST JOHNSBURY SD,5099911,st_leaid,SU011,Saint Johnsbury Supervisory District,2024,
VT,SU012,MT MANSFIELD UNIFIED UNION SCHOOL DISTRICT,5099912,st_leaid,SU012,Mount Mansfield Unified Union School District,2024,
VT,SU014,CHAMPLAIN VALLEY SD,5099914,st_leaid,SU014,Champlain Valley Supervisory District,2024,
VT,SU015,BURLINGTON SD,5099915,st_leaid,SU015,Burlington Supervisory District,2024,
VT,SU016,SOUTH BURLINGTON SD,5099916,st_leaid,SU016,South Burlington Supervisory District,2024,
VT,SU017,WINOOSKI SD,5099917,st_leaid,SU017,Winooski Supervisory District,2024,
VT,SU019,ESSEX NORTH SU,5099919,st_leaid,SU019,Essex North Supervisory Union,2024,
VT,SU020,FRANKLIN NORTHEAST SU,5099920,st_leaid,SU020,Franklin Northeast Supervisory Union,2024,
VT,SU021,MISSISQUOI VALLEY SCHOOL DISTRICT,5099921,st_leaid,SU021,Missisquoi Valley School District,2024,
VT,SU022,FRANKLIN WEST SU,5099922,st_leaid,SU022,Franklin West Supervisory Union,2024,
VT,SU023,MAPLE RUN SD,5099923,st_leaid,SU023,Maple Run Supervisory District,2024,
VT,SU024,GRAND ISLE SU,5099924,st_leaid,SU024,Grand Isle Supervisory Union,2024,
VT,SU025,LAMOILLE NORTH SU,5099925,st_leaid,SU025,Lamoille North Supervisory Union,2024,
VT,SU026,LAMOILLE SOUTH SU,5099926,st_leaid,SU026,Lamoille South Supervisory Union,2024,
VT,SU027,ORANGE EAST SU,5099927,st_leaid,SU027,Orange East Supervisory Union,2024,
VT,SU028,ORANGE SOUTHWEST SD,5099928,st_leaid,SU028,Orange Southwest Supervisory Union,2024,
VT,SU030,WHITE RIVER VALLEY SU,5099930,st_leaid,SU030,White River Valley Supervisory Union,2024,
VT,SU031,NORTH COUNTRY SU,5099931,st_leaid,SU031,North Country Supervisory Union,2024,
VT,SU032,WASHINGTON CENTRAL SU,5099932,st_leaid,SU032,Washington Central Supervisory District,2024,
VT,SU033,MILL RIVER UNIFIED UNION SUPERVISORY DISTRICT,5099933,st_leaid,SU033,Mill River Unified Union Supervisory District,2024,
VT,SU034,ORLEANS CENTRAL SU,5099934,st_leaid,SU034,Orleans Central Supervisory Union,2024,
VT,SU035,ORLEANS SOUTHWEST SU,5099935,st_leaid,SU035,Orleans Southwest Supervisory Union,2024,
VT,SU036,RUTLAND NORTHEAST SU,5099936,st_leaid,SU036,Rutland Northeast Supervisory Union,2024,
VT,SU040,RUTLAND CITY SD,5099940,st_leaid,SU040,Rutland City Supervisory District,2024,
VT,SU042,HARWOOD UNIFIED UNION SUPERVISORY DISTRICT,5099942,st_leaid,SU042,Harwood Unified Union Supervisory District,2024,
VT,SU046,WINDHAM CENTRAL SU,5099946,st_leaid,SU046,Windham Central Supervisory Union,2024,
VT,SU047,WINDHAM NORTHEAST SU,5099947,st_leaid,SU047,Windham Northeast Supervisory Union,2024,
VT,SU048,WINDHAM SOUTHEAST SU,5099948,st_leaid,SU048,Windham Southeast Supervisory Union,2024,
VT,SU049,WINDHAM SOUTHWEST SU,5099949,st_leaid,SU049,Windham Southwest Supervisory Union,2024,
VT,SU051,WINDSOR CENTRAL SU,5099951,st_leaid,SU051,Mountain Views Supervisory Union,2024,
VT,SU052,WINDSOR SOUTHEAST SU,5099952,st_leaid,SU052,Windsor Southeast Supervisory Union,2024,
VT,SU054,HARTFORD SD,5099954,st_leaid,SU054,Hartford Supervisory District,2024,
VT,SU055,SAU 70,5099955,st_leaid,SU055,School Administrative Unit #70,2024,
VT,SU056,SPRINGFIELD SD,5099956,st_leaid,SU056,Springfield Supervisory District,2024,
VT,SU061,BARRE SU,5000007,st_leaid,SU061,Barre Supervisory District,2024,
VT,SU063,TWO RIVERS SU,5000385,st_leaid,SU063,Two Rivers Supervisory Union,2024,
VT,SU064,RIVENDELL INTERSTATE SD,5000384,st_leaid,SU064,Rivendell Interstate Supervisory District,2024,
VT,SU065,ESSEX WESTFORD SD,5000394,st_leaid,SU065,Essex-Westford Supervisory District,2024,
VT,SU066,GREATER RUTLAND COUNTY SU,5000405,st_leaid,SU066,Greater Rutland County Supervisory Union,2024,
VT,SU067,KINGDOM EAST SD,5000407,st_leaid,SU067,Kingdom East Supervisory District,2024,
VT,SU068,CENTRAL VERMONT SU,5000404,st_leaid,SU068,Central Vermont Supervisory Union,2024,
VT,SU069,MONTPELIER ROXBURY SD,5000406,st_leaid,SU069,Montpelier Roxbury Supervisory District,2024,
VT,SU070,LINCOLN SD,5099963,st_leaid,SU070,Lincoln Supervisory District,2024,
WA,01109,Washtucna School District,5309570,st_leaid,01109,Washtucna School District,2024,
WA,01147,Othello School District,5306480,st_leaid,01147,Othello School District,2024,
WA,01158,Lind School District,5304410,st_leaid,01158,Lind School District,2024,
WA,01160,Ritzville School District,5307380,st_leaid,01160,Ritzville School District,2024,
WA,02250,Clarkston School District,5301320,st_leaid,02250,Clarkston School District,2024,
WA,02420,Asotin-Anatone School District,5300280,st_leaid,02420,Asotin-Anatone School District,2024,
WA,03017,Kennewick School District,5303930,st_leaid,03017,Kennewick School District,2024,
WA,03052,Kiona-Benton City School District,5304020,st_leaid,03052,Kiona-Benton City School District,2024,
WA,03053,Finley School District,5302910,st_leaid,03053,Finley School District,2024,
WA,03116,Prosser School District,5306900,st_leaid,03116,Prosser School District,2024,
WA,03400,Richland School District,5307320,st_leaid,03400,Richland School District,2024,
WA,04019,Manson School District,5304740,st_leaid,04019,Manson School District,2024,
WA,04127,Entiat School District,5302550,st_leaid,04127,Entiat School District,2024,
WA,04129,Lake Chelan School District,5301200,st_leaid,04129,Lake Chelan School District,2024,
WA,04222,CASHMERE SCHOOL DISTRICT,5300960,st_leaid,04222,CASHMERE SCHOOL DISTRICT,2024,
WA,04228,Cascade School District,5300950,st_leaid,04228,Cascade School District,2024,
WA,04246,Wenatchee School District,5309660,st_leaid,04246,Wenatchee School District,2024,
WA,04901,Pinnacles Prep Charter School,5300352,st_leaid,04901,Pinnacles Prep Charter School,2024,
WA,05121,Port Angeles School District,5306820,st_leaid,05121,Port Angeles School District,2024,
WA,05313,Crescent School District,5301830,st_leaid,05313,Crescent School District,2024,
WA,05323,Sequim School District,5307830,st_leaid,05323,Sequim School District,2024,
WA,05401,Cape Flattery School District,5300840,st_leaid,05401,Cape Flattery School District,2024,
WA,05402,Quillayute Valley School District,5307020,st_leaid,05402,Quillayute Valley School District,2024,
WA,06037,Vancouver School District,5309270,st_leaid,06037,Vancouver School District,2024,
WA,06098,Hockinson School District,5303570,st_leaid,06098,Hockinson School District,2024,
WA,06101,La Center School District,5304170,st_leaid,06101,La Center School District,2024,
WA,06112,Washougal School District,5309540,st_leaid,06112,Washougal School District,2024,
WA,06114,Evergreen School District (Clark),5302700,st_leaid,06114,Evergreen School District (Clark),2024,
WA,06117,Camas School District,5300810,st_leaid,06117,Camas School District,2024,
WA,06119,Battle Ground School District,5300380,st_leaid,06119,Battle Ground School District,2024,
WA,06122,Ridgefield School District,5307350,st_leaid,06122,Ridgefield School District,2024,
WA,06901,Rooted School Washington,5310171,st_leaid,06901,Rooted School Washington,2024,
WA,07002,Dayton School District,5302040,st_leaid,07002,Dayton School District,2024,
WA,08122,Longview School District,5304470,st_leaid,08122,Longview School District,2024,
WA,08130,Toutle Lake School District,5309030,st_leaid,08130,Toutle Lake School District,2024,
WA,08401,Castle Rock School District,5300990,st_leaid,08401,Castle Rock School District,2024,
WA,08402,Kalama School District,5303810,st_leaid,08402,Kalama School District,2024,
WA,08404,Woodland School District,5310050,st_leaid,08404,Woodland School District,2024,
WA,08458,Kelso School District,5300003,st_leaid,08458,Kelso School District,2024,
WA,09075,Bridgeport School District,5300720,st_leaid,09075,Bridgeport School District,2024,
WA,09206,Eastmont School District,5302310,st_leaid,09206,Eastmont School District,2024,
WA,09207,Mansfield School District,5304710,st_leaid,09207,Mansfield School District,2024,
WA,09209,Waterville School District,5309600,st_leaid,09209,Waterville School District,2024,
WA,10050,Curlew School District,5301890,st_leaid,10050,Curlew School District,2024,
WA,10070,Inchelium School District,5300002,st_leaid,10070,Inchelium School District,2024,
WA,10309,Republic School District,5307260,st_leaid,10309,Republic School District,2024,
WA,11001,Pasco School District,5306570,st_leaid,11001,Pasco School District,2024,
WA,11051,North Franklin School District,5305730,st_leaid,11051,North Franklin School District,2024,
WA,11056,Kahlotus School District,5303780,st_leaid,11056,Kahlotus School District,2024,
WA,12110,Pomeroy School District,5306780,st_leaid,12110,Pomeroy School District,2024,
WA,13073,Wahluke School District,5309360,st_leaid,13073,Wahluke School District,2024,
WA,13144,Quincy School District,5307080,st_leaid,13144,Quincy School District,2024,
WA,13146,Warden School District,5309510,st_leaid,13146,Warden School District,2024,
WA,13151,Coulee-Hartline School District,5303440,st_leaid,13151,Coulee-Hartline School District,2024,
WA,13156,Soap Lake School District,5308070,st_leaid,13156,Soap Lake School District,2024,
WA,13160,Royal School District,5307620,st_leaid,13160,Royal School District,2024,
WA,13161,Moses Lake School District,5305220,st_leaid,13161,Moses Lake School District,2024,
WA,13165,Ephrata School District,5302610,st_leaid,13165,Ephrata School District,2024,
WA,13167,Wilson Creek School District,5309900,st_leaid,13167,Wilson Creek School District,2024,
WA,13301,Grand Coulee Dam School District,5303130,st_leaid,13301,Grand Coulee Dam School District,2024,
WA,14005,Aberdeen School District,5300030,st_leaid,14005,Aberdeen School District,2024,
WA,14028,Hoquiam School District,5303660,st_leaid,14028,Hoquiam School District,2024,
WA,14064,North Beach School District No. 64,5305700,st_leaid,14064,North Beach School District No. 64,2024,
WA,14066,Montesano School District,5305160,st_leaid,14066,Montesano School District,2024,
WA,14068,Elma School District,5302490,st_leaid,14068,Elma School District,2024,
WA,14077,Taholah School District,5308730,st_leaid,14077,Taholah School District,2024,
WA,14097,Lake Quinault School District,5307050,st_leaid,14097,Lake Quinault School District,2024,
WA,14117,Wishkah Valley School District,5309990,st_leaid,14117,Wishkah Valley School District,2024,
WA,14172,Ocosta School District,5306090,st_leaid,14172,Ocosta School District,2024,
WA,14400,Oakville School District,5306000,st_leaid,14400,Oakville School District,2024,
WA,15201,Oak Harbor School District,5305940,st_leaid,15201,Oak Harbor School District,2024,
WA,15204,Coupeville School District,5301800,st_leaid,15204,Coupeville School District,2024,
WA,15206,South Whidbey School District,5308190,st_leaid,15206,South Whidbey School District,2024,
WA,16048,Quilcene School District,5306990,st_leaid,16048,Quilcene School District,2024,
WA,16049,Chimacum School District,5301290,st_leaid,16049,Chimacum School District,2024,
WA,16050,Port Townsend School District,5306840,st_leaid,16050,Port Townsend School District,2024,
WA,17001,Seattle School District No. 1,5307710,st_leaid,17001,Seattle School District No. 1,2024,
WA,17210,Federal Way School District,5302820,st_leaid,17210,Federal Way School District,2024,
WA,17216,Enumclaw School District,5300001,st_leaid,17216,Enumclaw School District,2024,
WA,17400,Mercer Island School District,5304980,st_leaid,17400,Mercer Island School District,2024,
WA,17401,Highline School District,5303540,st_leaid,17401,Highline School District,2024,
WA,17402,Vashon Island School District,5309300,st_leaid,17402,Vashon Island School District,2024,
WA,17403,Renton School District,5307230,st_leaid,17403,Renton School District,2024,
WA,17404,Skykomish School District,5307980,st_leaid,17404,Skykomish School District,2024,
WA,17405,Bellevue School District,5300390,st_leaid,17405,Bellevue School District,2024,
WA,17406,Tukwila School District,5308130,st_leaid,17406,Tukwila School District,2024,
WA,17407,Riverview School District,5304560,st_leaid,17407,Riverview School District,2024,
WA,17408,Auburn School District,5300300,st_leaid,17408,Auburn School District,2024,
WA,17409,Tahoma School District,5308760,st_leaid,17409,Tahoma School District,2024,
WA,17410,Snoqualmie Valley School District,5308040,st_leaid,17410,Snoqualmie Valley School District,2024,
WA,17411,Issaquah School District,5303750,st_leaid,17411,Issaquah School District,2024,
WA,17412,Shoreline School District,5307920,st_leaid,17412,Shoreline School District,2024,
WA,17414,Lake Washington School District,5304230,st_leaid,17414,Lake Washington School District,2024,
WA,17415,Kent School District,5303960,st_leaid,17415,Kent School District,2024,
WA,17417,Northshore School District,5305910,st_leaid,17417,Northshore School District,2024,
WA,17902,Summit Public School: Sierra,5300334,st_leaid,17902,Summit Public School: Sierra,2024,
WA,17905,Summit Public School: Atlas,5300343,st_leaid,17905,Summit Public School: Atlas,2024,
WA,17910,Rainier Valley Leadership Academy,5300342,st_leaid,17910,Rainier Valley Leadership Academy,2024,
WA,17917,Why Not You Academy,5300349,st_leaid,17917,Why Not You Academy,2024,
WA,17941,Renton Technical College,5300325,st_leaid,17941,Renton Technical College,2024,
WA,18100,Bremerton School District,5300660,st_leaid,18100,Bremerton School District,2024,
WA,18303,Bainbridge Island School District,5300330,st_leaid,18303,Bainbridge Island School District,2024,
WA,18400,North Kitsap School District,5305760,st_leaid,18400,North Kitsap School District,2024,
WA,18401,Central Kitsap School District,5301080,st_leaid,18401,Central Kitsap School District,2024,
WA,18402,South Kitsap School District,5308160,st_leaid,18402,South Kitsap School District,2024,
WA,19028,Easton School District,5302340,st_leaid,19028,Easton School District,2024,
WA,19400,Thorp School District,5308850,st_leaid,19400,Thorp School District,2024,
WA,19401,Ellensburg School District,5302460,st_leaid,19401,Ellensburg School District,2024,
WA,19403,Kittitas School District,5304050,st_leaid,19403,Kittitas School District,2024,
WA,19404,Cle Elum-Roslyn School District,5301350,st_leaid,19404,Cle Elum-Roslyn School District,2024,
WA,20094,Wishram School District,5310020,st_leaid,20094,Wishram School District,2024,
WA,20203,Bickleton School District,5300510,st_leaid,20203,Bickleton School District,2024,
WA,20400,Trout Lake School District,5309060,st_leaid,20400,Trout Lake School District,2024,
WA,20401,Glenwood School District,5303030,st_leaid,20401,Glenwood School District,2024,
WA,20402,Klickitat School District,5304080,st_leaid,20402,Klickitat School District,2024,
WA,20404,Goldendale School District,5303090,st_leaid,20404,Goldendale School District,2024,
WA,20405,White Salmon Valley School District,5309810,st_leaid,20405,White Salmon Valley School District,2024,
WA,20406,Lyle School District,5304590,st_leaid,20406,Lyle School District,2024,
WA,21014,Napavine School District,5305490,st_leaid,21014,Napavine School District,2024,
WA,21206,Mossyrock School District,5305250,st_leaid,21206,Mossyrock School District,2024,
WA,21214,Morton School District,5305190,st_leaid,21214,Morton School District,2024,
WA,21226,Adna School District,5300060,st_leaid,21226,Adna School District,2024,
WA,21232,Winlock School District,5309930,st_leaid,21232,Winlock School District,2024,
WA,21237,Toledo School District,5308910,st_leaid,21237,Toledo School District,2024,
WA,21300,Onalaska School District,5306240,st_leaid,21300,Onalaska School District,2024,
WA,21301,Pe Ell School District,5306660,st_leaid,21301,Pe Ell School District,2024,
WA,21302,Chehalis School District,5301170,st_leaid,21302,Chehalis School District,2024,
WA,21303,White Pass School District,5309750,st_leaid,21303,White Pass School District,2024,
WA,21401,Centralia School District,5301140,st_leaid,21401,Centralia School District,2024,
WA,22008,Sprague School District,5308280,st_leaid,22008,Sprague School District,2024,
WA,22009,Reardan-Edwall School District,5307210,st_leaid,22009,Reardan-Edwall School District,2024,
WA,22073,Creston School District,5301860,st_leaid,22073,Creston School District,2024,
WA,22105,Odessa School District,5306120,st_leaid,22105,Odessa School District,2024,
WA,22200,Wilbur School District,5309840,st_leaid,22200,Wilbur School District,2024,
WA,22204,Harrington School District,5303360,st_leaid,22204,Harrington School District,2024,
WA,22207,Davenport School District,5302010,st_leaid,22207,Davenport School District,2024,
WA,23309,Shelton School District,5307900,st_leaid,23309,Shelton School District,2024,
WA,23311,Mary M Knight School District,5304800,st_leaid,23311,Mary M Knight School District,2024,
WA,23403,North Mason School District,5305790,st_leaid,23403,North Mason School District,2024,
WA,24014,Nespelem School District,5305550,st_leaid,24014,Nespelem School District,2024,
WA,24019,Omak School District,5306220,st_leaid,24019,Omak School District,2024,
WA,24105,Okanogan School District,5306150,st_leaid,24105,Okanogan School District,2024,
WA,24111,Brewster School District,5300690,st_leaid,24111,Brewster School District,2024,
WA,24122,Pateros School District,5306600,st_leaid,24122,Pateros School District,2024,
WA,24350,Methow Valley School District,5305020,st_leaid,24350,Methow Valley School District,2024,
WA,24404,Tonasket School District,5308940,st_leaid,24404,Tonasket School District,2024,
WA,24410,Oroville School District,5306420,st_leaid,24410,Oroville School District,2024,
WA,25101,Ocean Beach School District,5306060,st_leaid,25101,Ocean Beach School District,2024,
WA,25116,Raymond School District,5307140,st_leaid,25116,Raymond School District,2024,
WA,25118,South Bend School District,5308100,st_leaid,25118,South Bend School District,2024,
WA,25155,Naselle-Grays River Valley School District,5305520,st_leaid,25155,Naselle-Grays River Valley School District,2024,
WA,25160,Willapa Valley School District,5309870,st_leaid,25160,Willapa Valley School District,2024,
WA,25200,North River School District,5305820,st_leaid,25200,North River School District,2024,
WA,26056,Newport School District,5305610,st_leaid,26056,Newport School District,2024,
WA,26059,Cusick School District,5301920,st_leaid,26059,Cusick School District,2024,
WA,26070,Selkirk School District,5307800,st_leaid,26070,Selkirk School District,2024,
WA,27001,Steilacoom Hist. School District,5308460,st_leaid,27001,Steilacoom Hist. School District,2024,
WA,27003,Puyallup School District,5306960,st_leaid,27003,Puyallup School District,2024,
WA,27010,Tacoma School District,5308700,st_leaid,27010,Tacoma School District,2024,
WA,27083,University Place School District,5309180,st_leaid,27083,University Place School District,2024,
WA,27320,Sumner-Bonney Lake School District,5308610,st_leaid,27320,Sumner-Bonney Lake School District,2024,
WA,27344,Orting School District,5306450,st_leaid,27344,Orting School District,2024,
WA,27400,Clover Park School District,5301410,st_leaid,27400,Clover Park School District,2024,
WA,27401,Peninsula School District,5306690,st_leaid,27401,Peninsula School District,2024,
WA,27402,Franklin Pierce School District,5302940,st_leaid,27402,Franklin Pierce School District,2024,
WA,27403,Bethel School District,5300480,st_leaid,27403,Bethel School District,2024,
WA,27404,Eatonville School District,5302370,st_leaid,27404,Eatonville School District,2024,
WA,27416,White River School District,5309780,st_leaid,27416,White River School District,2024,
WA,27417,Fife School District,5302880,st_leaid,27417,Fife School District,2024,
WA,27905,Summit Public School: Olympus,5300333,st_leaid,27905,Summit Public School: Olympus,2024,
WA,27931,Bates Technical College,5300014,st_leaid,27931,Bates Technical College,2024,
WA,28137,Orcas Island School District,5306300,st_leaid,28137,Orcas Island School District,2024,
WA,28144,Lopez Island School District,5304530,st_leaid,28144,Lopez School District,2024,
WA,28149,San Juan Island School District,5307650,st_leaid,28149,San Juan Island School District,2024,
WA,29011,Concrete School District,5301660,st_leaid,29011,Concrete School District,2024,
WA,29100,Burlington-Edison School District,5300780,st_leaid,29100,Burlington-Edison School District,2024,
WA,29101,Sedro-Woolley School District,5307740,st_leaid,29101,Sedro-Woolley School District,2024,
WA,29103,Anacortes School District,5300150,st_leaid,29103,Anacortes School District,2024,
WA,29311,La Conner School District,5304110,st_leaid,29311,La Conner School District,2024,
WA,29320,Mount Vernon School District,5305400,st_leaid,29320,Mount Vernon School District,2024,
WA,30303,Stevenson-Carson School District,5308520,st_leaid,30303,Stevenson-Carson School District,2024,
WA,31002,Everett School District,5302670,st_leaid,31002,Everett School District,2024,
WA,31004,Lake Stevens School District,5304200,st_leaid,31004,Lake Stevens School District,2024,
WA,31006,Mukilteo School District,5305430,st_leaid,31006,Mukilteo School District,2024,
WA,31015,Edmonds School District,5302400,st_leaid,31015,Edmonds School District,2024,
WA,31016,Arlington School District,5300240,st_leaid,31016,Arlington School District,2024,
WA,31025,Marysville School District,5304860,st_leaid,31025,Marysville School District,2024,
WA,31103,Monroe School District,5305130,st_leaid,31103,Monroe School District,2024,
WA,31201,Snohomish School District,5308020,st_leaid,31201,Snohomish School District,2024,
WA,31306,Lakewood School District,5304260,st_leaid,31306,Lakewood School District,2024,
WA,31311,Sultan School District,5308550,st_leaid,31311,Sultan School District,2024,
WA,31330,Darrington School District,5301980,st_leaid,31330,Darrington School District,2024,
WA,31332,Granite Falls School District,5303210,st_leaid,31332,Granite Falls School District,2024,
WA,31401,Stanwood-Camano School District,5308340,st_leaid,31401,Stanwood-Camano School District,2024,
WA,32081,Spokane School District,5308250,st_leaid,32081,Spokane School District,2024,
WA,32325,Nine Mile Falls School District,5305640,st_leaid,32325,Nine Mile Falls School District,2024,
WA,32326,Medical Lake School District,5304950,st_leaid,32326,Medical Lake School District,2024,
WA,32354,Mead School District,5304920,st_leaid,32354,Mead School District,2024,
WA,32356,Central Valley School District,5301110,st_leaid,32356,Central Valley School District,2024,
WA,32358,Freeman School District,5302970,st_leaid,32358,Freeman School District,2024,
WA,32360,Cheney School District,5301230,st_leaid,32360,Cheney School District,2024,
WA,32361,East Valley School District (Spokane),5302280,st_leaid,32361,East Valley School District (Spokane),2024,
WA,32362,Liberty School District,5304380,st_leaid,32362,Liberty School District,2024,
WA,32363,West Valley School District (Spokane),5309690,st_leaid,32363,West Valley School District (Spokane),2024,
WA,32414,Deer Park School District,5302070,st_leaid,32414,Deer Park School District,2024,
WA,32416,Riverside School District,5307440,st_leaid,32416,Riverside School District,2024,
WA,32801,ESD 101 acting as a school district,5300010,st_leaid,32801,Educational Service District 101,2024,
WA,32901,Spokane International Academy,5300337,st_leaid,32901,Spokane International Academy,2024,
WA,32903,Lumen Public School,5300350,st_leaid,32903,Lumen Public School,2024,
WA,32907,Innovation Spokane Schools,5300339,st_leaid,32907,PRIDE Prep Charter School District,2024,
WA,33036,Chewelah School District,5301260,st_leaid,33036,Chewelah School District,2024,
WA,33049,Wellpinit School District #49,5309630,st_leaid,33049,Wellpinit School District #49,2024,
WA,33115,Colville School District,5301630,st_leaid,33115,Colville School District,2024,
WA,33206,Columbia (Stevens) School District,5301560,st_leaid,33206,Columbia (Stevens) School District,2024,
WA,33207,Mary Walker School District,5304830,st_leaid,33207,Mary Walker School District,2024,
WA,33211,Northport School District,5305880,st_leaid,33211,Northport School District,2024,
WA,33212,Kettle Falls School District,5303990,st_leaid,33212,Kettle Falls School District,2024,
WA,34002,Yelm School District,5310140,st_leaid,34002,Yelm School District,2024,
WA,34003,North Thurston Public Schools,5305850,st_leaid,34003,North Thurston Public Schools,2024,
WA,34033,Tumwater School District,5309100,st_leaid,34033,Tumwater School District,2024,
WA,34111,Olympia School District,5306180,st_leaid,34111,Olympia School District,2024,
WA,34307,Rainier School District,5307110,st_leaid,34307,Rainier School District,2024,
WA,34401,Rochester School District,5307470,st_leaid,34401,Rochester School District,2024,
WA,34402,Tenino School District,5308820,st_leaid,34402,Tenino School District,2024,
WA,35200,Wahkiakum School District,5309330,st_leaid,35200,Wahkiakum School District,2024,
WA,36140,Walla Walla Public Schools,5309450,st_leaid,36140,Walla Walla Public Schools,2024,
WA,36250,College Place School District,5301470,st_leaid,36250,College Place School District,2024,
WA,36300,Touchet School District,5309000,st_leaid,36300,Touchet School District,2024,
WA,36400,Columbia (Walla Walla) School District,5301590,st_leaid,36400,Columbia (Walla Walla) School District,2024,
WA,36401,Waitsburg School District,5309390,st_leaid,36401,Waitsburg School District,2024,
WA,36402,Prescott School District,5306870,st_leaid,36402,Prescott School District,2024,
WA,37501,Bellingham School District,5300420,st_leaid,37501,Bellingham School District,2024,
WA,37502,Ferndale School District,5302850,st_leaid,37502,Ferndale School District,2024,
WA,37503,Blaine School District,5300570,st_leaid,37503,Blaine School District,2024,
WA,37504,Lynden School District,5304620,st_leaid,37504,Lynden School District,2024,
WA,37505,Meridian School District,5305010,st_leaid,37505,Meridian School District,2024,
WA,37506,Nooksack Valley School District,5305670,st_leaid,37506,Nooksack Valley School District,2024,
WA,37507,Mount Baker School District,5305310,st_leaid,37507,Mount Baker School District,2024,
WA,37902,Intergenerational High School,5300351,st_leaid,37902,Intergenerational High School,2024,
WA,38126,LaCrosse School District,5304150,st_leaid,38126,LaCrosse School District,2024,
WA,38265,Tekoa School District,5308790,st_leaid,38265,Tekoa School District,2024,
WA,38267,Pullman School District,5306930,st_leaid,38267,Pullman School District,2024,
WA,38300,Colfax School District,5301440,st_leaid,38300,Colfax School District,2024,
WA,38301,Palouse School District,5306540,st_leaid,38301,Palouse School District,2024,
WA,38302,Garfield School District,5303000,st_leaid,38302,Garfield School District,2024,
WA,38306,Colton School District,5301500,st_leaid,38306,Colton School District,2024,
WA,38320,Rosalia School District,5307560,st_leaid,38320,Rosalia School District,2024,
WA,38322,St. John School District,5308310,st_leaid,38322,St. John School District,2024,
WA,38324,Oakesdale School District,5305970,st_leaid,38324,Oakesdale School District,2024,
WA,39003,Naches Valley School District,5305460,st_leaid,39003,Naches Valley School District,2024,
WA,39007,Yakima School District,5310110,st_leaid,39007,Yakima School District,2024,
WA,39090,East Valley School District (Yakima),5305370,st_leaid,39090,East Valley School District (Yakima),2024,
WA,39119,Selah School District,5307770,st_leaid,39119,Selah School District,2024,
WA,39120,Mabton School District,5304650,st_leaid,39120,Mabton School District,2024,
WA,39200,Grandview School District,5303150,st_leaid,39200,Grandview School District,2024,
WA,39201,Sunnyside School District,5308670,st_leaid,39201,Sunnyside School District,2024,
WA,39202,Toppenish School District,5308970,st_leaid,39202,Toppenish School District,2024,
WA,39203,Highland School District,5303510,st_leaid,39203,Highland School District,2024,
WA,39204,Granger School District,5303180,st_leaid,39204,Granger School District,2024,
WA,39205,Zillah School District,5310170,st_leaid,39205,Zillah School District,2024,
WA,39207,Wapato School District,5309480,st_leaid,39207,Wapato School District,2024,
WA,39208,West Valley School District (Yakima),5309720,st_leaid,39208,West Valley School District (Yakima),2024,
WA,39209,Mount Adams School District,5305280,st_leaid,39209,Mount Adams School District,2024,
WI,0007,Abbotsford,5500030,st_leaid,0007,Abbotsford School District,2024,
WI,0014,Adams-Friendship Area,5500060,st_leaid,0014,Adams-Friendship Area School District,2024,
WI,0063,Albany,5500120,st_leaid,0063,Albany School District,2024,
WI,0070,Algoma,5500150,st_leaid,0070,Algoma School District,2024,
WI,0084,Alma,5500180,st_leaid,0084,Alma School District,2024,
WI,0091,Alma Center,5500210,st_leaid,0091,Alma Center School District,2024,
WI,0105,Almond-Bancroft,5500240,st_leaid,0105,Almond-Bancroft School District,2024,
WI,0112,Altoona,5500270,st_leaid,0112,Altoona School District,2024,
WI,0119,Amery,5500300,st_leaid,0119,Amery School District,2024,
WI,0126,Tomorrow River,5500330,st_leaid,0126,Tomorrow River School District,2024,
WI,0140,Antigo Unified,5500360,st_leaid,0140,Antigo Unified School District,2024,
WI,0147,Appleton Area,5500390,st_leaid,0147,Appleton Area School District,2024,
WI,0154,Arcadia,5500420,st_leaid,0154,Arcadia School District,2024,
WI,0161,Argyle,5500450,st_leaid,0161,Argyle School District,2024,
WI,0170,Ashland,5500510,st_leaid,0170,Ashland School District,2024,
WI,0182,Ashwaubenon,5500540,st_leaid,0182,Ashwaubenon School District,2024,
WI,0196,Athens,5500570,st_leaid,0196,Athens School District,2024,
WI,0203,Auburndale,5500600,st_leaid,0203,Auburndale School District,2024,
WI,0217,Augusta,5500630,st_leaid,0217,Augusta School District,2024,
WI,0231,Baldwin-Woodville Area,5500720,st_leaid,0231,Baldwin-Woodville Area School District,2024,
WI,0238,Unity,5500750,st_leaid,0238,Unity School District,2024,
WI,0245,Bangor,5500780,st_leaid,0245,Bangor School District,2024,
WI,0280,Baraboo,5500810,st_leaid,0280,Baraboo School District,2024,
WI,0287,Barneveld,5500840,st_leaid,0287,Barneveld School District,2024,
WI,0308,Barron Area,5500870,st_leaid,0308,Barron Area School District,2024,
WI,0315,Bayfield,5500900,st_leaid,0315,Bayfield School District,2024,
WI,0336,Beaver Dam Unified,5500960,st_leaid,0336,Beaver Dam Unified School District,2024,
WI,0350,Belleville,5500990,st_leaid,0350,Belleville School District,2024,
WI,0364,Belmont Community,5501020,st_leaid,0364,Belmont Community School District,2024,
WI,0413,Beloit,5501050,st_leaid,0413,Beloit School District,2024,
WI,0422,Beloit Turner,5501080,st_leaid,0422,Beloit Turner School District,2024,
WI,0427,Benton,5501110,st_leaid,0427,Benton School District,2024,
WI,0434,Berlin Area,5501140,st_leaid,0434,Berlin Area School District,2024,
WI,0441,Birchwood,5501170,st_leaid,0441,Birchwood School District,2024,
WI,0469,Wisconsin Heights,5501230,st_leaid,0469,Wisconsin Heights School District,2024,
WI,0476,Black River Falls,5501260,st_leaid,0476,Black River Falls School District,2024,
WI,0485,Blair-Taylor,5500016,st_leaid,0485,Blair-Taylor School District,2024,
WI,0490,Pecatonica Area,5501310,st_leaid,0490,Pecatonica Area School District,2024,
WI,0497,Bloomer,5501350,st_leaid,0497,Bloomer School District,2024,
WI,0602,Bonduel,5501470,st_leaid,0602,Bonduel School District,2024,
WI,0609,Boscobel Area,5501500,st_leaid,0609,Boscobel Area School District,2024,
WI,0623,Bowler,5501560,st_leaid,0623,Bowler School District,2024,
WI,0637,Boyceville Community,5501590,st_leaid,0637,Boyceville Community School District,2024,
WI,0658,Brillion,5501680,st_leaid,0658,Brillion School District,2024,
WI,0700,Brodhead,5501740,st_leaid,0700,Brodhead School District,2024,
WI,0714,Elmbrook,5501770,st_leaid,0714,Elmbrook School District,2024,
WI,0721,Brown Deer,5501800,st_leaid,0721,Brown Deer School District,2024,
WI,0735,Bruce,5501830,st_leaid,0735,Bruce School District,2024,
WI,0777,Burlington Area,5501890,st_leaid,0777,Burlington Area School District,2024,
WI,0840,Butternut,5501920,st_leaid,0840,Butternut School District,2024,
WI,0870,Cadott Community,5502040,st_leaid,0870,Cadott Community School District,2024,
WI,0882,Cambria-Friesland,5502070,st_leaid,0882,Cambria-Friesland School District,2024,
WI,0896,Cambridge,5502100,st_leaid,0896,Cambridge School District,2024,
WI,0903,Cameron,5502130,st_leaid,0903,Cameron School District,2024,
WI,0910,Campbellsport,5502160,st_leaid,0910,Campbellsport School District,2024,
WI,0980,Cashton,5502340,st_leaid,0980,Cashton School District,2024,
WI,0994,Cassville,5502400,st_leaid,0994,Cassville School District,2024,
WI,1015,Cedarburg,5502460,st_leaid,1015,Cedarburg School District,2024,
WI,1029,Cedar Grove-Belgium Area,5502430,st_leaid,1029,Cedar Grove-Belgium Area School District,2024,
WI,1071,Chequamegon,5500058,st_leaid,1071,Chequamegon School District,2024,
WI,1080,Chetek-Weyerhaeuser Area,5500061,st_leaid,1080,Chetek-Weyerhaeuser Area School District,2024,
WI,1085,Chilton,5502520,st_leaid,1085,Chilton School District,2024,
WI,1092,Chippewa Falls Area Unified,5502550,st_leaid,1092,Chippewa Falls Area Unified School District,2024,
WI,1120,Clayton,5502580,st_leaid,1120,Clayton School District,2024,
WI,1127,Clear Lake,5502610,st_leaid,1127,Clear Lake School District,2024,
WI,1134,Clinton Community,5502640,st_leaid,1134,Clinton Community School District,2024,
WI,1141,Clintonville,5502670,st_leaid,1141,Clintonville School District,2024,
WI,1155,Cochrane-Fountain City,5502700,st_leaid,1155,Cochrane-Fountain City School District,2024,
WI,1162,Colby,5502730,st_leaid,1162,Colby School District,2024,
WI,1169,Coleman,5502760,st_leaid,1169,Coleman School District,2024,
WI,1176,Colfax,5502790,st_leaid,1176,Colfax School District,2024,
WI,1183,Columbus,5502820,st_leaid,1183,Columbus School District,2024,
WI,1204,Cornell,5502880,st_leaid,1204,Cornell School District,2024,
WI,1218,Crandon,5502910,st_leaid,1218,Crandon School District,2024,
WI,1232,Crivitz,5502970,st_leaid,1232,Crivitz School District,2024,
WI,1246,Cuba City,5503030,st_leaid,1246,Cuba City School District,2024,
WI,1253,Cudahy,5503060,st_leaid,1253,Cudahy School District,2024,
WI,1260,Cumberland,5503090,st_leaid,1260,Cumberland School District,2024,
WI,1295,Darlington Community,5503150,st_leaid,1295,Darlington Community School District,2024,
WI,1309,Deerfield Community,5503270,st_leaid,1309,Deerfield Community School District,2024,
WI,1316,De Forest Area,5503180,st_leaid,1316,De Forest Area School District,2024,
WI,1376,Kettle Moraine,5503510,st_leaid,1376,Kettle Moraine School District,2024,
WI,1380,Delavan-Darien,5503640,st_leaid,1380,Delavan-Darien School District,2024,
WI,1407,Denmark,5503660,st_leaid,1407,Denmark School District,2024,
WI,1414,De Pere,5503210,st_leaid,1414,De Pere School District,2024,
WI,1421,De Soto Area,5503240,st_leaid,1421,De Soto Area School District,2024,
WI,1428,Dodgeville,5503690,st_leaid,1428,Dodgeville School District,2024,
WI,1491,Drummond Area,5503810,st_leaid,1491,Drummond Area School District,2024,
WI,1499,Durand-Arkansaw,5503840,st_leaid,1499,Durand-Arkansaw School District,2024,
WI,1526,Northland Pines,5503860,st_leaid,1526,Northland Pines School District,2024,
WI,1540,East Troy Community,5504020,st_leaid,1540,East Troy Community School District,2024,
WI,1554,Eau Claire Area,5504050,st_leaid,1554,Eau Claire Area School District,2024,
WI,1561,Edgar,5504080,st_leaid,1561,Edgar School District,2024,
WI,1568,Edgerton,5504110,st_leaid,1568,Edgerton School District,2024,
WI,1582,Elcho,5504170,st_leaid,1582,Elcho School District,2024,
WI,1600,Eleva-Strum,5504200,st_leaid,1600,Eleva-Strum School District,2024,
WI,1631,Elkhart Lake-Glenbeulah,5504260,st_leaid,1631,Elkhart Lake-Glenbeulah School District,2024,
WI,1638,Elkhorn Area,5504290,st_leaid,1638,Elkhorn Area School District,2024,
WI,1645,Elk Mound Area,5504230,st_leaid,1645,Elk Mound Area School District,2024,
WI,1659,Ellsworth Community,5504320,st_leaid,1659,Ellsworth Community School District,2024,
WI,1666,Elmwood,5504350,st_leaid,1666,Elmwood School District,2024,
WI,1673,Royall,5504380,st_leaid,1673,Royall School District,2024,
WI,1694,Evansville Community,5504440,st_leaid,1694,Evansville Community School District,2024,
WI,1729,Fall Creek,5504500,st_leaid,1729,Fall Creek School District,2024,
WI,1736,Fall River,5504530,st_leaid,1736,Fall River School District,2024,
WI,1813,Fennimore Community,5504590,st_leaid,1813,Fennimore Community School District,2024,
WI,1855,Florence County,5504650,st_leaid,1855,Florence County School District,2024,
WI,1862,Fond du Lac,5504680,st_leaid,1862,Fond du Lac School District,2024,
WI,1883,Fort Atkinson,5504740,st_leaid,1883,Fort Atkinson School District,2024,
WI,1900,Franklin Public,5504830,st_leaid,1900,Franklin Public School District,2024,
WI,1939,Frederic,5504860,st_leaid,1939,Frederic School District,2024,
WI,1945,Northern Ozaukee,5504890,st_leaid,1945,Northern Ozaukee School District,2024,
WI,1953,Freedom Area,5504920,st_leaid,1953,Freedom Area School District,2024,
WI,2009,Galesville-Ettrick-Trempealeau,5504960,st_leaid,2009,Galesville-Ettrick-Trempealeau School District,2024,
WI,2016,North Crawford,5504980,st_leaid,2016,North Crawford School District,2024,
WI,2058,Germantown,5505160,st_leaid,2058,Germantown School District,2024,
WI,2114,Gibraltar Area,5505220,st_leaid,2114,Gibraltar Area School District,2024,
WI,2128,Gillett,5505250,st_leaid,2128,Gillett School District,2024,
WI,2135,Gilman,5505280,st_leaid,2135,Gilman School District,2024,
WI,2142,Gilmanton,5505370,st_leaid,2142,Gilmanton School District,2024,
WI,2177,Nicolet Union High School,5505490,st_leaid,2177,Nicolet Union High School School District,2024,
WI,2198,Glenwood City,5505520,st_leaid,2198,Glenwood City School District,2024,
WI,2212,Goodman-Armstrong Creek,5505580,st_leaid,2212,Goodman-Armstrong Creek School District,2024,
WI,2217,Grafton,5505610,st_leaid,2217,Grafton School District,2024,
WI,2226,Granton Area,5505640,st_leaid,2226,Granton Area School District,2024,
WI,2233,Grantsburg,5505670,st_leaid,2233,Grantsburg School District,2024,
WI,2240,Black Hawk,5505730,st_leaid,2240,Black Hawk School District,2024,
WI,2289,Green Bay Area Public,5505820,st_leaid,2289,Green Bay Area Public School District,2024,
WI,2296,Greendale,5505910,st_leaid,2296,Greendale School District,2024,
WI,2303,Greenfield,5505940,st_leaid,2303,Greenfield School District,2024,
WI,2310,Green Lake,5505880,st_leaid,2310,Green Lake School District,2024,
WI,2394,Greenwood,5505970,st_leaid,2394,Greenwood School District,2024,
WI,2415,Gresham,5500056,st_leaid,2415,Gresham School District,2024,
WI,2420,Hamilton,5506030,st_leaid,2420,Hamilton School District,2024,
WI,2422,Saint Croix Central,5506060,st_leaid,2422,Saint Croix Central School District,2024,
WI,2436,Hartford UHS,5506120,st_leaid,2436,Hartford UHS School District,2024,
WI,2450,Arrowhead UHS,5506180,st_leaid,2450,Arrowhead UHS School District,2024,
WI,2478,Hayward Community,5506270,st_leaid,2478,Hayward Community School District,2024,
WI,2485,Southwestern Wisconsin,5506300,st_leaid,2485,Southwestern Wisconsin School District,2024,
WI,2527,Highland,5506420,st_leaid,2527,Highland School District,2024,
WI,2534,Hilbert,5506450,st_leaid,2534,Hilbert School District,2024,
WI,2541,Hillsboro,5506480,st_leaid,2541,Hillsboro School District,2024,
WI,2562,Holmen,5506540,st_leaid,2562,Holmen School District,2024,
WI,2576,Horicon,5506570,st_leaid,2576,Horicon School District,2024,
WI,2583,Hortonville Area,5506600,st_leaid,2583,Hortonville Area School District,2024,
WI,2604,Howard-Suamico,5506630,st_leaid,2604,Howard-Suamico School District,2024,
WI,2605,Howards Grove,5506660,st_leaid,2605,Howards Grove School District,2024,
WI,2611,Hudson,5506690,st_leaid,2611,Hudson School District,2024,
WI,2618,Hurley,5506750,st_leaid,2618,Hurley School District,2024,
WI,2625,Hustisford,5506780,st_leaid,2625,Hustisford School District,2024,
WI,2632,Independence,5506810,st_leaid,2632,Independence School District,2024,
WI,2639,Iola-Scandinavia,5506840,st_leaid,2639,Iola-Scandinavia School District,2024,
WI,2646,Iowa-Grant,5506870,st_leaid,2646,Iowa-Grant School District,2024,
WI,2660,Ithaca,5506960,st_leaid,2660,Ithaca School District,2024,
WI,2695,Janesville,5507020,st_leaid,2695,Janesville School District,2024,
WI,2702,Jefferson,5507050,st_leaid,2702,Jefferson School District,2024,
WI,2730,Johnson Creek,5507170,st_leaid,2730,Johnson Creek School District,2024,
WI,2737,Juda,5507230,st_leaid,2737,Juda School District,2024,
WI,2744,Dodgeland,5507260,st_leaid,2744,Dodgeland School District,2024,
WI,2758,Kaukauna Area,5507290,st_leaid,2758,Kaukauna Area School District,2024,
WI,2793,Kenosha,5507320,st_leaid,2793,Kenosha School District,2024,
WI,2800,Kewaskum,5507380,st_leaid,2800,Kewaskum School District,2024,
WI,2814,Kewaunee,5507410,st_leaid,2814,Kewaunee School District,2024,
WI,2828,Kiel Area,5507440,st_leaid,2828,Kiel Area School District,2024,
WI,2835,Kimberly Area,5507470,st_leaid,2835,Kimberly Area School District,2024,
WI,2842,Kohler,5507500,st_leaid,2842,Kohler School District,2024,
WI,2849,La Crosse,5507530,st_leaid,2849,La Crosse School District,2024,
WI,2856,Ladysmith,5507590,st_leaid,2856,Ladysmith School District,2024,
WI,2863,La Farge,5507560,st_leaid,2863,La Farge School District,2024,
WI,2884,Lake Geneva-Genoa City UHS,5507650,st_leaid,2884,Lake Geneva-Genoa City UHS School District,2024,
WI,2891,Lake Holcombe,5507680,st_leaid,2891,Lake Holcombe School District,2024,
WI,2898,Lake Mills Area,5507710,st_leaid,2898,Lake Mills Area School District,2024,
WI,2912,Lancaster Community,5507770,st_leaid,2912,Lancaster Community School District,2024,
WI,2940,Laona,5507830,st_leaid,2940,Laona School District,2024,
WI,2961,Lena,5507860,st_leaid,2961,Lena School District,2024,
WI,3129,Little Chute Area,5508160,st_leaid,3129,Little Chute Area School District,2024,
WI,3150,Lodi,5508190,st_leaid,3150,Lodi School District,2024,
WI,3171,Lomira,5508220,st_leaid,3171,Lomira School District,2024,
WI,3206,Loyal,5508250,st_leaid,3206,Loyal School District,2024,
WI,3213,Luck,5508280,st_leaid,3213,Luck School District,2024,
WI,3220,Luxemburg-Casco,5508340,st_leaid,3220,Luxemburg-Casco School District,2024,
WI,3269,Madison Metropolitan,5508520,st_leaid,3269,Madison Metropolitan School District,2024,
WI,3276,Manawa,5508550,st_leaid,3276,Manawa School District,2024,
WI,3290,Manitowoc,5508610,st_leaid,3290,Manitowoc School District,2024,
WI,3297,Maple,5508640,st_leaid,3297,Maple School District,2024,
WI,3304,Marathon City,5508670,st_leaid,3304,Marathon City School District,2024,
WI,3311,Marinette,5508700,st_leaid,3311,Marinette School District,2024,
WI,3318,Marion,5508730,st_leaid,3318,Marion School District,2024,
WI,3325,Markesan,5508760,st_leaid,3325,Markesan School District,2024,
WI,3332,Marshall,5508790,st_leaid,3332,Marshall School District,2024,
WI,3339,Marshfield Unified,5508820,st_leaid,3339,Marshfield Unified School District,2024,
WI,3360,Mauston,5508850,st_leaid,3360,Mauston School District,2024,
WI,3367,Mayville,5508880,st_leaid,3367,Mayville School District,2024,
WI,3381,McFarland,5508910,st_leaid,3381,McFarland School District,2024,
WI,3409,Medford Area Public,5508940,st_leaid,3409,Medford Area Public School District,2024,
WI,3427,Mellen,5508970,st_leaid,3427,Mellen School District,2024,
WI,3428,Melrose-Mindoro,5509000,st_leaid,3428,Melrose-Mindoro School District,2024,
WI,3430,Menasha Joint,5509030,st_leaid,3430,Menasha Joint School District,2024,
WI,3434,Menominee Indian,5509070,st_leaid,3434,Menominee Indian School District,2024,
WI,3437,Menomonee Falls,5509060,st_leaid,3437,Menomonee Falls School District,2024,
WI,3444,Menomonie Area,5509090,st_leaid,3444,Menomonie Area School District,2024,
WI,3479,Mequon-Thiensville,5509130,st_leaid,3479,Mequon-Thiensville School District,2024,
WI,3484,Mercer,5509150,st_leaid,3484,Mercer School District,2024,
WI,3500,Merrill Area,5509210,st_leaid,3500,Merrill Area School District,2024,
WI,3549,Middleton-Cross Plains Area,5509510,st_leaid,3549,Middleton-Cross Plains Area School District,2024,
WI,3612,Milton,5509570,st_leaid,3612,Milton School District,2024,
WI,3619,Milwaukee,5509600,st_leaid,3619,Milwaukee School District,2024,
WI,3633,Mineral Point Unified,5509660,st_leaid,3633,Mineral Point Unified School District,2024,
WI,3647,Lakeland UHS,5509630,st_leaid,3647,Lakeland UHS School District,2024,
WI,3654,Northwood,5509720,st_leaid,3654,Northwood School District,2024,
WI,3661,Mishicot,5509750,st_leaid,3661,Mishicot School District,2024,
WI,3668,Mondovi,5509780,st_leaid,3668,Mondovi School District,2024,
WI,3675,Monona Grove,5509810,st_leaid,3675,Monona Grove School District,2024,
WI,3682,Monroe,5509840,st_leaid,3682,Monroe School District,2024,
WI,3689,Montello,5509870,st_leaid,3689,Montello School District,2024,
WI,3696,Monticello,5509900,st_leaid,3696,Monticello School District,2024,
WI,3787,Mosinee,5509960,st_leaid,3787,Mosinee School District,2024,
WI,3794,Mount Horeb Area,5509990,st_leaid,3794,Mount Horeb Area School District,2024,
WI,3822,Mukwonago,5510060,st_leaid,3822,Mukwonago School District,2024,
WI,3850,Riverdale,5510140,st_leaid,3850,Riverdale School District,2024,
WI,3857,Muskego-Norway,5510170,st_leaid,3857,Muskego-Norway School District,2024,
WI,3871,Necedah Area,5510230,st_leaid,3871,Necedah Area School District,2024,
WI,3892,Neenah Joint,5510320,st_leaid,3892,Neenah Joint School District,2024,
WI,3899,Neillsville,5510350,st_leaid,3899,Neillsville School District,2024,
WI,3906,Nekoosa,5510380,st_leaid,3906,Nekoosa School District,2024,
WI,3920,New Auburn,5510440,st_leaid,3920,New Auburn School District,2024,
WI,3925,New Berlin,5510470,st_leaid,3925,New Berlin School District,2024,
WI,3934,New Glarus,5510500,st_leaid,3934,New Glarus School District,2024,
WI,3941,New Holstein,5510530,st_leaid,3941,New Holstein School District,2024,
WI,3948,New Lisbon,5510560,st_leaid,3948,New Lisbon School District,2024,
WI,3955,New London,5510590,st_leaid,3955,New London School District,2024,
WI,3962,New Richmond,5510620,st_leaid,3962,New Richmond School District,2024,
WI,3969,Niagara,5510680,st_leaid,3969,Niagara School District,2024,
WI,3976,Norris,5510710,st_leaid,3976,Norris School District,2024,
WI,3983,North Fond du Lac,5510740,st_leaid,3983,North Fond du Lac School District,2024,
WI,3990,Norwalk-Ontario-Wilton,5510770,st_leaid,3990,Norwalk-Ontario-Wilton School District,2024,
WI,4018,Oak Creek-Franklin Joint,5510830,st_leaid,4018,Oak Creek-Franklin Joint School District,2024,
WI,4025,Oakfield,5510860,st_leaid,4025,Oakfield School District,2024,
WI,4060,Oconomowoc Area,5510890,st_leaid,4060,Oconomowoc Area School District,2024,
WI,4067,Oconto Unified,5510920,st_leaid,4067,Oconto Unified School District,2024,
WI,4074,Oconto Falls Public,5510950,st_leaid,4074,Oconto Falls Public School District,2024,
WI,4088,Omro,5510980,st_leaid,4088,Omro School District,2024,
WI,4095,Onalaska,5511010,st_leaid,4095,Onalaska School District,2024,
WI,4137,Oostburg,5511070,st_leaid,4137,Oostburg School District,2024,
WI,4144,Oregon,5511100,st_leaid,4144,Oregon School District,2024,
WI,4151,Parkview,5511130,st_leaid,4151,Parkview School District,2024,
WI,4165,Osceola,5511160,st_leaid,4165,Osceola School District,2024,
WI,4179,Oshkosh Area,5511190,st_leaid,4179,Oshkosh Area School District,2024,
WI,4186,Osseo-Fairchild,5511220,st_leaid,4186,Osseo-Fairchild School District,2024,
WI,4207,Owen-Withee,5511310,st_leaid,4207,Owen-Withee School District,2024,
WI,4221,Palmyra-Eagle Area,5511350,st_leaid,4221,Palmyra-Eagle Area School District,2024,
WI,4228,Pardeeville Area,5511370,st_leaid,4228,Pardeeville Area School District,2024,
WI,4263,Beecher-Dunbar-Pembine,5511550,st_leaid,4263,Beecher-Dunbar-Pembine School District,2024,
WI,4270,Pepin Area,5511580,st_leaid,4270,Pepin Area School District,2024,
WI,4305,Peshtigo,5511610,st_leaid,4305,Peshtigo School District,2024,
WI,4312,Pewaukee,5511640,st_leaid,4312,Pewaukee School District,2024,
WI,4330,Phelps,5511710,st_leaid,4330,Phelps School District,2024,
WI,4347,Phillips,5511730,st_leaid,4347,Phillips School District,2024,
WI,4368,Pittsville,5511790,st_leaid,4368,Pittsville School District,2024,
WI,4375,Tri-County Area,5511820,st_leaid,4375,Tri-County Area School District,2024,
WI,4389,Platteville,5511850,st_leaid,4389,Platteville School District,2024,
WI,4459,Plum City,5511880,st_leaid,4459,Plum City School District,2024,
WI,4473,Plymouth Joint,5511940,st_leaid,4473,Plymouth Joint School District,2024,
WI,4501,Portage Community,5512060,st_leaid,4501,Portage Community School District,2024,
WI,4508,Port Edwards,5511970,st_leaid,4508,Port Edwards School District,2024,
WI,4515,Port Washington-Saukville,5512000,st_leaid,4515,Port Washington-Saukville School District,2024,
WI,4522,South Shore,5512030,st_leaid,4522,South Shore School District,2024,
WI,4529,Potosi,5512090,st_leaid,4529,Potosi School District,2024,
WI,4536,Poynette,5512120,st_leaid,4536,Poynette School District,2024,
WI,4543,Prairie du Chien Area,5512150,st_leaid,4543,Prairie du Chien Area School District,2024,
WI,4557,Prairie Farm Public,5512180,st_leaid,4557,Prairie Farm Public School District,2024,
WI,4571,Prentice,5512210,st_leaid,4571,Prentice School District,2024,
WI,4578,Prescott,5512240,st_leaid,4578,Prescott School District,2024,
WI,4606,Princeton,5512300,st_leaid,4606,Princeton School District,2024,
WI,4613,Pulaski Community,5512330,st_leaid,4613,Pulaski Community School District,2024,
WI,4620,Racine Unified,5512360,st_leaid,4620,Racine Unified School District,2024,
WI,4634,Randolph,5512420,st_leaid,4634,Randolph School District,2024,
WI,4641,Random Lake,5512450,st_leaid,4641,Random Lake School District,2024,
WI,4753,Reedsburg,5512660,st_leaid,4753,Reedsburg School District,2024,
WI,4760,Reedsville,5512690,st_leaid,4760,Reedsville School District,2024,
WI,4781,Rhinelander,5512720,st_leaid,4781,Rhinelander School District,2024,
WI,4795,Rib Lake,5512780,st_leaid,4795,Rib Lake School District,2024,
WI,4802,Rice Lake Area,5512810,st_leaid,4802,Rice Lake Area School District,2024,
WI,4851,Richland,5512960,st_leaid,4851,Richland School District,2024,
WI,4865,Rio Community,5512990,st_leaid,4865,Rio Community School District,2024,
WI,4872,Ripon Area,5513020,st_leaid,4872,Ripon Area School District,2024,
WI,4893,River Falls,5513050,st_leaid,4893,River Falls School District,2024,
WI,4904,River Ridge,5500017,st_leaid,4904,River Ridge School District,2024,
WI,4956,Rosendale-Brandon,5513100,st_leaid,4956,Rosendale-Brandon School District,2024,
WI,4963,Rosholt,5513140,st_leaid,4963,Rosholt School District,2024,
WI,4970,D C Everest Area,5513170,st_leaid,4970,D C Everest Area School District,2024,
WI,5019,Saint Croix Falls,5513230,st_leaid,5019,Saint Croix Falls School District,2024,
WI,5026,Saint Francis,5513260,st_leaid,5026,Saint Francis School District,2024,
WI,5054,Central/Westosha UHS,5513290,st_leaid,5054,Westosha Central UHS School District,2024,
WI,5100,Sauk Prairie,5513410,st_leaid,5100,Sauk Prairie School District,2024,
WI,5124,Seneca Area,5513470,st_leaid,5124,Seneca Area School District,2024,
WI,5130,Sevastopol,5513500,st_leaid,5130,Sevastopol School District,2024,
WI,5138,Seymour Community,5513530,st_leaid,5138,Seymour Community School District,2024,
WI,5264,Shawano,5513620,st_leaid,5264,Shawano School District,2024,
WI,5271,Sheboygan Area,5513650,st_leaid,5271,Sheboygan Area School District,2024,
WI,5278,Sheboygan Falls,5513680,st_leaid,5278,Sheboygan Falls School District,2024,
WI,5306,Shell Lake,5513710,st_leaid,5306,Shell Lake School District,2024,
WI,5348,Shiocton,5513770,st_leaid,5348,Shiocton School District,2024,
WI,5355,Shorewood,5513800,st_leaid,5355,Shorewood School District,2024,
WI,5362,Shullsburg,5513830,st_leaid,5362,Shullsburg School District,2024,
WI,5376,Siren,5513890,st_leaid,5376,Siren School District,2024,
WI,5390,Slinger,5513950,st_leaid,5390,Slinger School District,2024,
WI,5397,Solon Springs,5513980,st_leaid,5397,Solon Springs School District,2024,
WI,5432,Somerset,5514010,st_leaid,5432,Somerset School District,2024,
WI,5439,South Milwaukee,5514040,st_leaid,5439,South Milwaukee School District,2024,
WI,5457,Southern Door County,5514130,st_leaid,5457,Southern Door County School District,2024,
WI,5460,Sparta Area,5514160,st_leaid,5460,Sparta Area School District,2024,
WI,5467,Spencer,5514190,st_leaid,5467,Spencer School District,2024,
WI,5474,Spooner Area,5514220,st_leaid,5474,Spooner Area School District,2024,
WI,5523,River Valley,5514250,st_leaid,5523,River Valley School District,2024,
WI,5586,Spring Valley,5514340,st_leaid,5586,Spring Valley School District,2024,
WI,5593,Stanley-Boyd Area,5514430,st_leaid,5593,Stanley-Boyd Area School District,2024,
WI,5607,Stevens Point Area Public,5514490,st_leaid,5607,Stevens Point Area Public School District,2024,
WI,5614,Stockbridge,5514520,st_leaid,5614,Stockbridge School District,2024,
WI,5621,Stoughton Area,5514550,st_leaid,5621,Stoughton Area School District,2024,
WI,5628,Stratford,5514580,st_leaid,5628,Stratford School District,2024,
WI,5642,Sturgeon Bay,5514610,st_leaid,5642,Sturgeon Bay School District,2024,
WI,5656,Sun Prairie Area,5514640,st_leaid,5656,Sun Prairie Area School District,2024,
WI,5663,Superior,5514670,st_leaid,5663,Superior School District,2024,
WI,5670,Suring Public,5514700,st_leaid,5670,Suring Public School District,2024,
WI,5726,Thorp,5514820,st_leaid,5726,Thorp School District,2024,
WI,5733,Three Lakes,5514850,st_leaid,5733,Three Lakes School District,2024,
WI,5740,Tigerton,5514880,st_leaid,5740,Tigerton School District,2024,
WI,5747,Tomah Area,5514910,st_leaid,5747,Tomah Area School District,2024,
WI,5754,Tomahawk,5514940,st_leaid,5754,Tomahawk School District,2024,
WI,5757,Flambeau,5514970,st_leaid,5757,Flambeau School District,2024,
WI,5810,Turtle Lake,5515060,st_leaid,5810,Turtle Lake School District,2024,
WI,5824,Two Rivers Public,5515120,st_leaid,5824,Two Rivers Public School District,2024,
WI,5852,Union Grove UHS,5515150,st_leaid,5852,Union Grove UHS School District,2024,
WI,5866,Valders Area,5515210,st_leaid,5866,Valders Area School District,2024,
WI,5901,Verona Area,5515330,st_leaid,5901,Verona Area School District,2024,
WI,5960,Kickapoo Area,5512540,st_leaid,5960,Kickapoo Area School District,2024,
WI,5985,Viroqua Area,5515360,st_leaid,5985,Viroqua Area School District,2024,
WI,5992,Wabeno Area,5515390,st_leaid,5992,Wabeno Area School District,2024,
WI,6013,Big Foot UHS,5515480,st_leaid,6013,Big Foot UHS School District,2024,
WI,6027,Washburn,5515540,st_leaid,6027,Washburn School District,2024,
WI,6069,Washington Island,5515570,st_leaid,6069,Washington Island School District,2024,
WI,6083,Waterford UHS,5515600,st_leaid,6083,Waterford UHS School District,2024,
WI,6118,Waterloo,5515720,st_leaid,6118,Waterloo School District,2024,
WI,6125,Watertown Unified,5515750,st_leaid,6125,Watertown Unified School District,2024,
WI,6174,Waukesha,5515780,st_leaid,6174,Waukesha School District,2024,
WI,6181,Waunakee Community,5515810,st_leaid,6181,Waunakee Community School District,2024,
WI,6195,Waupaca,5515840,st_leaid,6195,Waupaca School District,2024,
WI,6216,Waupun,5515870,st_leaid,6216,Waupun School District,2024,
WI,6223,Wausau,5515900,st_leaid,6223,Wausau School District,2024,
WI,6230,Wausaukee,5515930,st_leaid,6230,Wausaukee School District,2024,
WI,6237,Wautoma Area,5515960,st_leaid,6237,Wautoma Area School District,2024,
WI,6244,Wauwatosa,5515990,st_leaid,6244,Wauwatosa School District,2024,
WI,6251,Wauzeka-Steuben,5516020,st_leaid,6251,Wauzeka-Steuben School District,2024,
WI,6293,Webster,5516230,st_leaid,6293,Webster School District,2024,
WI,6300,West Allis-West Milwaukee,5516260,st_leaid,6300,West Allis-West Milwaukee School District,2024,
WI,6307,West Bend,5516290,st_leaid,6307,West Bend School District,2024,
WI,6321,Westby Area,5516410,st_leaid,6321,Westby Area School District,2024,
WI,6328,West De Pere,5516320,st_leaid,6328,West De Pere School District,2024,
WI,6335,Westfield,5516440,st_leaid,6335,Westfield School District,2024,
WI,6354,Weston,5516470,st_leaid,6354,Weston School District,2024,
WI,6370,West Salem,5516350,st_leaid,6370,West Salem School District,2024,
WI,6384,Weyauwega-Fremont,5516500,st_leaid,6384,Weyauwega-Fremont School District,2024,
WI,6419,Whitefish Bay,5516620,st_leaid,6419,Whitefish Bay School District,2024,
WI,6426,Whitehall,5516650,st_leaid,6426,Whitehall School District,2024,
WI,6440,White Lake,5516590,st_leaid,6440,White Lake School District,2024,
WI,6461,Whitewater Unified,5516680,st_leaid,6461,Whitewater Unified School District,2024,
WI,6470,Whitnall,5506000,st_leaid,6470,Whitnall School District,2024,
WI,6475,Wild Rose,5516710,st_leaid,6475,Wild Rose School District,2024,
WI,6482,Williams Bay,5516740,st_leaid,6482,Williams Bay School District,2024,
WI,6545,Wilmot UHS,5516770,st_leaid,6545,Wilmot UHS School District,2024,
WI,6608,Winneconne Community,5516830,st_leaid,6608,Winneconne Community School District,2024,
WI,6615,Winter,5516860,st_leaid,6615,Winter School District,2024,
WI,6678,Wisconsin Dells,5517040,st_leaid,6678,Wisconsin Dells School District,2024,
WI,6685,Wisconsin Rapids,5517070,st_leaid,6685,Wisconsin Rapids School District,2024,
WI,6692,Wittenberg-Birnamwood,5517100,st_leaid,6692,Wittenberg-Birnamwood School District,2024,
WI,6713,Wonewoc-Union Center,5517130,st_leaid,6713,Wonewoc-Union Center School District,2024,
WI,6734,Wrightstown Community,5517190,st_leaid,6734,Wrightstown Community School District,2024,
WI,8001,Seeds of Health Inc,5500074,st_leaid,8001,Seeds of Health Inc,2024,
WI,8007,"Central City Cyberschool of Milwaukee, Inc.",5500041,st_leaid,8007,Central City Cyberschool of Milwaukee Inc,2024,
WI,8008,"Milwaukee Science Education Consortium, Inc.",5500042,st_leaid,8008,Milwaukee Science Education Consortium Inc,2024,
WI,8011,"Dr. Howard Fuller Collegiate Academy, Inc.",5500066,st_leaid,8011,Dr Howard Fuller Collegiate Academy Inc,2024,
WI,8017,"Pathways High, Inc.",5500079,st_leaid,8017,Pathways High Inc,2024,
WI,8018,"Isthmus Montessori Academy, Inc.",5500082,st_leaid,8018,Isthmus Montessori Academy Inc,2024,
WI,8019,"Milestone Democratic School, Inc.",5500085,st_leaid,8019,Milestone Democratic School Inc,2024,
WI,8020,"Waadookodaading Ojibwe Language Institute, Inc.",5500086,st_leaid,8020,Waadookodaading Ojibwe Language Institute Inc,2024,
WI,8021,Lake Country Classical Academy Inc,5500087,st_leaid,8021,Lake Country Classical Academy Inc,2024,
WI,8023,The Lincoln Academy Inc,5500092,st_leaid,8023,The Lincoln Academy Inc,2024,
WI,8025,"UpGrade Media Arts Schools, Inc.",5500091,st_leaid,8025,UpGrade Media Arts Schools Inc,2024,
WI,8026,"Trans Center for Youth, Inc.",5500069,st_leaid,8026,Trans Center for Youth Inc,2024,
WI,8028,"Central Sands Community High School, Inc",5517245,st_leaid,8028,Central Sands Community High School Inc,2024,
WI,8029,Kenosha Schools of Technology Enhanced Curriculum Inc,5517246,st_leaid,8029,Kenosha Schools of Technology Enhanced Curriculum Inc,2024,
WI,8105,Central City Cyberschool,5500041,st_leaid,8105,Central City Cyberschool Agency,2022,
WI,8106,Milwaukee Academy of Science,5500042,st_leaid,8106,Milwaukee Academy of Science Agency,2022,
WI,8127,Dr Howard Fuller Collegiate Academy,5500066,st_leaid,8127,Dr Howard Fuller Collegiate Academy Agency,2022,
WI,8131,Escuela Verde,5500069,st_leaid,8131,Escuela Verde Agency,2022,
WI,8139,Pathways High,5500079,st_leaid,8139,Pathways High Agency,2022,
WI,8141,Isthmus Montessori Academy Public,5500082,st_leaid,8141,Isthmus Montessori Academy Public Agency,2022,
WI,8145,Milestone Democratic School,5500085,st_leaid,8145,Milestone Democratic School Agency,2022,
WY,,Albany #1,5600730,name,0101000,Albany County School District #1,2024,confirmed 2026-09-16
WY,,Big Horn #1,5601420,name,0201000,Big Horn County School District #1,2024,confirmed 2026-09-16
WY,,Big Horn #2,5601460,name,0202000,Big Horn County School District #2,2024,confirmed 2026-09-16
WY,,Big Horn #3,5603170,name,0203000,Big Horn County School District #3,2024,confirmed 2026-09-16
WY,,Big Horn #4,5601090,name,0204000,Big Horn County School District #4,2024,confirmed 2026-09-16
WY,,Campbell #1,5601470,name,0301000,Campbell County School District #1,2024,confirmed 2026-09-16
WY,,Carbon #1,5601030,name,0401000,Carbon County School District #1,2024,confirmed 2026-09-16
WY,,Carbon #2,5601700,name,0402000,Carbon County School District #2,2024,confirmed 2026-09-16
WY,,Converse #1,5602140,name,0501000,Converse County School District #1,2024,confirmed 2026-09-16
WY,,Converse #2,5602150,name,0502000,Converse County School District #2,2024,confirmed 2026-09-16
WY,,Crook #1,5602370,name,0601000,Crook County School District #1,2024,confirmed 2026-09-16
WY,,Fremont #1,5602870,name,0701000,Fremont County School District # 1,2024,confirmed 2026-09-16
WY,,Fremont #14,5604450,name,0714000,Fremont County School District #14,2024,confirmed 2026-09-16
WY,,Fremont #2,5602670,name,0702000,Fremont County School District # 2,2024,confirmed 2026-09-16
WY,,Fremont #21,5602820,name,0721000,Fremont County School District #21,2024,confirmed 2026-09-16
WY,,Fremont #24,5605700,name,0724000,Fremont County School District #24,2024,confirmed 2026-09-16
WY,,Fremont #25,5605220,name,0725000,Fremont County School District #25,2024,confirmed 2026-09-16
WY,,Fremont #38,5600960,name,0738000,Fremont County School District #38,2024,confirmed 2026-09-16
WY,,Fremont #6,5602830,name,0706000,Fremont County School District # 6,2024,confirmed 2026-09-16
WY,,Goshen #1,5602990,name,0801000,Goshen County School District #1,2024,confirmed 2026-09-16
WY,,Hot Springs #1,5603310,name,0901000,Hot Springs County School District #1,2024,confirmed 2026-09-16
WY,,Johnson #1,5603770,name,1001000,Johnson County School District #1,2024,confirmed 2026-09-16
WY,,Laramie #1,5601980,name,1101000,Laramie County School District #1,2024,confirmed 2026-09-16
WY,,Laramie #2,5604120,name,1102000,Laramie County School District #2,2024,confirmed 2026-09-16
WY,,Lincoln #1,5604030,name,1201000,Lincoln County School District #1,2024,confirmed 2026-09-16
WY,,Lincoln #2,5604060,name,1202000,Lincoln County School District #2,2024,confirmed 2026-09-16
WY,,Natrona #1,5604510,name,1301000,Natrona County School District #1,2024,confirmed 2026-09-16
WY,,Niobrara #1,5604230,name,1401000,Niobrara County School District #1,2024,confirmed 2026-09-16
WY,,Park #1,5605160,name,1501000,Park County School District # 1,2024,confirmed 2026-09-16
WY,,Park #16,5604380,name,1516000,Park County School District #16,2024,confirmed 2026-09-16
WY,,Park #6,5602070,name,1506000,Park County School District # 6,2024,confirmed 2026-09-16
WY,,Platte #1,5605090,name,1601000,Platte County School District #1,2024,confirmed 2026-09-16
WY,,Platte #2,5603180,name,1602000,Platte County School District #2,2024,confirmed 2026-09-16
WY,,Prairie View Community School,5680259,name,5003000,Prairie View Community School,2024,confirmed 2026-09-16
WY,,Sheridan #1,5605690,name,1701000,Sheridan County School District #1,2024,confirmed 2026-09-16
WY,,Sheridan #2,5605695,name,1702000,Sheridan County School District #2,2024,confirmed 2026-09-16
WY,,Sheridan #3,5605680,name,1703000,Sheridan County School District #3,2024,confirmed 2026-09-16
WY,,Sublette #1,5604860,name,1801000,Sublette County School District #1,2024,confirmed 2026-09-16
WY,,Sublette #9,5601260,name,1809000,Sublette County School District #9,2024,confirmed 2026-09-16
WY,,Sweetwater #1,5605302,name,1901000,Sweetwater County School District #1,2024,confirmed 2026-09-16
WY,,Sweetwater #2,5605762,name,1902000,Sweetwater County School District #2,2024,confirmed 2026-09-16
WY,,Teton #1,5605830,name,2001000,Teton County School District #1,2024,confirmed 2026-09-16
WY,,Uinta #1,5602760,name,2101000,Uinta County School District #1,2024,confirmed 2026-09-16
WY,,Uinta #4,5604500,name,2104000,Uinta County School District #4,2024,confirmed 2026-09-16
WY,,Uinta #6,5604260,name,2106000,Uinta County School District #6,2024,confirmed 2026-09-16
WY,,Washakie #1,5606240,name,2201000,Washakie County School District #1,2024,confirmed 2026-09-16
WY,,Washakie #2,5605820,name,2202000,Washakie County School District #2,2024,confirmed 2026-09-16
WY,,Weston #1,5604830,name,2301000,Weston County School District #1,2024,confirmed 2026-09-16
WY,,Weston #7,5606090,name,2307000,Weston County School District #7,2024,confirmed 2026-09-16
